{"__type__":"sp.SkeletonData","_name":"ICON","_skeletonJson":{"skeleton":{"hash":"m5HcwOqU5Lg77o/5Gu+xKEByNXY","spine":"3.6.53","width":174.17,"height":180,"images":"../Images/"},"bones":[{"name":"root"},{"name":"bone","parent":"root","length":64.95,"rotation":109.9,"x":-47.15,"y":-6.43},{"name":"bone2","parent":"root","length":58.47,"rotation":85.18,"x":-21.53,"y":9.02},{"name":"bone3","parent":"root","length":51.78,"rotation":77.47,"x":4.79,"y":20.25},{"name":"bone4","parent":"root","length":47.74,"rotation":58.53,"x":36.74,"y":-6.08},{"name":"bone5","parent":"root","length":53.35,"rotation":78.62,"x":45.86,"y":53.59},{"name":"bone6","parent":"root","length":52.94,"rotation":101.09,"x":-34.17,"y":55},{"name":"bone7","parent":"root","length":36.4,"rotation":96.65,"x":-2.23,"y":-47.85},{"name":"bone8","parent":"root","length":26.17,"rotation":83.07,"x":0.23,"y":-85.05}],"slots":[{"name":"BG2","bone":"bone6","attachment":"BG"},{"name":"BG","bone":"root"},{"name":"25","bone":"bone","attachment":"21"},{"name":"21","bone":"root"},{"name":"26","bone":"bone2","attachment":"22"},{"name":"22","bone":"root"},{"name":"27","bone":"bone3","attachment":"23"},{"name":"23","bone":"root"},{"name":"28","bone":"bone4","attachment":"24"},{"name":"24","bone":"root"},{"name":"TL2","bone":"bone7","attachment":"TL"},{"name":"TL","bone":"root"},{"name":"MN2","bone":"bone8","attachment":"MN"},{"name":"MN","bone":"root"},{"name":"solo2","bone":"bone5","attachment":"solo"},{"name":"solo","bone":"root"}],"skins":{"default":{"25":{"21":{"x":12.22,"y":-14.87,"rotation":-109.9,"width":80,"height":95}},"26":{"22":{"x":7.94,"y":-9.57,"rotation":-85.18,"width":58,"height":85}},"27":{"23":{"x":-5.79,"y":-11.4,"rotation":-77.47,"width":70,"height":93}},"28":{"24":{"x":10.16,"y":1.02,"rotation":-58.53,"width":87,"height":95}},"BG2":{"BG":{"x":-60.54,"y":-22.95,"rotation":-101.09,"width":171,"height":171}},"MN2":{"MN":{"x":10.17,"y":4.82,"rotation":-83.07,"width":134,"height":34}},"TL2":{"TL":{"x":6.38,"y":-1.14,"rotation":-96.65,"width":147,"height":56}},"solo2":{"solo":{"x":-22.77,"y":6.83,"rotation":-78.62,"width":108,"height":112}}}},"animations":{"animation":{"bones":{"root":{"rotate":[{"time":0,"angle":0}],"translate":[{"time":0,"x":0,"y":0}],"scale":[{"time":0,"x":1,"y":1}]},"bone":{"rotate":[{"time":0,"angle":0,"curve":[0.25,0,0.75,1]},{"time":0.6667,"angle":-24.41,"curve":"stepped"},{"time":2,"angle":-24.41,"curve":[0.25,0,0.75,1]},{"time":2.6667,"angle":0}],"translate":[{"time":0,"x":0,"y":0,"curve":[0.25,0,0.75,1]},{"time":0.6667,"x":32.2,"y":-23.05,"curve":"stepped"},{"time":2,"x":32.2,"y":-23.05,"curve":[0.25,0,0.75,1]},{"time":2.6667,"x":0,"y":0}],"scale":[{"time":0,"x":1,"y":1,"curve":"stepped"},{"time":0.6667,"x":1,"y":1,"curve":"stepped"},{"time":2,"x":1,"y":1,"curve":"stepped"},{"time":2.6667,"x":1,"y":1}]},"bone2":{"rotate":[{"time":0,"angle":0,"curve":"stepped"},{"time":0.6667,"angle":0,"curve":"stepped"},{"time":2,"angle":0,"curve":"stepped"},{"time":2.6667,"angle":0}],"translate":[{"time":0,"x":0,"y":0,"curve":[0.25,0,0.75,1]},{"time":0.6667,"x":12.2,"y":-33.22,"curve":"stepped"},{"time":2,"x":12.2,"y":-33.22,"curve":[0.25,0,0.75,1]},{"time":2.6667,"x":0,"y":0}],"scale":[{"time":0,"x":1,"y":1,"curve":"stepped"},{"time":0.6667,"x":1,"y":1,"curve":"stepped"},{"time":2,"x":1,"y":1,"curve":"stepped"},{"time":2.6667,"x":1,"y":1}]},"bone3":{"rotate":[{"time":0,"angle":0,"curve":[0.25,0,0.75,1]},{"time":0.6667,"angle":11.27,"curve":"stepped"},{"time":2,"angle":11.27,"curve":[0.25,0,0.75,1]},{"time":2.6667,"angle":0}],"translate":[{"time":0,"x":0,"y":0,"curve":[0.25,0,0.75,1]},{"time":0.6667,"x":-13.22,"y":-30.17,"curve":"stepped"},{"time":2,"x":-13.22,"y":-30.17,"curve":[0.25,0,0.75,1]},{"time":2.6667,"x":0,"y":0}],"scale":[{"time":0,"x":1,"y":1,"curve":"stepped"},{"time":0.6667,"x":1,"y":1,"curve":"stepped"},{"time":2,"x":1,"y":1,"curve":"stepped"},{"time":2.6667,"x":1,"y":1}]},"bone4":{"rotate":[{"time":0,"angle":0,"curve":[0.25,0,0.75,1]},{"time":0.6667,"angle":29.31,"curve":"stepped"},{"time":2,"angle":29.31,"curve":[0.25,0,0.75,1]},{"time":2.6667,"angle":0}],"translate":[{"time":0,"x":0,"y":0,"curve":[0.25,0,0.75,1]},{"time":0.6667,"x":-34.58,"y":-18.98,"curve":"stepped"},{"time":2,"x":-34.58,"y":-18.98,"curve":[0.25,0,0.75,1]},{"time":2.6667,"x":0,"y":0}],"scale":[{"time":0,"x":1,"y":1,"curve":"stepped"},{"time":0.6667,"x":1,"y":1,"curve":"stepped"},{"time":2,"x":1,"y":1,"curve":"stepped"},{"time":2.6667,"x":1,"y":1}]},"bone5":{"rotate":[{"time":0,"angle":0}],"translate":[{"time":0,"x":0,"y":0}],"scale":[{"time":0,"x":1,"y":1}]},"bone6":{"rotate":[{"time":0,"angle":0}],"translate":[{"time":0,"x":0,"y":0}],"scale":[{"time":0,"x":1,"y":1}]},"bone7":{"rotate":[{"time":0,"angle":0,"curve":"stepped"},{"time":1,"angle":0,"curve":"stepped"},{"time":2.6667,"angle":0}],"translate":[{"time":0,"x":0,"y":0,"curve":[0.25,0,0.75,1]},{"time":0.5,"x":0,"y":12.2,"curve":[0.25,0,0.75,1]},{"time":1,"x":0,"y":0,"curve":[0.25,0,0.75,1]},{"time":1.8333,"x":0,"y":12.2,"curve":[0.25,0,0.75,1]},{"time":2.6667,"x":0,"y":0}],"scale":[{"time":0,"x":1,"y":1,"curve":[0.25,0,0.75,1]},{"time":0.5,"x":1.076,"y":1.076,"curve":[0.25,0,0.75,1]},{"time":1,"x":1,"y":1,"curve":[0.25,0,0.75,1]},{"time":1.8333,"x":1.076,"y":1.076,"curve":[0.25,0,0.75,1]},{"time":2.6667,"x":1,"y":1}]},"bone8":{"rotate":[{"time":0,"angle":0,"curve":"stepped"},{"time":1,"angle":0,"curve":"stepped"},{"time":2.6667,"angle":0}],"translate":[{"time":0,"x":0,"y":0,"curve":[0.25,0,0.75,1]},{"time":0.5,"x":0,"y":14.82,"curve":[0.25,0,0.75,1]},{"time":1,"x":0,"y":0,"curve":[0.25,0,0.75,1]},{"time":1.8333,"x":0,"y":14.82,"curve":[0.25,0,0.75,1]},{"time":2.6667,"x":0,"y":0}],"scale":[{"time":0,"x":1,"y":1,"curve":[0.25,0,0.75,1]},{"time":0.5,"x":0.863,"y":0.863,"curve":[0.25,0,0.75,1]},{"time":1,"x":1,"y":1,"curve":[0.25,0,0.75,1]},{"time":1.8333,"x":0.863,"y":0.863,"curve":[0.25,0,0.75,1]},{"time":2.6667,"x":1,"y":1}]}}}}},"_atlasText":"\nICON.png\nsize: 512,256\nformat: RGBA8888\nfilter: Linear,Linear\nrepeat: none\n21\n  rotate: false\n  xy: 374, 136\n  size: 80, 95\n  orig: 80, 95\n  offset: 0, 0\n  index: -1\n22\n  rotate: true\n  xy: 270, 40\n  size: 58, 85\n  orig: 58, 85\n  offset: 0, 0\n  index: -1\n23\n  rotate: true\n  xy: 175, 47\n  size: 70, 93\n  orig: 70, 93\n  offset: 0, 0\n  index: -1\n24\n  rotate: false\n  xy: 285, 136\n  size: 87, 95\n  orig: 87, 95\n  offset: 0, 0\n  index: -1\nBG\n  rotate: false\n  xy: 2, 60\n  size: 171, 171\n  orig: 171, 171\n  offset: 0, 0\n  index: -1\nMN\n  rotate: false\n  xy: 285, 100\n  size: 134, 34\n  orig: 134, 34\n  offset: 0, 0\n  index: -1\nTL\n  rotate: false\n  xy: 2, 2\n  size: 147, 56\n  orig: 147, 56\n  offset: 0, 0\n  index: -1\nsolo\n  rotate: false\n  xy: 175, 119\n  size: 108, 112\n  orig: 108, 112\n  offset: 0, 0\n  index: -1\n","textures":[{"__uuid__":"0bh1YfB05Gl4z3AtUmYi3p"}],"textureNames":["ICON.png"]}