{"__type__":"sp.SkeletonData","_name":"M1_10","_skeletonJson":{"skins":{"default":{"text5":{"text":{"x":-1.6,"width":128,"y":2.4,"height":108}},"text":{"text":{"x":-1.6,"width":128,"y":2.4,"height":108}},"fx1":{"fx1":{"x":-1.6,"width":149,"y":-4.67,"height":149}}}},"skeleton":{"images":"C:/Users/WIN1064/Downloads/export/Freespin/New folder","width":149,"spine":"3.7.94","audio":"Y:/VietAnh/hieu ung/Slot Mu/animation/freespin/textures","hash":"wpnT9X/1yMTaEvcdDQoEUwQ7cGw","height":149},"slots":[{"name":"bg","bone":"root"},{"name":"khung","bone":"root"},{"attachment":"fx1","blend":"additive","name":"fx1","bone":"fx1"},{"attachment":"text","name":"text","bone":"text"},{"color":"ffffff00","attachment":"text","blend":"additive","name":"text5","bone":"text"}],"bones":[{"name":"root"},{"parent":"root","name":"text","x":6.11,"y":4.6},{"parent":"root","name":"bone","x":6.27,"y":11.92},{"parent":"bone","name":"fx1","x":0.07,"y":-0.26}],"animations":{"animation":{"slots":{"text5":{"color":[{"color":"ffffff00","time":0},{"color":"ffffffff","curve":"stepped","time":0.1},{"color":"ffffffff","time":0.5333},{"color":"ffffff00","time":1.8}]},"fx1":{"color":[{"color":"ffffffff","curve":[0.25,0,0.75,1],"time":0},{"color":"ffffff73","curve":[0.25,0,0.75,1],"time":0.5667},{"color":"ffffffff","time":1.1333}]}},"bones":{"bone":{"scale":[{"curve":[0,1,0.465,1],"x":1,"y":1,"time":0},{"curve":[0.25,0,0.75,1],"x":1.412,"y":1.412,"time":0.2333},{"curve":[0.25,0,0.75,1],"x":1,"y":1,"time":1.1333},{"x":1,"y":0.854,"time":1.6667},{"x":1,"y":1,"time":2.2667}],"translate":[{"x":0,"y":0,"time":0},{"curve":[0.25,0,0.75,1],"x":3.09,"y":-1.09,"time":0.2333},{"x":-2.7,"y":0,"time":1.1333}]},"text":{"scale":[{"curve":[0,1,0.465,1],"x":1,"y":1,"time":0},{"curve":[0.25,0,0.75,1],"x":1.3,"y":1.497,"time":0.2333},{"curve":[0.25,0,0.625,0.5],"x":1,"y":1,"time":1.1333},{"curve":[0.375,0.5,0.75,1],"x":0.944,"y":0.944,"time":1.7},{"x":1,"y":1,"time":2.2667}]},"fx1":{"rotate":[{"angle":0,"time":0},{"angle":-120,"time":0.3667},{"angle":120,"time":0.7333},{"angle":0,"time":1.1333},{"angle":-120,"time":1.5},{"angle":120,"time":1.8667},{"angle":0,"time":2.2667}]}}}}},"_atlasText":"\r\nM1_10.png\r\nsize: 512,256\r\nformat: RGBA8888\r\nfilter: Linear,Linear\r\nrepeat: none\r\nfx1\r\n  rotate: false\r\n  xy: 2, 2\r\n  size: 149, 149\r\n  orig: 149, 149\r\n  offset: 0, 0\r\n  index: -1\r\ntext\r\n  rotate: false\r\n  xy: 153, 43\r\n  size: 128, 108\r\n  orig: 128, 108\r\n  offset: 0, 0\r\n  index: -1\r\n","textures":[{"__uuid__":"38CusSnH9G952s1TpY3IcG"}],"textureNames":["M1_10.png"]}