{"__type__":"sp.SkeletonData","_name":"expanding_wild_0","_skeletonJson":{"skeleton":{"hash":"vlbgKCoFf/AQSZTtEfjyLIwOcfc","spine":"3.6.53","width":504.34,"height":718.76,"images":"../CAPTAIN MARVEL OUT/CAPTAIN MARVEL ANIM/"},"bones":[{"name":"root"},{"name":"BONE CENTER","parent":"root"},{"name":"CENTER","parent":"BONE CENTER"},{"name":"EFFECT","parent":"BONE CENTER","x":2.07,"scaleX":3.02,"scaleY":3.02},{"name":"GALAXY BG","parent":"BONE CENTER","x":1,"y":8.66},{"name":"WILD BONE","parent":"BONE CENTER","y":-184.88},{"name":"bone","parent":"BONE CENTER","length":123.71,"rotation":77.91,"x":-28.93,"y":42.4},{"name":"bone2","parent":"bone","length":54.67,"rotation":23.64,"x":122.46,"y":0.32},{"name":"bone3","parent":"bone","length":60.39,"rotation":-134.97,"x":119.8,"y":-36.77},{"name":"bone4","parent":"bone3","length":65.43,"rotation":29.83,"x":60.39},{"name":"bone5","parent":"bone","length":56.89,"rotation":176.23,"x":89.83,"y":23.37},{"name":"bone6","parent":"bone5","length":59.3,"rotation":-45.08,"x":56.89},{"name":"bone7","parent":"bone","length":106.34,"rotation":155.91,"x":-6.92,"y":-22.69},{"name":"bone8","parent":"bone7","length":165.6,"rotation":78.09,"x":106.34},{"name":"bone9","parent":"bone","length":125.32,"rotation":-149.14,"x":-16.33,"y":4.75},{"name":"bone10","parent":"bone9","length":161.43,"rotation":13.11,"x":125.32},{"name":"bone11","parent":"bone2","length":11.21,"rotation":-90.59,"x":63.69,"y":1.76},{"name":"bone12","parent":"bone11","length":15.57,"rotation":-35.18,"x":11.14,"y":-0.35},{"name":"bone13","parent":"bone12","length":21.35,"rotation":-18.75,"x":16.04,"y":-0.18},{"name":"bone14","parent":"bone13","length":17.97,"rotation":13.37,"x":21.35},{"name":"bone15","parent":"bone14","length":19.99,"rotation":9.88,"x":18.01,"y":-0.79},{"name":"bone16","parent":"bone2","length":9.18,"rotation":113.76,"x":63.5,"y":5.03},{"name":"bone17","parent":"bone16","length":12.51,"rotation":40.39,"x":9.36,"y":0.26},{"name":"bone18","parent":"bone17","length":15.04,"rotation":25.81,"x":12.82,"y":0.39},{"name":"bone19","parent":"bone18","length":14.93,"rotation":9.1,"x":15.04},{"name":"bone20","parent":"bone19","length":18.34,"rotation":14.25,"x":14.93},{"name":"bone21","parent":"bone2","length":13.66,"rotation":-166.98,"x":38.47,"y":-18.81},{"name":"bone22","parent":"bone21","length":16.26,"rotation":11.55,"x":13.66},{"name":"bone23","parent":"bone22","length":19.61,"rotation":22.21,"x":16.26},{"name":"bone24","parent":"bone2","length":16.47,"rotation":-129.69,"x":59.21,"y":-15.11},{"name":"bone25","parent":"bone24","length":16.79,"rotation":2.21,"x":16.47},{"name":"bone26","parent":"bone25","length":19.23,"rotation":8.66,"x":16.79},{"name":"bone27","parent":"bone26","length":13.68,"rotation":6.98,"x":19.35,"y":-0.39}],"slots":[{"name":"MASK","bone":"root","attachment":"MASK"},{"name":"GALAXY BG","bone":"root","attachment":"GALAXY BG"},{"name":"THOR ICON","bone":"root","attachment":"THOR ICON"},{"name":"LEG_R","bone":"root","attachment":"LEG_R"},{"name":"BORDER","bone":"root","attachment":"BORDER"},{"name":"EFFECT POWER","bone":"EFFECT","attachment":"1","blend":"additive"},{"name":"MARK 3","bone":"root","attachment":"MARK 3"},{"name":"LEG_R2","bone":"root","attachment":"LEG_R"},{"name":"HAIR_BACK 2","bone":"root","attachment":"HAIR_BACK 2"},{"name":"HAIR_BACK 1","bone":"root","attachment":"HAIR_BACK 1"},{"name":"HAIR_2","bone":"root","attachment":"HAIR_2"},{"name":"HAND_R","bone":"root","attachment":"HAND_R"},{"name":"LEG_L","bone":"root","attachment":"LEG_L"},{"name":"CAPTAIN MARVEL BODY","bone":"root","attachment":"CAPTAIN MARVEL BODY"},{"name":"HAND_L","bone":"root","attachment":"HAND_L"},{"name":"HAIR_1","bone":"root","attachment":"HAIR_1"},{"name":"WILD","bone":"root","attachment":"WILD"}],"skins":{"default":{"BORDER":{"BORDER":{"type":"mesh","uvs":[1,1,0,1,0,0,1,0],"triangles":[1,2,3,1,3,0],"vertices":[1,2,90,-225,1,1,2,-90,-225,1,1,2,-90,225,1,1,2,90,225,1],"hull":4,"edges":[0,2,2,4,4,6,0,6],"width":180,"height":450}},"CAPTAIN MARVEL BODY":{"CAPTAIN MARVEL BODY":{"type":"mesh","uvs":[0.34485,0.0064,0.2892,0.04069,0.26659,0.0805,0.26311,0.12364,0.27007,0.17009,0.27876,0.21101,0.31528,0.26631,0.36746,0.28732,0.3692,0.31718,0.29615,0.36253,0.20572,0.41783,0.13789,0.45986,0.10659,0.50188,0.10311,0.56603,0.13789,0.59147,0.13094,0.6888,0.13789,0.74741,0.07181,0.81377,0.03007,0.90115,0.05094,1,0.07024,1,0.11702,1,0.14137,0.91442,0.21057,0.89821,0.2405,0.89119,0.31803,0.88781,0.41789,0.88345,0.50659,0.94096,0.53322,0.94456,0.61516,0.95563,0.64572,0.95976,0.64746,0.85248,0.58659,0.73857,0.59876,0.67995,0.71109,0.56493,0.80674,0.47755,0.85543,0.40898,0.83978,0.33599,0.77982,0.29431,0.765,0.284,0.64152,0.26078,0.60848,0.23534,0.60152,0.19442,0.61891,0.16124,0.62239,0.11519,0.59804,0.07205,0.55978,0.02118,0.47978,0,0.41022,0,0.36198,0.10371,0.40712,0.08436,0.47256,0.09017,0.48017,0.13533,0.41727,0.15888,0.37517,0.14855,0.33154,0.10823,0.3422,0.13275,0.36654,0.12855,0.33459,0.15275,0.31126,0.16081,0.28944,0.15694,0.27727,0.12436,0.28894,0.10984,0.3914,0.18533,0.39647,0.17791,0.39089,0.17017,0.3777,0.16533,0.34372,0.10436,0.35031,0.13146,0.3427,0.15436,0.3351,0.17146,0.33966,0.18242,0.35995,0.19081,0.34727,0.19178,0.3351,0.18694,0.32952,0.17855,0.33118,0.16965,0.37032,0.18956,0.35611,0.17924,0.35322,0.16855,0.3555,0.15243,0.35811,0.13031,0.35159,0.10404,0.3355,0.0684,0.33637,0.03992,0.34637,0.06757,0.3542,0.03771,0.40333,0.05734,0.41072,0.02692,0.47072,0.06066,0.48159,0.03577,0.32159,0.07089,0.32029,0.04407,0.28594,0.08305,0.29507,0.06425,0.35453,0.1989,0.36409,0.19559,0.39931,0.19642,0.43453,0.20333,0.43192,0.21798,0.39974,0.23402,0.37105,0.23181,0.35279,0.23955,0.33018,0.23208,0.31583,0.21605,0.32627,0.2036,0.34496,0.19697,0.55605,0.17678,0.55214,0.19752,0.53736,0.22351,0.51605,0.23872,0.46475,0.25199,0.48475,0.18508,0.46822,0.22075,0.44475,0.239,0.29301,0.18453,0.30344,0.21273,0.32083,0.23754,0.33605,0.258,0.35475,0.26767,0.37649,0.27182,0.39996,0.27072,0.42779,0.26408,0.55179,0.13143,0.59962,0.13253,0.59875,0.15078,0.57092,0.18244,0.59211,0.17516,0.57152,0.19895,0.57398,0.22983,0.57731,0.2513,0.39174,0.27681,0.40204,0.30266,0.42909,0.3174,0.38978,0.3654,0.31587,0.4154,0.25769,0.4714,0.26084,0.5224,0.27184,0.58246,0.25926,0.6844,0.23725,0.7654,0.21052,0.8614,0.51243,0.2964,0.4857,0.3604,0.42909,0.4134,0.39511,0.4694,0.40236,0.5234,0.39764,0.5804,0.36776,0.6784,0.33632,0.7574,0.31745,0.8494,0.59892,0.2844,0.57061,0.3494,0.56118,0.4024,0.55332,0.4674,0.54388,0.5154,0.52029,0.5764,0.48727,0.6724,0.45111,0.7554,0.42909,0.8344,0.40081,0.3193,0.38959,0.33773,0.33631,0.36686,0.25592,0.41739,0.19422,0.46852,0.18728,0.52428,0.19703,0.58622,0.19142,0.68193,0.18114,0.76099,0.13814,0.85314,0.71329,0.29018,0.69085,0.35497,0.68244,0.41382,0.66748,0.47506,0.64785,0.52618,0.58335,0.5886,0.53942,0.6742,0.52633,0.74554,0.5208,0.82605,0.53202,0.91046,0.61522,0.91284,0.6068,0.83318,0.56754,0.74282,0.58063,0.67565,0.63952,0.58913,0.69748,0.53147,0.74422,0.48332,0.78722,0.41775,0.81059,0.3589,0.05809,0.90877,0.08146,0.84338,0.15717,0.75242,0.16278,0.68584,0.16652,0.58478,0.13754,0.55157,0.13016,0.51115,0.16278,0.46419,0.23009,0.41782,0.3217,0.36337,0.37965,0.32532],"triangles":[88,48,47,86,0,48,90,47,46,88,47,90,88,86,48,84,0,86,0,92,1,84,92,0,87,86,88,89,88,90,87,88,89,94,1,92,85,84,86,85,86,87,83,92,84,83,84,85,91,94,92,83,91,92,2,1,94,93,2,94,50,87,89,85,87,50,46,51,89,50,89,51,49,85,50,82,85,49,67,83,85,67,85,82,55,91,83,55,83,67,91,62,93,91,93,94,62,91,55,62,3,2,62,2,93,61,3,62,57,49,50,81,82,49,81,49,57,90,46,89,123,46,45,124,123,45,123,51,46,68,67,82,68,82,81,56,55,67,44,124,45,68,56,67,52,51,123,53,54,57,125,123,124,80,68,81,81,57,54,80,81,54,56,62,55,69,56,68,80,69,68,58,56,69,62,59,60,56,58,62,61,62,60,53,50,51,53,51,52,53,57,50,58,59,62,43,124,44,125,124,43,65,66,54,80,54,66,79,69,80,79,80,66,76,59,58,60,4,3,60,3,61,53,65,54,69,76,58,70,69,79,70,76,69,125,107,123,127,125,43,125,126,107,64,65,53,75,59,76,75,76,70,78,79,66,71,70,79,71,79,78,75,70,71,127,126,125,115,60,59,115,59,75,4,60,115,112,52,123,112,123,107,53,52,112,63,65,64,74,75,71,77,78,66,63,77,66,63,66,65,72,78,77,71,78,72,73,71,72,74,71,73,42,127,43,96,72,77,98,97,64,63,64,97,77,63,97,96,77,97,106,74,73,108,112,107,108,107,126,95,73,72,95,72,96,106,73,95,128,126,127,128,127,42,108,126,128,98,53,112,98,64,53,105,115,75,105,75,74,105,74,106,5,4,115,116,5,115,105,116,115,104,116,105,99,97,98,113,98,112,99,98,113,109,112,108,110,113,112,129,128,42,101,96,97,95,96,101,103,105,106,104,105,103,100,97,99,101,97,100,129,42,41,117,104,103,116,104,117,109,110,112,114,99,113,95,103,106,102,95,101,102,103,95,111,114,113,111,113,110,118,103,102,117,103,118,114,122,100,114,100,99,122,114,111,117,5,116,6,117,118,6,5,117,120,119,102,118,102,119,121,100,122,120,101,100,120,100,121,120,102,101,131,120,121,7,119,120,6,118,119,7,6,119,142,111,110,129,109,108,129,108,128,132,121,122,131,121,132,7,132,8,131,7,120,132,7,131,133,122,111,132,122,133,132,199,8,160,132,133,160,199,132,109,130,110,130,129,41,151,130,41,151,41,40,170,40,39,133,111,142,161,199,160,130,109,129,151,142,130,130,142,110,151,152,142,171,40,170,151,40,171,152,151,171,188,38,37,143,133,142,143,142,152,198,9,8,198,8,199,133,134,161,133,161,160,162,198,199,162,199,161,162,161,134,153,143,152,188,37,36,143,144,134,143,134,133,172,152,171,153,152,172,9,198,197,162,163,198,135,162,134,162,135,163,188,171,38,187,188,36,198,163,197,197,10,9,196,11,10,196,10,197,154,143,153,144,143,154,164,196,197,164,197,163,145,134,144,135,134,145,136,163,135,164,163,136,173,153,172,154,153,173,170,39,38,171,170,38,187,171,188,35,187,36,187,172,171,186,187,35,186,172,187,173,172,186,195,12,11,195,11,196,155,144,154,145,144,155,145,137,136,145,136,135,146,145,155,137,145,146,165,196,164,195,196,165,174,154,173,155,154,174,185,173,186,174,173,185,194,195,165,34,185,186,34,186,35,13,12,195,13,195,194,156,146,155,146,138,137,147,146,156,147,138,146,193,194,165,137,165,164,137,164,136,166,165,137,166,137,138,193,165,166,175,155,174,156,155,175,184,175,174,184,174,185,14,194,193,13,194,14,157,147,156,176,156,175,157,156,176,183,176,175,183,175,184,148,138,147,148,147,157,33,183,184,184,185,34,33,184,34,167,193,166,139,166,138,139,138,148,167,166,139,192,14,193,192,193,167,15,14,192,32,183,33,182,176,183,182,183,32,177,157,176,177,176,182,16,15,192,191,16,192,158,148,157,158,157,177,149,139,148,149,148,158,168,192,167,191,192,168,140,167,139,140,139,149,168,167,140,178,158,177,181,32,31,182,32,181,159,149,158,159,158,178,191,190,17,191,17,16,150,140,149,150,149,159,169,190,191,169,191,168,141,168,140,141,140,150,169,168,141,26,150,159,25,150,26,24,141,150,25,24,150,23,141,24,18,17,190,189,18,190,178,182,181,182,178,177,179,178,181,180,181,31,179,181,180,23,22,169,23,169,141,26,178,179,178,26,159,27,26,179,28,179,180,27,179,28,29,28,180,30,180,31,29,180,30,19,18,189,22,189,190,22,190,169,20,19,189,189,21,20,22,21,189],"vertices":[1,7,67.25,4.96,1,1,7,61.5,13.97,1,1,7,53.66,18.76,1,1,7,44.58,21.1,1,1,7,34.51,22.18,1,1,7,25.57,22.78,1,2,6,126.07,24,0.00037,7,12.81,20.25,0.99963,2,6,123.12,16.01,0.09497,7,6.9,14.1,0.90503,2,6,116.84,14.42,0.50429,7,0.5,15.17,0.49571,2,6,105.1,22.21,0.93419,7,-7.12,27.01,0.06581,2,6,90.75,31.9,0.99854,7,-16.38,41.64,0.00146,1,6,79.87,39.14,1,1,6,70.05,41.45,1,1,6,56.34,39.01,1,1,6,51.95,33.16,1,1,6,31.1,29.67,1,1,6,18.86,26.07,1,1,6,2.87,31.97,1,1,6,-16.88,33.63,1,1,6,-37.25,26.31,1,1,6,-36.69,23.71,1,1,6,-35.34,17.4,1,1,6,-16.48,18,1,1,6,-11.03,9.4,1,1,6,-8.68,5.68,1,1,6,-5.72,-4.62,1,1,6,-1.91,-17.9,1,1,6,-11.55,-32.49,1,1,6,-11.54,-36.24,1,1,6,-11.52,-47.8,1,1,6,-11.51,-52.11,1,1,6,11.3,-47.47,1,1,6,33.71,-34.08,1,1,6,46.5,-33.06,1,1,6,74.15,-42.98,1,1,6,95.46,-51.92,1,1,6,111.42,-55.37,1,1,6,126.45,-49.94,1,1,6,133.56,-39.95,1,1,6,135.32,-37.48,1,2,6,136.68,-19.77,0.91188,7,4.97,-24.1,0.08812,2,6,141.12,-14.15,0.63276,7,11.29,-20.74,0.36724,2,6,149.6,-11.35,0.24262,7,20.18,-21.58,0.75738,2,6,157.14,-12.19,0.09943,7,26.76,-25.37,0.90057,2,6,167.02,-10.56,0.03258,7,36.45,-27.84,0.96742,2,6,175.47,-5.32,0.00642,7,46.3,-26.42,0.99358,1,7,58.17,-23.46,1,1,7,64.88,-13.56,1,1,7,66.8,-4.16,1,1,7,46.09,6.87,1,1,7,48.95,-0.07,1,2,6,167.99,10.79,0.00096,7,45.91,-8.67,0.99904,2,6,158.63,7.71,0.00977,7,36.1,-7.74,0.99023,1,7,32.83,1.79,1,1,7,36.19,7.03,1,1,7,45.97,11.18,1,1,7,40.46,10.81,1,1,7,40.68,7.33,1,1,7,36.42,12.7,1,1,7,35.35,16.21,1,1,7,36.77,18.99,1,1,7,44.04,19.22,1,1,7,46.8,17.01,1,1,7,27.92,6.44,1,1,7,29.36,5.43,1,1,7,31.16,5.85,1,1,7,32.55,7.42,1,1,7,46.45,9.37,1,1,7,40.51,9.65,1,1,7,35.85,11.68,1,1,7,32.43,13.45,1,1,7,29.97,13.31,1,1,7,27.62,10.93,1,1,7,27.77,12.68,1,1,7,29.13,14.12,1,1,7,31.07,14.51,1,1,7,32.92,13.9,1,1,7,27.6,9.47,1,1,7,30.19,10.94,1,1,7,32.54,10.87,1,1,7,35.91,9.86,1,1,7,40.54,8.55,1,1,7,46.3,8.29,1,1,7,54.33,8.92,1,1,7,60.36,7.56,1,1,7,54.2,7.41,1,1,7,60.33,5.05,1,1,7,54.8,-0.74,1,1,7,61.07,-3.06,1,1,7,52.24,-9.7,1,1,7,57.23,-12.25,1,1,7,54.18,10.9,1,1,7,59.92,9.92,1,1,7,52.58,16.25,1,1,7,56.32,14.2,1,1,7,26.05,12.01,1,1,7,26.49,10.57,1,1,7,25.35,5.85,1,1,7,22.9,1.39,1,1,7,19.86,2.38,1,1,7,17.34,7.42,1,1,7,18.6,11.21,1,1,7,17.46,14.01,1,1,7,19.67,16.75,1,1,7,23.48,17.99,1,1,7,25.83,16.04,1,1,7,26.73,13.22,1,2,6,152.03,-4.41,0.1314,7,25.19,-16.2,0.8686,2,6,147.52,-4.83,0.21073,7,20.89,-14.77,0.78927,2,6,141.57,-4.02,0.3189,7,15.77,-11.64,0.6811,2,6,137.73,-1.83,0.31301,7,13.13,-8.1,0.68699,2,6,133.43,4.49,0.02082,7,11.72,-0.58,0.97918,2,6,148.21,4.83,0.03821,7,25.4,-6.2,0.96179,2,6,140.16,5.44,0.02742,7,18.27,-2.41,0.97258,1,7,15.04,1.56,1,1,7,30.81,19.71,1,1,7,24.53,19.52,1,1,7,18.77,18.25,1,2,6,128.44,21.58,0.0015,7,14,17.08,0.9985,2,6,126.92,18.62,0.01308,7,11.43,14.97,0.98693,2,6,126.67,15.49,0.02734,7,9.94,12.21,0.97266,2,6,127.58,12.38,0.02191,7,9.53,8.99,0.97809,1,7,10.17,4.94,1,2,6,161.53,-1.78,0.03587,7,34.95,-17.59,0.96413,2,6,162.68,-8.28,0.04925,7,33.39,-24.01,0.95075,2,6,158.78,-8.99,0.07941,7,29.54,-23.1,0.92059,2,6,151.26,-6.68,0.16676,7,23.58,-17.96,0.83324,2,6,153.42,-9.2,0.14638,7,24.54,-21.14,0.85362,2,6,147.77,-7.51,0.25297,7,20.05,-17.32,0.74703,2,6,141.29,-9.24,0.4922,7,13.42,-16.32,0.5078,2,6,136.83,-10.67,0.6936,7,8.76,-15.83,0.3064,2,6,126.05,13.21,0.04831,7,8.46,10.36,0.95169,2,6,120.87,10.64,0.25153,7,2.68,10.09,0.74847,2,6,118.52,6.32,0.50829,7,-1.2,7.08,0.49171,2,6,107.2,9.45,0.90324,7,-10.32,14.48,0.09676,2,6,94.45,17.15,0.9875,7,-18.91,26.64,0.0125,1,6,80.89,22.45,1,1,6,70.16,19.71,1,1,6,57.73,15.49,1,1,6,35.74,12.55,1,1,6,17.92,11.84,1,1,6,-3.23,11.08,1,1,6,125.39,-3.97,1,1,6,111.03,-3.27,1,2,6,98.15,1.96,0.99833,7,-21.61,11.25,0.00167,1,6,85.29,4,1,1,6,74.04,0.57,1,1,6,61.81,-1.39,1,1,6,40.15,-1.81,1,1,6,22.48,-1.16,1,1,6,2.41,-2.8,1,2,6,130.43,-15.09,0.94666,7,1.13,-17.32,0.05334,1,6,115.82,-14.23,1,1,6,104.31,-15.36,1,1,6,90.29,-17.26,1,1,6,79.83,-18.17,1,1,6,66.2,-17.76,1,1,6,44.88,-17.67,1,1,6,26.22,-16.56,1,1,6,8.82,-17.18,1,2,6,117.3,10.05,0.49496,7,-0.82,10.98,0.50504,2,6,113.07,10.73,0.71443,7,-4.43,13.3,0.28557,2,6,105.34,16.59,0.90695,7,-9.15,21.77,0.09305,2,6,92.3,25.15,0.99454,7,-17.68,34.83,0.00546,1,6,79.67,31.15,1,1,6,67.63,29.55,1,1,6,54.77,25.42,1,1,6,34.3,21.82,1,1,6,17.23,19.61,1,1,6,-3.57,21.23,1,2,6,132.52,-30.79,0.99933,7,-3.26,-32.53,0.00067,1,6,118.12,-30.71,1,1,6,105.39,-32.25,1,1,6,91.96,-33.01,1,1,6,80.55,-32.69,1,1,6,65.44,-26.82,1,1,6,46,-24.79,1,1,6,30.49,-26.26,1,1,6,13.25,-29.18,1,1,6,-4.34,-34.53,1,1,6,-2.44,-45.86,1,1,6,14.22,-41.11,1,1,6,32.26,-31.7,1,1,6,46.89,-30.41,1,1,6,66.95,-34.43,1,1,6,80.86,-39.62,1,1,6,92.43,-43.74,1,1,6,107.58,-46.56,1,1,6,120.75,-47.04,1,1,6,-17.68,29.5,1,1,6,-3.13,29.32,1,1,6,18.35,23.24,1,1,6,32.64,25.51,1,1,6,54.2,29.6,1,1,6,60.4,35.02,1,1,6,68.77,37.85,1,1,6,79.68,35.58,1,2,6,91.46,28.61,0.99702,7,-17.05,38.35,0.00298,2,6,105.66,18.73,0.91053,7,-8.01,23.59,0.08947,2,6,115.41,12.64,0.58412,7,-1.52,14.11,0.41588],"hull":49,"edges":[0,2,2,4,4,6,6,8,8,10,10,12,12,14,14,16,16,18,18,20,20,22,22,24,24,26,26,28,28,30,30,32,32,34,34,36,36,38,42,44,52,54,60,62,62,64,64,66,66,68,68,70,70,72,72,74,78,80,80,82,82,84,84,86,86,88,88,90,90,92,92,94,94,96,0,96,132,130,128,126,128,130,98,114,114,108,108,106,106,104,104,102,102,100,100,98,110,112,112,116,116,118,118,120,120,122,122,124,124,110,134,136,136,138,138,140,140,142,142,144,146,148,148,150,150,152,152,116,154,156,156,158,158,160,160,162,162,164,134,166,166,168,164,170,170,172,100,174,174,176,102,178,178,180,110,182,182,184,124,186,186,188,190,192,192,194,194,196,196,198,198,200,200,202,202,204,204,206,206,208,208,210,210,212,212,190,214,216,216,218,218,220,220,222,104,224,224,226,226,228,120,230,230,232,232,234,234,236,236,238,238,240,240,242,244,222,214,246,248,250,252,254,254,250,252,256,256,258,258,260,262,264,266,268,268,270,270,272,272,274,274,276,276,278,278,280,280,282,44,46,46,48,282,46,284,286,286,288,288,290,290,292,292,294,294,296,296,298,298,300,48,50,50,52,300,50,302,304,304,306,306,308,308,310,310,312,312,314,314,316,316,318,318,52,320,322,322,324,324,326,326,328,328,330,330,332,332,334,334,336,336,338,338,44,340,342,342,344,344,346,346,348,348,350,350,352,352,354,354,356,356,358,54,56,358,56,56,58,58,60,58,360,360,362,362,364,364,366,366,368,368,370,370,372,372,374,374,376,74,76,76,78,376,76,38,40,40,42,40,378,378,380,380,382,382,384,384,386,386,388,388,390,390,392,392,394,394,396,396,398],"width":138,"height":217}},"EFFECT POWER":{"1":{"width":167,"height":238},"2":{"width":167,"height":238},"3":{"width":167,"height":238},"4":{"width":167,"height":238},"5":{"width":167,"height":238},"6":{"width":167,"height":238},"7":{"width":167,"height":238},"8":{"width":167,"height":238},"9":{"width":167,"height":238},"10":{"width":167,"height":238},"11":{"width":167,"height":238},"12":{"width":167,"height":238},"13":{"width":167,"height":238},"14":{"width":167,"height":238},"15":{"width":167,"height":238},"16":{"width":167,"height":238},"17":{"width":167,"height":238},"18":{"width":167,"height":238},"19":{"width":167,"height":238},"20":{"width":167,"height":238},"21":{"width":167,"height":238},"22":{"width":167,"height":238}},"GALAXY BG":{"GALAXY BG":{"type":"mesh","uvs":[1,1,0,1,0,0,1,0],"triangles":[1,2,3,1,3,0],"vertices":[1,4,70.5,-216.16,1,1,4,-72.5,-216.16,1,1,4,-72.5,198.84,1,1,4,70.5,198.84,1],"hull":4,"edges":[0,2,2,4,4,6,0,6],"width":143,"height":415}},"HAIR_1":{"HAIR_1":{"type":"mesh","uvs":[0,0.13681,0.07449,0.04196,0.20649,0,0.38648,0.04459,0.50961,0.17634,0.58761,0.27646,0.68561,0.35551,0.81761,0.3924,0.9716,0.41611,0.9856,0.46881,0.9756,0.52678,1,0.58475,0.9776,0.70332,0.9256,0.77973,0.9476,0.86405,0.89961,0.97208,0.79961,1,0.65961,1,0.53761,0.93783,0.46561,0.77973,0.41361,0.64008,0.30761,0.5136,0.21761,0.38186,0.10361,0.26856,0,0.27646,0.11961,0.1658,0.16361,0.09202,0.27961,0.26856,0.33961,0.14999,0.39761,0.38186,0.45961,0.27646,0.50761,0.54259,0.59761,0.4451,0.60961,0.72703,0.72761,0.53732,0.73161,0.86405,0.83761,0.6111],"triangles":[15,16,35,16,17,35,17,18,35,15,35,14,18,33,35,18,19,33,35,13,14,35,36,13,35,33,36,13,36,12,19,20,33,12,36,11,36,10,11,33,31,34,33,34,36,34,31,32,34,7,36,9,10,7,10,36,7,32,6,34,34,6,7,9,7,8,32,5,6,20,31,33,20,21,31,21,29,31,31,29,32,32,30,5,30,32,29,21,22,29,29,27,30,30,4,5,30,28,4,22,27,29,22,23,27,27,28,30,27,26,28,28,3,4,28,2,3,23,24,25,23,25,27,25,26,27,25,24,0,0,1,25,25,1,26,26,2,28,26,1,2],"vertices":[1,16,-4.84,3.6,1,1,16,2.37,8.3,1,2,16,13.62,8.81,0.96744,17,-3.25,8.92,0.03256,3,16,27.76,3.21,0.16223,17,11.53,12.49,0.80741,18,-8.34,10.54,0.03036,4,16,36.21,-6.88,0.00282,17,24.25,9.11,0.19735,18,4.79,11.43,0.79824,19,-13.47,14.96,0.00159,3,17,32.75,6.01,0.00359,18,13.83,11.23,0.84788,19,-4.72,12.67,0.14853,2,18,23.17,13.14,0.25086,19,4.81,12.36,0.74914,3,18,32.77,18.9,0.0058,19,15.49,15.75,0.92523,20,0.35,16.73,0.06897,2,19,27.34,20.76,0.61039,20,12.89,19.64,0.38961,2,19,29.99,18.45,0.5634,20,15.11,16.9,0.4366,2,19,31.07,14.87,0.4318,20,15.56,13.18,0.5682,2,19,34.63,12.69,0.25492,20,18.69,10.43,0.74508,2,19,36.71,5.28,0.03719,20,19.47,2.77,0.96281,2,19,35.33,-1.04,0.00011,20,17.03,-3.22,0.99989,2,19,39.55,-4.76,0.00011,20,20.54,-7.6,0.99989,2,19,39.44,-12.64,0.00002,20,19.09,-15.35,0.99998,2,19,33.1,-18.27,0.00017,20,11.87,-19.81,0.99983,3,18,49.27,-18.04,0.00004,19,22.99,-24.01,0.05485,20,0.93,-23.73,0.94511,3,18,39.2,-22.08,0.01963,19,12.25,-25.61,0.20256,20,-9.93,-23.46,0.77782,3,18,28.03,-18.87,0.18545,19,2.14,-19.9,0.38571,20,-18.91,-16.1,0.42884,4,17,28.98,-20.8,0.00521,18,18.88,-15.37,0.64652,19,-5.96,-14.38,0.23683,20,-25.94,-9.28,0.11145,4,17,17.68,-17.15,0.1782,18,7.01,-15.54,0.81216,19,-17.55,-11.8,0.00645,20,-36.92,-4.74,0.0032,3,16,9.96,-14.98,0.00296,17,7.47,-12.64,0.70891,18,-4.11,-14.56,0.28812,3,16,2.03,-6.18,0.71516,17,-4.09,-10.02,0.27749,18,-15.9,-15.79,0.00735,1,16,-6.51,-5.03,1,3,16,4.56,-0.07,0.99871,17,-5.54,-3.57,0.00128,18,-19.34,-10.15,0.00001,1,16,9.03,3.8,1,2,17,9.23,-4.02,0.87227,18,-5.21,-5.83,0.12773,3,16,22.68,-2.57,0.09602,17,10.7,4.83,0.90316,18,-6.66,3.03,0.00082,3,17,21.09,-6.51,0.0547,18,6.82,-4.38,0.94527,20,-32.68,5.59,0.00003,4,16,30.94,-12.28,0.00005,17,23.06,1.65,0.0366,18,6.06,3.99,0.96334,19,-13.96,7.42,0,3,18,20.4,-5.56,0.66887,19,-2.21,-5.19,0.28764,20,-20.67,-0.86,0.04349,2,18,21.68,4.03,0.39909,19,1.25,3.84,0.60091,3,18,34.51,-8.29,0.02698,19,10.89,-11.11,0.40236,20,-8.78,-8.94,0.57066,2,18,33.53,7.13,0.00317,19,13.5,4.12,0.99683,2,19,23.96,-13.61,0.01491,20,3.66,-13.65,0.98509,2,19,23.74,4.59,0.40593,20,6.57,4.32,0.59407],"hull":25,"edges":[0,2,2,4,4,6,6,8,8,10,10,12,12,14,14,16,16,18,18,20,20,22,22,24,24,26,26,28,28,30,30,32,32,34,34,36,36,38,38,40,40,42,42,44,44,46,46,48,0,48],"width":83,"height":63}},"HAIR_2":{"HAIR_2":{"type":"mesh","uvs":[0.18814,0.12925,0.1492,0.21428,0.1492,0.35598,0.22913,0.56247,0.38078,0.76086,0.50679,0.87863,0.61646,0.97139,0.72918,0.99974,0.86443,0.97949,0.96895,0.88232,0.97305,0.65964,0.92182,0.4734,0.88698,0.27501,0.79476,0.20618,0.639,0.16164,0.4853,0.1171,0.31725,0.10496,0.26397,0.2912,0.41562,0.41266,0.57342,0.50174,0.72098,0.57866,0.84394,0.6151],"triangles":[9,8,21,20,13,12,20,12,11,21,20,11,21,11,10,9,21,10,6,5,20,7,6,20,20,21,7,8,7,21,19,18,14,19,14,13,20,19,13,5,4,19,5,19,20,17,0,16,1,0,17,2,1,17,15,17,16,18,15,14,18,17,15,3,2,17,3,17,18,4,3,18,4,18,19],"vertices":[1,29,-10,2.54,1,1,29,-11.13,-2.03,1,1,29,-8.39,-7.15,1,2,29,1.31,-11.56,0.99971,30,-15.6,-10.97,0.00029,3,29,15.98,-12.94,0.60863,30,-0.99,-12.91,0.3913,31,-19.52,-10.08,0.00006,3,29,27.25,-12.38,0.07092,30,10.3,-12.79,0.80331,31,-8.34,-11.66,0.12576,4,29,36.88,-11.54,0.0002,30,19.95,-12.32,0.34359,31,1.27,-12.65,0.63811,32,-19.43,-9.98,0.0181,3,30,28.67,-9.37,0.02183,31,10.34,-11.05,0.80498,32,-10.24,-9.49,0.17319,2,31,20.55,-7.01,0.0591,32,0.39,-6.71,0.9409,3,30,44.03,3.46,0,31,27.45,-0.69,0.00168,32,8,-1.28,0.99832,3,30,40.33,11.81,0.00702,31,25.06,8.13,0.73421,32,6.7,7.76,0.25877,3,30,33.26,16.86,0.07718,31,18.82,14.19,0.92045,32,1.25,14.53,0.00237,2,30,27.16,22.94,0.1933,31,13.71,21.12,0.8067,3,29,34.81,22.93,0.00677,30,19.21,22.21,0.34104,31,5.74,21.59,0.65219,3,29,22.83,18.59,0.16211,30,7.07,18.33,0.63646,31,-6.85,19.59,0.20143,3,29,10.99,14.33,0.74236,30,-4.93,14.53,0.25122,31,-19.28,17.63,0.00642,2,29,-1.25,8.35,0.99993,30,-17.38,9.02,0.00007,1,29,-1.45,-0.42,1,1,29,11.73,0.98,1,3,29,24.72,3.79,0.01723,30,8.39,3.47,0.96995,31,-7.78,4.7,0.01283,3,29,36.75,6.65,0.00003,30,20.52,5.86,0.19662,31,4.57,5.24,0.80335,2,30,30.13,8.88,0.03885,31,14.53,6.77,0.96115],"hull":17,"edges":[0,2,2,4,4,6,6,8,12,14,14,16,16,18,18,20,20,22,22,24,24,26,26,28,28,30,30,32,0,32,8,10,10,12],"width":81,"height":41}},"HAIR_BACK 1":{"HAIR_BACK 1":{"type":"mesh","uvs":[0.07814,0.19923,0.00743,0.31085,0.0351,0.62281,0.15191,0.88326,0.35788,1,0.68373,1,0.89891,0.95481,1,0.76878,0.96654,0.68578,0.83128,0.63999,0.65299,0.46254,0.49928,0.2164,0.25336,0.12482,0.25028,0.2765,0.33021,0.53695,0.47162,0.72585,0.62532,0.82602,0.83743,0.84605],"triangles":[4,16,5,5,17,6,5,16,17,6,17,7,16,9,17,17,8,7,17,9,8,9,16,10,4,15,16,4,3,15,3,14,15,16,15,10,15,14,10,3,2,14,14,1,13,13,1,0,1,14,2,14,11,10,14,13,11,13,12,11,13,0,12],"vertices":[1,26,-10.95,-6.45,1,2,26,-6.65,-12.62,0.99995,27,-22.43,-8.3,0.00005,3,26,10.43,-18.78,0.68668,27,-6.93,-17.76,0.31305,28,-28.18,-7.67,0.00027,3,26,26.79,-19.33,0.11702,27,8.99,-21.56,0.77102,28,-14.88,-17.22,0.11196,3,26,37.57,-12.03,0.00298,27,21.02,-16.57,0.50615,28,-1.86,-17.14,0.49087,2,27,31.39,-2.36,0.00016,28,13.12,-7.9,0.99984,1,28,21.63,0.43,1,2,27,30.62,19.34,0.00252,28,20.61,12.48,0.99748,2,27,25.67,20.72,0.01725,28,16.54,15.63,0.98275,3,26,29.21,19.9,0.00193,27,19.22,16.39,0.15715,28,8.93,14.05,0.84093,3,26,15.85,15.43,0.27085,27,5.23,14.68,0.57718,28,-4.66,17.76,0.15196,3,26,-0.59,13.81,0.95225,27,-11.19,16.39,0.04772,28,-19.22,25.55,0.00003,1,26,-10.94,3.94,1,1,26,-3.01,0.14,1,2,26,12.53,-2.22,0.95259,27,-1.56,-1.95,0.04741,1,27,11.79,-2.24,1,1,28,5.13,-0.97,1,2,27,29.07,9.61,0.0027,28,15.49,4.06,0.9973],"hull":13,"edges":[0,2,2,4,4,6,6,8,8,10,10,12,12,14,14,16,16,18,18,20,20,22,22,24,0,24],"width":54,"height":58}},"HAIR_BACK 2":{"HAIR_BACK 2":{"type":"mesh","uvs":[0.49887,0,0.29137,0.03935,0.11615,0.13674,0.04699,0.29388,0.03009,0.40509,0.01471,0.50636,0.07465,0.67015,0.24526,0.82508,0.4666,0.95788,0.68793,0.98887,0.87698,0.86049,1,0.71663,0.94461,0.65742,0.84471,0.55063,0.77609,0.48852,0.68332,0.40455,0.58688,0.32831,0.44815,0.21863,0.47582,0.15666,0.66948,0.09468,0.76632,0.015,0.64182,0,0.57265,0.05263,0.40204,0.09468,0.27754,0.17436,0.26832,0.2806,0.33749,0.45545,0.42971,0.60375,0.58187,0.74319,0.7156,0.80959,0.27293,0.36692],"triangles":[8,28,9,9,29,10,9,28,29,8,7,28,10,12,11,10,29,12,7,27,28,29,13,12,29,28,13,28,14,13,28,15,14,7,6,27,28,27,15,6,26,27,6,5,26,30,5,4,5,30,26,27,16,15,27,26,16,26,17,16,26,30,17,4,3,30,3,25,30,30,25,17,3,2,25,25,24,17,25,2,24,24,23,17,17,23,18,24,1,23,24,2,1,18,22,19,18,0,22,18,23,0,22,21,19,19,21,20,23,1,0,22,0,21],"vertices":[1,21,-3.26,-5.14,1,1,21,4.54,-7.05,1,2,21,13.91,-4.74,0.74786,22,0.23,-6.76,0.25214,3,21,22.76,3.44,0.00532,22,12.27,-6.26,0.98985,23,-3.39,-5.75,0.00483,3,22,20.5,-4.79,0.32751,23,4.66,-8.01,0.67067,24,-11.52,-6.27,0.00182,3,22,28,-3.45,0.0389,23,11.99,-10.07,0.75614,24,-4.61,-9.46,0.20497,3,23,24.46,-10.41,0.05805,24,7.65,-11.77,0.8896,25,-9.96,-9.61,0.05235,2,24,20.69,-10.11,0.17726,25,3.09,-11.21,0.82274,1,25,15.82,-10.37,1,1,25,22.28,-5.16,1,2,24,31.18,10.24,0.00088,25,18.27,5.93,0.99912,3,23,34.52,21.54,0.00816,24,22.64,18.19,0.09861,25,11.95,15.73,0.89323,3,23,29.77,20.47,0.03163,24,17.78,17.88,0.19455,25,7.17,16.63,0.77382,3,23,21.21,18.55,0.19479,24,9.02,17.34,0.43538,25,-1.46,18.26,0.36983,3,23,16.15,17.06,0.40361,24,3.79,16.67,0.42597,25,-6.69,18.9,0.17042,4,22,14.65,17.99,0.00035,23,9.31,15.04,0.75452,24,-3.28,15.76,0.20818,25,-13.77,19.76,0.03695,4,22,9.97,13.21,0.06744,23,3.02,12.78,0.88653,24,-9.85,14.52,0.04282,25,-20.45,20.18,0.00322,3,21,7.71,7.18,0.02235,22,3.23,6.34,0.74625,23,-6.04,9.53,0.2314,3,21,4.21,3.97,0.62065,22,-1.52,6.16,0.36181,23,-10.4,11.43,0.01753,1,21,-4.17,4.2,1,1,21,-10.47,1.34,1,1,21,-7.46,-2.17,1,1,21,-3.15,-0.39,1,1,21,3.69,-1.36,1,2,21,10.8,0.92,0.0541,22,1.53,-0.43,0.9459,2,22,9.33,1.21,0.76951,23,-2.78,2.26,0.23049,3,23,10.57,2.08,0.97729,24,-4.09,2.76,0.02186,25,-17.76,7.36,0.00085,3,23,22.13,3.11,0.01543,24,7.49,1.95,0.96321,25,-6.73,3.72,0.02137,3,23,33.47,6.39,0.00052,24,19.2,3.4,0.0215,25,4.98,2.24,0.97798,2,24,25.56,6.15,0.00188,25,11.82,3.34,0.99812,1,23,3.6,1.13,1],"hull":22,"edges":[0,2,2,4,4,6,10,12,12,14,14,16,16,18,18,20,20,22,34,36,36,38,38,40,40,42,0,42,22,24,24,26,26,28,28,30,30,32,32,34,6,8,8,10],"width":36,"height":75}},"HAND_L":{"HAND_L":{"type":"mesh","uvs":[0.02024,0,0,0.03943,0.00188,0.19373,0.09035,0.38003,0.22891,0.60962,0.33575,0.75263,0.44593,0.84108,0.71803,0.95963,0.86493,1,0.95341,0.95775,1,0.8185,0.95675,0.71688,0.85659,0.65478,0.76644,0.71312,0.62622,0.61338,0.57639,0.57253,0.49768,0.508,0.41922,0.40073,0.3441,0.23137,0.25729,0.03754,0.11706,0,0.14711,0.15986,0.22223,0.30664,0.38525,0.59031,0.32907,0.49859,0.53273,0.72064,0.698,0.81473,0.85325,0.84861],"triangles":[23,16,15,25,23,15,25,15,14,6,5,23,26,14,13,25,14,26,25,6,23,27,13,12,27,12,11,27,11,10,26,13,27,9,27,10,7,26,27,6,25,26,7,6,26,8,27,9,7,27,8,21,20,19,21,2,1,1,0,20,20,21,1,21,19,18,22,21,18,3,2,21,3,21,22,22,18,17,24,22,17,23,24,17,16,23,17,24,3,22,4,24,23,4,3,24,5,4,23],"vertices":[1,8,-22.19,-3.63,1,1,8,-19.92,-8.09,1,1,8,-5.54,-17.13,1,1,8,17.62,-19.06,1,2,8,48.16,-18.37,0.98,9,-19.75,-9.85,0.02,2,8,68.56,-15.8,0.29604,9,-0.77,-17.77,0.70396,2,8,84.16,-9.62,0.00174,9,15.83,-20.17,0.99826,1,9,51.8,-16.32,1,1,9,70.03,-11.93,1,1,9,77.65,-2.78,1,1,9,75.78,13.49,1,1,9,65.89,20.97,1,1,9,51.72,21.36,1,1,9,44.72,10.54,1,2,8,75.29,22.76,0.00066,9,24.24,12.33,0.99934,2,8,68.16,20.01,0.03324,9,16.69,13.5,0.96676,2,8,56.89,15.68,0.43689,9,4.76,15.34,0.56311,2,8,41.7,13.93,0.97162,9,-9.29,21.38,0.02838,1,8,21,16.24,1,1,8,-2.74,18.8,1,1,8,-15.66,6.45,1,1,8,1.12,0.01,1,1,8,19.74,-0.95,1,1,8,56.91,-0.94,1,1,8,44.66,-1.3,1,1,9,19.34,-3.46,1,1,9,42.29,-3.29,1,1,9,61.12,2.21,1],"hull":21,"edges":[0,2,2,4,4,6,6,8,8,10,10,12,12,14,14,16,16,18,18,20,20,22,22,24,24,26,26,28,32,34,34,36,36,38,38,40,0,40,46,32,46,34,28,30,30,32,46,30,46,10,46,12,46,8,46,48,48,44,44,42,46,50,50,52,52,54],"width":124,"height":110}},"HAND_R":{"HAND_R":{"type":"mesh","uvs":[0.93372,0,0.81754,0.02003,0.66909,0.11078,0.59809,0.27563,0.56366,0.45343,0.52709,0.54789,0.42166,0.62013,0.27321,0.74052,0.16778,0.70348,0.06236,0.71829,0.00212,0.82757,0.03009,0.97019,0.15487,1,0.31193,0.94982,0.56796,0.8924,0.70781,0.79053,0.80248,0.68496,0.88424,0.52937,1,0.33119,1,0.16264,1,0.06263,0.8326,0.13857,0.77451,0.30156,0.70566,0.48122,0.62821,0.64421,0.49051,0.73867,0.28612,0.83128,0.14627,0.85165],"triangles":[6,5,24,25,6,24,7,6,25,25,24,15,26,7,25,27,9,8,27,8,7,27,7,26,10,9,27,14,25,15,13,26,25,13,25,14,11,10,27,13,12,27,13,27,26,11,27,12,21,1,0,21,0,20,2,1,21,21,20,19,22,2,21,3,2,22,21,19,18,22,21,18,23,3,22,4,3,23,17,22,18,23,22,17,4,24,5,23,24,4,24,23,17,16,24,17,15,24,16],"vertices":[1,10,-22.97,10.01,1,1,10,-17.61,-0.43,1,1,10,-3.55,-11.71,1,1,10,16.61,-13.29,1,2,10,37.21,-10.98,0.98289,11,-6.12,-21.69,0.01711,2,10,48.65,-11.49,0.61546,11,2.32,-13.95,0.38454,2,10,59.49,-19.26,0.02909,11,15.47,-11.76,0.97091,1,11,35.05,-6.79,1,1,11,42.1,-15.58,1,1,11,52.05,-19.16,1,1,11,63.37,-11.07,1,1,11,68.91,4.61,1,1,11,59.78,13.61,1,1,11,43.38,16.11,1,1,11,18.02,22.65,1,2,10,70.6,13.35,0.13015,11,0.23,19.13,0.86985,2,10,56.35,19.04,0.75526,11,-13.86,13.07,0.24474,1,10,36.93,21.94,1,1,10,11.88,26.73,1,1,10,-6.77,21.43,1,1,10,-17.83,18.29,1,1,10,-4.9,4.74,1,1,10,14.7,4.33,1,1,10,36.44,3.42,1,2,10,56.56,1.17,0.66627,11,-1.06,0.6,0.33373,1,11,16.14,3.47,1,1,11,39,2.95,1,1,11,52.24,-1.72,1],"hull":21,"edges":[0,2,2,4,4,6,6,8,8,10,10,12,12,14,14,16,16,18,18,20,20,22,22,24,24,26,26,28,28,30,30,32,32,34,34,36,36,38,38,40,0,40,54,52,52,50,50,48,48,8,48,10,48,12,48,32,48,30,48,34,48,46,46,44,44,42],"width":99,"height":115}},"LEG_L":{"LEG_L":{"type":"mesh","uvs":[0.65716,0,0.5255,0,0.40011,0.03539,0.17451,0.18699,0.03006,0.3621,0,0.46246,0.07187,0.54788,0.20872,0.60127,0.64969,0.82976,0.76753,0.92372,0.88157,0.99846,1,1,1,0.91091,0.98421,0.81481,0.98421,0.75289,0.88157,0.71231,0.77133,0.68882,0.54325,0.5009,0.43301,0.44965,0.36458,0.4283,0.39499,0.39199,0.58886,0.30657,0.78654,0.18699,0.82835,0.05886,0.79034,0,0.57746,0.05459,0.45581,0.14001,0.29996,0.2361,0.18211,0.37704,0.1403,0.45179,0.25434,0.51798,0.71431,0.75929,0.86637,0.87888,0.92719,0.96002,0.75952,0.0437,0.76226,0.11771,0.71011,0.1948,0.60582,0.25493,0.47133,0.31815,0.35879,0.3752,0.32311,0.41374,0.29705,0.44146,0.33103,0.46037,0.42104,0.48033,0.53001,0.53223,0.64608,0.64666,0.73609,0.70921,0.84032,0.73316,0.8948,0.7438,0.94692,0.78239,0.41586,0.06499,0.32675,0.1222,0.21727,0.198,0.07723,0.35676,0.027,0.44002,0.07211,0.50934,0.15125,0.54042,0.26104,0.58918,0.6734,0.7995,0.7985,0.90229,0.90888,0.98383],"triangles":[42,40,19,41,40,42,43,19,18,42,19,43,43,18,17,55,54,29,5,54,55,30,29,41,44,43,17,56,29,30,55,29,56,6,5,55,6,55,56,30,31,57,42,30,41,56,30,57,7,56,57,6,56,7,45,17,16,44,17,45,46,45,16,14,48,15,47,16,15,46,16,47,47,15,48,31,45,46,44,45,30,31,30,45,30,42,43,43,44,30,49,48,14,58,57,31,49,14,13,8,57,58,7,57,8,32,47,48,32,48,49,32,49,13,31,46,47,32,31,47,59,31,32,58,31,59,9,8,58,32,13,12,59,9,58,33,32,12,60,32,33,59,32,60,10,59,60,9,59,10,33,12,11,60,33,11,10,60,11,34,0,24,25,1,0,34,24,23,50,2,1,35,34,23,51,2,50,26,50,1,26,1,25,51,50,26,51,3,2,22,35,23,0,35,25,35,0,34,36,35,22,36,25,35,52,3,51,27,52,51,27,51,26,37,25,36,26,25,37,37,38,26,21,37,36,21,36,22,21,38,37,27,26,38,53,3,52,53,4,3,39,27,38,28,53,52,28,52,27,40,28,27,20,39,38,20,38,21,39,40,27,19,39,20,40,39,19,54,4,53,41,28,40,29,53,28,29,28,41,54,53,29,54,5,4],"vertices":[1,12,-25.61,-8.37,1,1,12,-14.65,-23.36,1,1,12,2.96,-32.38,1,1,12,52.45,-35.59,1,2,12,99.95,-26.08,0.98242,13,-26.83,0.86,0.01758,2,12,122.79,-14.62,0.4193,13,-10.91,-19.12,0.5807,2,12,134.11,6.21,0.00838,13,11.81,-25.89,0.99162,1,13,34.67,-20.48,1,1,13,118.88,-12.5,1,1,13,147.53,-15.88,1,1,13,172.24,-16.44,1,1,13,183.67,-4.27,1,1,13,167.03,10.67,1,1,13,147.59,25.12,1,1,13,136.02,35.5,1,1,13,118.78,31.53,1,1,13,104.01,23.89,1,2,12,85.35,52.89,0.01124,13,47.42,31.46,0.98876,2,12,84.14,32.75,0.15235,13,27.47,28.48,0.84765,2,12,85.52,21.8,0.50243,13,17.03,24.87,0.49757,2,12,75.63,19.88,0.88833,13,13.11,34.15,0.11167,1,12,42.19,29.29,1,1,12,1.5,34.06,1,1,12,-27.93,19.83,1,1,12,-36.69,6.78,1,1,12,-7.91,-9.35,1,1,12,19.52,-10.54,1,1,12,51.96,-14.04,1,1,12,90.32,-6.56,1,2,12,108.95,-0.24,0.2989,13,0.3,-2.6,0.7011,1,13,23.41,-1.73,1,1,13,111.8,6.1,1,1,13,148.46,2.01,1,1,13,169.35,-5.21,1,1,12,-25.27,9.75,1,1,12,-10.51,21.03,1,1,12,9.45,26.52,1,1,12,30.31,23.56,1,2,12,54.32,17.63,0.99998,13,6.51,54.54,0.00002,2,12,75.24,13.27,0.92711,13,6.57,33.17,0.07289,2,12,86.02,14.93,0.69798,13,10.41,22.96,0.30202,2,12,93.8,16.07,0.44618,13,13.13,15.58,0.55382,2,12,94.81,22.74,0.263,13,19.87,15.98,0.737,2,12,91.36,35.94,0.09253,13,32.07,22.08,0.90747,2,12,92.8,56.03,0.00361,13,52.03,24.82,0.99639,1,13,84.34,17.81,1,1,13,104.5,16.78,1,1,13,118.79,23.7,1,1,13,125.9,27.64,1,1,13,138.02,26.64,1,1,12,7.65,-26.2,1,1,12,26.66,-27.87,1,1,12,51.13,-29.09,1,2,12,94.95,-21.5,0.99582,13,-23.39,6.71,0.00418,2,12,115.99,-14.88,0.57539,13,-12.56,-12.52,0.42461,2,12,126.28,0.53,0.07088,13,4.63,-19.41,0.92912,1,13,17.89,-16.31,1,1,13,37.34,-12.96,1,1,13,115.46,-4.94,1,1,13,146.45,-9.04,1,1,13,172.07,-11.12,1],"hull":25,"edges":[0,2,2,4,4,6,6,8,8,10,10,12,12,14,14,16,16,18,18,20,20,22,22,24,24,26,26,28,28,30,30,32,32,34,34,36,36,38,38,40,40,42,42,44,44,46,46,48,0,48,50,52,52,54,54,56,56,58,58,60,60,62,62,64,64,66,68,70,70,72,72,74,74,76,76,78,78,80,80,82,82,84,84,86,86,88,88,90,90,92,92,94,94,96,96,98,100,102,102,104,104,106,106,108,108,110,110,112,112,114,114,116,116,118,118,120],"width":141,"height":251}},"LEG_R":{"LEG_R":{"type":"mesh","uvs":[0.08279,0.001,0,0.0497,0,0.15004,0.13184,0.35809,0.25763,0.45886,0.34824,0.53146,0.46366,0.63622,0.69737,0.84575,0.76951,0.93429,0.81279,1,0.91954,1,1,0.87969,1,0.79116,0.81567,0.71886,0.74931,0.58015,0.61947,0.47539,0.53579,0.39571,0.46841,0.28301,0.42534,0.14613,0.43457,0.02814,0.36381,0,0.21306,0.09579,0.29613,0.32391,0.38842,0.42146,0.47148,0.49383,0.62223,0.61497,0.76374,0.78017,0.87757,0.86513],"triangles":[24,16,15,5,4,24,24,15,14,25,24,14,6,5,24,6,24,25,26,14,13,25,14,26,7,25,26,6,25,7,27,13,12,26,13,27,27,12,11,8,26,27,7,26,8,9,8,27,10,27,11,9,27,10,21,0,20,18,20,19,21,20,18,2,1,0,2,0,21,22,21,18,22,18,17,3,2,21,3,21,22,23,22,17,23,17,16,4,3,22,4,22,23,24,23,16,4,23,24],"vertices":[1,14,-28.72,-1.33,1,1,14,-18.74,-18.45,1,1,14,10.42,-28.36,1,1,14,77.56,-29.31,1,2,14,113.2,-20.57,0.96368,15,-16.46,-17.29,0.03632,2,14,138.88,-14.27,0.08551,15,9.98,-16.97,0.91449,1,15,46.86,-18.57,1,1,15,120.86,-21.38,1,1,15,149.92,-26.12,1,1,15,170.64,-31,1,1,15,179.49,-16.76,1,1,15,154.8,13.47,1,1,15,131.72,27.82,1,1,15,97.58,14.97,1,1,15,55.92,28.6,1,2,14,136.29,31.59,0.13432,15,17.84,28.28,0.86568,2,14,108.9,27.02,0.84715,15,-9.87,30.04,0.15285,1,14,72.74,28.13,1,1,14,30.77,35.25,1,1,14,-3.06,48.28,1,1,14,-14.81,40.54,1,1,14,5.42,8.67,1,1,14,75.92,-1.52,1,2,14,108.94,2.57,0.99706,15,-15.37,6.22,0.00294,2,14,134.17,7.77,0.03226,15,10.38,5.56,0.96774,1,15,54.46,6.02,1,1,15,109.26,-1.9,1,1,15,140.85,-0.49,1],"hull":21,"edges":[0,2,2,4,4,6,10,12,12,14,14,16,16,18,18,20,20,22,22,24,24,26,26,28,28,30,30,32,32,34,34,36,36,38,38,40,0,40,6,8,8,10,48,10,48,8,48,32,48,30,48,12,48,28],"width":157,"height":307}},"LEG_R2":{"LEG_R":{"type":"mesh","uvs":[0.08279,0.001,0,0.0497,0,0.15004,0.13184,0.35809,0.25763,0.45886,0.34824,0.53146,0.46366,0.63622,0.69737,0.84575,0.76951,0.93429,0.81279,1,0.91954,1,1,0.87969,1,0.79116,0.81567,0.71886,0.74931,0.58015,0.61947,0.47539,0.53579,0.39571,0.46841,0.28301,0.42534,0.14613,0.43457,0.02814,0.36381,0,0.21306,0.09579,0.29613,0.32391,0.38842,0.42146,0.47148,0.49383,0.62223,0.61497,0.76374,0.78017,0.87757,0.86513],"triangles":[24,16,15,5,4,24,24,15,14,25,24,14,6,5,24,6,24,25,26,14,13,25,14,26,7,25,26,6,25,7,27,13,12,26,13,27,27,12,11,8,26,27,7,26,8,9,8,27,10,27,11,9,27,10,21,0,20,18,20,19,21,20,18,2,1,0,2,0,21,22,21,18,22,18,17,3,2,21,3,21,22,23,22,17,23,17,16,4,3,22,4,22,23,24,23,16,4,23,24],"vertices":[1,14,-28.72,-1.33,1,1,14,-18.74,-18.45,1,1,14,10.42,-28.36,1,1,14,77.56,-29.31,1,2,14,113.2,-20.57,0.96368,15,-16.46,-17.29,0.03632,2,14,138.88,-14.27,0.08551,15,9.98,-16.97,0.91449,1,15,46.86,-18.57,1,1,15,120.86,-21.38,1,1,15,149.92,-26.12,1,1,15,170.64,-31,1,1,15,179.49,-16.76,1,1,15,154.8,13.47,1,1,15,131.72,27.82,1,1,15,97.58,14.97,1,1,15,55.92,28.6,1,2,14,136.29,31.59,0.13432,15,17.84,28.28,0.86568,2,14,108.9,27.02,0.84715,15,-9.87,30.04,0.15285,1,14,72.74,28.13,1,1,14,30.77,35.25,1,1,14,-3.06,48.28,1,1,14,-14.81,40.54,1,1,14,5.42,8.67,1,1,14,75.92,-1.52,1,2,14,108.94,2.57,0.99706,15,-15.37,6.22,0.00294,2,14,134.17,7.77,0.03226,15,10.38,5.56,0.96774,1,15,54.46,6.02,1,1,15,109.26,-1.9,1,1,15,140.85,-0.49,1],"hull":21,"edges":[0,2,2,4,4,6,10,12,12,14,14,16,16,18,18,20,20,22,22,24,24,26,26,28,28,30,30,32,32,34,34,36,36,38,38,40,0,40,6,8,8,10,48,10,48,8,48,32,48,30,48,12,48,28],"width":157,"height":307}},"MARK 3":{"MARK 3":{"type":"clipping","end":"LEG_R2","vertexCount":15,"vertices":[1,14,-13.02,-16.34,1,1,14,-6.97,-19.15,1,1,14,-0.01,-21.51,1,1,14,5.97,-23.05,1,1,14,14.73,-24.52,1,1,14,21.5,-21.56,1,1,14,24.3,-17.01,1,1,14,23.16,-6.36,1,1,14,14.22,3.43,1,1,14,6.46,8.58,1,1,14,-2.9,11.25,1,1,14,-10.63,8.38,1,1,14,-15.45,4.51,1,1,14,-17.66,-1.25,1,1,14,-17.03,-9.72,1],"color":"ce3a3aff"}},"MASK":{"MASK":{"type":"clipping","end":"LEG_R","vertexCount":4,"vertices":[1,4,-72.29,196.09,1,1,4,-72.29,-215.68,1,1,4,69.38,-217.15,1,1,4,70.11,195.36,1],"color":"ce3a3aff"}},"THOR ICON":{"THOR ICON":{"type":"mesh","uvs":[1,1,0,1,0,0,1,0],"triangles":[1,2,3,1,3,0],"vertices":[1,2,63.5,-79,1,1,2,-63.5,-79,1,1,2,-63.5,79,1,1,2,63.5,79,1],"hull":4,"edges":[0,2,2,4,4,6,0,6],"width":127,"height":158}},"WILD":{"WILD":{"type":"mesh","uvs":[1,1,0,1,0,0,1,0],"triangles":[1,2,3,1,3,0],"vertices":[1,5,60,-32.68,1,1,5,-60,-32.68,1,1,5,-60,26.32,1,1,5,60,26.32,1],"hull":4,"edges":[0,2,2,4,4,6,0,6],"width":120,"height":59}}}},"animations":{"expanding_wild_0":{"slots":{"EFFECT POWER":{"attachment":[{"time":0,"name":"1"},{"time":0.0333,"name":"2"},{"time":0.0667,"name":"3"},{"time":0.1,"name":"4"},{"time":0.1333,"name":"5"},{"time":0.1667,"name":"6"},{"time":0.2,"name":"7"},{"time":0.2333,"name":"8"},{"time":0.2667,"name":"9"},{"time":0.3,"name":"10"},{"time":0.3333,"name":"11"},{"time":0.3667,"name":"12"},{"time":0.4,"name":"13"},{"time":0.4333,"name":"14"},{"time":0.4667,"name":"15"},{"time":0.5,"name":"16"},{"time":0.5333,"name":"17"},{"time":0.5667,"name":"18"},{"time":0.6,"name":"19"},{"time":0.6333,"name":"20"},{"time":0.6667,"name":"21"},{"time":0.7,"name":"1"},{"time":0.7333,"name":"2"},{"time":0.7667,"name":"3"},{"time":0.8,"name":"4"},{"time":0.8333,"name":"5"},{"time":0.8667,"name":"6"},{"time":0.9,"name":"7"},{"time":0.9333,"name":"8"},{"time":0.9667,"name":"9"},{"time":1,"name":"10"},{"time":1.0333,"name":"11"},{"time":1.0667,"name":"12"},{"time":1.1,"name":"13"},{"time":1.1333,"name":"14"},{"time":1.1667,"name":"15"},{"time":1.2,"name":"16"},{"time":1.2333,"name":"17"},{"time":1.2667,"name":"18"},{"time":1.3,"name":"19"},{"time":1.3333,"name":"20"},{"time":1.3667,"name":"21"}]}},"bones":{"bone13":{"rotate":[{"time":0,"angle":0},{"time":0.1667,"angle":-6.17},{"time":0.3333,"angle":-10.33},{"time":0.5,"angle":-8.29},{"time":0.6667,"angle":-4.71},{"time":0.8333,"angle":-0.59},{"time":1,"angle":8.52},{"time":1.1667,"angle":8.48},{"time":1.3333,"angle":0}]},"bone14":{"rotate":[{"time":0,"angle":0},{"time":0.1667,"angle":-20.38},{"time":0.3333,"angle":-27.24},{"time":0.5,"angle":-9.43},{"time":0.6667,"angle":-4.04},{"time":0.8333,"angle":-9.12},{"time":1,"angle":-1.45},{"time":1.1667,"angle":11.64},{"time":1.3333,"angle":0}]},"bone15":{"rotate":[{"time":0,"angle":0},{"time":0.1667,"angle":42.73},{"time":0.3333,"angle":1.03},{"time":0.5,"angle":-60.58},{"time":0.6667,"angle":23.52},{"time":0.8333,"angle":94.47},{"time":1,"angle":-16.93},{"time":1.1667,"angle":9.78},{"time":1.3333,"angle":0}]},"bone12":{"rotate":[{"time":0,"angle":0},{"time":0.1667,"angle":1.51},{"time":0.3333,"angle":-1.61},{"time":0.5,"angle":-7.55},{"time":0.6667,"angle":-4.82},{"time":0.8333,"angle":-4.18},{"time":1,"angle":-7.57},{"time":1.1667,"angle":-1.63},{"time":1.3333,"angle":0}]},"bone24":{"rotate":[{"time":0,"angle":0},{"time":0.1667,"angle":-6.67},{"time":0.3333,"angle":-9.55},{"time":0.5,"angle":-3.52},{"time":0.6667,"angle":-6.83},{"time":0.8333,"angle":-2.57},{"time":1,"angle":-13.56},{"time":1.1667,"angle":-0.21},{"time":1.3333,"angle":0}]},"bone27":{"rotate":[{"time":0,"angle":0},{"time":0.1667,"angle":-39.51},{"time":0.3333,"angle":-5.1},{"time":0.5,"angle":-86.67},{"time":0.6667,"angle":42.38},{"time":0.8333,"angle":43.88},{"time":1,"angle":-35.87},{"time":1.1667,"angle":9.92},{"time":1.3333,"angle":0}]},"bone26":{"rotate":[{"time":0,"angle":0},{"time":0.1667,"angle":-38.67},{"time":0.3333,"angle":-50.06},{"time":0.5,"angle":-10.62},{"time":0.6667,"angle":14},{"time":0.8333,"angle":27.35},{"time":1,"angle":52.36},{"time":1.1667,"angle":27.76},{"time":1.3333,"angle":0}]},"bone25":{"rotate":[{"time":0,"angle":0},{"time":0.1667,"angle":-15.31},{"time":0.3333,"angle":-20.7},{"time":0.5,"angle":-8.26},{"time":0.6667,"angle":2.91},{"time":0.8333,"angle":10.79},{"time":1,"angle":23.7},{"time":1.1667,"angle":-3.46},{"time":1.3333,"angle":0}]},"bone21":{"rotate":[{"time":0,"angle":0},{"time":0.1667,"angle":-2.83},{"time":0.3333,"angle":-5.07},{"time":0.5,"angle":-1.96},{"time":0.6667,"angle":0.44},{"time":0.8333,"angle":4.23},{"time":1,"angle":1.72},{"time":1.1667,"angle":-1.28},{"time":1.3333,"angle":0}]},"bone22":{"rotate":[{"time":0,"angle":0},{"time":0.1667,"angle":-7.56},{"time":0.3333,"angle":-17.88},{"time":0.5,"angle":-6.52},{"time":0.6667,"angle":-0.07},{"time":0.8333,"angle":9.36},{"time":1,"angle":2.89},{"time":1.1667,"angle":20.45},{"time":1.3333,"angle":0}]},"bone23":{"rotate":[{"time":0,"angle":0},{"time":0.1667,"angle":-1.8},{"time":0.3333,"angle":3.65},{"time":0.5,"angle":6.14},{"time":0.6667,"angle":5.08},{"time":0.8333,"angle":14.53},{"time":1,"angle":-8.06},{"time":1.1667,"angle":-63.29},{"time":1.3333,"angle":0}]},"bone18":{"rotate":[{"time":0,"angle":0},{"time":0.1667,"angle":-2.51},{"time":0.3333,"angle":-6.85},{"time":0.5,"angle":-10.88},{"time":0.6667,"angle":-11.64},{"time":0.8333,"angle":-2.58},{"time":1,"angle":-12.65},{"time":1.1667,"angle":-12.22},{"time":1.3333,"angle":0}]},"bone20":{"rotate":[{"time":0,"angle":0},{"time":0.1667,"angle":-36.58},{"time":0.3333,"angle":-38.11},{"time":0.5,"angle":32.71},{"time":0.6667,"angle":45.88},{"time":0.8333,"angle":-92.07},{"time":1,"angle":42.27},{"time":1.1667,"angle":-75.83},{"time":1.3333,"angle":0}]},"bone19":{"rotate":[{"time":0,"angle":0},{"time":0.1667,"angle":-4.33},{"time":0.3333,"angle":-17.79},{"time":0.5,"angle":-26.68},{"time":0.6667,"angle":8.02},{"time":0.8333,"angle":20.7},{"time":1,"angle":6.31},{"time":1.1667,"angle":-10.85},{"time":1.3333,"angle":0}]},"bone3":{"rotate":[{"time":0,"angle":0},{"time":0.6667,"angle":-5.8},{"time":1.3333,"angle":0}],"translate":[{"time":0,"x":0,"y":0},{"time":0.6667,"x":-1.66,"y":3.84},{"time":1.3333,"x":0,"y":0}]},"bone4":{"rotate":[{"time":0,"angle":0},{"time":0.6667,"angle":25.29},{"time":1.3333,"angle":0}]},"bone5":{"rotate":[{"time":0,"angle":0},{"time":0.6667,"angle":-0.9},{"time":1.3333,"angle":0}],"translate":[{"time":0,"x":0,"y":0},{"time":0.6667,"x":0.52,"y":-2.41},{"time":1.3333,"x":0,"y":0}]},"bone6":{"rotate":[{"time":0,"angle":0},{"time":0.6667,"angle":-13.63},{"time":1.3333,"angle":0}],"translate":[{"time":0,"x":0,"y":0,"curve":"stepped"},{"time":1.3333,"x":0,"y":0}]},"bone7":{"rotate":[{"time":0,"angle":0},{"time":0.6667,"angle":-13.07},{"time":1.3333,"angle":0}]},"bone8":{"rotate":[{"time":0,"angle":0},{"time":0.6667,"angle":9.02},{"time":1.3333,"angle":0}]},"bone10":{"rotate":[{"time":0,"angle":0},{"time":0.6667,"angle":17.67},{"time":1.3333,"angle":0}]},"bone9":{"rotate":[{"time":0,"angle":0},{"time":0.6667,"angle":-11.22},{"time":1.3333,"angle":0}]},"bone":{"translate":[{"time":0,"x":0,"y":0},{"time":0.3333,"x":-2.44,"y":9.45},{"time":0.6667,"x":0,"y":0},{"time":1,"x":0,"y":-8.35},{"time":1.3333,"x":0,"y":0}]},"bone17":{"rotate":[{"time":0,"angle":0},{"time":0.1667,"angle":0},{"time":0.3333,"angle":-0.01},{"time":0.5,"angle":-0.01},{"time":0.6667,"angle":5.57},{"time":0.8333,"angle":15.19},{"time":1,"angle":15.27},{"time":1.1667,"angle":15.35},{"time":1.3333,"angle":0}]},"GALAXY BG":{"translate":[{"time":0,"x":0,"y":0},{"time":0.6667,"x":0,"y":4.83},{"time":1.3333,"x":0,"y":0}]},"WILD BONE":{"scale":[{"time":0,"x":1,"y":1},{"time":0.3333,"x":1.2,"y":1.2},{"time":0.6667,"x":1,"y":1},{"time":1,"x":1.2,"y":1.2},{"time":1.3667,"x":1,"y":1}]}},"deform":{"default":{"CAPTAIN MARVEL BODY":{"CAPTAIN MARVEL BODY":[{"time":0},{"time":0.6667,"offset":50,"vertices":[-0.55037,2.56823,0,0,-0.72233,3.37077,-1.07413,5.01257,0,0,-1.00804,4.70417,-1.5,7.00002,0,0,-0.62033,2.89488,0.39645,-1.85017,0,0,0,0,0,0,0,0,0,0,0,0,0,0,0,0,0.15508,-0.72375,0,0,0,0,0,0,0,0,0,0,0,0,0,0,0,0,0,0,0,0,0,0,0,0,0,0,0,0,0,0,0,0,0.15924,0.7788,0.29775,1.45604,-0.34756,1.62199,0.33251,1.62536,-0.34756,1.62199,0.33251,1.62536,0.29775,1.45604,0.15924,0.7788,0.37804,1.84552,0.23205,1.13162,0.15924,0.7788,0.23225,1.13165,-0.01692,-0.08461,-0.10147,-0.49732,0,0,0,0,0.2651,1.29524,0.2651,1.29524,0.2651,1.29524,0.2651,1.29524,0.43686,2.1361,0.3896,1.90473,0.3896,1.90473,0.3896,1.90473,0.3896,1.90473,0.3896,1.90473,0.34275,1.67614,0.34275,1.67614,0.34275,1.67614,0.34275,1.67614,0.36815,1.8003,0.36815,1.8003,0.36815,1.8003,0.36815,1.8003,0.36815,1.8003,0.33177,1.62252,0.25108,1.22749,0.11509,0.56157,0.21234,1.03842,0.21234,1.03842,0.22109,1.08214,0.22109,1.08214,0.19558,0.95729,0.22959,1.12377,0.13847,0.67722,0,0,-0.03821,-0.18765,-0.03821,-0.18765,0.08653,0.42326,0.10386,0.50791,0.36771,1.79885,0.36771,1.79885,0.36771,1.79885,0.36771,1.79885,0.19042,0.93116,0.21942,-0.22118,0.05005,-0.18659,-0.00182,-0.44055,-0.06908,-0.3386,0,0,0.00697,-0.03244,-0.00646,-0.03243,0.00697,-0.03244,-0.00646,-0.03243,0.00697,-0.03244,-0.00646,-0.03243,0.00697,-0.03244,-0.00646,-0.03243,0.00697,-0.03244,-0.00646,-0.03243,-0.35891,1.67483,0.34297,1.67823,-0.35891,1.67483,0.34297,1.67823,0.34297,1.67823,-0.10147,-0.49732,-0.10147,-0.49732,-0.10147,-0.49732,0.10635,-0.49633,-0.10147,-0.49732,0.10635,-0.49633,-0.10147,-0.49732,0.10635,-0.49633,-0.10147,-0.49732,0.10635,-0.49633,-0.10147,-0.49732,-0.19116,-0.93608,0.00697,-0.03244,-0.00646,-0.03243,0.14906,-0.69558,-0.14238,-0.69696,0.14906,-0.69558,-0.14238,-0.69696,0.14906,-0.69558,-0.14238,-0.69696,0.14906,-0.69558,-0.14238,-0.69696,0.14906,-0.69558,-0.14238,-0.69696,0.14906,-0.69558,-0.14238,-0.69696,0.14906,-0.69558,-0.14238,-0.69696,0.11468,-0.53507,-0.10947,-0.53613,0,0,0,0,0,0,0,0,-0.38117,1.77902,0.36446,1.7826,-0.38116,1.77902,0.36455,1.78262,-0.76909,3.58908,-0.76909,3.58908,-1.03596,4.83465,-1.16878,5.4545,-1.07413,5.01257,-1.07413,5.01257,-1.00804,4.70417,-1.2999,6.0664,-1.52696,7.12595,1.45918,7.14035,-1.65667,7.73139,-1.59183,7.42868,-1.38368,6.45716,-1.23342,5.75596,-1.00804,4.70417,-1.00804,4.70417,-0.37564,1.75299,0.3589,1.75652,-1.5,7.00002,-1.5,7.00002,-1.5,7.00002,-1.5,7.00002,-1.5,7.00002,-1.5,7.00002,-1.5,7.00002,-1.5,7.00002,-0.12082,0.5639,0.11555,0.56505,0,0,0,0,0.00003,-0.00002,0.0002,0.00001,-0.16106,0.75185,0.15409,0.75339,-0.51597,2.40773,-0.82556,3.85236,-0.51597,2.40773,-0.68644,3.20325,-0.61999,2.89341,-0.72233,3.37077,0,0,0,0,0,0,-0.62033,2.89488,-0.62033,2.89488,-0.62033,2.89488,-0.62033,2.89488,-0.62033,2.89488,-0.62033,2.89488,-0.62033,2.89488,-0.62033,2.89488,0.39645,-1.85017,0.39645,-1.85017,0.15508,-0.72375,0.15508,-0.72375,0.15508,-0.72375,0.15508,-0.72375,0.15508,-0.72375,0.15508,-0.72375,0.15508,-0.72375,-0.55037,2.56823,-0.51626,2.4091,-0.34581,1.61357,-0.55037,2.56823,-0.55037,2.56823,-0.55037,2.56823,-0.55037,2.56823,-0.55037,2.56823,-0.55037,2.56823,0.52589,2.57338,0.25949,-1.21091,-0.24785,-1.21333,-0.05592,0.26115,0.05372,0.26174]},{"time":1.3667}]},"HAND_L":{"HAND_L":[{"time":0},{"time":0.6667,"offset":56,"vertices":[-0.72311,-4.58206,-0.72311,-4.58206,-0.72311,-4.58206,-0.72311,-4.58206,-2.9064,-3.61548,0.44363,-1.89059,0.44363,-1.89059]},{"time":1.3667}]},"LEG_L":{"LEG_L":[{"time":0},{"time":0.6667,"offset":64,"vertices":[5.68777,-7.77467,5.68777,-7.77467,5.68777,-7.77467,5.68777,-7.77467,4.13168,-7.84251,-6.82057,-5.66155,-6.82057,-5.66155,-4.78906,-3.3973,-1.74376,-6.0404,-2.7576,-1.13301,-0.89796,1.22758,-0.89796,1.22758,-0.89796,1.22758,-1.44954,4.48163,-1.44954,4.48163,4.08582,2.34376,-1.44954,4.48163,4.08582,2.34376,-1.44954,4.48163,4.08582,2.34376,-3.0121,2.54927,1.87245,3.47366,-3.0121,2.54927,1.87245,3.47366,-3.0121,2.54927,1.87245,3.47366,-3.0121,2.54927,1.87245,3.47366,1.87245,3.47366,2.31479,1.27011,2.99686,1.30708,2.55452,3.51063,2.55452,3.51063,0,0,0,0,0,0,0,0,0,0,0,0,0,0,-1.27396,-1.53043,-1.76059,0.93072,-1.76059,0.93072,-1.76059,0.93072,-1.76059,0.93072,-0.79294,2.00925,-1.64972,-1.11549]},{"time":1.3667}]}}}},"appear":{"slots":{"EFFECT POWER":{"attachment":[{"time":0,"name":"1"},{"time":0.0333,"name":"2"},{"time":0.0667,"name":"3"},{"time":0.1,"name":"4"},{"time":0.1333,"name":"5"},{"time":0.1667,"name":"6"},{"time":0.2,"name":"7"},{"time":0.2333,"name":"8"},{"time":0.2667,"name":"9"},{"time":0.3,"name":"10"},{"time":0.3333,"name":"11"},{"time":0.3667,"name":"12"},{"time":0.4,"name":"13"},{"time":0.4333,"name":"14"},{"time":0.4667,"name":"15"},{"time":0.5,"name":"16"},{"time":0.5333,"name":"17"},{"time":0.5667,"name":"18"},{"time":0.6,"name":"19"},{"time":0.6333,"name":"20"},{"time":0.6667,"name":"21"},{"time":0.7,"name":"1"},{"time":0.7333,"name":"2"},{"time":0.7667,"name":"3"},{"time":0.8,"name":"4"},{"time":0.8333,"name":"5"},{"time":0.8667,"name":"6"},{"time":0.9,"name":"7"},{"time":0.9333,"name":"8"},{"time":0.9667,"name":"9"},{"time":1,"name":"10"},{"time":1.0333,"name":"11"},{"time":1.0667,"name":"12"},{"time":1.1,"name":"13"},{"time":1.1333,"name":"14"},{"time":1.1667,"name":"15"},{"time":1.2,"name":"16"},{"time":1.2333,"name":"17"},{"time":1.2667,"name":"18"},{"time":1.3,"name":"19"},{"time":1.3333,"name":"20"},{"time":1.3667,"name":"21"}]}},"bones":{"BONE CENTER":{"scale":[{"time":0,"x":0,"y":0},{"time":0.1,"x":1,"y":1},{"time":0.1667,"x":1.1,"y":1.1},{"time":0.2333,"x":0.98,"y":0.98},{"time":0.3,"x":1,"y":1,"curve":"stepped"},{"time":1.3667,"x":1,"y":1}]},"bone9":{"rotate":[{"time":0,"angle":0},{"time":0.6667,"angle":-11.22},{"time":1.3667,"angle":0}]},"bone4":{"rotate":[{"time":0,"angle":0},{"time":0.6667,"angle":25.29},{"time":1.3667,"angle":0}]},"bone25":{"rotate":[{"time":0,"angle":0},{"time":0.1667,"angle":-15.31},{"time":0.3333,"angle":-20.7},{"time":0.5,"angle":-8.26},{"time":0.6667,"angle":2.91},{"time":0.8333,"angle":10.79},{"time":1,"angle":23.7},{"time":1.1667,"angle":-3.46},{"time":1.3667,"angle":0}]},"bone21":{"rotate":[{"time":0,"angle":0},{"time":0.1667,"angle":-2.83},{"time":0.3333,"angle":-5.07},{"time":0.5,"angle":-1.96},{"time":0.6667,"angle":0.44},{"time":0.8333,"angle":4.23},{"time":1,"angle":1.72},{"time":1.1667,"angle":-1.28},{"time":1.3667,"angle":0}]},"bone15":{"rotate":[{"time":0,"angle":0},{"time":0.1667,"angle":42.73},{"time":0.3333,"angle":1.03},{"time":0.5,"angle":-60.58},{"time":0.6667,"angle":23.52},{"time":0.8333,"angle":94.47},{"time":1,"angle":-16.93},{"time":1.1667,"angle":9.78},{"time":1.3667,"angle":0}]},"bone19":{"rotate":[{"time":0,"angle":0},{"time":0.1667,"angle":-4.33},{"time":0.3333,"angle":-17.79},{"time":0.5,"angle":-26.68},{"time":0.6667,"angle":8.02},{"time":0.8333,"angle":20.7},{"time":1,"angle":6.31},{"time":1.1667,"angle":-10.85},{"time":1.3667,"angle":0}]},"bone26":{"rotate":[{"time":0,"angle":0},{"time":0.1667,"angle":-38.67},{"time":0.3333,"angle":-50.06},{"time":0.5,"angle":-10.62},{"time":0.6667,"angle":14},{"time":0.8333,"angle":27.35},{"time":1,"angle":52.36},{"time":1.1667,"angle":27.76},{"time":1.3667,"angle":0}]},"bone27":{"rotate":[{"time":0,"angle":0},{"time":0.1667,"angle":-39.51},{"time":0.3333,"angle":-5.1},{"time":0.5,"angle":-86.67},{"time":0.6667,"angle":42.38},{"time":0.8333,"angle":43.88},{"time":1,"angle":-35.87},{"time":1.1667,"angle":9.92},{"time":1.3667,"angle":0}]},"bone8":{"rotate":[{"time":0,"angle":0},{"time":0.6667,"angle":9.02},{"time":1.3667,"angle":0}]},"bone5":{"rotate":[{"time":0,"angle":0},{"time":0.6667,"angle":-0.9},{"time":1.3667,"angle":0}],"translate":[{"time":0,"x":0,"y":0},{"time":0.6667,"x":0.52,"y":-2.41},{"time":1.3667,"x":0,"y":0}]},"bone17":{"rotate":[{"time":0,"angle":0},{"time":0.1667,"angle":0},{"time":0.3333,"angle":-0.01},{"time":0.5,"angle":-0.01},{"time":0.6667,"angle":5.57},{"time":0.8333,"angle":15.19},{"time":1,"angle":15.27},{"time":1.1667,"angle":15.35},{"time":1.3667,"angle":0}]},"bone10":{"rotate":[{"time":0,"angle":0},{"time":0.6667,"angle":17.67},{"time":1.3667,"angle":0}]},"bone3":{"rotate":[{"time":0,"angle":0},{"time":0.6667,"angle":-5.8},{"time":1.3667,"angle":0}],"translate":[{"time":0,"x":0,"y":0},{"time":0.6667,"x":-1.66,"y":3.84},{"time":1.3667,"x":0,"y":0}]},"bone7":{"rotate":[{"time":0,"angle":0},{"time":0.6667,"angle":-13.07},{"time":1.3667,"angle":0}]},"bone23":{"rotate":[{"time":0,"angle":0},{"time":0.1667,"angle":-1.8},{"time":0.3333,"angle":3.65},{"time":0.5,"angle":6.14},{"time":0.6667,"angle":5.08},{"time":0.8333,"angle":14.53},{"time":1,"angle":-8.06},{"time":1.1667,"angle":-63.29},{"time":1.3667,"angle":0}]},"bone14":{"rotate":[{"time":0,"angle":0},{"time":0.1667,"angle":-20.38},{"time":0.3333,"angle":-27.24},{"time":0.5,"angle":-9.43},{"time":0.6667,"angle":-4.04},{"time":0.8333,"angle":-9.12},{"time":1,"angle":-1.45},{"time":1.1667,"angle":11.64},{"time":1.3667,"angle":0}]},"bone13":{"rotate":[{"time":0,"angle":0},{"time":0.1667,"angle":-6.17},{"time":0.3333,"angle":-10.33},{"time":0.5,"angle":-8.29},{"time":0.6667,"angle":-4.71},{"time":0.8333,"angle":-0.59},{"time":1,"angle":8.52},{"time":1.1667,"angle":8.48},{"time":1.3667,"angle":0}]},"bone20":{"rotate":[{"time":0,"angle":0},{"time":0.1667,"angle":-36.58},{"time":0.3333,"angle":-38.11},{"time":0.5,"angle":32.71},{"time":0.6667,"angle":45.88},{"time":0.8333,"angle":-92.07},{"time":1,"angle":42.27},{"time":1.1667,"angle":-75.83},{"time":1.3667,"angle":0}]},"bone12":{"rotate":[{"time":0,"angle":0},{"time":0.1667,"angle":1.51},{"time":0.3333,"angle":-1.61},{"time":0.5,"angle":-7.55},{"time":0.6667,"angle":-4.82},{"time":0.8333,"angle":-4.18},{"time":1,"angle":-7.57},{"time":1.1667,"angle":-1.63},{"time":1.3667,"angle":0}]},"bone18":{"rotate":[{"time":0,"angle":0},{"time":0.1667,"angle":-2.51},{"time":0.3333,"angle":-6.85},{"time":0.5,"angle":-10.88},{"time":0.6667,"angle":-11.64},{"time":0.8333,"angle":-2.58},{"time":1,"angle":-12.65},{"time":1.1667,"angle":-12.22},{"time":1.3667,"angle":0}]},"bone22":{"rotate":[{"time":0,"angle":0},{"time":0.1667,"angle":-7.56},{"time":0.3333,"angle":-17.88},{"time":0.5,"angle":-6.52},{"time":0.6667,"angle":-0.07},{"time":0.8333,"angle":9.36},{"time":1,"angle":2.89},{"time":1.1667,"angle":20.45},{"time":1.3667,"angle":0}]},"bone":{"translate":[{"time":0,"x":0,"y":0},{"time":0.3333,"x":-2.44,"y":9.45},{"time":0.6667,"x":0,"y":0},{"time":1,"x":0,"y":-8.35},{"time":1.3667,"x":0,"y":0}]},"bone24":{"rotate":[{"time":0,"angle":0},{"time":0.1667,"angle":-6.67},{"time":0.3333,"angle":-9.55},{"time":0.5,"angle":-3.52},{"time":0.6667,"angle":-6.83},{"time":0.8333,"angle":-2.57},{"time":1,"angle":-13.56},{"time":1.1667,"angle":-0.21},{"time":1.3667,"angle":0}]},"bone6":{"rotate":[{"time":0,"angle":0},{"time":0.6667,"angle":-13.63},{"time":1.3667,"angle":0}],"translate":[{"time":0,"x":0,"y":0,"curve":"stepped"},{"time":1.3667,"x":0,"y":0}]},"GALAXY BG":{"translate":[{"time":0,"x":0,"y":0},{"time":0.6667,"x":0,"y":4.83},{"time":1.3667,"x":0,"y":0}]},"WILD BONE":{"scale":[{"time":0,"x":1,"y":1},{"time":0.3333,"x":1.2,"y":1.2},{"time":0.6667,"x":1,"y":1},{"time":1,"x":1.2,"y":1.2},{"time":1.3667,"x":1,"y":1}]}},"deform":{"default":{"CAPTAIN MARVEL BODY":{"CAPTAIN MARVEL BODY":[{"time":0},{"time":0.6667,"offset":50,"vertices":[-0.55037,2.56823,0,0,-0.72233,3.37077,-1.07413,5.01257,0,0,-1.00804,4.70417,-1.5,7.00002,0,0,-0.62033,2.89488,0.39645,-1.85017,0,0,0,0,0,0,0,0,0,0,0,0,0,0,0,0,0.15508,-0.72375,0,0,0,0,0,0,0,0,0,0,0,0,0,0,0,0,0,0,0,0,0,0,0,0,0,0,0,0,0,0,0,0,0.15924,0.7788,0.29775,1.45604,-0.34756,1.62199,0.33251,1.62536,-0.34756,1.62199,0.33251,1.62536,0.29775,1.45604,0.15924,0.7788,0.37804,1.84552,0.23205,1.13162,0.15924,0.7788,0.23225,1.13165,-0.01692,-0.08461,-0.10147,-0.49732,0,0,0,0,0.2651,1.29524,0.2651,1.29524,0.2651,1.29524,0.2651,1.29524,0.43686,2.1361,0.3896,1.90473,0.3896,1.90473,0.3896,1.90473,0.3896,1.90473,0.3896,1.90473,0.34275,1.67614,0.34275,1.67614,0.34275,1.67614,0.34275,1.67614,0.36815,1.8003,0.36815,1.8003,0.36815,1.8003,0.36815,1.8003,0.36815,1.8003,0.33177,1.62252,0.25108,1.22749,0.11509,0.56157,0.21234,1.03842,0.21234,1.03842,0.22109,1.08214,0.22109,1.08214,0.19558,0.95729,0.22959,1.12377,0.13847,0.67722,0,0,-0.03821,-0.18765,-0.03821,-0.18765,0.08653,0.42326,0.10386,0.50791,0.36771,1.79885,0.36771,1.79885,0.36771,1.79885,0.36771,1.79885,0.19042,0.93116,0.21942,-0.22118,0.05005,-0.18659,-0.00182,-0.44055,-0.06908,-0.3386,0,0,0.00697,-0.03244,-0.00646,-0.03243,0.00697,-0.03244,-0.00646,-0.03243,0.00697,-0.03244,-0.00646,-0.03243,0.00697,-0.03244,-0.00646,-0.03243,0.00697,-0.03244,-0.00646,-0.03243,-0.35891,1.67483,0.34297,1.67823,-0.35891,1.67483,0.34297,1.67823,0.34297,1.67823,-0.10147,-0.49732,-0.10147,-0.49732,-0.10147,-0.49732,0.10635,-0.49633,-0.10147,-0.49732,0.10635,-0.49633,-0.10147,-0.49732,0.10635,-0.49633,-0.10147,-0.49732,0.10635,-0.49633,-0.10147,-0.49732,-0.19116,-0.93608,0.00697,-0.03244,-0.00646,-0.03243,0.14906,-0.69558,-0.14238,-0.69696,0.14906,-0.69558,-0.14238,-0.69696,0.14906,-0.69558,-0.14238,-0.69696,0.14906,-0.69558,-0.14238,-0.69696,0.14906,-0.69558,-0.14238,-0.69696,0.14906,-0.69558,-0.14238,-0.69696,0.14906,-0.69558,-0.14238,-0.69696,0.11468,-0.53507,-0.10947,-0.53613,0,0,0,0,0,0,0,0,-0.38117,1.77902,0.36446,1.7826,-0.38116,1.77902,0.36455,1.78262,-0.76909,3.58908,-0.76909,3.58908,-1.03596,4.83465,-1.16878,5.4545,-1.07413,5.01257,-1.07413,5.01257,-1.00804,4.70417,-1.2999,6.0664,-1.52696,7.12595,1.45918,7.14035,-1.65667,7.73139,-1.59183,7.42868,-1.38368,6.45716,-1.23342,5.75596,-1.00804,4.70417,-1.00804,4.70417,-0.37564,1.75299,0.3589,1.75652,-1.5,7.00002,-1.5,7.00002,-1.5,7.00002,-1.5,7.00002,-1.5,7.00002,-1.5,7.00002,-1.5,7.00002,-1.5,7.00002,-0.12082,0.5639,0.11555,0.56505,0,0,0,0,0.00003,-0.00002,0.0002,0.00001,-0.16106,0.75185,0.15409,0.75339,-0.51597,2.40773,-0.82556,3.85236,-0.51597,2.40773,-0.68644,3.20325,-0.61999,2.89341,-0.72233,3.37077,0,0,0,0,0,0,-0.62033,2.89488,-0.62033,2.89488,-0.62033,2.89488,-0.62033,2.89488,-0.62033,2.89488,-0.62033,2.89488,-0.62033,2.89488,-0.62033,2.89488,0.39645,-1.85017,0.39645,-1.85017,0.15508,-0.72375,0.15508,-0.72375,0.15508,-0.72375,0.15508,-0.72375,0.15508,-0.72375,0.15508,-0.72375,0.15508,-0.72375,-0.55037,2.56823,-0.51626,2.4091,-0.34581,1.61357,-0.55037,2.56823,-0.55037,2.56823,-0.55037,2.56823,-0.55037,2.56823,-0.55037,2.56823,-0.55037,2.56823,0.52589,2.57338,0.25949,-1.21091,-0.24785,-1.21333,-0.05592,0.26115,0.05372,0.26174]},{"time":1.3667}]},"HAND_L":{"HAND_L":[{"time":0},{"time":0.6667,"offset":56,"vertices":[-0.72311,-4.58206,-0.72311,-4.58206,-0.72311,-4.58206,-0.72311,-4.58206,-2.9064,-3.61548,0.44363,-1.89059,0.44363,-1.89059]},{"time":1.3667}]},"LEG_L":{"LEG_L":[{"time":0},{"time":0.6667,"offset":64,"vertices":[5.68777,-7.77467,5.68777,-7.77467,5.68777,-7.77467,5.68777,-7.77467,4.13168,-7.84251,-6.82057,-5.66155,-6.82057,-5.66155,-4.78906,-3.3973,-1.74376,-6.0404,-2.7576,-1.13301,-0.89796,1.22758,-0.89796,1.22758,-0.89796,1.22758,-1.44954,4.48163,-1.44954,4.48163,4.08582,2.34376,-1.44954,4.48163,4.08582,2.34376,-1.44954,4.48163,4.08582,2.34376,-3.0121,2.54927,1.87245,3.47366,-3.0121,2.54927,1.87245,3.47366,-3.0121,2.54927,1.87245,3.47366,-3.0121,2.54927,1.87245,3.47366,1.87245,3.47366,2.31479,1.27011,2.99686,1.30708,2.55452,3.51063,2.55452,3.51063,0,0,0,0,0,0,0,0,0,0,0,0,0,0,-1.27396,-1.53043,-1.76059,0.93072,-1.76059,0.93072,-1.76059,0.93072,-1.76059,0.93072,-0.79294,2.00925,-1.64972,-1.11549]},{"time":1.3667}]}}}}}},"_atlasText":"\nCAPTAIN MARVEL.png\nsize: 512,512\nformat: RGBA8888\nfilter: Linear,Linear\nrepeat: none\n1\n  rotate: false\n  xy: 340, 131\n  size: 167, 238\n  orig: 167, 238\n  offset: 0, 0\n  index: -1\nBORDER\n  rotate: false\n  xy: 1, 61\n  size: 180, 450\n  orig: 180, 450\n  offset: 0, 0\n  index: -1\nHAIR_1\n  rotate: true\n  xy: 182, 391\n  size: 83, 63\n  orig: 83, 63\n  offset: 0, 0\n  index: -1\nHAIR_2\n  rotate: false\n  xy: 177, 19\n  size: 81, 41\n  orig: 81, 41\n  offset: 0, 0\n  index: -1\nHAIR_BACK 1\n  rotate: false\n  xy: 122, 2\n  size: 54, 58\n  orig: 54, 58\n  offset: 0, 0\n  index: -1\nHAIR_BACK 2\n  rotate: true\n  xy: 182, 475\n  size: 36, 75\n  orig: 36, 75\n  offset: 0, 0\n  index: -1\nLEG_L\n  rotate: true\n  xy: 259, 370\n  size: 141, 251\n  orig: 141, 251\n  offset: 0, 0\n  index: -1\nLEG_R\n  rotate: false\n  xy: 182, 62\n  size: 157, 307\n  orig: 157, 307\n  offset: 0, 0\n  index: -1\nTHOR ICON\n  rotate: true\n  xy: 340, 3\n  size: 127, 158\n  orig: 127, 158\n  offset: 0, 0\n  index: -1\nWILD\n  rotate: false\n  xy: 1, 1\n  size: 120, 59\n  orig: 120, 59\n  offset: 0, 0\n  index: -1\n\nCAPTAIN MARVEL2.png\nsize: 512,512\nformat: RGBA8888\nfilter: Linear,Linear\nrepeat: none\n2\n  rotate: true\n  xy: 1, 197\n  size: 167, 238\n  orig: 167, 238\n  offset: 0, 0\n  index: -1\n3\n  rotate: true\n  xy: 240, 169\n  size: 167, 238\n  orig: 167, 238\n  offset: 0, 0\n  index: -1\n4\n  rotate: true\n  xy: 1, 29\n  size: 167, 238\n  orig: 167, 238\n  offset: 0, 0\n  index: -1\n5\n  rotate: true\n  xy: 240, 1\n  size: 167, 238\n  orig: 167, 238\n  offset: 0, 0\n  index: -1\nCAPTAIN MARVEL BODY\n  rotate: true\n  xy: 242, 337\n  size: 138, 217\n  orig: 138, 217\n  offset: 0, 0\n  index: -1\nHAND_L\n  rotate: false\n  xy: 117, 365\n  size: 124, 110\n  orig: 124, 110\n  offset: 0, 0\n  index: -1\nHAND_R\n  rotate: true\n  xy: 1, 376\n  size: 99, 115\n  orig: 99, 115\n  offset: 0, 0\n  index: -1\n\nCAPTAIN MARVEL3.png\nsize: 512,512\nformat: RGBA8888\nfilter: Linear,Linear\nrepeat: none\n6\n  rotate: true\n  xy: 1, 169\n  size: 167, 238\n  orig: 167, 238\n  offset: 0, 0\n  index: -1\n7\n  rotate: true\n  xy: 240, 169\n  size: 167, 238\n  orig: 167, 238\n  offset: 0, 0\n  index: -1\n8\n  rotate: true\n  xy: 1, 1\n  size: 167, 238\n  orig: 167, 238\n  offset: 0, 0\n  index: -1\n9\n  rotate: true\n  xy: 240, 1\n  size: 167, 238\n  orig: 167, 238\n  offset: 0, 0\n  index: -1\nGALAXY BG\n  rotate: true\n  xy: 1, 337\n  size: 143, 415\n  orig: 143, 415\n  offset: 0, 0\n  index: -1\n\nCAPTAIN MARVEL4.png\nsize: 512,512\nformat: RGBA8888\nfilter: Linear,Linear\nrepeat: none\n10\n  rotate: false\n  xy: 1, 240\n  size: 167, 238\n  orig: 167, 238\n  offset: 0, 0\n  index: -1\n11\n  rotate: false\n  xy: 1, 1\n  size: 167, 238\n  orig: 167, 238\n  offset: 0, 0\n  index: -1\n12\n  rotate: false\n  xy: 169, 240\n  size: 167, 238\n  orig: 167, 238\n  offset: 0, 0\n  index: -1\n13\n  rotate: false\n  xy: 169, 1\n  size: 167, 238\n  orig: 167, 238\n  offset: 0, 0\n  index: -1\n14\n  rotate: false\n  xy: 337, 240\n  size: 167, 238\n  orig: 167, 238\n  offset: 0, 0\n  index: -1\n15\n  rotate: false\n  xy: 337, 1\n  size: 167, 238\n  orig: 167, 238\n  offset: 0, 0\n  index: -1\n\nCAPTAIN MARVEL5.png\nsize: 512,512\nformat: RGBA8888\nfilter: Linear,Linear\nrepeat: none\n16\n  rotate: false\n  xy: 1, 240\n  size: 167, 238\n  orig: 167, 238\n  offset: 0, 0\n  index: -1\n17\n  rotate: false\n  xy: 1, 1\n  size: 167, 238\n  orig: 167, 238\n  offset: 0, 0\n  index: -1\n18\n  rotate: false\n  xy: 169, 240\n  size: 167, 238\n  orig: 167, 238\n  offset: 0, 0\n  index: -1\n19\n  rotate: false\n  xy: 169, 1\n  size: 167, 238\n  orig: 167, 238\n  offset: 0, 0\n  index: -1\n20\n  rotate: false\n  xy: 337, 240\n  size: 167, 238\n  orig: 167, 238\n  offset: 0, 0\n  index: -1\n21\n  rotate: false\n  xy: 337, 1\n  size: 167, 238\n  orig: 167, 238\n  offset: 0, 0\n  index: -1\n\nCAPTAIN MARVEL6.png\nsize: 256,256\nformat: RGBA8888\nfilter: Linear,Linear\nrepeat: none\n22\n  rotate: false\n  xy: 1, 1\n  size: 167, 238\n  orig: 167, 238\n  offset: 0, 0\n  index: -1\n","textures":[{"__uuid__":"06EiVocWlBL7jBVOU9ID5l"},{"__uuid__":"abQR/9MgBD6YVrQxpEuWNF"},{"__uuid__":"13SLGs7sJBoJoPlO1AAnlS"},{"__uuid__":"02DKhSSCpFEqLfs+wkEizo"},{"__uuid__":"63hTzlVVpLsYHw4d+w+biX"},{"__uuid__":"1dmSB1Ux5E3YGhvf8MhVzO"}],"textureNames":["CAPTAIN MARVEL.png","CAPTAIN MARVEL2.png","CAPTAIN MARVEL3.png","CAPTAIN MARVEL4.png","CAPTAIN MARVEL5.png","CAPTAIN MARVEL6.png"]}