{"__type__":"dragonBones.DragonBonesAsset","_name":"haitun_shadow_ske","_dragonBonesJson":"{\"frameRate\":24,\"name\":\"haitun_shadow\",\"version\":\"5.5\",\"compatibleVersion\":\"5.5\",\"armature\":[{\"type\":\"Sheet\",\"frameRate\":24,\"name\":\"haitun_shadow\",\"aabb\":{\"x\":-256,\"y\":-256,\"width\":512,\"height\":512},\"bone\":[{\"name\":\"root\"}],\"slot\":[{\"displayIndex\":7,\"name\":\"sheetSlot\",\"parent\":\"root\"}],\"skin\":[{\"slot\":[{\"name\":\"sheetSlot\",\"display\":[{\"name\":\"00000\"},{\"name\":\"00005\"},{\"name\":\"00010\"},{\"name\":\"00015\"},{\"name\":\"00020\"},{\"name\":\"00025\"},{\"name\":\"00030\"},{\"name\":\"00035\"},{\"name\":\"00040\"},{\"name\":\"00045\"},{\"name\":\"00050\"},{\"name\":\"00055\"}]}]}],\"animation\":[{\"duration\":12,\"playTimes\":0,\"name\":\"haitun_shadow\",\"slot\":[{\"name\":\"sheetSlot\",\"displayFrame\":[{},{\"value\":1},{\"value\":2},{\"value\":3},{\"value\":4},{\"value\":5},{\"value\":6},{\"value\":7},{\"value\":8},{\"value\":9},{\"value\":10},{\"value\":11}]}]}],\"defaultActions\":[{\"gotoAndPlay\":\"haitun_shadow\"}]}]}"}