{"__type__":"sp.SkeletonData","_name":"Go-BannerGameTheThao","_skeletonJson":{"skeleton":{"hash":"8SNy5CX3TJ/7+rPsnAL3QJvab+0","spine":"3.7.93","width":256.93,"height":397.59,"images":"","audio":""},"bones":[{"name":"root"},{"name":"bone2","parent":"root"},{"name":"Girl1","parent":"root","x":-32.93,"y":-23.52},{"name":"bone3","parent":"Girl1","x":-45,"y":-119.27},{"name":"bone4","parent":"Girl1","x":-49.05,"y":-55.8},{"name":"Girl2","parent":"root","x":20.16,"y":-27.55},{"name":"bone6","parent":"Girl2","x":34.2,"y":-110.53},{"name":"bone7","parent":"Girl2","x":48.6,"y":-57.34},{"name":"Banner 1","parent":"root"},{"name":"Harry","parent":"root","x":42.51,"y":-142.28},{"name":"Logo","parent":"root","x":-74.92,"y":87.73},{"name":"bone11","parent":"Banner 1","x":-112.51,"y":-56.39,"scaleX":1.222,"scaleY":1.213},{"name":"bone12","parent":"Banner 1","x":-83.25,"y":-122.77},{"name":"bone13","parent":"Banner 1","x":37.89,"y":-138.76},{"name":"bone14","parent":"Banner 1","x":21.28,"y":-86.64},{"name":"Mask","parent":"root","y":-90.79},{"name":"bone17","parent":"Harry","x":-17.2,"y":173.28},{"name":"bone16","parent":"bone17","x":5.11,"y":1.62},{"name":"bone18","parent":"Harry","x":-106.11,"y":-30.96},{"name":"bone19","parent":"Harry","y":63.94},{"name":"bone20","parent":"Banner 1","x":-81.19,"y":99.27},{"name":"BG2","parent":"root"},{"name":"bone22","parent":"Banner 1"},{"name":"bone8","parent":"bone7","x":-11.47,"y":137.02},{"name":"bone9","parent":"root","y":-116.93},{"name":"bone15","parent":"root","x":22.5,"y":-114.68},{"name":"bone23","parent":"root","x":-95.26,"y":-113.35},{"name":"bone25","parent":"root","y":172.57},{"name":"bone21","parent":"Banner 1","x":-112.51,"y":-56.39,"scaleX":1.222,"scaleY":1.213},{"name":"bone24","parent":"Banner 1","rotation":-14.1,"x":-97.37,"y":-58.53,"scaleX":0.733,"scaleY":0.728},{"name":"bone26","parent":"Banner 1","rotation":14.7,"x":-99.94,"y":-82.5,"scaleX":0.733,"scaleY":0.728},{"name":"Harry2","parent":"root","x":42.51,"y":-142.28},{"name":"bone27","parent":"Harry2","x":-17.2,"y":173.28},{"name":"bone28","parent":"bone27","x":5.11,"y":1.62},{"name":"bone29","parent":"Harry2","x":-106.11,"y":-30.96},{"name":"bone30","parent":"Harry2","y":63.94},{"name":"bone31","parent":"bone4","x":40.84,"y":143.87}],"slots":[{"name":"bone2","bone":"bone2","attachment":"bone2"},{"name":"BG1","bone":"bone22","attachment":"BG1"},{"name":"BG2","bone":"BG2","attachment":"BG2"},{"name":"Effect","bone":"bone20","attachment":"Effect"},{"name":"ThanB1","bone":"bone19","attachment":"ThanB1"},{"name":"ThanB2","bone":"bone30","attachment":"ThanB1"},{"name":"TayB1","bone":"bone18","attachment":"TayB1"},{"name":"TayB2","bone":"bone29","attachment":"TayB1"},{"name":"DauB1","bone":"bone17","attachment":"DauB1"},{"name":"DauB2","bone":"bone27","attachment":"DauB1"},{"name":"CamB1","bone":"bone16","attachment":"CamB1"},{"name":"CamB2","bone":"bone28","attachment":"CamB1"},{"name":"ChanG1","bone":"bone3","attachment":"ChanG1"},{"name":"ThanTrenG1","bone":"bone4","attachment":"ThanTrenG1"},{"name":"ThanDuoiG2","bone":"bone6","attachment":"ThanDuoiG2"},{"name":"ThanTrenG2","bone":"bone7","attachment":"ThanTrenG2"},{"name":"DauG2","bone":"bone8","attachment":"DauG2"},{"name":"Mask","bone":"Mask","attachment":"Mask"},{"name":"The","bone":"bone14","attachment":"The"},{"name":"Thao","bone":"bone13","attachment":"Thao"},{"name":"ChuO","bone":"bone12","attachment":"ChuO"},{"name":"Lua","bone":"bone11","attachment":"Lua"},{"name":"Lua2","bone":"bone21","attachment":"Lua"},{"name":"Lua3","bone":"bone24","attachment":"Lua"},{"name":"Lua4","bone":"bone26","attachment":"Lua"},{"name":"Nen","bone":"bone9","attachment":"Nen"},{"name":"TheThao","bone":"bone15","attachment":"TheThao"},{"name":"ChuS","bone":"bone23","attachment":"ChuS"},{"name":"Logo","bone":"Logo","attachment":"Logo"},{"name":"MoiRaMat","bone":"bone25","attachment":"MoiRaMat"},{"name":"MatNham","bone":"bone31","attachment":"MatNham"}],"skins":{"default":{"BG1":{"BG1":{"width":256,"height":398}},"BG2":{"BG2":{"x":0.5,"y":0.5,"width":256,"height":397}},"CamB1":{"CamB1":{"x":-13.7,"y":-27.52,"width":53,"height":49}},"CamB2":{"CamB1":{"x":-13.7,"y":-27.52,"width":53,"height":49}},"ChanG1":{"ChanG1":{"y":0.5,"width":129,"height":169}},"ChuO":{"ChuO":{"width":87,"height":92}},"ChuS":{"ChuS":{"x":0.5,"y":0.5,"width":64,"height":72}},"DauB1":{"DauB1":{"y":18.08,"width":85,"height":114}},"DauB2":{"DauB1":{"y":18.08,"width":85,"height":114}},"DauG2":{"DauG2":{"x":-5.35,"y":8.6,"width":84,"height":100}},"Effect":{"Effect":{"x":-0.82,"y":23.27,"width":376,"height":389}},"Logo":{"Logo":{"width":76,"height":87}},"Lua":{"Lua":{"type":"mesh","uvs":[0.19122,0.29755,0.27897,0.24967,0.31947,0.25446,0.46497,0.1798,0.55347,0.1946,0.55647,0.27999,0.42822,0.35022,0.41472,0.46514,0.55047,0.58005,0.66822,0.74604,0.64572,0.81946,0.33296,0.8202,0.31796,0.70221,0.26546,0.69344,0.21071,0.59288,0.20771,0.47398,0.21525,0.40446,0.1965,0.36136,0.2625,0.39488,0.276,0.44994,0.28275,0.55129,0.34125,0.61913,0.4335,0.74202,0.45225,0.60715,0.36675,0.52416,0.35625,0.37972,0.336,0.31109,0.282,0.30231,0.459,0.2656,0.41925,0.25682,0.57825,0.70611],"triangles":[29,2,3,28,29,3,28,3,4,28,4,5,27,1,2,0,1,27,26,2,29,27,2,26,6,29,28,26,29,6,6,28,5,17,0,27,25,26,6,18,17,27,16,17,18,18,25,19,26,18,27,25,18,26,7,25,6,19,25,7,24,19,7,20,19,24,23,24,7,15,20,14,16,18,19,19,15,16,20,15,19,8,23,7,21,20,24,21,24,23,21,13,14,21,14,20,12,13,21,9,30,8,23,8,30,22,21,23,22,23,30,12,21,22,10,30,9,11,12,22,10,11,22,10,22,30],"vertices":[-24.73,39.32,-5.61,49.04,3.14,48.06,34.57,63.22,53.68,60.21,54.33,42.88,26.63,28.62,23.71,5.3,53.03,-18.03,78.47,-51.73,73.61,-66.63,6.05,-66.78,2.81,-42.83,-8.53,-41.05,-20.35,-20.64,-21,3.5,-19.37,17.61,-23.42,26.36,-9.17,19.56,-6.25,8.38,-4.79,-12.19,7.84,-25.96,27.77,-50.91,31.82,-23.53,13.35,-6.69,11.08,22.64,6.71,36.57,-4.95,38.35,33.28,45.8,24.69,47.58,59.04,-43.62],"hull":18,"edges":[0,2,2,4,4,6,6,8,8,10,10,12,12,14,14,16,16,18,18,20,20,22,22,24,24,26,26,28,28,30,30,32,32,34,0,34],"width":216,"height":203}},"Lua2":{"Lua":{"type":"mesh","uvs":[0.19122,0.29755,0.27897,0.24967,0.31947,0.25446,0.46497,0.1798,0.55347,0.1946,0.55647,0.27999,0.42822,0.35022,0.41472,0.46514,0.55047,0.58005,0.66822,0.74604,0.64572,0.81946,0.33296,0.8202,0.31796,0.70221,0.26546,0.69344,0.21071,0.59288,0.20771,0.47398,0.21525,0.40446,0.1965,0.36136,0.2625,0.39488,0.276,0.44994,0.28275,0.55129,0.34125,0.61913,0.4335,0.74202,0.45225,0.60715,0.36675,0.52416,0.35625,0.37972,0.336,0.31109,0.282,0.30231,0.459,0.2656,0.41925,0.25682,0.57825,0.70611],"triangles":[29,2,3,28,29,3,28,3,4,28,4,5,27,1,2,0,1,27,26,2,29,27,2,26,6,29,28,26,29,6,6,28,5,17,0,27,25,26,6,18,17,27,16,17,18,18,25,19,26,18,27,25,18,26,7,25,6,19,25,7,24,19,7,20,19,24,23,24,7,15,20,14,16,18,19,19,15,16,20,15,19,8,23,7,21,20,24,21,24,23,21,13,14,21,14,20,12,13,21,9,30,8,23,8,30,22,21,23,22,23,30,12,21,22,10,30,9,11,12,22,10,11,22,10,22,30],"vertices":[-24.73,39.32,-5.61,49.04,3.14,48.06,34.57,63.22,53.68,60.21,54.33,42.88,26.63,28.62,23.71,5.3,53.03,-18.03,78.47,-51.73,73.61,-66.63,6.05,-66.78,2.81,-42.83,-8.53,-41.05,-20.35,-20.64,-21,3.5,-19.37,17.61,-23.42,26.36,-9.17,19.56,-6.25,8.38,-4.79,-12.19,7.84,-25.96,27.77,-50.91,31.82,-23.53,13.35,-6.69,11.08,22.64,6.71,36.57,-4.95,38.35,33.28,45.8,24.69,47.58,59.04,-43.62],"hull":18,"edges":[0,2,2,4,4,6,6,8,8,10,10,12,12,14,14,16,16,18,18,20,20,22,22,24,24,26,26,28,28,30,30,32,32,34,0,34],"width":216,"height":203}},"Lua3":{"Lua":{"type":"mesh","uvs":[0.19122,0.29755,0.27897,0.24967,0.31947,0.25446,0.46497,0.1798,0.55347,0.1946,0.55647,0.27999,0.42822,0.35022,0.41472,0.46514,0.55047,0.58005,0.66822,0.74604,0.64572,0.81946,0.33296,0.8202,0.31796,0.70221,0.26546,0.69344,0.21071,0.59288,0.20771,0.47398,0.21525,0.40446,0.1965,0.36136,0.2625,0.39488,0.276,0.44994,0.28275,0.55129,0.34125,0.61913,0.4335,0.74202,0.45225,0.60715,0.36675,0.52416,0.35625,0.37972,0.336,0.31109,0.282,0.30231,0.459,0.2656,0.41925,0.25682,0.57825,0.70611],"triangles":[29,2,3,28,29,3,28,3,4,28,4,5,27,1,2,0,1,27,26,2,29,27,2,26,6,29,28,26,29,6,6,28,5,17,0,27,25,26,6,18,17,27,16,17,18,18,25,19,26,18,27,25,18,26,7,25,6,19,25,7,24,19,7,20,19,24,23,24,7,15,20,14,16,18,19,19,15,16,20,15,19,8,23,7,21,20,24,21,24,23,21,13,14,21,14,20,12,13,21,9,30,8,23,8,30,22,21,23,22,23,30,12,21,22,10,30,9,11,12,22,10,11,22,10,22,30],"vertices":[-24.73,39.32,-5.61,49.04,3.14,48.06,34.57,63.22,53.68,60.21,54.33,42.88,26.63,28.62,23.71,5.3,53.03,-18.03,78.47,-51.73,73.61,-66.63,6.05,-66.78,2.81,-42.83,-8.53,-41.05,-20.35,-20.64,-21,3.5,-19.37,17.61,-23.42,26.36,-9.17,19.56,-6.25,8.38,-4.79,-12.19,7.84,-25.96,27.77,-50.91,31.82,-23.53,13.35,-6.69,11.08,22.64,6.71,36.57,-4.95,38.35,33.28,45.8,24.69,47.58,59.04,-43.62],"hull":18,"edges":[0,2,2,4,4,6,6,8,8,10,10,12,12,14,14,16,16,18,18,20,20,22,22,24,24,26,26,28,28,30,30,32,32,34,0,34],"width":216,"height":203}},"Lua4":{"Lua":{"type":"mesh","uvs":[0.19122,0.29755,0.27897,0.24967,0.31947,0.25446,0.46497,0.1798,0.55347,0.1946,0.55647,0.27999,0.42822,0.35022,0.41472,0.46514,0.55047,0.58005,0.66822,0.74604,0.64572,0.81946,0.33296,0.8202,0.31796,0.70221,0.26546,0.69344,0.21071,0.59288,0.20771,0.47398,0.21525,0.40446,0.1965,0.36136,0.2625,0.39488,0.276,0.44994,0.28275,0.55129,0.34125,0.61913,0.4335,0.74202,0.45225,0.60715,0.36675,0.52416,0.35625,0.37972,0.336,0.31109,0.282,0.30231,0.459,0.2656,0.41925,0.25682,0.57825,0.70611],"triangles":[29,2,3,28,29,3,28,3,4,28,4,5,27,1,2,0,1,27,26,2,29,27,2,26,6,29,28,26,29,6,6,28,5,17,0,27,25,26,6,18,17,27,16,17,18,18,25,19,26,18,27,25,18,26,7,25,6,19,25,7,24,19,7,20,19,24,23,24,7,15,20,14,16,18,19,19,15,16,20,15,19,8,23,7,21,20,24,21,24,23,21,13,14,21,14,20,12,13,21,9,30,8,23,8,30,22,21,23,22,23,30,12,21,22,10,30,9,11,12,22,10,11,22,10,22,30],"vertices":[-24.73,39.32,-5.61,49.04,3.14,48.06,34.57,63.22,53.68,60.21,54.33,42.88,26.63,28.62,23.71,5.3,53.03,-18.03,78.47,-51.73,73.61,-66.63,6.05,-66.78,2.81,-42.83,-8.53,-41.05,-20.35,-20.64,-21,3.5,-19.37,17.61,-23.42,26.36,-9.17,19.56,-6.25,8.38,-4.79,-12.19,7.84,-25.96,27.77,-50.91,31.82,-23.53,13.35,-6.69,11.08,22.64,6.71,36.57,-4.95,38.35,33.28,45.8,24.69,47.58,59.04,-43.62],"hull":18,"edges":[0,2,2,4,4,6,6,8,8,10,10,12,12,14,14,16,16,18,18,20,20,22,22,24,24,26,26,28,28,30,30,32,32,34,0,34],"width":216,"height":203}},"Mask":{"Mask":{"y":0.5,"width":256,"height":226}},"MatNham":{"MatNham":{"x":0.5,"y":0.5,"width":17,"height":13}},"MoiRaMat":{"MoiRaMat":{"x":0.5,"y":0.5,"width":173,"height":39}},"Nen":{"Nen":{"y":0.5,"width":293,"height":36}},"TayB1":{"TayB1":{"x":-21.1,"y":52.07,"width":80,"height":140}},"TayB2":{"TayB1":{"x":-21.1,"y":52.07,"width":80,"height":140}},"ThanB1":{"ThanB1":{"x":0.5,"width":244,"height":245}},"ThanB2":{"ThanB1":{"x":0.5,"width":244,"height":245}},"ThanDuoiG2":{"ThanDuoiG2":{"y":0.5,"width":110,"height":181}},"ThanTrenG1":{"ThanTrenG1":{"x":22.91,"y":82.3,"width":165,"height":216}},"ThanTrenG2":{"ThanTrenG2":{"x":-27.38,"y":27,"width":183,"height":241}},"Thao":{"Thao":{"y":0.5,"width":157,"height":43}},"The":{"The":{"x":0.5,"y":0.5,"width":120,"height":60}},"TheThao":{"TheThao":{"width":198,"height":52}},"bone2":{"bone2":{"type":"clipping","end":"bone2","vertexCount":4,"vertices":[-128.47,199.64,128.46,198.7,127.52,-197.48,-127.54,-197.95],"color":"ce3a3a00"}}}},"animations":{"OTheThao":{"slots":{"BG1":{"color":[{"time":0,"color":"ffffff00"}]},"CamB1":{"color":[{"time":0,"color":"ffffff00"},{"time":0.6333,"color":"ffffffff"}]},"CamB2":{"color":[{"time":0,"color":"ffffff00","curve":"stepped"},{"time":1.9667,"color":"ffffff00"},{"time":2,"color":"ffffff7c"},{"time":2.6667,"color":"ffffff00","curve":"stepped"},{"time":3.3333,"color":"ffffff00"},{"time":3.3667,"color":"ffffff7c"},{"time":4.0333,"color":"ffffff00"}]},"ChanG1":{"color":[{"time":0,"color":"ffffff00"}]},"ChuO":{"color":[{"time":0,"color":"ffffff00","curve":"stepped"},{"time":0.9333,"color":"ffffff00"},{"time":1.2,"color":"ffffffff"}]},"ChuS":{"color":[{"time":0,"color":"ffffff00"}]},"DauB1":{"color":[{"time":0,"color":"ffffff00"},{"time":0.6333,"color":"ffffffff"}]},"DauB2":{"color":[{"time":0,"color":"ffffff00","curve":"stepped"},{"time":1.9667,"color":"ffffff00"},{"time":2,"color":"ffffff7c"},{"time":2.6667,"color":"ffffff00","curve":"stepped"},{"time":3.3333,"color":"ffffff00"},{"time":3.3667,"color":"ffffff7c"},{"time":4.0333,"color":"ffffff00"}]},"DauG2":{"color":[{"time":0,"color":"ffffff00"}]},"Effect":{"color":[{"time":0,"color":"ffffff00","curve":"stepped"},{"time":1.3667,"color":"ffffff00"},{"time":1.6667,"color":"ffffffff"},{"time":2.2333,"color":"ffffff00"}]},"Logo":{"color":[{"time":0,"color":"ffffff00","curve":"stepped"},{"time":1,"color":"ffffff00"},{"time":1.3333,"color":"ffffffff"}]},"Lua":{"color":[{"time":0,"color":"ffffff00","curve":"stepped"},{"time":1.1333,"color":"ffffff00"},{"time":1.4333,"color":"ffffffff"},{"time":1.6667,"color":"ffffff00"},{"time":1.7,"color":"ffffffd7"},{"time":1.9333,"color":"ffffffff"},{"time":2.2,"color":"ffffff00"},{"time":2.2333,"color":"ffffffd7"},{"time":2.5333,"color":"ffffffff"},{"time":2.8,"color":"ffffff00"},{"time":2.8333,"color":"ffffffd7"},{"time":3.1333,"color":"ffffffff"},{"time":3.4333,"color":"ffffff00"},{"time":3.4667,"color":"ffffffd7"},{"time":3.7667,"color":"ffffffff"},{"time":4.0667,"color":"ffffff00"}]},"Lua2":{"color":[{"time":0,"color":"ffffff00","curve":"stepped"},{"time":1.1333,"color":"ffffff00"},{"time":1.3,"color":"ffffffff"},{"time":1.5667,"color":"ffffff00"},{"time":1.6,"color":"ffffffa2"},{"time":1.8667,"color":"ffffffff"},{"time":2.1333,"color":"ffffff00"},{"time":2.1667,"color":"ffffffa2"},{"time":2.4333,"color":"ffffffff"},{"time":2.7,"color":"ffffff00"},{"time":2.7333,"color":"ffffffa2"},{"time":3.0333,"color":"ffffffff"},{"time":3.3333,"color":"ffffff00"},{"time":3.3667,"color":"ffffffa2"},{"time":3.6667,"color":"ffffffff"},{"time":3.9667,"color":"ffffff00"}]},"Lua3":{"color":[{"time":0,"color":"ffffff00","curve":"stepped"},{"time":1.0333,"color":"ffffff00"},{"time":1.3667,"color":"ffffffff"},{"time":1.7,"color":"ffffff00","curve":"stepped"},{"time":1.7333,"color":"ffffff00"},{"time":2.0667,"color":"ffffffff"},{"time":2.4333,"color":"ffffff00","curve":"stepped"},{"time":2.4667,"color":"ffffff00"},{"time":2.8,"color":"ffffffff"},{"time":3.1667,"color":"ffffff00","curve":"stepped"},{"time":3.2,"color":"ffffff00"},{"time":3.5333,"color":"ffffffff"},{"time":3.9,"color":"ffffff00"}]},"Lua4":{"color":[{"time":0,"color":"ffffff00","curve":"stepped"},{"time":1.2667,"color":"ffffff00"},{"time":1.6,"color":"ffffffff"},{"time":1.9333,"color":"ffffff00","curve":"stepped"},{"time":1.9667,"color":"ffffff00"},{"time":2.3,"color":"ffffffff"},{"time":2.6667,"color":"ffffff00","curve":"stepped"},{"time":2.7,"color":"ffffff00"},{"time":3.0333,"color":"ffffffff"},{"time":3.4,"color":"ffffff00","curve":"stepped"},{"time":3.4333,"color":"ffffff00"},{"time":3.7667,"color":"ffffffff"},{"time":4.1333,"color":"ffffff00"}]},"MoiRaMat":{"color":[{"time":0,"color":"ffffff00"}]},"Nen":{"color":[{"time":0,"color":"ffffff00"}]},"TayB1":{"color":[{"time":0,"color":"ffffff00"},{"time":0.6333,"color":"ffffffff"}]},"TayB2":{"color":[{"time":0,"color":"ffffff00","curve":"stepped"},{"time":1.9667,"color":"ffffff00"},{"time":2,"color":"ffffff7c"},{"time":2.6667,"color":"ffffff00","curve":"stepped"},{"time":3.3333,"color":"ffffff00"},{"time":3.3667,"color":"ffffff7c"},{"time":4.0333,"color":"ffffff00"}]},"ThanB1":{"color":[{"time":0,"color":"ffffff00"},{"time":0.6333,"color":"ffffffff"}]},"ThanB2":{"color":[{"time":0,"color":"ffffff00","curve":"stepped"},{"time":1.9667,"color":"ffffff00"},{"time":2,"color":"ffffff7c"},{"time":2.6667,"color":"ffffff00","curve":"stepped"},{"time":3.3333,"color":"ffffff00"},{"time":3.3667,"color":"ffffff7c"},{"time":4.0333,"color":"ffffff00"}]},"ThanDuoiG2":{"color":[{"time":0,"color":"ffffff00"}]},"ThanTrenG1":{"color":[{"time":0,"color":"ffffff00"}]},"ThanTrenG2":{"color":[{"time":0,"color":"ffffff00"}]},"Thao":{"color":[{"time":0,"color":"ffffff00","curve":"stepped"},{"time":0.9,"color":"ffffff00"},{"time":1.0667,"color":"ffffffff"}]},"The":{"color":[{"time":0,"color":"ffffff00","curve":"stepped"},{"time":0.7,"color":"ffffff00"},{"time":0.8667,"color":"ffffffff"}]},"TheThao":{"color":[{"time":0,"color":"ffffff00"}]}},"bones":{"Harry":{"rotate":[{"time":0.6333,"angle":0},{"time":0.9333,"angle":-6},{"time":1.2333,"angle":-4.2},{"time":1.5667,"angle":-6}],"translate":[{"time":0,"x":-52.2,"y":0},{"time":0.5,"x":0,"y":0}]},"bone18":{"rotate":[{"time":0.6333,"angle":0},{"time":0.9333,"angle":-6}]},"bone17":{"rotate":[{"time":0.6333,"angle":0},{"time":0.9333,"angle":3.3}],"translate":[{"time":0.6333,"x":-1.26,"y":0}]},"bone16":{"rotate":[{"time":0,"angle":-7.8,"curve":"stepped"},{"time":0.6333,"angle":-7.8},{"time":0.9333,"angle":4.5}]},"bone14":{"scale":[{"time":0,"x":1.5,"y":1.5,"curve":"stepped"},{"time":0.7,"x":1.5,"y":1.5},{"time":0.8667,"x":1,"y":1}]},"bone13":{"scale":[{"time":0,"x":1.5,"y":1.5,"curve":"stepped"},{"time":0.9,"x":1.5,"y":1.5},{"time":1.0667,"x":1,"y":1}]},"bone12":{"scale":[{"time":0,"x":1.5,"y":1.5,"curve":"stepped"},{"time":0.9333,"x":1.5,"y":1.5},{"time":1.2,"x":1,"y":1}]},"bone11":{"translate":[{"time":1.4333,"x":0,"y":0},{"time":1.6667,"x":-12.24,"y":9.38},{"time":1.7,"x":14.69,"y":-15.34},{"time":1.9333,"x":0,"y":0},{"time":2.2,"x":-12.24,"y":9.38},{"time":2.2333,"x":14.69,"y":-15.34},{"time":2.5333,"x":0,"y":0},{"time":2.8,"x":-12.24,"y":9.38},{"time":2.8333,"x":14.69,"y":-15.34},{"time":3.1333,"x":0,"y":0},{"time":3.4333,"x":-12.24,"y":9.38},{"time":3.4667,"x":14.69,"y":-15.34},{"time":3.7667,"x":0,"y":0},{"time":4.0667,"x":-12.24,"y":9.38}],"scale":[{"time":1.6667,"x":1,"y":1},{"time":1.7,"x":0.9,"y":0.9},{"time":1.9333,"x":1,"y":1,"curve":"stepped"},{"time":2.2,"x":1,"y":1},{"time":2.2333,"x":0.8,"y":0.8},{"time":2.5333,"x":1,"y":1,"curve":"stepped"},{"time":2.8,"x":1,"y":1},{"time":2.8333,"x":0.6,"y":0.6},{"time":3.1333,"x":1,"y":1,"curve":"stepped"},{"time":3.4333,"x":1,"y":1},{"time":3.4667,"x":0.9,"y":0.9},{"time":3.7667,"x":1,"y":1}]},"bone21":{"translate":[{"time":1.3,"x":0,"y":0},{"time":1.5667,"x":-12.24,"y":9.38},{"time":1.6,"x":14.69,"y":-33.87},{"time":1.8667,"x":0,"y":0},{"time":2.1333,"x":-12.24,"y":9.38},{"time":2.1667,"x":14.69,"y":-26.98},{"time":2.4333,"x":0,"y":0},{"time":2.7,"x":-12.24,"y":9.38},{"time":2.7333,"x":14.69,"y":-27.84},{"time":3.0333,"x":0,"y":0},{"time":3.3333,"x":-12.24,"y":9.38},{"time":3.3667,"x":14.69,"y":-27.84},{"time":3.6667,"x":0,"y":0},{"time":3.9667,"x":-12.24,"y":9.38}],"scale":[{"time":1.5667,"x":1,"y":1},{"time":1.6,"x":0.8,"y":0.8},{"time":1.8667,"x":1,"y":1,"curve":"stepped"},{"time":2.1333,"x":1,"y":1},{"time":2.1667,"x":0.8,"y":0.8},{"time":2.4333,"x":1,"y":1,"curve":"stepped"},{"time":2.7,"x":1,"y":1},{"time":2.7333,"x":0.8,"y":0.8},{"time":3.0333,"x":1,"y":1,"curve":"stepped"},{"time":3.3333,"x":1,"y":1},{"time":3.3667,"x":0.8,"y":0.8},{"time":3.6667,"x":1,"y":1}]},"bone24":{"rotate":[{"time":0,"angle":-1.2},{"time":1.3667,"angle":0}],"translate":[{"time":1.3667,"x":0,"y":0},{"time":1.7,"x":-12.24,"y":9.38},{"time":1.7333,"x":14.69,"y":-15.34},{"time":2.0667,"x":0,"y":0},{"time":2.4333,"x":-12.24,"y":9.38},{"time":2.4667,"x":14.69,"y":-15.34},{"time":2.8,"x":0,"y":0},{"time":3.1667,"x":-12.24,"y":9.38},{"time":3.2,"x":14.69,"y":-15.34},{"time":3.5333,"x":0,"y":0},{"time":3.9,"x":-12.24,"y":9.38}],"scale":[{"time":0,"x":0.62,"y":0.6},{"time":1.3667,"x":1,"y":1,"curve":"stepped"},{"time":1.7,"x":1,"y":1},{"time":1.7333,"x":1.167,"y":1.167},{"time":2.0667,"x":1,"y":1,"curve":"stepped"},{"time":2.4333,"x":1,"y":1},{"time":2.4667,"x":1.1,"y":1},{"time":2.8,"x":1,"y":1,"curve":"stepped"},{"time":3.1667,"x":1,"y":1},{"time":3.2,"x":0.733,"y":0.833},{"time":3.5333,"x":1,"y":1}]},"bone26":{"rotate":[{"time":0,"angle":-1.2},{"time":1.6,"angle":0}],"translate":[{"time":1.6,"x":0,"y":0},{"time":1.9333,"x":-12.24,"y":9.38},{"time":1.9667,"x":14.69,"y":-15.34},{"time":2.3,"x":0,"y":0},{"time":2.6667,"x":-12.24,"y":9.38},{"time":2.7,"x":14.69,"y":-15.34},{"time":3.0333,"x":0,"y":0},{"time":3.4,"x":-12.24,"y":9.38},{"time":3.4333,"x":14.69,"y":-15.34},{"time":3.7667,"x":0,"y":0},{"time":4.1333,"x":-12.24,"y":9.38}],"scale":[{"time":0,"x":0.62,"y":0.6},{"time":1.6,"x":1,"y":1,"curve":"stepped"},{"time":1.9333,"x":1,"y":1},{"time":1.9667,"x":1.167,"y":1.167},{"time":2.3,"x":1,"y":1,"curve":"stepped"},{"time":2.6667,"x":1,"y":1},{"time":2.7,"x":1.1,"y":1},{"time":3.0333,"x":1,"y":1,"curve":"stepped"},{"time":3.4,"x":1,"y":1},{"time":3.4333,"x":0.733,"y":0.833},{"time":3.7667,"x":1,"y":1}]},"bone20":{"rotate":[{"time":1.3667,"angle":0},{"time":1.6667,"angle":3}],"scale":[{"time":0,"x":0,"y":0,"curve":"stepped"},{"time":1.3667,"x":0,"y":0},{"time":1.6667,"x":0.5,"y":0.5},{"time":2.2333,"x":0.7,"y":0.7}]},"Logo":{"scale":[{"time":0,"x":2,"y":2,"curve":"stepped"},{"time":1,"x":2,"y":2},{"time":1.3333,"x":1,"y":1}]},"bone27":{"rotate":[{"time":1.9667,"angle":2.76},{"time":2,"angle":3.3},{"time":3.3333,"angle":2.76},{"time":3.3667,"angle":3.3}],"translate":[{"time":1.9667,"x":-0.03,"y":0.03},{"time":2,"x":-1.26,"y":0},{"time":3.3333,"x":-0.03,"y":0.03},{"time":3.3667,"x":-1.26,"y":0}]},"bone28":{"rotate":[{"time":1.9667,"angle":4.5}]},"bone29":{"rotate":[{"time":1.9667,"angle":-6.54},{"time":2,"angle":-6},{"time":3.3333,"angle":-6.54},{"time":3.3667,"angle":-6}],"translate":[{"time":1.9667,"x":0.09,"y":0.62},{"time":2,"x":0,"y":0},{"time":3.3333,"x":0.09,"y":0.62},{"time":3.3667,"x":0,"y":0}]},"bone30":{"rotate":[{"time":1.9667,"angle":-0.54},{"time":2,"angle":0},{"time":3.3333,"angle":-0.54},{"time":3.3667,"angle":0}],"translate":[{"time":1.9667,"x":0.6,"y":0},{"time":2,"x":0,"y":0},{"time":3.3333,"x":0.6,"y":0},{"time":3.3667,"x":0,"y":0}]},"Harry2":{"rotate":[{"time":0,"angle":-4.2,"curve":"stepped"},{"time":1.9667,"angle":-4.2},{"time":2,"angle":-6},{"time":3.3333,"angle":-4.2},{"time":3.3667,"angle":-6}],"translate":[{"time":2,"x":0,"y":0},{"time":2.6667,"x":-13.6,"y":-40.81},{"time":3.3333,"x":0,"y":0,"curve":"stepped"},{"time":3.3667,"x":0,"y":0},{"time":4.0333,"x":-13.6,"y":-40.81}],"scale":[{"time":2,"x":1,"y":1},{"time":2.6667,"x":1.3,"y":1.3},{"time":3.3333,"x":1,"y":1,"curve":"stepped"},{"time":3.3667,"x":1,"y":1},{"time":4.0333,"x":1.3,"y":1.3}]},"bone31":{"scale":[{"time":1.5,"x":2,"y":2},{"time":1.6667,"x":1,"y":1}]}},"deform":{"default":{"Lua":{"Lua":[{"time":1.1333,"vertices":[22.15127,-28.02635,13.87276,-32.23576,10.0843,-31.81482,-3.52612,-38.37779,-11.80462,-37.07657,-12.08524,-29.5698,-0.08844,-23.396,1.17439,-13.29343,-11.52399,-3.19085,-22.5386,11.40175,-20.4339,17.85618,8.82165,17.92095,10.22478,7.54882,15.13576,6.77709,20.2572,-2.06266,20.53783,-12.51602,19.83282,-18.62799,21.58675,-22.41646,15.41297,-19.46988,14.15015,-14.62906,19.11266,-6.3972,9.91115,-2.12901,-0.58277,11.04832,-2.33669,-0.80817,5.66119,-8.10448,6.64337,-20.80285,8.53761,-26.83633,13.58889,-27.60806,-2.96811,-30.83527,0.75021,-31.60699,-14.12302,7.89127]},{"time":1.4333,"vertices":[0.299,1.495,0,0.897,0.299,1.495,-0.299,1.196,-1.79399,0,0,1.495,0.59801,0.598,1.196,2.09299,0,0,0,0,0,0,0,0,0,0,-0.897,2.98999,-0.89699,1.794,-0.59799,0.598,0,1.495,0,0,0,2.691,-0.00003,3.88699,0.29898,2.69099,0.29898,5.08299,0.29901,0.59801,-0.897,1.196,0,0,0,0,0,0.897,0.29901,0.897,0,0,0.29901,0.299,-0.29901,1.495]},{"time":1.6667,"vertices":[0.299,1.495,-0.897,4.485,-3.58003,10.08798,-22.57897,10.32499,-13.66798,3.12999,-26.66799,4.51199,-5.50197,2.33199,5.68101,7.77399,-8.981,1.247,-7.75798,7.758,0,0,0,0,-8.15399,2.96299,-5.20702,2.12799,-5.98,6.27899,0.29901,7.47499,0,1.495,-0.89699,3.28899,-4.186,7.47501,-3.23003,2.81,1.79401,4.78399,-4.875,4.933,-9.61398,-5.00497,-6.92299,8.53599,0.897,8.97001,0.59799,3.28901,2.69099,11.06298,0.89699,0.59801,0.29899,0.897,0.29901,3.588,-13.66001,2.788]},{"time":1.7,"vertices":[22.15127,-28.02635,13.87276,-32.23576,10.0843,-31.81482,-3.52612,-38.37779,-11.80462,-37.07657,-12.08524,-29.5698,-0.08844,-23.396,1.17439,-13.29343,-11.52399,-3.19085,-22.5386,11.40175,-20.4339,17.85618,8.82165,17.92095,10.22478,7.54882,15.13576,6.77709,20.2572,-2.06266,20.53783,-12.51602,19.83282,-18.62799,21.58675,-22.41646,15.41297,-19.46988,14.15015,-14.62906,19.11266,-6.3972,9.91115,-2.12901,-0.58277,11.04832,-2.33669,-0.80817,5.66119,-8.10448,6.64337,-20.80285,8.53761,-26.83633,13.58889,-27.60806,-2.96811,-30.83527,0.75021,-31.60699,-14.12302,7.89127]},{"time":1.9333,"vertices":[0.299,1.495,0,0.897,0.299,1.495,-0.299,1.196,-1.79399,0,0,1.495,0.59801,0.598,1.196,2.09299,0,0,0,0,0,0,0,0,0,0,-0.897,2.98999,-0.89699,1.794,-0.59799,0.598,0,1.495,0,0,0,2.691,-0.00003,3.88699,0.29898,2.69099,0.29898,5.08299,0.29901,0.59801,-0.897,1.196,0,0,0,0,0,0.897,0.29901,0.897,0,0,0.29901,0.299,-0.29901,1.495]},{"time":2.2,"vertices":[0.299,1.495,-0.897,4.485,0.299,4.48499,-12.235,7.73898,-13.66799,6.14699,-15.89298,1.92599,-11.60997,0.57099,5.68101,7.77399,-2.08502,7.71199,0,0,0,0,0,0,-2.12,2.96299,-0.897,2.98999,-5.98,6.27899,-11.33797,7.04399,0,1.495,-0.89699,3.28899,-4.186,7.47501,-10.70505,5.28499,0.93202,3.92199,3.28899,8.07299,-6.16598,-5.00497,-8.321,7.05198,-5.99899,8.97001,-5.005,2.85801,2.69099,11.06298,0.89699,0.59801,0.29899,0.897,0.29901,3.588,-7.62601,-1.522]},{"time":2.2333,"vertices":[22.15127,-28.02635,13.87276,-32.23576,10.0843,-31.81482,-3.52612,-38.37779,-11.80462,-37.07657,-12.08524,-29.5698,-0.08844,-23.396,1.17439,-13.29343,-11.52399,-3.19085,-22.5386,11.40175,-20.4339,17.85618,8.82165,17.92095,10.22478,7.54882,15.13576,6.77709,20.2572,-2.06266,20.53783,-12.51602,19.83282,-18.62799,21.58675,-22.41646,15.41297,-19.46988,14.15015,-14.62906,19.11266,-6.3972,9.91115,-2.12901,-0.58277,11.04832,-2.33669,-0.80817,5.66119,-8.10448,6.64337,-20.80285,8.53761,-26.83633,13.58889,-27.60806,-2.96811,-30.83527,0.75021,-31.60699,-14.12302,7.89127]},{"time":2.5333,"vertices":[0.299,1.495,0,0.897,0.299,1.495,-0.299,1.196,-1.79399,0,0,1.495,0.59801,0.598,1.196,2.09299,0,0,0,0,0,0,0,0,0,0,-0.897,2.98999,-0.89699,1.794,-0.59799,0.598,0,1.495,0,0,0,2.691,-0.00003,3.88699,0.29898,2.69099,0.29898,5.08299,0.29901,0.59801,-0.897,1.196,0,0,0,0,0,0.897,0.29901,0.897,0,0,0.29901,0.299,-0.29901,1.495]},{"time":2.8,"vertices":[0.299,1.495,-0.897,4.485,0.299,4.48499,-0.59799,6.87699,-4.18598,6.57799,-5.97999,1.495,-2.98998,3.58799,5.68101,7.77399,1.79399,9.86699,0,0,0,0,0,0,0.897,5.97999,-0.897,2.98999,-5.98,6.27899,0.29901,7.47499,0,1.495,-0.89699,3.28899,-4.186,7.47501,1.79396,6.57799,1.79401,4.78399,3.28899,8.07299,0.29901,0.59801,0.29899,11.36198,0.897,8.97001,0.59799,3.28901,2.69099,11.06298,0.89699,0.59801,0.29899,0.897,0.29901,3.588,-0.29901,1.495]},{"time":2.8333,"vertices":[22.15127,-28.02635,13.87276,-32.23576,10.0843,-31.81482,-3.52612,-38.37779,-11.80462,-37.07657,-12.08524,-29.5698,-0.08844,-23.396,1.17439,-13.29343,-11.52399,-3.19085,-22.5386,11.40175,-20.4339,17.85618,8.82165,17.92095,10.22478,7.54882,15.13576,6.77709,20.2572,-2.06266,20.53783,-12.51602,19.83282,-18.62799,21.58675,-22.41646,15.41297,-19.46988,14.15015,-14.62906,19.11266,-6.3972,9.91115,-2.12901,-0.58277,11.04832,-2.33669,-0.80817,5.66119,-8.10448,6.64337,-20.80285,8.53761,-26.83633,13.58889,-27.60806,-2.96811,-30.83527,0.75021,-31.60699,-14.12302,7.89127]},{"time":3.1333,"vertices":[0.299,1.495,0,0.897,0.299,1.495,-0.299,1.196,-1.79399,0,0,1.495,0.59801,0.598,1.196,2.09299,0,0,0,0,0,0,0,0,0,0,-0.897,2.98999,-0.89699,1.794,-0.59799,0.598,0,1.495,0,0,0,2.691,-0.00003,3.88699,0.29898,2.69099,0.29898,5.08299,0.29901,0.59801,-0.897,1.196,0,0,0,0,0,0.897,0.29901,0.897,0,0,0.29901,0.299,-0.29901,1.495]},{"time":3.4333,"vertices":[-4.011,1.495,-0.897,4.485,0.299,4.48499,-12.66599,7.30799,-12.80599,3.99199,-12.876,0.633,-7.29996,1.86399,5.68101,7.77399,-13.291,-1.77,0,0,0,0,0,0,-9.87801,-13.84602,-9.948,1.69699,-13.73798,6.27899,-9.18298,5.31999,-4.30998,0.633,-0.89699,3.28899,-4.186,7.47501,1.79396,6.57799,1.79401,4.78399,0.703,3.76299,0.29901,0.59801,0.29899,11.36198,-4.27499,5.09101,0.59799,3.28901,2.69099,11.06298,0.89699,0.59801,0.29899,0.897,0.29901,3.588,-0.29901,1.495]},{"time":3.4667,"vertices":[22.15127,-28.02635,13.87276,-32.23576,10.0843,-31.81482,-3.52612,-38.37779,-11.80462,-37.07657,-12.08524,-29.5698,-0.08844,-23.396,1.17439,-13.29343,-11.52399,-3.19085,-22.5386,11.40175,-20.4339,17.85618,8.82165,17.92095,10.22478,7.54882,15.13576,6.77709,20.2572,-2.06266,20.53783,-12.51602,19.83282,-18.62799,21.58675,-22.41646,15.41297,-19.46988,14.15015,-14.62906,19.11266,-6.3972,9.91115,-2.12901,-0.58277,11.04832,-2.33669,-0.80817,5.66119,-8.10448,6.64337,-20.80285,8.53761,-26.83633,13.58889,-27.60806,-2.96811,-30.83527,0.75021,-31.60699,-14.12302,7.89127]},{"time":3.7667,"vertices":[0.299,1.495,0,0.897,0.299,1.495,-0.299,1.196,-1.79399,0,0,1.495,0.59801,0.598,1.196,2.09299,0,0,0,0,0,0,0,0,0,0,-0.897,2.98999,-0.89699,1.794,-0.59799,0.598,0,1.495,0,0,0,2.691,-0.00003,3.88699,0.29898,2.69099,0.29898,5.08299,0.29901,0.59801,-0.897,1.196,0,0,0,0,0,0.897,0.29901,0.897,0,0,0.29901,0.299,-0.29901,1.495]},{"time":4.0667,"vertices":[-4.011,1.495,-0.897,4.485,0.299,4.48499,-12.66599,7.30799,-12.80599,3.99199,-12.876,0.633,-7.29996,1.86399,5.68101,7.77399,-13.291,-1.77,0,0,0,0,0,0,-9.87801,-13.84602,-9.948,1.69699,-13.73798,6.27899,-9.18298,5.31999,-4.30998,0.633,-0.89699,3.28899,-4.186,7.47501,1.79396,6.57799,1.79401,4.78399,0.703,3.76299,0.29901,0.59801,0.29899,11.36198,-4.27499,5.09101,0.59799,3.28901,2.69099,11.06298,0.89699,0.59801,0.29899,0.897,0.29901,3.588,-0.29901,1.495]}]},"Lua2":{"Lua":[{"time":1.1333,"vertices":[22.15127,-28.02635,13.87276,-32.23576,10.0843,-31.81482,-3.52612,-38.37779,-11.80462,-37.07657,-12.08524,-29.5698,-0.08844,-23.396,1.17439,-13.29343,-11.52399,-3.19085,-22.5386,11.40175,-20.4339,17.85618,8.82165,17.92095,10.22478,7.54882,15.13576,6.77709,20.2572,-2.06266,20.53783,-12.51602,19.83282,-18.62799,21.58675,-22.41646,15.41297,-19.46988,14.15015,-14.62906,19.11266,-6.3972,9.91115,-2.12901,-0.58277,11.04832,-2.33669,-0.80817,5.66119,-8.10448,6.64337,-20.80285,8.53761,-26.83633,13.58889,-27.60806,-2.96811,-30.83527,0.75021,-31.60699,-14.12302,7.89127]},{"time":1.3,"vertices":[-7.77601,-1.355,-10.44997,2.32201,-0.651,1.495,-15.97398,1.67099,-20.31898,-1.425,-19.94999,-3.25499,0.59801,0.598,-5.929,-0.75701,-4.74999,-3.325,0,0,0,0,0,0,0,0,-0.897,2.98999,-7.54698,4.644,-0.59799,0.598,0,1.495,0,0,0,2.691,-0.00003,3.88699,-3.50103,-0.159,-2.55103,0.333,0.29901,0.59801,-3.74701,0.721,-13.29999,-4.27499,-4.27499,-1.42499,0,0.897,-4.92597,-1.95302,0,0,0.29901,0.299,-0.29901,1.495]},{"time":1.5667,"vertices":[0.299,1.495,-0.897,4.485,0.299,4.48499,-0.59799,6.87699,-4.18598,6.57799,-5.97999,1.495,-5.35397,2.012,5.68101,7.77399,-9.63203,5.13899,0,0,0,0,0,0,-5.40701,-3.08203,-3.655,1.01999,-5.98,6.27899,0.29901,7.47499,0,1.495,-0.89699,3.28899,-4.186,7.47501,1.79396,6.57799,-4.90401,1.23799,3.28899,8.07299,-4.429,-0.18999,-7.97502,-0.45802,-1.46699,6.60601,-4.91801,-1.04498,-7.15902,8.30499,0.89699,0.59801,0.29899,0.897,-10.73299,1.61801,-9.75502,-3.23299]},{"time":1.6,"vertices":[22.15127,-28.02635,13.87276,-32.23576,10.0843,-31.81482,-3.52612,-38.37779,-11.80462,-37.07657,-12.08524,-29.5698,-0.08844,-23.396,1.17439,-13.29343,-11.52399,-3.19085,-22.5386,11.40175,-20.4339,17.85618,8.82165,17.92095,10.22478,7.54882,15.13576,6.77709,20.2572,-2.06266,20.53783,-12.51602,19.83282,-18.62799,21.58675,-22.41646,15.41297,-19.46988,14.15015,-14.62906,19.11266,-6.3972,9.91115,-2.12901,-0.58277,11.04832,-2.33669,-0.80817,5.66119,-8.10448,6.64337,-20.80285,8.53761,-26.83633,13.58889,-27.60806,-2.96811,-30.83527,0.75021,-31.60699,-14.12302,7.89127]},{"time":1.8667,"vertices":[-7.77601,-1.355,-10.44997,2.32201,-0.651,1.495,-15.97398,1.67099,-20.31898,-1.425,-19.94999,-3.25499,0.59801,0.598,-5.929,-0.75701,-4.74999,-3.325,0,0,0,0,0,0,0,0,-0.897,2.98999,-7.54698,4.644,-0.59799,0.598,0,1.495,0,0,0,2.691,-0.00003,3.88699,-3.50103,-0.159,-2.55103,0.333,0.29901,0.59801,-3.74701,0.721,-13.29999,-4.27499,-4.27499,-1.42499,0,0.897,-4.92597,-1.95302,0,0,0.29901,0.299,-0.29901,1.495]},{"time":2.1333,"vertices":[0.299,1.495,-0.897,4.485,0.299,4.48499,-19.116,3.33099,-24.674,0.27399,-33.95399,-0.08101,-10.08198,1.61799,5.68101,7.77399,-4.11602,7.50299,0,0,0,0,0,0,0.897,5.97999,-0.897,2.98999,-5.98,6.27899,0.29901,7.47499,0,1.495,-0.89699,3.28899,-4.186,7.47501,-8.05605,1.45598,0.612,3.60199,3.28899,8.07299,-5.217,-2.15998,-13.09701,-4.004,0.897,8.97001,-7.28203,1.31901,2.69099,11.06298,0.89699,0.59801,0.29899,0.897,-8.763,1.618,-3.84503,-1.26299]},{"time":2.1667,"vertices":[22.15127,-28.02635,13.87276,-32.23576,10.0843,-31.81482,-3.52612,-38.37779,-11.80462,-37.07657,-12.08524,-29.5698,-0.08844,-23.396,1.17439,-13.29343,-11.52399,-3.19085,-22.5386,11.40175,-20.4339,17.85618,8.82165,17.92095,10.22478,7.54882,15.13576,6.77709,20.2572,-2.06266,20.53783,-12.51602,19.83282,-18.62799,21.58675,-22.41646,15.41297,-19.46988,14.15015,-14.62906,19.11266,-6.3972,9.91115,-2.12901,-0.58277,11.04832,-2.33669,-0.80817,5.66119,-8.10448,6.64337,-20.80285,8.53761,-26.83633,13.58889,-27.60806,-2.96811,-30.83527,0.75021,-31.60699,-14.12302,7.89127]},{"time":2.4333,"vertices":[-7.77601,-1.355,-10.44997,2.32201,-0.651,1.495,-15.97398,1.67099,-20.31898,-1.425,-19.94999,-3.25499,0.59801,0.598,-5.929,-0.75701,-4.74999,-3.325,0,0,0,0,0,0,0,0,-0.897,2.98999,-7.54698,4.644,-0.59799,0.598,0,1.495,0,0,0,2.691,-0.00003,3.88699,-3.50103,-0.159,-2.55103,0.333,0.29901,0.59801,-3.74701,0.721,-13.29999,-4.27499,-4.27499,-1.42499,0,0.897,-4.92597,-1.95302,0,0,0.29901,0.299,-0.29901,1.495]},{"time":2.7,"vertices":[0.299,1.495,-0.897,4.485,-2.065,-1.425,-7.68999,6.089,-19.55198,0.668,-20.16398,-0.08101,-2.98998,3.58799,5.68101,7.77399,-5.29802,5.53299,0,0,0,0,0,0,0.897,5.97999,-0.897,2.98999,-5.98,6.27899,0.29901,7.47499,0,1.495,-8.383,-1.04501,-4.186,7.47501,2.58195,-0.12003,-3.722,1.238,1.31898,6.49699,-3.64099,-2.15999,-5.61102,8.20999,-2.64899,5.81801,0.59799,3.28901,2.69099,11.06298,0.89699,0.59801,0.29899,0.897,-6.39897,-1.14,-6.603,-0.869]},{"time":2.7333,"vertices":[22.15127,-28.02635,13.87276,-32.23576,10.0843,-31.81482,-3.52612,-38.37779,-11.80462,-37.07657,-12.08524,-29.5698,-0.08844,-23.396,1.17439,-13.29343,-11.52399,-3.19085,-22.5386,11.40175,-20.4339,17.85618,8.82165,17.92095,10.22478,7.54882,15.13576,6.77709,20.2572,-2.06266,20.53783,-12.51602,19.83282,-18.62799,21.58675,-22.41646,15.41297,-19.46988,14.15015,-14.62906,19.11266,-6.3972,9.91115,-2.12901,-0.58277,11.04832,-2.33669,-0.80817,5.66119,-8.10448,6.64337,-20.80285,8.53761,-26.83633,13.58889,-27.60806,-2.96811,-30.83527,0.75021,-31.60699,-14.12302,7.89127]},{"time":3.0333,"vertices":[-7.77601,-1.355,-10.44997,2.32201,-0.651,1.495,-15.97398,1.67099,-20.31898,-1.425,-19.94999,-3.25499,0.59801,0.598,-5.929,-0.75701,-4.74999,-3.325,0,0,0,0,0,0,0,0,-0.897,2.98999,-7.54698,4.644,-0.59799,0.598,0,1.495,0,0,0,2.691,-0.00003,3.88699,-3.50103,-0.159,-2.55103,0.333,0.29901,0.59801,-3.74701,0.721,-13.29999,-4.27499,-4.27499,-1.42499,0,0.897,-4.92597,-1.95302,0,0,0.29901,0.299,-0.29901,1.495]},{"time":3.3333,"vertices":[0.299,1.495,-0.897,4.485,-2.065,-1.425,-7.68999,6.089,-19.55198,0.668,-20.16398,-0.08101,-2.98998,3.58799,5.68101,7.77399,-5.29802,5.53299,0,0,0,0,0,0,0.897,5.97999,-0.897,2.98999,-5.98,6.27899,0.29901,7.47499,0,1.495,-8.383,-1.04501,-4.186,7.47501,2.58195,-0.12003,-3.722,1.238,1.31898,6.49699,-3.64099,-2.15999,-5.61102,8.20999,-2.64899,5.81801,0.59799,3.28901,2.69099,11.06298,0.89699,0.59801,0.29899,0.897,-6.39897,-1.14,-6.603,-0.869]},{"time":3.3667,"vertices":[22.15127,-28.02635,13.87276,-32.23576,10.0843,-31.81482,-3.52612,-38.37779,-11.80462,-37.07657,-12.08524,-29.5698,-0.08844,-23.396,1.17439,-13.29343,-11.52399,-3.19085,-22.5386,11.40175,-20.4339,17.85618,8.82165,17.92095,10.22478,7.54882,15.13576,6.77709,20.2572,-2.06266,20.53783,-12.51602,19.83282,-18.62799,21.58675,-22.41646,15.41297,-19.46988,14.15015,-14.62906,19.11266,-6.3972,9.91115,-2.12901,-0.58277,11.04832,-2.33669,-0.80817,5.66119,-8.10448,6.64337,-20.80285,8.53761,-26.83633,13.58889,-27.60806,-2.96811,-30.83527,0.75021,-31.60699,-14.12302,7.89127]},{"time":3.6667,"vertices":[-7.77601,-1.355,-10.44997,2.32201,-0.651,1.495,-15.97398,1.67099,-20.31898,-1.425,-19.94999,-3.25499,0.59801,0.598,-5.929,-0.75701,-4.74999,-3.325,0,0,0,0,0,0,0,0,-0.897,2.98999,-7.54698,4.644,-0.59799,0.598,0,1.495,0,0,0,2.691,-0.00003,3.88699,-3.50103,-0.159,-2.55103,0.333,0.29901,0.59801,-3.74701,0.721,-13.29999,-4.27499,-4.27499,-1.42499,0,0.897,-4.92597,-1.95302,0,0,0.29901,0.299,-0.29901,1.495]},{"time":3.9667,"vertices":[0.299,1.495,-0.897,4.485,-2.065,-1.425,-7.68999,6.089,-19.55198,0.668,-20.16398,-0.08101,-2.98998,3.58799,5.68101,7.77399,-5.29802,5.53299,0,0,0,0,0,0,0.897,5.97999,-0.897,2.98999,-5.98,6.27899,0.29901,7.47499,0,1.495,-8.383,-1.04501,-4.186,7.47501,2.58195,-0.12003,-3.722,1.238,1.31898,6.49699,-3.64099,-2.15999,-5.61102,8.20999,-2.64899,5.81801,0.59799,3.28901,2.69099,11.06298,0.89699,0.59801,0.29899,0.897,-6.39897,-1.14,-6.603,-0.869]}]},"Lua3":{"Lua":[{"time":1.0333,"vertices":[22.15127,-28.02635,13.87276,-32.23576,10.0843,-31.81482,-3.52612,-38.37779,-11.80462,-37.07657,-12.08524,-29.5698,-0.08844,-23.396,1.17439,-13.29343,-11.52399,-3.19085,-22.5386,11.40175,-20.4339,17.85618,8.82165,17.92095,10.22478,7.54882,15.13576,6.77709,20.2572,-2.06266,20.53783,-12.51602,19.83282,-18.62799,21.58675,-22.41646,15.41297,-19.46988,14.15015,-14.62906,19.11266,-6.3972,9.91115,-2.12901,-0.58277,11.04832,-2.33669,-0.80817,5.66119,-8.10448,6.64337,-20.80285,8.53761,-26.83633,13.58889,-27.60806,-2.96811,-30.83527,0.75021,-31.60699,-14.12302,7.89127]},{"time":1.3667,"vertices":[0.299,1.495,0,0.897,0.299,1.495,-0.299,1.196,-1.79399,0,0,1.495,0.59801,0.598,1.196,2.09299,0,0,0,0,0,0,0,0,0,0,-0.897,2.98999,-0.89699,1.794,-0.59799,0.598,0,1.495,0,0,0,2.691,-0.00003,3.88699,0.29898,2.69099,0.29898,5.08299,0.29901,0.59801,-0.897,1.196,0,0,0,0,0,0.897,0.29901,0.897,0,0,0.29901,0.299,-0.29901,1.495]},{"time":1.7,"vertices":[0.299,1.495,-0.897,4.485,0.299,4.48499,-0.59799,6.87699,-4.18598,6.57799,-5.97999,1.495,-5.35397,2.012,5.68101,7.77399,-9.63203,5.13899,0,0,0,0,0,0,-5.40701,-3.08203,-3.655,1.01999,-5.98,6.27899,0.29901,7.47499,0,1.495,-0.89699,3.28899,-4.186,7.47501,1.79396,6.57799,-4.90401,1.23799,3.28899,8.07299,-4.429,-0.18999,-7.97502,-0.45802,-1.46699,6.60601,-4.91801,-1.04498,-7.15902,8.30499,0.89699,0.59801,0.29899,0.897,-10.73299,1.61801,-9.75502,-3.23299]},{"time":1.7333,"vertices":[22.15127,-28.02635,13.87276,-32.23576,10.0843,-31.81482,-3.52612,-38.37779,-11.80462,-37.07657,-12.08524,-29.5698,-0.08844,-23.396,1.17439,-13.29343,-11.52399,-3.19085,-22.5386,11.40175,-20.4339,17.85618,8.82165,17.92095,10.22478,7.54882,15.13576,6.77709,20.2572,-2.06266,20.53783,-12.51602,19.83282,-18.62799,21.58675,-22.41646,15.41297,-19.46988,14.15015,-14.62906,19.11266,-6.3972,9.91115,-2.12901,-0.58277,11.04832,-2.33669,-0.80817,5.66119,-8.10448,6.64337,-20.80285,8.53761,-26.83633,13.58889,-27.60806,-2.96811,-30.83527,0.75021,-31.60699,-14.12302,7.89127]},{"time":2.0667,"vertices":[0.299,1.495,0,0.897,0.299,1.495,-0.299,1.196,-1.79399,0,0,1.495,0.59801,0.598,1.196,2.09299,0,0,0,0,0,0,0,0,0,0,-0.897,2.98999,-0.89699,1.794,-0.59799,0.598,0,1.495,0,0,0,2.691,-0.00003,3.88699,0.29898,2.69099,0.29898,5.08299,0.29901,0.59801,-0.897,1.196,0,0,0,0,0,0.897,0.29901,0.897,0,0,0.29901,0.299,-0.29901,1.495]},{"time":2.4333,"vertices":[0.299,1.495,-0.897,4.485,0.299,4.48499,-19.116,3.33099,-24.674,0.27399,-33.95399,-0.08101,-10.08198,1.61799,5.68101,7.77399,-4.11602,7.50299,0,0,0,0,0,0,0.897,5.97999,-0.897,2.98999,-5.98,6.27899,0.29901,7.47499,0,1.495,-0.89699,3.28899,-4.186,7.47501,-8.05605,1.45598,0.612,3.60199,3.28899,8.07299,-5.217,-2.15998,-13.09701,-4.004,0.897,8.97001,-7.28203,1.31901,2.69099,11.06298,0.89699,0.59801,0.29899,0.897,-8.763,1.618,-3.84503,-1.26299]},{"time":2.4667,"vertices":[22.15127,-28.02635,13.87276,-32.23576,10.0843,-31.81482,-3.52612,-38.37779,-11.80462,-37.07657,-12.08524,-29.5698,-0.08844,-23.396,1.17439,-13.29343,-11.52399,-3.19085,-22.5386,11.40175,-20.4339,17.85618,8.82165,17.92095,10.22478,7.54882,15.13576,6.77709,20.2572,-2.06266,20.53783,-12.51602,19.83282,-18.62799,21.58675,-22.41646,15.41297,-19.46988,14.15015,-14.62906,19.11266,-6.3972,9.91115,-2.12901,-0.58277,11.04832,-2.33669,-0.80817,5.66119,-8.10448,6.64337,-20.80285,8.53761,-26.83633,13.58889,-27.60806,-2.96811,-30.83527,0.75021,-31.60699,-14.12302,7.89127]},{"time":2.8,"vertices":[0.299,1.495,0,0.897,0.299,1.495,-0.299,1.196,-1.79399,0,0,1.495,0.59801,0.598,1.196,2.09299,0,0,0,0,0,0,0,0,0,0,-0.897,2.98999,-0.89699,1.794,-0.59799,0.598,0,1.495,0,0,0,2.691,-0.00003,3.88699,0.29898,2.69099,0.29898,5.08299,0.29901,0.59801,-0.897,1.196,0,0,0,0,0,0.897,0.29901,0.897,0,0,0.29901,0.299,-0.29901,1.495]},{"time":3.1667,"vertices":[0.299,1.495,-0.897,4.485,-2.065,-1.425,-7.68999,6.089,-19.55198,0.668,-20.16398,-0.08101,-2.98998,3.58799,5.68101,7.77399,-5.29802,5.53299,0,0,0,0,0,0,0.897,5.97999,-0.897,2.98999,-5.98,6.27899,0.29901,7.47499,0,1.495,-8.383,-1.04501,-4.186,7.47501,2.58195,-0.12003,-3.722,1.238,1.31898,6.49699,-3.64099,-2.15999,-5.61102,8.20999,-2.64899,5.81801,0.59799,3.28901,2.69099,11.06298,0.89699,0.59801,0.29899,0.897,-6.39897,-1.14,-6.603,-0.869]},{"time":3.2,"vertices":[22.15127,-28.02635,13.87276,-32.23576,10.0843,-31.81482,-3.52612,-38.37779,-11.80462,-37.07657,-12.08524,-29.5698,-0.08844,-23.396,1.17439,-13.29343,-11.52399,-3.19085,-22.5386,11.40175,-20.4339,17.85618,8.82165,17.92095,10.22478,7.54882,15.13576,6.77709,20.2572,-2.06266,20.53783,-12.51602,19.83282,-18.62799,21.58675,-22.41646,15.41297,-19.46988,14.15015,-14.62906,19.11266,-6.3972,9.91115,-2.12901,-0.58277,11.04832,-2.33669,-0.80817,5.66119,-8.10448,6.64337,-20.80285,8.53761,-26.83633,13.58889,-27.60806,-2.96811,-30.83527,0.75021,-31.60699,-14.12302,7.89127]},{"time":3.5333,"vertices":[0.299,1.495,0,0.897,0.299,1.495,-0.299,1.196,-1.79399,0,0,1.495,0.59801,0.598,1.196,2.09299,0,0,0,0,0,0,0,0,0,0,-0.897,2.98999,-0.89699,1.794,-0.59799,0.598,0,1.495,0,0,0,2.691,-0.00003,3.88699,0.29898,2.69099,0.29898,5.08299,0.29901,0.59801,-0.897,1.196,0,0,0,0,0,0.897,0.29901,0.897,0,0,0.29901,0.299,-0.29901,1.495]},{"time":3.9,"vertices":[0.299,1.495,-0.897,4.485,-2.065,-1.425,-7.68999,6.089,-19.55198,0.668,-20.16398,-0.08101,-2.98998,3.58799,5.68101,7.77399,-5.29802,5.53299,0,0,0,0,0,0,0.897,5.97999,-0.897,2.98999,-5.98,6.27899,0.29901,7.47499,0,1.495,-8.383,-1.04501,-4.186,7.47501,2.58195,-0.12003,-3.722,1.238,1.31898,6.49699,-3.64099,-2.15999,-5.61102,8.20999,-2.64899,5.81801,0.59799,3.28901,2.69099,11.06298,0.89699,0.59801,0.29899,0.897,-6.39897,-1.14,-6.603,-0.869]}]},"Lua4":{"Lua":[{"time":1.2667,"vertices":[22.15127,-28.02635,13.87276,-32.23576,10.0843,-31.81482,-3.52612,-38.37779,-11.80462,-37.07657,-12.08524,-29.5698,-0.08844,-23.396,1.17439,-13.29343,-11.52399,-3.19085,-22.5386,11.40175,-20.4339,17.85618,8.82165,17.92095,10.22478,7.54882,15.13576,6.77709,20.2572,-2.06266,20.53783,-12.51602,19.83282,-18.62799,21.58675,-22.41646,15.41297,-19.46988,14.15015,-14.62906,19.11266,-6.3972,9.91115,-2.12901,-0.58277,11.04832,-2.33669,-0.80817,5.66119,-8.10448,6.64337,-20.80285,8.53761,-26.83633,13.58889,-27.60806,-2.96811,-30.83527,0.75021,-31.60699,-14.12302,7.89127]},{"time":1.6,"vertices":[0.299,1.495,0,0.897,0.299,1.495,-0.299,1.196,-1.79399,0,0,1.495,0.59801,0.598,1.196,2.09299,0,0,0,0,0,0,0,0,0,0,-0.897,2.98999,-0.89699,1.794,-0.59799,0.598,0,1.495,0,0,0,2.691,-0.00003,3.88699,0.29898,2.69099,0.29898,5.08299,0.29901,0.59801,-0.897,1.196,0,0,0,0,0,0.897,0.29901,0.897,0,0,0.29901,0.299,-0.29901,1.495]},{"time":1.9333,"vertices":[0.299,1.495,-0.897,4.485,0.299,4.48499,-0.59799,6.87699,-4.18598,6.57799,-5.97999,1.495,-5.35397,2.012,5.68101,7.77399,-9.63203,5.13899,0,0,0,0,0,0,-5.40701,-3.08203,-3.655,1.01999,-5.98,6.27899,0.29901,7.47499,0,1.495,-0.89699,3.28899,-4.186,7.47501,1.79396,6.57799,-4.90401,1.23799,3.28899,8.07299,-4.429,-0.18999,-7.97502,-0.45802,-1.46699,6.60601,-4.91801,-1.04498,-7.15902,8.30499,0.89699,0.59801,0.29899,0.897,-10.73299,1.61801,-9.75502,-3.23299]},{"time":1.9667,"vertices":[22.15127,-28.02635,13.87276,-32.23576,10.0843,-31.81482,-3.52612,-38.37779,-11.80462,-37.07657,-12.08524,-29.5698,-0.08844,-23.396,1.17439,-13.29343,-11.52399,-3.19085,-22.5386,11.40175,-20.4339,17.85618,8.82165,17.92095,10.22478,7.54882,15.13576,6.77709,20.2572,-2.06266,20.53783,-12.51602,19.83282,-18.62799,21.58675,-22.41646,15.41297,-19.46988,14.15015,-14.62906,19.11266,-6.3972,9.91115,-2.12901,-0.58277,11.04832,-2.33669,-0.80817,5.66119,-8.10448,6.64337,-20.80285,8.53761,-26.83633,13.58889,-27.60806,-2.96811,-30.83527,0.75021,-31.60699,-14.12302,7.89127]},{"time":2.3,"vertices":[0.299,1.495,0,0.897,0.299,1.495,-0.299,1.196,-1.79399,0,0,1.495,0.59801,0.598,1.196,2.09299,0,0,0,0,0,0,0,0,0,0,-0.897,2.98999,-0.89699,1.794,-0.59799,0.598,0,1.495,0,0,0,2.691,-0.00003,3.88699,0.29898,2.69099,0.29898,5.08299,0.29901,0.59801,-0.897,1.196,0,0,0,0,0,0.897,0.29901,0.897,0,0,0.29901,0.299,-0.29901,1.495]},{"time":2.6667,"vertices":[0.299,1.495,-0.897,4.485,0.299,4.48499,-19.116,3.33099,-24.674,0.27399,-33.95399,-0.08101,-10.08198,1.61799,5.68101,7.77399,-4.11602,7.50299,0,0,0,0,0,0,0.897,5.97999,-0.897,2.98999,-5.98,6.27899,0.29901,7.47499,0,1.495,-0.89699,3.28899,-4.186,7.47501,-8.05605,1.45598,0.612,3.60199,3.28899,8.07299,-5.217,-2.15998,-13.09701,-4.004,0.897,8.97001,-7.28203,1.31901,2.69099,11.06298,0.89699,0.59801,0.29899,0.897,-8.763,1.618,-3.84503,-1.26299]},{"time":2.7,"vertices":[22.15127,-28.02635,13.87276,-32.23576,10.0843,-31.81482,-3.52612,-38.37779,-11.80462,-37.07657,-12.08524,-29.5698,-0.08844,-23.396,1.17439,-13.29343,-11.52399,-3.19085,-22.5386,11.40175,-20.4339,17.85618,8.82165,17.92095,10.22478,7.54882,15.13576,6.77709,20.2572,-2.06266,20.53783,-12.51602,19.83282,-18.62799,21.58675,-22.41646,15.41297,-19.46988,14.15015,-14.62906,19.11266,-6.3972,9.91115,-2.12901,-0.58277,11.04832,-2.33669,-0.80817,5.66119,-8.10448,6.64337,-20.80285,8.53761,-26.83633,13.58889,-27.60806,-2.96811,-30.83527,0.75021,-31.60699,-14.12302,7.89127]},{"time":3.0333,"vertices":[0.299,1.495,0,0.897,0.299,1.495,-0.299,1.196,-1.79399,0,0,1.495,0.59801,0.598,1.196,2.09299,0,0,0,0,0,0,0,0,0,0,-0.897,2.98999,-0.89699,1.794,-0.59799,0.598,0,1.495,0,0,0,2.691,-0.00003,3.88699,0.29898,2.69099,0.29898,5.08299,0.29901,0.59801,-0.897,1.196,0,0,0,0,0,0.897,0.29901,0.897,0,0,0.29901,0.299,-0.29901,1.495]},{"time":3.4,"vertices":[0.299,1.495,-0.897,4.485,-2.065,-1.425,-7.68999,6.089,-19.55198,0.668,-20.16398,-0.08101,-2.98998,3.58799,5.68101,7.77399,-5.29802,5.53299,0,0,0,0,0,0,0.897,5.97999,-0.897,2.98999,-5.98,6.27899,0.29901,7.47499,0,1.495,-8.383,-1.04501,-4.186,7.47501,2.58195,-0.12003,-3.722,1.238,1.31898,6.49699,-3.64099,-2.15999,-5.61102,8.20999,-2.64899,5.81801,0.59799,3.28901,2.69099,11.06298,0.89699,0.59801,0.29899,0.897,-6.39897,-1.14,-6.603,-0.869]},{"time":3.4333,"vertices":[22.15127,-28.02635,13.87276,-32.23576,10.0843,-31.81482,-3.52612,-38.37779,-11.80462,-37.07657,-12.08524,-29.5698,-0.08844,-23.396,1.17439,-13.29343,-11.52399,-3.19085,-22.5386,11.40175,-20.4339,17.85618,8.82165,17.92095,10.22478,7.54882,15.13576,6.77709,20.2572,-2.06266,20.53783,-12.51602,19.83282,-18.62799,21.58675,-22.41646,15.41297,-19.46988,14.15015,-14.62906,19.11266,-6.3972,9.91115,-2.12901,-0.58277,11.04832,-2.33669,-0.80817,5.66119,-8.10448,6.64337,-20.80285,8.53761,-26.83633,13.58889,-27.60806,-2.96811,-30.83527,0.75021,-31.60699,-14.12302,7.89127]},{"time":3.7667,"vertices":[0.299,1.495,0,0.897,0.299,1.495,-0.299,1.196,-1.79399,0,0,1.495,0.59801,0.598,1.196,2.09299,0,0,0,0,0,0,0,0,0,0,-0.897,2.98999,-0.89699,1.794,-0.59799,0.598,0,1.495,0,0,0,2.691,-0.00003,3.88699,0.29898,2.69099,0.29898,5.08299,0.29901,0.59801,-0.897,1.196,0,0,0,0,0,0.897,0.29901,0.897,0,0,0.29901,0.299,-0.29901,1.495]},{"time":4.1333,"vertices":[0.299,1.495,-0.897,4.485,-2.065,-1.425,-7.68999,6.089,-19.55198,0.668,-20.16398,-0.08101,-2.98998,3.58799,5.68101,7.77399,-5.29802,5.53299,0,0,0,0,0,0,0.897,5.97999,-0.897,2.98999,-5.98,6.27899,0.29901,7.47499,0,1.495,-8.383,-1.04501,-4.186,7.47501,2.58195,-0.12003,-3.722,1.238,1.31898,6.49699,-3.64099,-2.15999,-5.61102,8.20999,-2.64899,5.81801,0.59799,3.28901,2.69099,11.06298,0.89699,0.59801,0.29899,0.897,-6.39897,-1.14,-6.603,-0.869]}]}}}},"STheThao":{"slots":{"BG2":{"color":[{"time":0,"color":"ffffff00"}]},"CamB1":{"color":[{"time":0,"color":"ffffff00"}]},"CamB2":{"color":[{"time":0,"color":"ffffff00"}]},"ChuO":{"color":[{"time":0,"color":"ffffff00"}]},"ChuS":{"color":[{"time":0,"color":"ffffff00","curve":"stepped"},{"time":1.2333,"color":"ffffff00"},{"time":1.4333,"color":"ffffffff"}]},"DauB1":{"color":[{"time":0,"color":"ffffff00"}]},"DauB2":{"color":[{"time":0,"color":"ffffff00"}]},"Effect":{"color":[{"time":0,"color":"ffffff00"}]},"Logo":{"color":[{"time":0,"color":"ffffff00","curve":"stepped"},{"time":1.3333,"color":"ffffff00"},{"time":1.6667,"color":"ffffffff"}]},"Lua":{"color":[{"time":0,"color":"ffffff00"}]},"Lua2":{"color":[{"time":0,"color":"ffffff00"}]},"Lua3":{"color":[{"time":0,"color":"ffffff00"}]},"Lua4":{"color":[{"time":0,"color":"ffffff00"}]},"MatNham":{"color":[{"time":0,"color":"ffffff00","curve":"stepped"},{"time":2.1,"color":"ffffff00"},{"time":2.1333,"color":"ffffffff","curve":"stepped"},{"time":2.2667,"color":"ffffffff"},{"time":2.3667,"color":"ffffff00"}]},"MoiRaMat":{"color":[{"time":0,"color":"ffffff00"}]},"TayB1":{"color":[{"time":0,"color":"ffffff00"}]},"TayB2":{"color":[{"time":0,"color":"ffffff00"}]},"ThanB1":{"color":[{"time":0,"color":"ffffff00"}]},"ThanB2":{"color":[{"time":0,"color":"ffffff00"}]},"Thao":{"color":[{"time":0,"color":"ffffff00"}]},"The":{"color":[{"time":0,"color":"ffffff00"}]}},"bones":{"Logo":{"translate":[{"time":0,"x":77.25,"y":57.26}],"scale":[{"time":0,"x":1.1,"y":1.1},{"time":1.3333,"x":1.2,"y":1.2},{"time":1.6667,"x":1,"y":1}]},"bone4":{"rotate":[{"time":0.6667,"angle":0},{"time":1.0333,"angle":-4.8},{"time":1.5333,"angle":0},{"time":2,"angle":-1.8}]},"Girl1":{"translate":[{"time":0,"x":-161.67,"y":0},{"time":0.4333,"x":-12.4,"y":0}]},"bone8":{"rotate":[{"time":0.8,"angle":0},{"time":1.4333,"angle":6.9},{"time":2.0333,"angle":1.5},{"time":2.5667,"angle":1.2}]},"bone7":{"rotate":[{"time":0.8,"angle":0},{"time":1.4333,"angle":-6},{"time":2.0333,"angle":-1.8}]},"Girl2":{"translate":[{"time":0,"x":190.88,"y":0,"curve":"stepped"},{"time":0.4667,"x":190.88,"y":0},{"time":0.8,"x":0,"y":0}]},"bone9":{"scale":[{"time":0,"x":0,"y":1,"curve":"stepped"},{"time":0.6667,"x":0,"y":1},{"time":1,"x":1,"y":1}]},"bone15":{"translate":[{"time":0,"x":210.56,"y":0,"curve":"stepped"},{"time":1,"x":210.56,"y":0},{"time":1.0667,"x":145.7,"y":0},{"time":1.2667,"x":9.56,"y":0},{"time":1.4,"x":-2.95,"y":0},{"time":1.6,"x":1.86,"y":0}],"shear":[{"time":1.0667,"x":0,"y":0},{"time":1.2667,"x":0,"y":-24.6},{"time":1.4,"x":0,"y":20.1},{"time":1.6,"x":0,"y":0}]},"bone23":{"scale":[{"time":0,"x":3,"y":3,"curve":"stepped"},{"time":1.2333,"x":3,"y":3},{"time":1.4333,"x":1,"y":1}]},"Mask":{"shear":[{"time":3,"x":0,"y":0}]}},"drawOrder":[{"time":0,"offsets":[{"slot":"Logo","offset":-15}]}]}}},"_atlasText":"\nGo-BannerGameTheThao.png\nsize: 2001,380\nformat: RGBA8888\nfilter: Linear,Linear\nrepeat: none\nBG1\n  rotate: true\n  xy: 393, 122\n  size: 256, 398\n  orig: 256, 398\n  offset: 0, 0\n  index: -1\nBG2\n  rotate: true\n  xy: 793, 122\n  size: 256, 397\n  orig: 256, 397\n  offset: 0, 0\n  index: -1\nCamB1\n  rotate: false\n  xy: 1939, 207\n  size: 53, 49\n  orig: 53, 49\n  offset: 0, 0\n  index: -1\nChanG1\n  rotate: true\n  xy: 1192, 2\n  size: 129, 169\n  orig: 129, 169\n  offset: 0, 0\n  index: -1\nChuO\n  rotate: false\n  xy: 1496, 17\n  size: 87, 92\n  orig: 87, 92\n  offset: 0, 0\n  index: -1\nChuS\n  rotate: true\n  xy: 623, 2\n  size: 64, 72\n  orig: 64, 72\n  offset: 0, 0\n  index: -1\nDauB1\n  rotate: false\n  xy: 1914, 79\n  size: 85, 114\n  orig: 85, 114\n  offset: 0, 0\n  index: -1\nDauG2\n  rotate: false\n  xy: 1071, 20\n  size: 84, 100\n  orig: 84, 100\n  offset: 0, 0\n  index: -1\nEffect\n  rotate: true\n  xy: 2, 2\n  size: 376, 389\n  orig: 376, 389\n  offset: 0, 0\n  index: -1\nLogo\n  rotate: true\n  xy: 535, 6\n  size: 76, 86\n  orig: 76, 87\n  offset: 0, 1\n  index: -1\nLua\n  rotate: true\n  xy: 1363, 5\n  size: 104, 131\n  orig: 216, 203\n  offset: 41, 36\n  index: -1\nMask\n  rotate: false\n  xy: 1438, 152\n  size: 256, 226\n  orig: 256, 226\n  offset: 0, 0\n  index: -1\nMatNham\n  rotate: false\n  xy: 1496, 2\n  size: 17, 13\n  orig: 17, 13\n  offset: 0, 0\n  index: -1\nMoiRaMat\n  rotate: false\n  xy: 1438, 111\n  size: 173, 39\n  orig: 173, 39\n  offset: 0, 0\n  index: -1\nNen\n  rotate: false\n  xy: 393, 84\n  size: 293, 36\n  orig: 293, 36\n  offset: 0, 0\n  index: -1\nTayB1\n  rotate: true\n  xy: 393, 2\n  size: 80, 140\n  orig: 80, 140\n  offset: 0, 0\n  index: -1\nThanB1\n  rotate: false\n  xy: 1192, 133\n  size: 244, 245\n  orig: 244, 245\n  offset: 0, 0\n  index: -1\nThanDuoiG2\n  rotate: true\n  xy: 888, 10\n  size: 110, 181\n  orig: 110, 181\n  offset: 0, 0\n  index: -1\nThanTrenG1\n  rotate: true\n  xy: 1696, 28\n  size: 165, 216\n  orig: 165, 216\n  offset: 0, 0\n  index: -1\nThanTrenG2\n  rotate: true\n  xy: 1696, 195\n  size: 183, 241\n  orig: 183, 241\n  offset: 0, 0\n  index: -1\nThao\n  rotate: false\n  xy: 697, 23\n  size: 157, 43\n  orig: 157, 43\n  offset: 0, 0\n  index: -1\nThe\n  rotate: true\n  xy: 1939, 258\n  size: 120, 60\n  orig: 120, 60\n  offset: 0, 0\n  index: -1\nTheThao\n  rotate: false\n  xy: 688, 68\n  size: 198, 52\n  orig: 198, 52\n  offset: 0, 0\n  index: -1\n","textures":[{"__uuid__":"5fXSlAbzxGWrsrlFzal0LG"}],"textureNames":["Go-BannerGameTheThao.png"]}