{"__type__":"dragonBones.DragonBonesAtlasAsset","_name":"effect_frame_C_1_tex","_atlasJson":"{\"width\":512,\"SubTexture\":[{\"width\":148,\"y\":308,\"height\":148,\"name\":\"1-1\",\"x\":1},{\"frameWidth\":78,\"y\":353,\"frameHeight\":78,\"frameY\":-38,\"width\":1,\"frameX\":-75,\"height\":2,\"name\":\"y1-1_00011\",\"x\":193},{\"frameWidth\":78,\"y\":293,\"frameHeight\":78,\"frameY\":-6,\"width\":13,\"frameX\":-21,\"height\":66,\"name\":\"y1-1_00004\",\"x\":241},{\"frameWidth\":78,\"y\":365,\"frameHeight\":78,\"frameY\":-14,\"width\":13,\"frameX\":-59,\"height\":50,\"name\":\"y1-1_00009\",\"x\":151},{\"frameWidth\":78,\"y\":458,\"frameHeight\":78,\"frameY\":-23,\"width\":10,\"frameX\":-67,\"height\":32,\"name\":\"y1-1_00010\",\"x\":1},{\"frameWidth\":78,\"y\":358,\"frameHeight\":78,\"frameY\":-14,\"width\":13,\"frameX\":-6,\"height\":50,\"name\":\"y1-1_00002\",\"x\":166},{\"frameWidth\":78,\"y\":151,\"frameHeight\":78,\"frameY\":-1,\"width\":13,\"frameX\":-29,\"height\":76,\"name\":\"y1-1_00005\",\"x\":166},{\"frameWidth\":78,\"y\":357,\"frameHeight\":78,\"frameY\":-23,\"width\":10,\"frameX\":-1,\"height\":32,\"name\":\"y1-1_00001\",\"x\":211},{\"frameWidth\":78,\"y\":151,\"frameHeight\":78,\"frameY\":-1,\"width\":13,\"frameX\":-36,\"height\":76,\"name\":\"y1-1_00006\",\"x\":196},{\"frameWidth\":78,\"y\":417,\"frameHeight\":78,\"frameY\":-38,\"width\":1,\"frameX\":-2,\"height\":2,\"name\":\"y1-1_00000\",\"x\":163},{\"frameWidth\":78,\"y\":296,\"frameHeight\":78,\"frameY\":-9,\"width\":13,\"frameX\":-13,\"height\":60,\"name\":\"y1-1_00003\",\"x\":166},{\"frameWidth\":78,\"y\":297,\"frameHeight\":78,\"frameY\":-6,\"width\":13,\"frameX\":-44,\"height\":66,\"name\":\"y1-1_00007\",\"x\":151},{\"frameWidth\":78,\"y\":291,\"frameHeight\":78,\"frameY\":-9,\"width\":13,\"frameX\":-52,\"height\":60,\"name\":\"y1-1_00008\",\"x\":181},{\"width\":148,\"y\":1,\"height\":152,\"name\":\"1-2\",\"x\":1},{\"frameWidth\":78,\"y\":81,\"frameHeight\":78,\"frameY\":0,\"width\":13,\"frameX\":-29,\"height\":77,\"name\":\"y1-2_00005\",\"x\":301},{\"frameWidth\":78,\"y\":458,\"frameHeight\":78,\"frameY\":-22,\"width\":10,\"frameX\":-67,\"height\":32,\"name\":\"y1-2_00010\",\"x\":13},{\"frameWidth\":78,\"y\":353,\"frameHeight\":78,\"frameY\":-37,\"width\":2,\"frameX\":-1,\"height\":2,\"name\":\"y1-2_00000\",\"x\":181},{\"frameWidth\":78,\"y\":291,\"frameHeight\":78,\"frameY\":-13,\"width\":13,\"frameX\":-59,\"height\":58,\"name\":\"y1-2_00009\",\"x\":196},{\"frameWidth\":78,\"y\":353,\"frameHeight\":78,\"frameY\":-37,\"width\":2,\"frameX\":-75,\"height\":2,\"name\":\"y1-2_00011\",\"x\":185},{\"frameWidth\":78,\"y\":223,\"frameHeight\":78,\"frameY\":-5,\"width\":13,\"frameX\":-44,\"height\":69,\"name\":\"y1-2_00007\",\"x\":256},{\"frameWidth\":78,\"y\":458,\"frameHeight\":78,\"frameY\":-22,\"width\":10,\"frameX\":-1,\"height\":32,\"name\":\"y1-2_00001\",\"x\":37},{\"frameWidth\":78,\"y\":229,\"frameHeight\":78,\"frameY\":-8,\"width\":13,\"frameX\":-13,\"height\":65,\"name\":\"y1-2_00003\",\"x\":166},{\"frameWidth\":78,\"y\":357,\"frameHeight\":78,\"frameY\":-13,\"width\":13,\"frameX\":-6,\"height\":57,\"name\":\"y1-2_00002\",\"x\":181},{\"frameWidth\":78,\"y\":151,\"frameHeight\":78,\"frameY\":-5,\"width\":13,\"frameX\":-21,\"height\":69,\"name\":\"y1-2_00004\",\"x\":271},{\"frameWidth\":78,\"y\":1,\"frameHeight\":78,\"frameY\":0,\"width\":13,\"frameX\":-36,\"height\":78,\"name\":\"y1-2_00006\",\"x\":301},{\"frameWidth\":78,\"y\":296,\"frameHeight\":78,\"frameY\":-8,\"width\":13,\"frameX\":-52,\"height\":66,\"name\":\"y1-2_00008\",\"x\":226},{\"width\":148,\"y\":1,\"height\":148,\"name\":\"1-3\",\"x\":151},{\"frameWidth\":78,\"y\":297,\"frameHeight\":78,\"frameY\":-14,\"width\":13,\"frameX\":-6,\"height\":58,\"name\":\"y1-3_00002\",\"x\":211},{\"frameWidth\":78,\"y\":224,\"frameHeight\":78,\"frameY\":-9,\"width\":13,\"frameX\":-52,\"height\":67,\"name\":\"y1-3_00008\",\"x\":241},{\"frameWidth\":78,\"y\":228,\"frameHeight\":78,\"frameY\":-9,\"width\":13,\"frameX\":-13,\"height\":67,\"name\":\"y1-3_00003\",\"x\":211},{\"frameWidth\":78,\"y\":458,\"frameHeight\":78,\"frameY\":-23,\"width\":10,\"frameX\":-67,\"height\":32,\"name\":\"y1-3_00010\",\"x\":25},{\"frameWidth\":78,\"y\":151,\"frameHeight\":78,\"frameY\":-1,\"width\":13,\"frameX\":-29,\"height\":75,\"name\":\"y1-3_00005\",\"x\":226},{\"frameWidth\":78,\"y\":458,\"frameHeight\":78,\"frameY\":-23,\"width\":10,\"frameX\":-1,\"height\":32,\"name\":\"y1-3_00001\",\"x\":49},{\"frameWidth\":78,\"y\":151,\"frameHeight\":78,\"frameY\":-6,\"width\":13,\"frameX\":-21,\"height\":71,\"name\":\"y1-3_00004\",\"x\":241},{\"frameWidth\":78,\"y\":458,\"frameHeight\":78,\"frameY\":-38,\"width\":2,\"frameX\":-75,\"height\":2,\"name\":\"y1-3_00011\",\"x\":61},{\"frameWidth\":78,\"y\":353,\"frameHeight\":78,\"frameY\":-38,\"width\":2,\"frameX\":-1,\"height\":2,\"name\":\"y1-3_00000\",\"x\":189},{\"frameWidth\":78,\"y\":351,\"frameHeight\":78,\"frameY\":-14,\"width\":13,\"frameX\":-59,\"height\":57,\"name\":\"y1-3_00009\",\"x\":196},{\"frameWidth\":78,\"y\":151,\"frameHeight\":78,\"frameY\":-1,\"width\":13,\"frameX\":-36,\"height\":75,\"name\":\"y1-3_00006\",\"x\":211},{\"frameWidth\":78,\"y\":151,\"frameHeight\":78,\"frameY\":-6,\"width\":13,\"frameX\":-44,\"height\":70,\"name\":\"y1-3_00007\",\"x\":256},{\"width\":148,\"y\":155,\"height\":151,\"name\":\"1-4\",\"x\":1},{\"frameWidth\":78,\"y\":229,\"frameHeight\":78,\"frameY\":-9,\"width\":13,\"frameX\":-13,\"height\":66,\"name\":\"y1-4_00003\",\"x\":151},{\"frameWidth\":78,\"y\":458,\"frameHeight\":78,\"frameY\":-38,\"width\":2,\"frameX\":-75,\"height\":2,\"name\":\"y1-4_00011\",\"x\":65},{\"frameWidth\":78,\"y\":151,\"frameHeight\":78,\"frameY\":-1,\"width\":13,\"frameX\":-36,\"height\":76,\"name\":\"y1-4_00006\",\"x\":181},{\"frameWidth\":78,\"y\":151,\"frameHeight\":78,\"frameY\":-6,\"width\":13,\"frameX\":-44,\"height\":69,\"name\":\"y1-4_00007\",\"x\":286},{\"frameWidth\":78,\"y\":151,\"frameHeight\":78,\"frameY\":-1,\"width\":13,\"frameX\":-29,\"height\":76,\"name\":\"y1-4_00005\",\"x\":151},{\"frameWidth\":78,\"y\":222,\"frameHeight\":78,\"frameY\":-6,\"width\":13,\"frameX\":-21,\"height\":69,\"name\":\"y1-4_00004\",\"x\":271},{\"frameWidth\":78,\"y\":229,\"frameHeight\":78,\"frameY\":-14,\"width\":13,\"frameX\":-59,\"height\":60,\"name\":\"y1-4_00009\",\"x\":181},{\"frameWidth\":78,\"y\":229,\"frameHeight\":78,\"frameY\":-14,\"width\":13,\"frameX\":-6,\"height\":60,\"name\":\"y1-4_00002\",\"x\":196},{\"frameWidth\":78,\"y\":228,\"frameHeight\":78,\"frameY\":-9,\"width\":13,\"frameX\":-52,\"height\":66,\"name\":\"y1-4_00008\",\"x\":226},{\"frameWidth\":78,\"y\":462,\"frameHeight\":78,\"frameY\":-38,\"width\":2,\"frameX\":-1,\"height\":2,\"name\":\"y1-4_00000\",\"x\":61},{\"frameWidth\":78,\"y\":410,\"frameHeight\":78,\"frameY\":-23,\"width\":10,\"frameX\":-67,\"height\":46,\"name\":\"y1-4_00010\",\"x\":166},{\"frameWidth\":78,\"y\":417,\"frameHeight\":78,\"frameY\":-23,\"width\":10,\"frameX\":-1,\"height\":46,\"name\":\"y1-4_00001\",\"x\":151}],\"imagePath\":\"effect_frame_C_1_tex.png\",\"name\":\"effect_frame_C_1\",\"height\":512}","_texture":{"__uuid__":"b2aBzxJ0FL86zWHNcC44R3"},"texture":{"__uuid__":"b2aBzxJ0FL86zWHNcC44R3"}}