{"__type__":"sp.SkeletonData","_name":"avenger_bg_jackpot","_skeletonJson":{"skeleton":{"hash":"74NgDgmfhZTGaDJDc8OI8LCDMIo","spine":"3.6.53","width":684,"height":387,"images":"./FIX SIZE/"},"bones":[{"name":"root"}],"slots":[{"name":"TOP_BOARD","bone":"root","attachment":"TOP_BOARD"},{"name":"EFFECT","bone":"root","attachment":"1","blend":"additive"}],"skins":{"default":{"EFFECT":{"1":{"width":684,"height":387},"2":{"width":684,"height":387},"3":{"width":684,"height":387},"4":{"width":684,"height":387},"5":{"width":684,"height":387},"6":{"width":684,"height":387},"7":{"width":684,"height":387},"8":{"width":684,"height":387},"9":{"width":684,"height":387},"10":{"width":684,"height":387},"11":{"width":684,"height":387},"12":{"width":684,"height":387},"13":{"width":684,"height":387},"14":{"width":684,"height":387},"15":{"width":684,"height":387},"16":{"width":684,"height":387},"17":{"width":684,"height":387},"18":{"width":684,"height":387},"19":{"width":684,"height":387},"20":{"width":684,"height":387},"21":{"width":684,"height":387},"22":{"width":684,"height":387},"23":{"width":684,"height":387},"24":{"width":684,"height":387},"25":{"width":684,"height":387},"26":{"width":684,"height":387},"27":{"width":684,"height":387},"28":{"width":684,"height":387},"29":{"width":684,"height":387},"30":{"width":684,"height":387},"31":{"width":684,"height":387},"32":{"width":684,"height":387},"33":{"width":684,"height":387},"34":{"width":684,"height":387},"35":{"width":684,"height":387},"36":{"width":684,"height":387},"37":{"width":684,"height":387}},"TOP_BOARD":{"TOP_BOARD":{"width":441,"height":105}}}},"animations":{"avenger_bg_jackpot":{"slots":{"EFFECT":{"attachment":[{"time":0,"name":"1"},{"time":0.0333,"name":"2"},{"time":0.0667,"name":"3"},{"time":0.1,"name":"4"},{"time":0.1333,"name":"5"},{"time":0.1667,"name":"6"},{"time":0.2,"name":"7"},{"time":0.2333,"name":"8"},{"time":0.2667,"name":"9"},{"time":0.3,"name":"10"},{"time":0.3333,"name":"11"},{"time":0.3667,"name":"12"},{"time":0.4,"name":"13"},{"time":0.4333,"name":"14"},{"time":0.4667,"name":"15"},{"time":0.5,"name":"16"},{"time":0.5333,"name":"17"},{"time":0.5667,"name":"18"},{"time":0.6,"name":"19"},{"time":0.6333,"name":"20"},{"time":0.6667,"name":"21"},{"time":0.7,"name":"22"},{"time":0.7333,"name":"23"},{"time":0.7667,"name":"24"},{"time":0.8,"name":"25"},{"time":0.8333,"name":"26"},{"time":0.8667,"name":"27"},{"time":0.9,"name":"28"},{"time":0.9333,"name":"29"},{"time":0.9667,"name":"30"},{"time":1,"name":"31"},{"time":1.0333,"name":"32"},{"time":1.0667,"name":"33"},{"time":1.1,"name":"34"},{"time":1.1333,"name":"35"},{"time":1.1667,"name":"36"},{"time":1.2,"name":"37"}]}}}}},"_atlasText":"\nskeleton.png\nsize: 688,391\nformat: RGBA8888\nfilter: Linear,Linear\nrepeat: none\n1\n  rotate: false\n  xy: 2, 2\n  size: 684, 387\n  orig: 684, 387\n  offset: 0, 0\n  index: -1\n\nskeleton2.png\nsize: 688,391\nformat: RGBA8888\nfilter: Linear,Linear\nrepeat: none\n2\n  rotate: false\n  xy: 2, 2\n  size: 684, 387\n  orig: 684, 387\n  offset: 0, 0\n  index: -1\n\nskeleton3.png\nsize: 688,391\nformat: RGBA8888\nfilter: Linear,Linear\nrepeat: none\n3\n  rotate: false\n  xy: 2, 2\n  size: 684, 387\n  orig: 684, 387\n  offset: 0, 0\n  index: -1\n\nskeleton4.png\nsize: 688,391\nformat: RGBA8888\nfilter: Linear,Linear\nrepeat: none\n4\n  rotate: false\n  xy: 2, 2\n  size: 684, 387\n  orig: 684, 387\n  offset: 0, 0\n  index: -1\n\nskeleton5.png\nsize: 688,391\nformat: RGBA8888\nfilter: Linear,Linear\nrepeat: none\n5\n  rotate: false\n  xy: 2, 2\n  size: 684, 387\n  orig: 684, 387\n  offset: 0, 0\n  index: -1\n\nskeleton6.png\nsize: 688,391\nformat: RGBA8888\nfilter: Linear,Linear\nrepeat: none\n6\n  rotate: false\n  xy: 2, 2\n  size: 684, 387\n  orig: 684, 387\n  offset: 0, 0\n  index: -1\n\nskeleton7.png\nsize: 688,391\nformat: RGBA8888\nfilter: Linear,Linear\nrepeat: none\n7\n  rotate: false\n  xy: 2, 2\n  size: 684, 387\n  orig: 684, 387\n  offset: 0, 0\n  index: -1\n\nskeleton8.png\nsize: 688,391\nformat: RGBA8888\nfilter: Linear,Linear\nrepeat: none\n8\n  rotate: false\n  xy: 2, 2\n  size: 684, 387\n  orig: 684, 387\n  offset: 0, 0\n  index: -1\n\nskeleton9.png\nsize: 688,391\nformat: RGBA8888\nfilter: Linear,Linear\nrepeat: none\n10\n  rotate: false\n  xy: 2, 2\n  size: 684, 387\n  orig: 684, 387\n  offset: 0, 0\n  index: -1\n\nskeleton10.png\nsize: 688,391\nformat: RGBA8888\nfilter: Linear,Linear\nrepeat: none\n11\n  rotate: false\n  xy: 2, 2\n  size: 684, 387\n  orig: 684, 387\n  offset: 0, 0\n  index: -1\n\nskeleton11.png\nsize: 688,391\nformat: RGBA8888\nfilter: Linear,Linear\nrepeat: none\n12\n  rotate: false\n  xy: 2, 2\n  size: 684, 387\n  orig: 684, 387\n  offset: 0, 0\n  index: -1\n\nskeleton12.png\nsize: 688,391\nformat: RGBA8888\nfilter: Linear,Linear\nrepeat: none\n13\n  rotate: false\n  xy: 2, 2\n  size: 684, 387\n  orig: 684, 387\n  offset: 0, 0\n  index: -1\n\nskeleton13.png\nsize: 688,391\nformat: RGBA8888\nfilter: Linear,Linear\nrepeat: none\n14\n  rotate: false\n  xy: 2, 2\n  size: 684, 387\n  orig: 684, 387\n  offset: 0, 0\n  index: -1\n\nskeleton14.png\nsize: 688,391\nformat: RGBA8888\nfilter: Linear,Linear\nrepeat: none\n15\n  rotate: false\n  xy: 2, 2\n  size: 684, 387\n  orig: 684, 387\n  offset: 0, 0\n  index: -1\n\nskeleton15.png\nsize: 688,391\nformat: RGBA8888\nfilter: Linear,Linear\nrepeat: none\n16\n  rotate: false\n  xy: 2, 2\n  size: 684, 387\n  orig: 684, 387\n  offset: 0, 0\n  index: -1\n\nskeleton16.png\nsize: 688,391\nformat: RGBA8888\nfilter: Linear,Linear\nrepeat: none\n17\n  rotate: false\n  xy: 2, 2\n  size: 684, 387\n  orig: 684, 387\n  offset: 0, 0\n  index: -1\n\nskeleton17.png\nsize: 688,391\nformat: RGBA8888\nfilter: Linear,Linear\nrepeat: none\n18\n  rotate: false\n  xy: 2, 2\n  size: 684, 387\n  orig: 684, 387\n  offset: 0, 0\n  index: -1\n\nskeleton18.png\nsize: 688,391\nformat: RGBA8888\nfilter: Linear,Linear\nrepeat: none\n19\n  rotate: false\n  xy: 2, 2\n  size: 684, 387\n  orig: 684, 387\n  offset: 0, 0\n  index: -1\n\nskeleton19.png\nsize: 688,391\nformat: RGBA8888\nfilter: Linear,Linear\nrepeat: none\n20\n  rotate: false\n  xy: 2, 2\n  size: 684, 387\n  orig: 684, 387\n  offset: 0, 0\n  index: -1\n\nskeleton20.png\nsize: 688,391\nformat: RGBA8888\nfilter: Linear,Linear\nrepeat: none\n21\n  rotate: false\n  xy: 2, 2\n  size: 684, 387\n  orig: 684, 387\n  offset: 0, 0\n  index: -1\n\nskeleton21.png\nsize: 688,391\nformat: RGBA8888\nfilter: Linear,Linear\nrepeat: none\n22\n  rotate: false\n  xy: 2, 2\n  size: 684, 387\n  orig: 684, 387\n  offset: 0, 0\n  index: -1\n\nskeleton22.png\nsize: 688,391\nformat: RGBA8888\nfilter: Linear,Linear\nrepeat: none\n23\n  rotate: false\n  xy: 2, 2\n  size: 684, 387\n  orig: 684, 387\n  offset: 0, 0\n  index: -1\n\nskeleton23.png\nsize: 688,391\nformat: RGBA8888\nfilter: Linear,Linear\nrepeat: none\n24\n  rotate: false\n  xy: 2, 2\n  size: 684, 387\n  orig: 684, 387\n  offset: 0, 0\n  index: -1\n\nskeleton24.png\nsize: 688,391\nformat: RGBA8888\nfilter: Linear,Linear\nrepeat: none\n25\n  rotate: false\n  xy: 2, 2\n  size: 684, 387\n  orig: 684, 387\n  offset: 0, 0\n  index: -1\n\nskeleton25.png\nsize: 688,391\nformat: RGBA8888\nfilter: Linear,Linear\nrepeat: none\n26\n  rotate: false\n  xy: 2, 2\n  size: 684, 387\n  orig: 684, 387\n  offset: 0, 0\n  index: -1\n\nskeleton26.png\nsize: 688,391\nformat: RGBA8888\nfilter: Linear,Linear\nrepeat: none\n27\n  rotate: false\n  xy: 2, 2\n  size: 684, 387\n  orig: 684, 387\n  offset: 0, 0\n  index: -1\n\nskeleton27.png\nsize: 688,391\nformat: RGBA8888\nfilter: Linear,Linear\nrepeat: none\n28\n  rotate: false\n  xy: 2, 2\n  size: 684, 387\n  orig: 684, 387\n  offset: 0, 0\n  index: -1\n\nskeleton28.png\nsize: 688,391\nformat: RGBA8888\nfilter: Linear,Linear\nrepeat: none\n29\n  rotate: false\n  xy: 2, 2\n  size: 684, 387\n  orig: 684, 387\n  offset: 0, 0\n  index: -1\n\nskeleton29.png\nsize: 688,391\nformat: RGBA8888\nfilter: Linear,Linear\nrepeat: none\n30\n  rotate: false\n  xy: 2, 2\n  size: 684, 387\n  orig: 684, 387\n  offset: 0, 0\n  index: -1\n\nskeleton30.png\nsize: 688,391\nformat: RGBA8888\nfilter: Linear,Linear\nrepeat: none\n31\n  rotate: false\n  xy: 2, 2\n  size: 684, 387\n  orig: 684, 387\n  offset: 0, 0\n  index: -1\n\nskeleton31.png\nsize: 688,391\nformat: RGBA8888\nfilter: Linear,Linear\nrepeat: none\n32\n  rotate: false\n  xy: 2, 2\n  size: 684, 387\n  orig: 684, 387\n  offset: 0, 0\n  index: -1\n\nskeleton32.png\nsize: 688,391\nformat: RGBA8888\nfilter: Linear,Linear\nrepeat: none\n33\n  rotate: false\n  xy: 2, 2\n  size: 684, 387\n  orig: 684, 387\n  offset: 0, 0\n  index: -1\n\nskeleton33.png\nsize: 688,391\nformat: RGBA8888\nfilter: Linear,Linear\nrepeat: none\n34\n  rotate: false\n  xy: 2, 2\n  size: 684, 387\n  orig: 684, 387\n  offset: 0, 0\n  index: -1\n\nskeleton34.png\nsize: 688,391\nformat: RGBA8888\nfilter: Linear,Linear\nrepeat: none\n35\n  rotate: false\n  xy: 2, 2\n  size: 684, 387\n  orig: 684, 387\n  offset: 0, 0\n  index: -1\n\nskeleton35.png\nsize: 688,391\nformat: RGBA8888\nfilter: Linear,Linear\nrepeat: none\n36\n  rotate: false\n  xy: 2, 2\n  size: 684, 387\n  orig: 684, 387\n  offset: 0, 0\n  index: -1\n\nskeleton36.png\nsize: 688,391\nformat: RGBA8888\nfilter: Linear,Linear\nrepeat: none\n37\n  rotate: false\n  xy: 2, 2\n  size: 684, 387\n  orig: 684, 387\n  offset: 0, 0\n  index: -1\n\nskeleton37.png\nsize: 688,391\nformat: RGBA8888\nfilter: Linear,Linear\nrepeat: none\n9\n  rotate: false\n  xy: 2, 2\n  size: 684, 387\n  orig: 684, 387\n  offset: 0, 0\n  index: -1\n\nskeleton38.png\nsize: 445,109\nformat: RGBA8888\nfilter: Linear,Linear\nrepeat: none\nTOP_BOARD\n  rotate: false\n  xy: 2, 2\n  size: 441, 105\n  orig: 441, 105\n  offset: 0, 0\n  index: -1\n","textures":[{"__uuid__":"a6or4W5DhG2J4HsXjFrKzv"},{"__uuid__":"16adeULZdEIatpr6u+Qyp8"},{"__uuid__":"bb39X0Zs9E2IPLXY7U5I4s"},{"__uuid__":"c9sBWsHYlOSo0vbRP8Vh/s"},{"__uuid__":"e90fIxN4FP0IX7GfnVgNZi"},{"__uuid__":"1auvC6e2hFsZ54TInbGz2S"},{"__uuid__":"e9cTP9/5VI24omgIHMckVl"},{"__uuid__":"10DTEP3ktLpa623U9NllU0"},{"__uuid__":"99dB4EK2FLL4iY9LkALyAW"},{"__uuid__":"24qIIeXCJFOIDaNmHl/1QD"},{"__uuid__":"cb1WOx+o5IQKmaTZQl1cpp"},{"__uuid__":"c5o5KdhEpFJYm6gj2Y6JNb"},{"__uuid__":"1cM1snESFEcaYFmlCrw+Gw"},{"__uuid__":"b0mGBHxhdCILVlNrNc/vEk"},{"__uuid__":"b62p4mXXhNb5tmOq/rftl/"},{"__uuid__":"cdfNbxVLhB6LN4oQf78Bst"},{"__uuid__":"7051IMSMlKHrg6IzXaJj7U"},{"__uuid__":"06gdgRJvlJhbyLa3rDQ8re"},{"__uuid__":"8a1Ndmj05JSLQb8VMFqmFn"},{"__uuid__":"39A2MgPJRKGbUObAZxywpm"},{"__uuid__":"cc9BIvsK5FhKFKBf9R67qF"},{"__uuid__":"a8MBgasIVOarhH5qwLI4hM"},{"__uuid__":"30djZqU9FO7Ly3zQ2oCxYf"},{"__uuid__":"53RFrOFCBJIoh4arJRR8we"},{"__uuid__":"47cCc1liJBLb++Z3hQWaNl"},{"__uuid__":"1c+/MsSOtDKqPyfgg1qlk8"},{"__uuid__":"edFAjLO/JHgK/zPSdEFCWR"},{"__uuid__":"eejaBPcaFIbahBn2mnlSyr"},{"__uuid__":"92KifpIzlFDq39yYuGKmwx"},{"__uuid__":"0d0B5RLXhKWY/PRJ9IcQO1"},{"__uuid__":"0bb02dVmFOTLi3tTdayUqY"},{"__uuid__":"e9VksjPstA/5D43Zj645lE"},{"__uuid__":"82gFcpin9OZIOU3wPWaaJU"},{"__uuid__":"36c3TeVt9DF4sHJdPILXS5"},{"__uuid__":"5fV1RNEVZMMaOVzawmeqIO"},{"__uuid__":"4eabgMXX9A96JNGx+h6F+o"},{"__uuid__":"1ftHwwloNAjaIYU9H0lLgD"},{"__uuid__":"dfBtWXtXBIub6RTUswt7/V"}],"textureNames":["skeleton.png","skeleton2.png","skeleton3.png","skeleton4.png","skeleton5.png","skeleton6.png","skeleton7.png","skeleton8.png","skeleton9.png","skeleton10.png","skeleton11.png","skeleton12.png","skeleton13.png","skeleton14.png","skeleton15.png","skeleton16.png","skeleton17.png","skeleton18.png","skeleton19.png","skeleton20.png","skeleton21.png","skeleton22.png","skeleton23.png","skeleton24.png","skeleton25.png","skeleton26.png","skeleton27.png","skeleton28.png","skeleton29.png","skeleton30.png","skeleton31.png","skeleton32.png","skeleton33.png","skeleton34.png","skeleton35.png","skeleton36.png","skeleton37.png","skeleton38.png"]}