{"__type__":"sp.SkeletonData","_name":"skeleton","_skeletonJson":{"skeleton":{"hash":"P36yhdhxIiRI5x3tiD2cxVgjA6w","spine":"3.6.53","width":328.21,"height":222.86},"bones":[{"name":"Rong"},{"name":"01DauRong","parent":"Rong","y":2.64},{"name":"HamRong","parent":"01DauRong","rotation":-8.16,"x":17.94,"y":-27.11},{"name":"CauSang","parent":"HamRong","rotation":8.16,"x":77.92,"y":10.09},{"name":"ChanSau","parent":"Rong","x":67.78,"y":37.75},{"name":"DauTren","parent":"01DauRong"},{"name":"DenSau","parent":"HamRong","x":59.6,"y":11.79},{"name":"Luoi","parent":"HamRong","x":19,"y":9.83},{"name":"MaRong","parent":"Rong"},{"name":"ThanRong","parent":"Rong","x":-30.03,"y":-13.73},{"name":"XiKhoi","parent":"DauTren","rotation":-8.16,"x":122.11,"y":7.16}],"slots":[{"name":"ThanRong","bone":"ThanRong","attachment":"ThanRong"},{"name":"ChanSau","bone":"ChanSau","attachment":"ChanSau"},{"name":"MaRong","bone":"MaRong","attachment":"MaRong"},{"name":"BongDen","bone":"DenSau","attachment":"BongDen"},{"name":"LuoiRong","bone":"Luoi","attachment":"LuoiRong"},{"name":"Sequences/CauBe_00","bone":"CauSang","attachment":"Sequences/CauBe_00"},{"name":"Sequences/CauBe_01","bone":"CauSang","attachment":"Sequences/CauBe_01"},{"name":"Sequences/CauBe_02","bone":"CauSang","attachment":"Sequences/CauBe_02"},{"name":"Sequences/CauBe_03","bone":"CauSang","attachment":"Sequences/CauBe_03"},{"name":"Sequences/CauBe_04","bone":"CauSang","attachment":"Sequences/CauBe_04"},{"name":"Sequences/CauBe_05","bone":"CauSang","attachment":"Sequences/CauBe_05"},{"name":"Sequences/CauBe_06","bone":"CauSang","attachment":"Sequences/CauBe_06"},{"name":"Sequences/CauBe_07","bone":"CauSang","attachment":"Sequences/CauBe_07"},{"name":"Sequences/CauBe_08","bone":"CauSang","attachment":"Sequences/CauBe_08"},{"name":"Sequences/CauBe_09","bone":"CauSang","attachment":"Sequences/CauBe_09"},{"name":"Sequences/CauBe_10","bone":"CauSang","attachment":"Sequences/CauBe_10"},{"name":"Sequences/CauBe_11","bone":"CauSang","attachment":"Sequences/CauBe_11"},{"name":"Sequences/CauBe_12","bone":"CauSang","attachment":"Sequences/CauBe_12"},{"name":"Sequences/CauBe_13","bone":"CauSang","attachment":"Sequences/CauBe_13"},{"name":"Sequences/CauBe_14","bone":"CauSang","attachment":"Sequences/CauBe_14"},{"name":"Sequences/CauBe_15","bone":"CauSang","attachment":"Sequences/CauBe_15"},{"name":"Sequences/CauBe_16","bone":"CauSang","attachment":"Sequences/CauBe_16"},{"name":"Sequences/CauBe_17","bone":"CauSang","attachment":"Sequences/CauBe_17"},{"name":"Sequences/CauBe_18","bone":"CauSang","attachment":"Sequences/CauBe_18"},{"name":"Sequences/CauBe_19","bone":"CauSang","attachment":"Sequences/CauBe_19"},{"name":"Sequences/CauBe_20","bone":"CauSang","attachment":"Sequences/CauBe_20"},{"name":"HamRang","bone":"HamRong","attachment":"HamRang"},{"name":"DauRong","bone":"DauTren","attachment":"DauRong"},{"name":"KhoiMui/KhoiMui_00","bone":"XiKhoi","attachment":"KhoiMui/KhoiMui_00"},{"name":"KhoiMui/KhoiMui_01","bone":"XiKhoi","attachment":"KhoiMui/KhoiMui_01"},{"name":"KhoiMui/KhoiMui_02","bone":"XiKhoi","attachment":"KhoiMui/KhoiMui_02"},{"name":"KhoiMui/KhoiMui_03","bone":"XiKhoi","attachment":"KhoiMui/KhoiMui_03"},{"name":"KhoiMui/KhoiMui_04","bone":"XiKhoi","attachment":"KhoiMui/KhoiMui_04"},{"name":"KhoiMui/KhoiMui_05","bone":"XiKhoi","attachment":"KhoiMui/KhoiMui_05"},{"name":"KhoiMui/KhoiMui_06","bone":"XiKhoi","attachment":"KhoiMui/KhoiMui_06"},{"name":"KhoiMui/KhoiMui_07","bone":"XiKhoi","attachment":"KhoiMui/KhoiMui_07"},{"name":"KhoiMui/KhoiMui_08","bone":"XiKhoi","attachment":"KhoiMui/KhoiMui_08"},{"name":"KhoiMui/KhoiMui_09","bone":"XiKhoi","attachment":"KhoiMui/KhoiMui_09"},{"name":"KhoiMui/KhoiMui_10","bone":"XiKhoi","attachment":"KhoiMui/KhoiMui_10"},{"name":"KhoiMui/KhoiMui_11","bone":"XiKhoi","attachment":"KhoiMui/KhoiMui_11"},{"name":"KhoiMui/KhoiMui_12","bone":"XiKhoi","attachment":"KhoiMui/KhoiMui_12"},{"name":"KhoiMui/KhoiMui_13","bone":"XiKhoi","attachment":"KhoiMui/KhoiMui_13"},{"name":"KhoiMui/KhoiMui_14","bone":"XiKhoi","attachment":"KhoiMui/KhoiMui_14"},{"name":"KhoiMui/KhoiMui_15","bone":"XiKhoi","attachment":"KhoiMui/KhoiMui_15"},{"name":"KhoiMui/KhoiMui_16","bone":"XiKhoi","attachment":"KhoiMui/KhoiMui_16"},{"name":"KhoiMui/KhoiMui_17","bone":"XiKhoi","attachment":"KhoiMui/KhoiMui_17"},{"name":"KhoiMui/KhoiMui_18","bone":"XiKhoi","attachment":"KhoiMui/KhoiMui_18"},{"name":"KhoiMui/KhoiMui_19","bone":"XiKhoi","attachment":"KhoiMui/KhoiMui_19"},{"name":"KhoiMui/KhoiMui_20","bone":"XiKhoi","attachment":"KhoiMui/KhoiMui_20"},{"name":"KhoiMui/KhoiMui_21","bone":"XiKhoi","attachment":"KhoiMui/KhoiMui_21"},{"name":"KhoiMui/KhoiMui_22","bone":"XiKhoi","attachment":"KhoiMui/KhoiMui_22"},{"name":"KhoiMui/KhoiMui_23","bone":"XiKhoi","attachment":"KhoiMui/KhoiMui_23"},{"name":"KhoiMui/KhoiMui_24","bone":"XiKhoi","attachment":"KhoiMui/KhoiMui_24"},{"name":"KhoiMui/KhoiMui_25","bone":"XiKhoi","attachment":"KhoiMui/KhoiMui_25"},{"name":"KhoiMui/KhoiMui_26","bone":"XiKhoi","attachment":"KhoiMui/KhoiMui_26"},{"name":"KhoiMui/KhoiMui_27","bone":"XiKhoi","attachment":"KhoiMui/KhoiMui_27"},{"name":"KhoiMui/KhoiMui_28","bone":"XiKhoi","attachment":"KhoiMui/KhoiMui_28"},{"name":"KhoiMui/KhoiMui_29","bone":"XiKhoi","attachment":"KhoiMui/KhoiMui_29"}],"skins":{"default":{"BongDen":{"BongDen":{"width":105,"height":48}},"ChanSau":{"ChanSau":{"width":116,"height":80}},"DauRong":{"DauRong":{"x":54,"y":32,"width":189,"height":153}},"HamRang":{"HamRang":{"x":49.78,"y":-12.44,"width":134,"height":88}},"KhoiMui/KhoiMui_00":{"KhoiMui/KhoiMui_00":{"x":38.14,"y":5.47,"width":100,"height":50}},"KhoiMui/KhoiMui_01":{"KhoiMui/KhoiMui_01":{"x":38.14,"y":5.47,"width":100,"height":50}},"KhoiMui/KhoiMui_02":{"KhoiMui/KhoiMui_02":{"x":38.14,"y":5.47,"width":100,"height":50}},"KhoiMui/KhoiMui_03":{"KhoiMui/KhoiMui_03":{"x":38.14,"y":5.47,"width":100,"height":50}},"KhoiMui/KhoiMui_04":{"KhoiMui/KhoiMui_04":{"x":38.14,"y":5.47,"width":100,"height":50}},"KhoiMui/KhoiMui_05":{"KhoiMui/KhoiMui_05":{"x":38.14,"y":5.47,"width":100,"height":50}},"KhoiMui/KhoiMui_06":{"KhoiMui/KhoiMui_06":{"x":38.14,"y":5.47,"width":100,"height":50}},"KhoiMui/KhoiMui_07":{"KhoiMui/KhoiMui_07":{"x":38.14,"y":5.47,"width":100,"height":50}},"KhoiMui/KhoiMui_08":{"KhoiMui/KhoiMui_08":{"x":38.14,"y":5.47,"width":100,"height":50}},"KhoiMui/KhoiMui_09":{"KhoiMui/KhoiMui_09":{"x":38.14,"y":5.47,"width":100,"height":50}},"KhoiMui/KhoiMui_10":{"KhoiMui/KhoiMui_10":{"x":38.14,"y":5.47,"width":100,"height":50}},"KhoiMui/KhoiMui_11":{"KhoiMui/KhoiMui_11":{"x":38.14,"y":5.47,"width":100,"height":50}},"KhoiMui/KhoiMui_12":{"KhoiMui/KhoiMui_12":{"x":38.14,"y":5.47,"width":100,"height":50}},"KhoiMui/KhoiMui_13":{"KhoiMui/KhoiMui_13":{"x":38.14,"y":5.47,"width":100,"height":50}},"KhoiMui/KhoiMui_14":{"KhoiMui/KhoiMui_14":{"x":38.14,"y":5.47,"width":100,"height":50}},"KhoiMui/KhoiMui_15":{"KhoiMui/KhoiMui_15":{"x":38.14,"y":5.47,"width":100,"height":50}},"KhoiMui/KhoiMui_16":{"KhoiMui/KhoiMui_16":{"x":38.14,"y":5.47,"width":100,"height":50}},"KhoiMui/KhoiMui_17":{"KhoiMui/KhoiMui_17":{"x":38.14,"y":5.47,"width":100,"height":50}},"KhoiMui/KhoiMui_18":{"KhoiMui/KhoiMui_18":{"x":38.14,"y":5.47,"width":100,"height":50}},"KhoiMui/KhoiMui_19":{"KhoiMui/KhoiMui_19":{"x":38.14,"y":5.47,"width":100,"height":50}},"KhoiMui/KhoiMui_20":{"KhoiMui/KhoiMui_20":{"x":38.14,"y":5.47,"width":100,"height":50}},"KhoiMui/KhoiMui_21":{"KhoiMui/KhoiMui_21":{"x":38.14,"y":5.47,"width":100,"height":50}},"KhoiMui/KhoiMui_22":{"KhoiMui/KhoiMui_22":{"x":38.14,"y":5.47,"width":100,"height":50}},"KhoiMui/KhoiMui_23":{"KhoiMui/KhoiMui_23":{"x":38.14,"y":5.47,"width":100,"height":50}},"KhoiMui/KhoiMui_24":{"KhoiMui/KhoiMui_24":{"x":38.14,"y":5.47,"width":100,"height":50}},"KhoiMui/KhoiMui_25":{"KhoiMui/KhoiMui_25":{"x":38.14,"y":5.47,"width":100,"height":50}},"KhoiMui/KhoiMui_26":{"KhoiMui/KhoiMui_26":{"x":38.14,"y":5.47,"width":100,"height":50}},"KhoiMui/KhoiMui_27":{"KhoiMui/KhoiMui_27":{"x":38.14,"y":5.47,"width":100,"height":50}},"KhoiMui/KhoiMui_28":{"KhoiMui/KhoiMui_28":{"x":38.14,"y":5.47,"width":100,"height":50}},"KhoiMui/KhoiMui_29":{"KhoiMui/KhoiMui_29":{"x":38.14,"y":5.47,"width":100,"height":50}},"LuoiRong":{"LuoiRong":{"x":36.68,"y":-8.51,"width":92,"height":30}},"MaRong":{"MaRong":{"x":-13.1,"y":12.44,"width":116,"height":135}},"Sequences/CauBe_00":{"Sequences/CauBe_00":{"x":-1.34,"y":2.97,"width":60,"height":60}},"Sequences/CauBe_01":{"Sequences/CauBe_01":{"x":-1.34,"y":2.97,"width":60,"height":60}},"Sequences/CauBe_02":{"Sequences/CauBe_02":{"x":-1.34,"y":2.97,"width":60,"height":60}},"Sequences/CauBe_03":{"Sequences/CauBe_03":{"x":-1.34,"y":2.97,"width":60,"height":60}},"Sequences/CauBe_04":{"Sequences/CauBe_04":{"x":-1.34,"y":2.97,"width":60,"height":60}},"Sequences/CauBe_05":{"Sequences/CauBe_05":{"x":-1.34,"y":2.97,"width":60,"height":60}},"Sequences/CauBe_06":{"Sequences/CauBe_06":{"x":-1.34,"y":2.97,"width":60,"height":60}},"Sequences/CauBe_07":{"Sequences/CauBe_07":{"x":-1.34,"y":2.97,"width":60,"height":60}},"Sequences/CauBe_08":{"Sequences/CauBe_08":{"x":-1.34,"y":2.97,"width":60,"height":60}},"Sequences/CauBe_09":{"Sequences/CauBe_09":{"x":-1.34,"y":2.97,"width":60,"height":60}},"Sequences/CauBe_10":{"Sequences/CauBe_10":{"x":-1.34,"y":2.97,"width":60,"height":60}},"Sequences/CauBe_11":{"Sequences/CauBe_11":{"x":-1.34,"y":2.97,"width":60,"height":60}},"Sequences/CauBe_12":{"Sequences/CauBe_12":{"x":-1.34,"y":2.97,"width":60,"height":60}},"Sequences/CauBe_13":{"Sequences/CauBe_13":{"x":-1.34,"y":2.97,"width":60,"height":60}},"Sequences/CauBe_14":{"Sequences/CauBe_14":{"x":-1.34,"y":2.97,"width":60,"height":60}},"Sequences/CauBe_15":{"Sequences/CauBe_15":{"x":-1.34,"y":2.97,"width":60,"height":60}},"Sequences/CauBe_16":{"Sequences/CauBe_16":{"x":-1.34,"y":2.97,"width":60,"height":60}},"Sequences/CauBe_17":{"Sequences/CauBe_17":{"x":-1.34,"y":2.97,"width":60,"height":60}},"Sequences/CauBe_18":{"Sequences/CauBe_18":{"x":-1.34,"y":2.97,"width":60,"height":60}},"Sequences/CauBe_19":{"Sequences/CauBe_19":{"x":-1.34,"y":2.97,"width":60,"height":60}},"Sequences/CauBe_20":{"Sequences/CauBe_20":{"x":-1.34,"y":2.97,"width":60,"height":60}},"ThanRong":{"ThanRong":{"type":"mesh","uvs":[1,0.31624,1,0.57452,1,1,0.52644,1,0,1,0,0.5395,0,0,0.2269,0,0.70921,0,1,0,0.58736,0.65331,0.83613,0.59203,0.87675,0.15427,0.14567,0.89845,0.67875,0.13676,0.18121,0.15865,0.36398,0.38628],"triangles":[14,7,8,12,8,9,14,8,12,15,6,7,15,7,14,12,9,0,16,15,14,5,6,15,5,15,16,11,12,0,11,14,12,1,11,0,10,16,14,11,10,14,13,5,16,13,16,10,4,5,13,3,13,10,4,13,3,11,1,2,10,11,2,3,10,2],"vertices":[84.5,36.02,84.5,-14.61,84.5,-98,4.47,-98,-84.5,-98,-84.5,-7.74,-84.5,98,-46.15,98,35.36,98,84.5,98,14.76,-30.05,56.81,-18.04,63.67,67.76,-59.88,-78.1,30.21,71.19,-53.88,66.9,-22.99,22.29],"hull":10}}}},"animations":{"RongCho":{"slots":{"KhoiMui/KhoiMui_00":{"color":[{"time":0,"color":"ffffff00","curve":"stepped"},{"time":0.3333,"color":"ffffff00"},{"time":0.3667,"color":"ffffffff"},{"time":0.4,"color":"ffffff00","curve":"stepped"},{"time":2.0667,"color":"ffffff00"}]},"KhoiMui/KhoiMui_01":{"color":[{"time":0,"color":"ffffff00","curve":"stepped"},{"time":0.3667,"color":"ffffff00"},{"time":0.4,"color":"ffffffff"},{"time":0.4333,"color":"ffffff00","curve":"stepped"},{"time":2.0667,"color":"ffffff00"}]},"KhoiMui/KhoiMui_02":{"color":[{"time":0,"color":"ffffff00","curve":"stepped"},{"time":0.4,"color":"ffffff00"},{"time":0.4333,"color":"ffffffff"},{"time":0.4667,"color":"ffffff00","curve":"stepped"},{"time":2.0667,"color":"ffffff00"}]},"KhoiMui/KhoiMui_03":{"color":[{"time":0,"color":"ffffff00","curve":"stepped"},{"time":0.4333,"color":"ffffff00"},{"time":0.4667,"color":"ffffffff"},{"time":0.5,"color":"ffffff00","curve":"stepped"},{"time":2.0667,"color":"ffffff00"}]},"KhoiMui/KhoiMui_04":{"color":[{"time":0,"color":"ffffff00","curve":"stepped"},{"time":0.4667,"color":"ffffff00"},{"time":0.5,"color":"ffffffff"},{"time":0.5333,"color":"ffffff00","curve":"stepped"},{"time":2.0667,"color":"ffffff00"}]},"KhoiMui/KhoiMui_05":{"color":[{"time":0,"color":"ffffff00","curve":"stepped"},{"time":0.5,"color":"ffffff00"},{"time":0.5333,"color":"ffffffff"},{"time":0.5667,"color":"ffffff00","curve":"stepped"},{"time":2.0667,"color":"ffffff00"}]},"KhoiMui/KhoiMui_06":{"color":[{"time":0,"color":"ffffff00","curve":"stepped"},{"time":0.5333,"color":"ffffff00"},{"time":0.5667,"color":"ffffffff"},{"time":0.6,"color":"ffffff00","curve":"stepped"},{"time":2.0667,"color":"ffffff00"}]},"KhoiMui/KhoiMui_07":{"color":[{"time":0,"color":"ffffff00","curve":"stepped"},{"time":0.5667,"color":"ffffff00"},{"time":0.6,"color":"ffffffff"},{"time":0.6333,"color":"ffffff00","curve":"stepped"},{"time":2.0667,"color":"ffffff00"}]},"KhoiMui/KhoiMui_08":{"color":[{"time":0,"color":"ffffff00","curve":"stepped"},{"time":0.6,"color":"ffffff00"},{"time":0.6333,"color":"ffffffff"},{"time":0.6667,"color":"ffffff00","curve":"stepped"},{"time":2.0667,"color":"ffffff00"}]},"KhoiMui/KhoiMui_09":{"color":[{"time":0,"color":"ffffff00","curve":"stepped"},{"time":0.6333,"color":"ffffff00"},{"time":0.6667,"color":"ffffffff"},{"time":0.7,"color":"ffffff00","curve":"stepped"},{"time":2.0667,"color":"ffffff00"}]},"KhoiMui/KhoiMui_10":{"color":[{"time":0,"color":"ffffff00","curve":"stepped"},{"time":0.6667,"color":"ffffff00"},{"time":0.7,"color":"ffffffff"},{"time":0.7333,"color":"ffffff00","curve":"stepped"},{"time":2.0667,"color":"ffffff00"}]},"KhoiMui/KhoiMui_11":{"color":[{"time":0,"color":"ffffff00","curve":"stepped"},{"time":0.7,"color":"ffffff00"},{"time":0.7333,"color":"ffffffff"},{"time":0.7667,"color":"ffffff00","curve":"stepped"},{"time":2.0667,"color":"ffffff00"}]},"KhoiMui/KhoiMui_12":{"color":[{"time":0,"color":"ffffff00","curve":"stepped"},{"time":0.7333,"color":"ffffff00"},{"time":0.7667,"color":"ffffffff"},{"time":0.8,"color":"ffffff00","curve":"stepped"},{"time":2.0667,"color":"ffffff00"}]},"KhoiMui/KhoiMui_13":{"color":[{"time":0,"color":"ffffff00","curve":"stepped"},{"time":0.7667,"color":"ffffff00"},{"time":0.8,"color":"ffffffff"},{"time":0.8333,"color":"ffffff00","curve":"stepped"},{"time":2.0667,"color":"ffffff00"}]},"KhoiMui/KhoiMui_14":{"color":[{"time":0,"color":"ffffff00","curve":"stepped"},{"time":0.8,"color":"ffffff00"},{"time":0.8333,"color":"ffffffff"},{"time":0.8667,"color":"ffffff00","curve":"stepped"},{"time":2.0667,"color":"ffffff00"}]},"KhoiMui/KhoiMui_15":{"color":[{"time":0,"color":"ffffff00","curve":"stepped"},{"time":0.8333,"color":"ffffff00"},{"time":0.8667,"color":"ffffffff"},{"time":0.9,"color":"ffffff00","curve":"stepped"},{"time":2.0667,"color":"ffffff00"}]},"KhoiMui/KhoiMui_16":{"color":[{"time":0,"color":"ffffff00","curve":"stepped"},{"time":0.8667,"color":"ffffff00"},{"time":0.9,"color":"ffffffff"},{"time":0.9333,"color":"ffffff00","curve":"stepped"},{"time":2.0667,"color":"ffffff00"}]},"KhoiMui/KhoiMui_17":{"color":[{"time":0,"color":"ffffff00","curve":"stepped"},{"time":0.9,"color":"ffffff00"},{"time":0.9333,"color":"ffffffff"},{"time":0.9667,"color":"ffffff00","curve":"stepped"},{"time":2.0667,"color":"ffffff00"}]},"KhoiMui/KhoiMui_18":{"color":[{"time":0,"color":"ffffff00","curve":"stepped"},{"time":0.9333,"color":"ffffff00"},{"time":0.9667,"color":"ffffffff"},{"time":1,"color":"ffffff00","curve":"stepped"},{"time":2.0667,"color":"ffffff00"}]},"KhoiMui/KhoiMui_19":{"color":[{"time":0,"color":"ffffff00","curve":"stepped"},{"time":0.9667,"color":"ffffff00"},{"time":1,"color":"ffffffff"},{"time":1.0333,"color":"ffffff00","curve":"stepped"},{"time":2.0667,"color":"ffffff00"}]},"KhoiMui/KhoiMui_20":{"color":[{"time":0,"color":"ffffff00","curve":"stepped"},{"time":1,"color":"ffffff00"},{"time":1.0333,"color":"ffffffff"},{"time":1.0667,"color":"ffffff00","curve":"stepped"},{"time":2.0667,"color":"ffffff00"}]},"KhoiMui/KhoiMui_21":{"color":[{"time":0,"color":"ffffff00","curve":"stepped"},{"time":1.0333,"color":"ffffff00"},{"time":1.0667,"color":"ffffffff"},{"time":1.1,"color":"ffffff00","curve":"stepped"},{"time":2.0667,"color":"ffffff00"}]},"KhoiMui/KhoiMui_22":{"color":[{"time":0,"color":"ffffff00","curve":"stepped"},{"time":1.0667,"color":"ffffff00"},{"time":1.1,"color":"ffffffff"},{"time":1.1333,"color":"ffffff00","curve":"stepped"},{"time":2.0667,"color":"ffffff00"}]},"KhoiMui/KhoiMui_23":{"color":[{"time":0,"color":"ffffff00","curve":"stepped"},{"time":1.1,"color":"ffffff00"},{"time":1.1333,"color":"ffffffff"},{"time":1.1667,"color":"ffffff00","curve":"stepped"},{"time":2.0667,"color":"ffffff00"}]},"KhoiMui/KhoiMui_24":{"color":[{"time":0,"color":"ffffff00","curve":"stepped"},{"time":1.1333,"color":"ffffff00"},{"time":1.1667,"color":"ffffffff"},{"time":1.2,"color":"ffffff00","curve":"stepped"},{"time":2.0667,"color":"ffffff00"}]},"KhoiMui/KhoiMui_25":{"color":[{"time":0,"color":"ffffff00","curve":"stepped"},{"time":1.1667,"color":"ffffff00"},{"time":1.2,"color":"ffffffff"},{"time":1.2333,"color":"ffffff00","curve":"stepped"},{"time":2.0667,"color":"ffffff00"}]},"KhoiMui/KhoiMui_26":{"color":[{"time":0,"color":"ffffff00","curve":"stepped"},{"time":1.2,"color":"ffffff00"},{"time":1.2333,"color":"ffffffff"},{"time":1.2667,"color":"ffffff00","curve":"stepped"},{"time":2.0667,"color":"ffffff00"}]},"KhoiMui/KhoiMui_27":{"color":[{"time":0,"color":"ffffff00","curve":"stepped"},{"time":1.2333,"color":"ffffff00"},{"time":1.2667,"color":"ffffffff"},{"time":1.3,"color":"ffffff00","curve":"stepped"},{"time":2.0667,"color":"ffffff00"}]},"KhoiMui/KhoiMui_28":{"color":[{"time":0,"color":"ffffff00","curve":"stepped"},{"time":1.2667,"color":"ffffff00"},{"time":1.3,"color":"ffffffff"},{"time":1.3333,"color":"ffffff00","curve":"stepped"},{"time":2.0667,"color":"ffffff00"}]},"KhoiMui/KhoiMui_29":{"color":[{"time":0,"color":"ffffff00","curve":"stepped"},{"time":1.3,"color":"ffffff00"},{"time":1.3333,"color":"ffffffff"},{"time":1.3667,"color":"ffffff00","curve":"stepped"},{"time":2.0667,"color":"ffffff00"}]},"Sequences/CauBe_00":{"color":[{"time":0,"color":"ffffffff"},{"time":0.0333,"color":"ffffff00","curve":"stepped"},{"time":0.6667,"color":"ffffff00"},{"time":0.7,"color":"ffffffff"},{"time":0.7333,"color":"ffffff00","curve":"stepped"},{"time":1.3667,"color":"ffffff00"},{"time":1.4,"color":"ffffffff"},{"time":1.4333,"color":"ffffff00","curve":"stepped"},{"time":2.0667,"color":"ffffff00"}]},"Sequences/CauBe_01":{"color":[{"time":0,"color":"ffffff00"},{"time":0.0333,"color":"ffffffff"},{"time":0.0667,"color":"ffffff00"},{"time":0.6667,"color":"ffffff00","curve":"stepped"},{"time":0.7,"color":"ffffff00"},{"time":0.7333,"color":"ffffffff"},{"time":0.7667,"color":"ffffff00"},{"time":1.3667,"color":"ffffff00","curve":"stepped"},{"time":1.4,"color":"ffffff00"},{"time":1.4333,"color":"ffffffff"},{"time":1.4667,"color":"ffffff00"},{"time":2.0667,"color":"ffffff00"}]},"Sequences/CauBe_02":{"color":[{"time":0,"color":"ffffff00","curve":"stepped"},{"time":0.0333,"color":"ffffff00"},{"time":0.0667,"color":"ffffffff"},{"time":0.1,"color":"ffffff00"},{"time":0.6667,"color":"ffffff00","curve":"stepped"},{"time":0.7,"color":"ffffff00","curve":"stepped"},{"time":0.7333,"color":"ffffff00"},{"time":0.7667,"color":"ffffffff"},{"time":0.8,"color":"ffffff00"},{"time":1.3667,"color":"ffffff00","curve":"stepped"},{"time":1.4,"color":"ffffff00","curve":"stepped"},{"time":1.4333,"color":"ffffff00"},{"time":1.4667,"color":"ffffffff"},{"time":1.5,"color":"ffffff00"},{"time":2.0667,"color":"ffffff00"}]},"Sequences/CauBe_03":{"color":[{"time":0,"color":"ffffff00","curve":"stepped"},{"time":0.0667,"color":"ffffff00"},{"time":0.1,"color":"ffffffff"},{"time":0.1333,"color":"ffffff00"},{"time":0.6667,"color":"ffffff00","curve":"stepped"},{"time":0.7,"color":"ffffff00","curve":"stepped"},{"time":0.7667,"color":"ffffff00"},{"time":0.8,"color":"ffffffff"},{"time":0.8333,"color":"ffffff00"},{"time":1.3667,"color":"ffffff00","curve":"stepped"},{"time":1.4,"color":"ffffff00","curve":"stepped"},{"time":1.4667,"color":"ffffff00"},{"time":1.5,"color":"ffffffff"},{"time":1.5333,"color":"ffffff00"},{"time":2.0667,"color":"ffffff00"}]},"Sequences/CauBe_04":{"color":[{"time":0,"color":"ffffff00","curve":"stepped"},{"time":0.1,"color":"ffffff00"},{"time":0.1333,"color":"ffffffff"},{"time":0.1667,"color":"ffffff00"},{"time":0.6667,"color":"ffffff00","curve":"stepped"},{"time":0.7,"color":"ffffff00","curve":"stepped"},{"time":0.8,"color":"ffffff00"},{"time":0.8333,"color":"ffffffff"},{"time":0.8667,"color":"ffffff00"},{"time":1.3667,"color":"ffffff00","curve":"stepped"},{"time":1.4,"color":"ffffff00","curve":"stepped"},{"time":1.5,"color":"ffffff00"},{"time":1.5333,"color":"ffffffff"},{"time":1.5667,"color":"ffffff00"},{"time":2.0667,"color":"ffffff00"}]},"Sequences/CauBe_05":{"color":[{"time":0,"color":"ffffff00","curve":"stepped"},{"time":0.1333,"color":"ffffff00"},{"time":0.1667,"color":"ffffffff"},{"time":0.2,"color":"ffffff00"},{"time":0.6667,"color":"ffffff00","curve":"stepped"},{"time":0.7,"color":"ffffff00","curve":"stepped"},{"time":0.8333,"color":"ffffff00"},{"time":0.8667,"color":"ffffffff"},{"time":0.9,"color":"ffffff00"},{"time":1.3667,"color":"ffffff00","curve":"stepped"},{"time":1.4,"color":"ffffff00","curve":"stepped"},{"time":1.5333,"color":"ffffff00"},{"time":1.5667,"color":"ffffffff"},{"time":1.6,"color":"ffffff00"},{"time":2.0667,"color":"ffffff00"}]},"Sequences/CauBe_06":{"color":[{"time":0,"color":"ffffff00","curve":"stepped"},{"time":0.1667,"color":"ffffff00"},{"time":0.2,"color":"ffffffff"},{"time":0.2333,"color":"ffffff00"},{"time":0.6667,"color":"ffffff00","curve":"stepped"},{"time":0.7,"color":"ffffff00","curve":"stepped"},{"time":0.8667,"color":"ffffff00"},{"time":0.9,"color":"ffffffff"},{"time":0.9333,"color":"ffffff00"},{"time":1.3667,"color":"ffffff00","curve":"stepped"},{"time":1.4,"color":"ffffff00","curve":"stepped"},{"time":1.5667,"color":"ffffff00"},{"time":1.6,"color":"ffffffff"},{"time":1.6333,"color":"ffffff00"},{"time":2.0667,"color":"ffffff00"}]},"Sequences/CauBe_07":{"color":[{"time":0,"color":"ffffff00","curve":"stepped"},{"time":0.2,"color":"ffffff00"},{"time":0.2333,"color":"ffffffff"},{"time":0.2667,"color":"ffffff00"},{"time":0.6667,"color":"ffffff00","curve":"stepped"},{"time":0.7,"color":"ffffff00","curve":"stepped"},{"time":0.9,"color":"ffffff00"},{"time":0.9333,"color":"ffffffff"},{"time":0.9667,"color":"ffffff00"},{"time":1.3667,"color":"ffffff00","curve":"stepped"},{"time":1.4,"color":"ffffff00","curve":"stepped"},{"time":1.6,"color":"ffffff00"},{"time":1.6333,"color":"ffffffff"},{"time":1.6667,"color":"ffffff00"},{"time":2.0667,"color":"ffffff00"}]},"Sequences/CauBe_08":{"color":[{"time":0,"color":"ffffff00","curve":"stepped"},{"time":0.2333,"color":"ffffff00"},{"time":0.2667,"color":"ffffffff"},{"time":0.3,"color":"ffffff00"},{"time":0.6667,"color":"ffffff00","curve":"stepped"},{"time":0.7,"color":"ffffff00","curve":"stepped"},{"time":0.9333,"color":"ffffff00"},{"time":0.9667,"color":"ffffffff"},{"time":1,"color":"ffffff00"},{"time":1.3667,"color":"ffffff00","curve":"stepped"},{"time":1.4,"color":"ffffff00","curve":"stepped"},{"time":1.6333,"color":"ffffff00"},{"time":1.6667,"color":"ffffffff"},{"time":1.7,"color":"ffffff00"},{"time":2.0667,"color":"ffffff00"}]},"Sequences/CauBe_09":{"color":[{"time":0,"color":"ffffff00","curve":"stepped"},{"time":0.2667,"color":"ffffff00"},{"time":0.3,"color":"ffffffff"},{"time":0.3333,"color":"ffffff00"},{"time":0.6667,"color":"ffffff00","curve":"stepped"},{"time":0.7,"color":"ffffff00","curve":"stepped"},{"time":0.9667,"color":"ffffff00"},{"time":1,"color":"ffffffff"},{"time":1.0333,"color":"ffffff00"},{"time":1.3667,"color":"ffffff00","curve":"stepped"},{"time":1.4,"color":"ffffff00","curve":"stepped"},{"time":1.6667,"color":"ffffff00"},{"time":1.7,"color":"ffffffff"},{"time":1.7333,"color":"ffffff00"},{"time":2.0667,"color":"ffffff00"}]},"Sequences/CauBe_10":{"color":[{"time":0,"color":"ffffff00","curve":"stepped"},{"time":0.3,"color":"ffffff00"},{"time":0.3333,"color":"ffffffff"},{"time":0.3667,"color":"ffffff00"},{"time":0.6667,"color":"ffffff00","curve":"stepped"},{"time":0.7,"color":"ffffff00","curve":"stepped"},{"time":1,"color":"ffffff00"},{"time":1.0333,"color":"ffffffff"},{"time":1.0667,"color":"ffffff00"},{"time":1.3667,"color":"ffffff00","curve":"stepped"},{"time":1.4,"color":"ffffff00","curve":"stepped"},{"time":1.7,"color":"ffffff00"},{"time":1.7333,"color":"ffffffff"},{"time":1.7667,"color":"ffffff00"},{"time":2.0667,"color":"ffffff00"}]},"Sequences/CauBe_11":{"color":[{"time":0,"color":"ffffff00","curve":"stepped"},{"time":0.3333,"color":"ffffff00"},{"time":0.3667,"color":"ffffffff"},{"time":0.4,"color":"ffffff00"},{"time":0.6667,"color":"ffffff00","curve":"stepped"},{"time":0.7,"color":"ffffff00","curve":"stepped"},{"time":1.0333,"color":"ffffff00"},{"time":1.0667,"color":"ffffffff"},{"time":1.1,"color":"ffffff00"},{"time":1.3667,"color":"ffffff00","curve":"stepped"},{"time":1.4,"color":"ffffff00","curve":"stepped"},{"time":1.7333,"color":"ffffff00"},{"time":1.7667,"color":"ffffffff"},{"time":1.8,"color":"ffffff00"},{"time":2.0667,"color":"ffffff00"}]},"Sequences/CauBe_12":{"color":[{"time":0,"color":"ffffff00","curve":"stepped"},{"time":0.3667,"color":"ffffff00"},{"time":0.4,"color":"ffffffff"},{"time":0.4333,"color":"ffffff00"},{"time":0.6667,"color":"ffffff00","curve":"stepped"},{"time":0.7,"color":"ffffff00","curve":"stepped"},{"time":1.0667,"color":"ffffff00"},{"time":1.1,"color":"ffffffff"},{"time":1.1333,"color":"ffffff00"},{"time":1.3667,"color":"ffffff00","curve":"stepped"},{"time":1.4,"color":"ffffff00","curve":"stepped"},{"time":1.7667,"color":"ffffff00"},{"time":1.8,"color":"ffffffff"},{"time":1.8333,"color":"ffffff00"},{"time":2.0667,"color":"ffffff00"}]},"Sequences/CauBe_13":{"color":[{"time":0,"color":"ffffff00","curve":"stepped"},{"time":0.4,"color":"ffffff00"},{"time":0.4333,"color":"ffffffff"},{"time":0.4667,"color":"ffffff00"},{"time":0.6667,"color":"ffffff00","curve":"stepped"},{"time":0.7,"color":"ffffff00","curve":"stepped"},{"time":1.1,"color":"ffffff00"},{"time":1.1333,"color":"ffffffff"},{"time":1.1667,"color":"ffffff00"},{"time":1.3667,"color":"ffffff00","curve":"stepped"},{"time":1.4,"color":"ffffff00","curve":"stepped"},{"time":1.8,"color":"ffffff00"},{"time":1.8333,"color":"ffffffff"},{"time":1.8667,"color":"ffffff00"},{"time":2.0667,"color":"ffffff00"}]},"Sequences/CauBe_14":{"color":[{"time":0,"color":"ffffff00","curve":"stepped"},{"time":0.4333,"color":"ffffff00"},{"time":0.4667,"color":"ffffffff"},{"time":0.5,"color":"ffffff00"},{"time":0.6667,"color":"ffffff00","curve":"stepped"},{"time":0.7,"color":"ffffff00","curve":"stepped"},{"time":1.1333,"color":"ffffff00"},{"time":1.1667,"color":"ffffffff"},{"time":1.2,"color":"ffffff00"},{"time":1.3667,"color":"ffffff00","curve":"stepped"},{"time":1.4,"color":"ffffff00","curve":"stepped"},{"time":1.8333,"color":"ffffff00"},{"time":1.8667,"color":"ffffffff"},{"time":1.9,"color":"ffffff00"},{"time":2.0667,"color":"ffffff00"}]},"Sequences/CauBe_15":{"color":[{"time":0,"color":"ffffff00","curve":"stepped"},{"time":0.4667,"color":"ffffff00"},{"time":0.5,"color":"ffffffff"},{"time":0.5333,"color":"ffffff00"},{"time":0.6667,"color":"ffffff00","curve":"stepped"},{"time":0.7,"color":"ffffff00","curve":"stepped"},{"time":1.1667,"color":"ffffff00"},{"time":1.2,"color":"ffffffff"},{"time":1.2333,"color":"ffffff00"},{"time":1.3667,"color":"ffffff00","curve":"stepped"},{"time":1.4,"color":"ffffff00","curve":"stepped"},{"time":1.8667,"color":"ffffff00"},{"time":1.9,"color":"ffffffff"},{"time":1.9333,"color":"ffffff00"},{"time":2.0667,"color":"ffffff00"}]},"Sequences/CauBe_16":{"color":[{"time":0,"color":"ffffff00","curve":"stepped"},{"time":0.5,"color":"ffffff00"},{"time":0.5333,"color":"ffffffff"},{"time":0.5667,"color":"ffffff00"},{"time":0.6667,"color":"ffffff00","curve":"stepped"},{"time":0.7,"color":"ffffff00","curve":"stepped"},{"time":1.2,"color":"ffffff00"},{"time":1.2333,"color":"ffffffff"},{"time":1.2667,"color":"ffffff00"},{"time":1.3667,"color":"ffffff00","curve":"stepped"},{"time":1.4,"color":"ffffff00","curve":"stepped"},{"time":1.9,"color":"ffffff00"},{"time":1.9333,"color":"ffffffff"},{"time":1.9667,"color":"ffffff00"},{"time":2.0667,"color":"ffffff00"}]},"Sequences/CauBe_17":{"color":[{"time":0,"color":"ffffff00","curve":"stepped"},{"time":0.5333,"color":"ffffff00"},{"time":0.5667,"color":"ffffffff"},{"time":0.6,"color":"ffffff00"},{"time":0.6667,"color":"ffffff00","curve":"stepped"},{"time":0.7,"color":"ffffff00","curve":"stepped"},{"time":1.2333,"color":"ffffff00"},{"time":1.2667,"color":"ffffffff"},{"time":1.3,"color":"ffffff00"},{"time":1.3667,"color":"ffffff00","curve":"stepped"},{"time":1.4,"color":"ffffff00","curve":"stepped"},{"time":1.9333,"color":"ffffff00"},{"time":1.9667,"color":"ffffffff"},{"time":2,"color":"ffffff00"},{"time":2.0667,"color":"ffffff00"}]},"Sequences/CauBe_18":{"color":[{"time":0,"color":"ffffff00","curve":"stepped"},{"time":0.5667,"color":"ffffff00"},{"time":0.6,"color":"ffffffff"},{"time":0.6333,"color":"ffffff00"},{"time":0.6667,"color":"ffffff00","curve":"stepped"},{"time":0.7,"color":"ffffff00","curve":"stepped"},{"time":1.2667,"color":"ffffff00"},{"time":1.3,"color":"ffffffff"},{"time":1.3333,"color":"ffffff00"},{"time":1.3667,"color":"ffffff00","curve":"stepped"},{"time":1.4,"color":"ffffff00","curve":"stepped"},{"time":1.9667,"color":"ffffff00"},{"time":2,"color":"ffffffff"},{"time":2.0333,"color":"ffffff00"},{"time":2.0667,"color":"ffffff00"}]},"Sequences/CauBe_19":{"color":[{"time":0,"color":"ffffff00","curve":"stepped"},{"time":0.6,"color":"ffffff00"},{"time":0.6333,"color":"ffffffff"},{"time":0.6667,"color":"ffffff00"},{"time":0.7,"color":"ffffff00","curve":"stepped"},{"time":1.3,"color":"ffffff00"},{"time":1.3333,"color":"ffffffff"},{"time":1.3667,"color":"ffffff00"},{"time":1.4,"color":"ffffff00","curve":"stepped"},{"time":2,"color":"ffffff00"},{"time":2.0333,"color":"ffffffff"},{"time":2.0667,"color":"ffffff00"}]},"Sequences/CauBe_20":{"color":[{"time":0,"color":"ffffff00","curve":"stepped"},{"time":0.6333,"color":"ffffff00"},{"time":0.6667,"color":"ffffffff"},{"time":0.7,"color":"ffffff00","curve":"stepped"},{"time":1.3333,"color":"ffffff00"},{"time":1.3667,"color":"ffffffff"},{"time":1.4,"color":"ffffff00","curve":"stepped"},{"time":2.0333,"color":"ffffff00"},{"time":2.0667,"color":"ffffffff"}]}},"bones":{"HamRong":{"rotate":[{"time":0,"angle":6.69,"curve":[0.527,0,0.527,1]},{"time":0.5333,"angle":3.78,"curve":[0.527,0,0.527,1]},{"time":1.0333,"angle":6.69,"curve":[0.527,0,0.527,1]},{"time":1.5667,"angle":4.05,"curve":[0.527,0,0.527,1]},{"time":2.0667,"angle":6.69}]},"01DauRong":{"rotate":[{"time":0,"angle":0,"curve":[0.385,0,0.554,1]},{"time":0.5333,"angle":2.33,"curve":[0.385,0,0.554,1]},{"time":1.0333,"angle":0,"curve":[0.385,0,0.554,1]},{"time":1.5667,"angle":2.33,"curve":[0.385,0,0.554,1]},{"time":2.0667,"angle":0}],"translate":[{"time":0,"x":-1.72,"y":6.86,"curve":[0.541,0,0.554,1]},{"time":0.5333,"x":-1.72,"y":7.72,"curve":[0.541,0,0.554,1]},{"time":1.0333,"x":-1.72,"y":6.86,"curve":[0.541,0,0.554,1]},{"time":1.5667,"x":-1.72,"y":7.72,"curve":[0.541,0,0.554,1]},{"time":2.0667,"x":-1.72,"y":6.86}]},"Luoi":{"rotate":[{"time":0,"angle":0,"curve":[0.527,0,0.507,1]},{"time":0.5333,"angle":4.33,"curve":[0.527,0,0.507,1]},{"time":1.0333,"angle":0,"curve":[0.527,0,0.507,1]},{"time":1.5667,"angle":2.24,"curve":[0.527,0,0.507,1]},{"time":2.0667,"angle":0}]},"MaRong":{"translate":[{"time":0,"x":0,"y":0,"curve":[0.365,0,0.615,1]},{"time":0.5333,"x":0,"y":1.72,"curve":[0.365,0,0.615,1]},{"time":1.0333,"x":0,"y":0,"curve":[0.365,0,0.615,1]},{"time":1.5667,"x":0,"y":0.86,"curve":[0.365,0,0.615,1]},{"time":2.0667,"x":0,"y":0}]}},"deform":{"default":{"ThanRong":{"ThanRong":[{"time":0,"curve":[0.507,0,0.534,1]},{"time":0.5333,"offset":3,"vertices":[5.14796,0,0,0,0,0,0,0,0,0,0,0,0,0,0,0,0,0,0,1.716,4.29004,0,0,0,0,0,3.43198],"curve":[0.507,0,0.534,1]},{"time":1.0333,"curve":[0.507,0,0.534,1]},{"time":1.5667,"offset":3,"vertices":[5.14796,0,0,0,0,0,0,0,0,0,0,0,0,0,0,0,0,0,0,1.716,4.29004,0,0,0,0,0,3.43198],"curve":[0.507,0,0.534,1]},{"time":2.0667}]}}}},"RongPhun":{"slots":{"KhoiMui/KhoiMui_00":{"color":[{"time":0,"color":"ffffff00","curve":"stepped"},{"time":0.4667,"color":"ffffff00"},{"time":0.5,"color":"ffffffff"},{"time":0.5333,"color":"ffffff00","curve":"stepped"},{"time":1.6667,"color":"ffffff00"}]},"KhoiMui/KhoiMui_01":{"color":[{"time":0,"color":"ffffff00","curve":"stepped"},{"time":0.5,"color":"ffffff00"},{"time":0.5333,"color":"ffffffff"},{"time":0.5667,"color":"ffffff00","curve":"stepped"},{"time":1.6667,"color":"ffffff00"}]},"KhoiMui/KhoiMui_02":{"color":[{"time":0,"color":"ffffff00","curve":"stepped"},{"time":0.5333,"color":"ffffff00"},{"time":0.5667,"color":"ffffffff"},{"time":0.6,"color":"ffffff00","curve":"stepped"},{"time":1.6667,"color":"ffffff00"}]},"KhoiMui/KhoiMui_03":{"color":[{"time":0,"color":"ffffff00","curve":"stepped"},{"time":0.5667,"color":"ffffff00"},{"time":0.6,"color":"ffffffff"},{"time":0.6333,"color":"ffffff00","curve":"stepped"},{"time":1.6667,"color":"ffffff00"}]},"KhoiMui/KhoiMui_04":{"color":[{"time":0,"color":"ffffff00","curve":"stepped"},{"time":0.6,"color":"ffffff00"},{"time":0.6333,"color":"ffffffff"},{"time":0.6667,"color":"ffffff00","curve":"stepped"},{"time":1.6667,"color":"ffffff00"}]},"KhoiMui/KhoiMui_05":{"color":[{"time":0,"color":"ffffff00","curve":"stepped"},{"time":0.6333,"color":"ffffff00"},{"time":0.6667,"color":"ffffffff"},{"time":0.7,"color":"ffffff00","curve":"stepped"},{"time":1.6667,"color":"ffffff00"}]},"KhoiMui/KhoiMui_06":{"color":[{"time":0,"color":"ffffff00","curve":"stepped"},{"time":0.6667,"color":"ffffff00"},{"time":0.7,"color":"ffffffff"},{"time":0.7333,"color":"ffffff00","curve":"stepped"},{"time":1.6667,"color":"ffffff00"}]},"KhoiMui/KhoiMui_07":{"color":[{"time":0,"color":"ffffff00","curve":"stepped"},{"time":0.7,"color":"ffffff00"},{"time":0.7333,"color":"ffffffff"},{"time":0.7667,"color":"ffffff00","curve":"stepped"},{"time":1.6667,"color":"ffffff00"}]},"KhoiMui/KhoiMui_08":{"color":[{"time":0,"color":"ffffff00","curve":"stepped"},{"time":0.7333,"color":"ffffff00"},{"time":0.7667,"color":"ffffffff"},{"time":0.8,"color":"ffffff00","curve":"stepped"},{"time":1.6667,"color":"ffffff00"}]},"KhoiMui/KhoiMui_09":{"color":[{"time":0,"color":"ffffff00","curve":"stepped"},{"time":0.7667,"color":"ffffff00"},{"time":0.8,"color":"ffffffff"},{"time":0.8333,"color":"ffffff00","curve":"stepped"},{"time":1.6667,"color":"ffffff00"}]},"KhoiMui/KhoiMui_10":{"color":[{"time":0,"color":"ffffff00","curve":"stepped"},{"time":0.8,"color":"ffffff00"},{"time":0.8333,"color":"ffffffff"},{"time":0.8667,"color":"ffffff00","curve":"stepped"},{"time":1.6667,"color":"ffffff00"}]},"KhoiMui/KhoiMui_11":{"color":[{"time":0,"color":"ffffff00","curve":"stepped"},{"time":0.8333,"color":"ffffff00"},{"time":0.8667,"color":"ffffffff"},{"time":0.9,"color":"ffffff00","curve":"stepped"},{"time":1.6667,"color":"ffffff00"}]},"KhoiMui/KhoiMui_12":{"color":[{"time":0,"color":"ffffff00","curve":"stepped"},{"time":0.8667,"color":"ffffff00"},{"time":0.9,"color":"ffffffff"},{"time":0.9333,"color":"ffffff00","curve":"stepped"},{"time":1.6667,"color":"ffffff00"}]},"KhoiMui/KhoiMui_13":{"color":[{"time":0,"color":"ffffff00","curve":"stepped"},{"time":0.9,"color":"ffffff00"},{"time":0.9333,"color":"ffffffff"},{"time":0.9667,"color":"ffffff00","curve":"stepped"},{"time":1.6667,"color":"ffffff00"}]},"KhoiMui/KhoiMui_14":{"color":[{"time":0,"color":"ffffff00","curve":"stepped"},{"time":0.9333,"color":"ffffff00"},{"time":0.9667,"color":"ffffffff"},{"time":1,"color":"ffffff00","curve":"stepped"},{"time":1.6667,"color":"ffffff00"}]},"KhoiMui/KhoiMui_15":{"color":[{"time":0,"color":"ffffff00","curve":"stepped"},{"time":0.9667,"color":"ffffff00"},{"time":1,"color":"ffffffff"},{"time":1.0333,"color":"ffffff00","curve":"stepped"},{"time":1.6667,"color":"ffffff00"}]},"KhoiMui/KhoiMui_16":{"color":[{"time":0,"color":"ffffff00","curve":"stepped"},{"time":1,"color":"ffffff00"},{"time":1.0333,"color":"ffffffff"},{"time":1.0667,"color":"ffffff00","curve":"stepped"},{"time":1.6667,"color":"ffffff00"}]},"KhoiMui/KhoiMui_17":{"color":[{"time":0,"color":"ffffff00","curve":"stepped"},{"time":1.0333,"color":"ffffff00"},{"time":1.0667,"color":"ffffffff"},{"time":1.1,"color":"ffffff00","curve":"stepped"},{"time":1.6667,"color":"ffffff00"}]},"KhoiMui/KhoiMui_18":{"color":[{"time":0,"color":"ffffff00","curve":"stepped"},{"time":1.0667,"color":"ffffff00"},{"time":1.1,"color":"ffffffff"},{"time":1.1333,"color":"ffffff00","curve":"stepped"},{"time":1.6667,"color":"ffffff00"}]},"KhoiMui/KhoiMui_19":{"color":[{"time":0,"color":"ffffff00","curve":"stepped"},{"time":1.1,"color":"ffffff00"},{"time":1.1333,"color":"ffffffff"},{"time":1.1667,"color":"ffffff00","curve":"stepped"},{"time":1.6667,"color":"ffffff00"}]},"KhoiMui/KhoiMui_20":{"color":[{"time":0,"color":"ffffff00","curve":"stepped"},{"time":1.1333,"color":"ffffff00"},{"time":1.1667,"color":"ffffffff"},{"time":1.2,"color":"ffffff00","curve":"stepped"},{"time":1.6667,"color":"ffffff00"}]},"KhoiMui/KhoiMui_21":{"color":[{"time":0,"color":"ffffff00","curve":"stepped"},{"time":1.1667,"color":"ffffff00"},{"time":1.2,"color":"ffffffff"},{"time":1.2333,"color":"ffffff00","curve":"stepped"},{"time":1.6667,"color":"ffffff00"}]},"KhoiMui/KhoiMui_22":{"color":[{"time":0,"color":"ffffff00","curve":"stepped"},{"time":1.2,"color":"ffffff00"},{"time":1.2333,"color":"ffffffff"},{"time":1.2667,"color":"ffffff00","curve":"stepped"},{"time":1.6667,"color":"ffffff00"}]},"KhoiMui/KhoiMui_23":{"color":[{"time":0,"color":"ffffff00","curve":"stepped"},{"time":1.2333,"color":"ffffff00"},{"time":1.2667,"color":"ffffffff"},{"time":1.3,"color":"ffffff00","curve":"stepped"},{"time":1.6667,"color":"ffffff00"}]},"KhoiMui/KhoiMui_24":{"color":[{"time":0,"color":"ffffff00","curve":"stepped"},{"time":1.2667,"color":"ffffff00"},{"time":1.3,"color":"ffffffff"},{"time":1.3333,"color":"ffffff00","curve":"stepped"},{"time":1.6667,"color":"ffffff00"}]},"KhoiMui/KhoiMui_25":{"color":[{"time":0,"color":"ffffff00","curve":"stepped"},{"time":1.3,"color":"ffffff00"},{"time":1.3333,"color":"ffffffff"},{"time":1.3667,"color":"ffffff00","curve":"stepped"},{"time":1.6667,"color":"ffffff00"}]},"KhoiMui/KhoiMui_26":{"color":[{"time":0,"color":"ffffff00","curve":"stepped"},{"time":1.3333,"color":"ffffff00"},{"time":1.3667,"color":"ffffffff"},{"time":1.4,"color":"ffffff00","curve":"stepped"},{"time":1.6667,"color":"ffffff00"}]},"KhoiMui/KhoiMui_27":{"color":[{"time":0,"color":"ffffff00","curve":"stepped"},{"time":1.3667,"color":"ffffff00"},{"time":1.4,"color":"ffffffff"},{"time":1.4333,"color":"ffffff00","curve":"stepped"},{"time":1.6667,"color":"ffffff00"}]},"KhoiMui/KhoiMui_28":{"color":[{"time":0,"color":"ffffff00","curve":"stepped"},{"time":1.4,"color":"ffffff00"},{"time":1.4333,"color":"ffffffff"},{"time":1.4667,"color":"ffffff00","curve":"stepped"},{"time":1.6667,"color":"ffffff00"}]},"KhoiMui/KhoiMui_29":{"color":[{"time":0,"color":"ffffff00","curve":"stepped"},{"time":1.4333,"color":"ffffff00"},{"time":1.4667,"color":"ffffffff"},{"time":1.5,"color":"ffffff00","curve":"stepped"},{"time":1.6667,"color":"ffffff00"}]},"Sequences/CauBe_00":{"color":[{"time":0,"color":"ffffffff"},{"time":0.0333,"color":"ffffff00"},{"time":0.9667,"color":"ffffffff"},{"time":1,"color":"ffffff00"},{"time":1.6667,"color":"ffffffff"}]},"Sequences/CauBe_01":{"color":[{"time":0,"color":"ffffff00"},{"time":0.0333,"color":"ffffffff"},{"time":0.0667,"color":"ffffff00","curve":"stepped"},{"time":0.9667,"color":"ffffff00"},{"time":1,"color":"ffffffff"},{"time":1.0333,"color":"ffffff00","curve":"stepped"},{"time":1.6667,"color":"ffffff00"}]},"Sequences/CauBe_02":{"color":[{"time":0,"color":"ffffff00","curve":"stepped"},{"time":0.0333,"color":"ffffff00"},{"time":0.0667,"color":"ffffffff"},{"time":0.1,"color":"ffffff00","curve":"stepped"},{"time":0.9667,"color":"ffffff00","curve":"stepped"},{"time":1,"color":"ffffff00"},{"time":1.0333,"color":"ffffffff"},{"time":1.0667,"color":"ffffff00","curve":"stepped"},{"time":1.6667,"color":"ffffff00"}]},"Sequences/CauBe_03":{"color":[{"time":0,"color":"ffffff00","curve":"stepped"},{"time":0.0667,"color":"ffffff00"},{"time":0.1,"color":"ffffffff"},{"time":0.1333,"color":"ffffff00","curve":"stepped"},{"time":0.9667,"color":"ffffff00","curve":"stepped"},{"time":1.0333,"color":"ffffff00"},{"time":1.0667,"color":"ffffffff"},{"time":1.1,"color":"ffffff00","curve":"stepped"},{"time":1.6667,"color":"ffffff00"}]},"Sequences/CauBe_04":{"color":[{"time":0,"color":"ffffff00","curve":"stepped"},{"time":0.1,"color":"ffffff00"},{"time":0.1333,"color":"ffffffff"},{"time":0.1667,"color":"ffffff00","curve":"stepped"},{"time":0.9667,"color":"ffffff00","curve":"stepped"},{"time":1.0667,"color":"ffffff00"},{"time":1.1,"color":"ffffffff"},{"time":1.1333,"color":"ffffff00","curve":"stepped"},{"time":1.6667,"color":"ffffff00"}]},"Sequences/CauBe_05":{"color":[{"time":0,"color":"ffffff00","curve":"stepped"},{"time":0.1333,"color":"ffffff00"},{"time":0.1667,"color":"ffffffff"},{"time":0.2,"color":"ffffff00","curve":"stepped"},{"time":0.9667,"color":"ffffff00","curve":"stepped"},{"time":1.1,"color":"ffffff00"},{"time":1.1333,"color":"ffffffff"},{"time":1.1667,"color":"ffffff00","curve":"stepped"},{"time":1.6667,"color":"ffffff00"}]},"Sequences/CauBe_06":{"color":[{"time":0,"color":"ffffff00","curve":"stepped"},{"time":0.1667,"color":"ffffff00"},{"time":0.2,"color":"ffffffff"},{"time":0.2333,"color":"ffffff00","curve":"stepped"},{"time":0.9667,"color":"ffffff00","curve":"stepped"},{"time":1.1333,"color":"ffffff00"},{"time":1.1667,"color":"ffffffff"},{"time":1.2,"color":"ffffff00","curve":"stepped"},{"time":1.6667,"color":"ffffff00"}]},"Sequences/CauBe_07":{"color":[{"time":0,"color":"ffffff00","curve":"stepped"},{"time":0.2,"color":"ffffff00"},{"time":0.2333,"color":"ffffffff"},{"time":0.2667,"color":"ffffff00","curve":"stepped"},{"time":0.9667,"color":"ffffff00","curve":"stepped"},{"time":1.1667,"color":"ffffff00"},{"time":1.2,"color":"ffffffff"},{"time":1.2333,"color":"ffffff00","curve":"stepped"},{"time":1.6667,"color":"ffffff00"}]},"Sequences/CauBe_08":{"color":[{"time":0,"color":"ffffff00","curve":"stepped"},{"time":0.2333,"color":"ffffff00"},{"time":0.2667,"color":"ffffffff"},{"time":0.3,"color":"ffffff00","curve":"stepped"},{"time":0.9667,"color":"ffffff00","curve":"stepped"},{"time":1.2,"color":"ffffff00"},{"time":1.2333,"color":"ffffffff"},{"time":1.2667,"color":"ffffff00","curve":"stepped"},{"time":1.6667,"color":"ffffff00"}]},"Sequences/CauBe_09":{"color":[{"time":0,"color":"ffffff00","curve":"stepped"},{"time":0.2667,"color":"ffffff00"},{"time":0.3,"color":"ffffffff"},{"time":0.3333,"color":"ffffff00","curve":"stepped"},{"time":0.9667,"color":"ffffff00","curve":"stepped"},{"time":1.2333,"color":"ffffff00"},{"time":1.2667,"color":"ffffffff"},{"time":1.3,"color":"ffffff00","curve":"stepped"},{"time":1.6667,"color":"ffffff00"}]},"Sequences/CauBe_10":{"color":[{"time":0,"color":"ffffff00","curve":"stepped"},{"time":0.3,"color":"ffffff00"},{"time":0.3333,"color":"ffffffff"},{"time":0.3667,"color":"ffffff00","curve":"stepped"},{"time":0.9667,"color":"ffffff00","curve":"stepped"},{"time":1.2667,"color":"ffffff00"},{"time":1.3,"color":"ffffffff"},{"time":1.3333,"color":"ffffff00","curve":"stepped"},{"time":1.6667,"color":"ffffff00"}]},"Sequences/CauBe_11":{"color":[{"time":0,"color":"ffffff00","curve":"stepped"},{"time":0.3333,"color":"ffffff00"},{"time":0.3667,"color":"ffffffff"},{"time":0.4,"color":"ffffff00","curve":"stepped"},{"time":0.9667,"color":"ffffff00","curve":"stepped"},{"time":1.3,"color":"ffffff00"},{"time":1.3333,"color":"ffffffff"},{"time":1.3667,"color":"ffffff00","curve":"stepped"},{"time":1.6667,"color":"ffffff00"}]},"Sequences/CauBe_12":{"color":[{"time":0,"color":"ffffff00","curve":"stepped"},{"time":0.3667,"color":"ffffff00"},{"time":0.4,"color":"ffffffff"},{"time":0.4333,"color":"ffffff00","curve":"stepped"},{"time":0.9667,"color":"ffffff00","curve":"stepped"},{"time":1.3333,"color":"ffffff00"},{"time":1.3667,"color":"ffffffff"},{"time":1.4,"color":"ffffff00","curve":"stepped"},{"time":1.6667,"color":"ffffff00"}]},"Sequences/CauBe_13":{"color":[{"time":0,"color":"ffffff00","curve":"stepped"},{"time":0.4,"color":"ffffff00"},{"time":0.4333,"color":"ffffffff"},{"time":0.4667,"color":"ffffff00","curve":"stepped"},{"time":0.9667,"color":"ffffff00","curve":"stepped"},{"time":1.3667,"color":"ffffff00"},{"time":1.4,"color":"ffffffff"},{"time":1.4333,"color":"ffffff00","curve":"stepped"},{"time":1.6667,"color":"ffffff00"}]},"Sequences/CauBe_14":{"color":[{"time":0,"color":"ffffff00","curve":"stepped"},{"time":0.4333,"color":"ffffff00"},{"time":0.4667,"color":"ffffffff"},{"time":0.5,"color":"ffffff00","curve":"stepped"},{"time":0.9667,"color":"ffffff00","curve":"stepped"},{"time":1.4,"color":"ffffff00"},{"time":1.4333,"color":"ffffffff"},{"time":1.4667,"color":"ffffff00","curve":"stepped"},{"time":1.6667,"color":"ffffff00"}]},"Sequences/CauBe_15":{"color":[{"time":0,"color":"ffffff00","curve":"stepped"},{"time":0.4667,"color":"ffffff00"},{"time":0.5,"color":"ffffffff"},{"time":0.5333,"color":"ffffff00","curve":"stepped"},{"time":0.9667,"color":"ffffff00","curve":"stepped"},{"time":1.4333,"color":"ffffff00"},{"time":1.4667,"color":"ffffffff"},{"time":1.5,"color":"ffffff00","curve":"stepped"},{"time":1.6667,"color":"ffffff00"}]},"Sequences/CauBe_16":{"color":[{"time":0,"color":"ffffff00","curve":"stepped"},{"time":0.5,"color":"ffffff00"},{"time":0.5333,"color":"ffffffff"},{"time":0.5667,"color":"ffffff00","curve":"stepped"},{"time":0.9667,"color":"ffffff00","curve":"stepped"},{"time":1.4667,"color":"ffffff00"},{"time":1.5,"color":"ffffffff"},{"time":1.5333,"color":"ffffff00","curve":"stepped"},{"time":1.6667,"color":"ffffff00"}]},"Sequences/CauBe_17":{"color":[{"time":0,"color":"ffffff00","curve":"stepped"},{"time":0.5333,"color":"ffffff00"},{"time":0.5667,"color":"ffffffff"},{"time":0.6,"color":"ffffff00","curve":"stepped"},{"time":0.9667,"color":"ffffff00","curve":"stepped"},{"time":1.5,"color":"ffffff00"},{"time":1.5333,"color":"ffffffff"},{"time":1.5667,"color":"ffffff00","curve":"stepped"},{"time":1.6667,"color":"ffffff00"}]},"Sequences/CauBe_18":{"color":[{"time":0,"color":"ffffff00","curve":"stepped"},{"time":0.5667,"color":"ffffff00"},{"time":0.6,"color":"ffffffff"},{"time":0.6333,"color":"ffffff00","curve":"stepped"},{"time":0.9667,"color":"ffffff00","curve":"stepped"},{"time":1.5333,"color":"ffffff00"},{"time":1.5667,"color":"ffffffff"},{"time":1.6,"color":"ffffff00","curve":"stepped"},{"time":1.6667,"color":"ffffff00"}]},"Sequences/CauBe_19":{"color":[{"time":0,"color":"ffffff00","curve":"stepped"},{"time":0.6,"color":"ffffff00"},{"time":0.6333,"color":"ffffffff"},{"time":0.6667,"color":"ffffff00","curve":"stepped"},{"time":0.9667,"color":"ffffff00","curve":"stepped"},{"time":1.5667,"color":"ffffff00"},{"time":1.6,"color":"ffffffff"},{"time":1.6333,"color":"ffffff00","curve":"stepped"},{"time":1.6667,"color":"ffffff00"}]},"Sequences/CauBe_20":{"color":[{"time":0,"color":"ffffff00","curve":"stepped"},{"time":0.6333,"color":"ffffff00"},{"time":0.6667,"color":"ffffffff"},{"time":0.7,"color":"ffffff00","curve":"stepped"},{"time":0.9333,"color":"ffffff00","curve":"stepped"},{"time":0.9667,"color":"ffffff00","curve":"stepped"},{"time":1.6,"color":"ffffff00"},{"time":1.6333,"color":"ffffffff"},{"time":1.6667,"color":"ffffff00"}]}},"bones":{"DauTren":{"translate":[{"time":0,"x":-1.72,"y":6.86,"curve":"stepped"},{"time":1.6667,"x":-1.72,"y":6.86}]},"01DauRong":{"rotate":[{"time":0,"angle":0,"curve":[0.25,0,0.75,1]},{"time":0.1667,"angle":-5.77,"curve":[0.25,0,0.75,1]},{"time":0.3333,"angle":18.26,"curve":[0.25,0,0.75,1]},{"time":0.5,"angle":19.63,"curve":[0.257,0.64,0.75,1]},{"time":0.6333,"angle":-5.15,"curve":[0.25,0,0.75,1]},{"time":1,"angle":-6.87,"curve":"stepped"},{"time":1.3333,"angle":-6.87,"curve":[0.25,0,0.75,1]},{"time":1.6667,"angle":0}],"translate":[{"time":0,"x":0,"y":0,"curve":"stepped"},{"time":0.1667,"x":0,"y":0,"curve":[0.25,0,0.75,1]},{"time":0.3333,"x":-4.39,"y":5.85,"curve":[0.25,0,0.75,1]},{"time":0.5,"x":-5.85,"y":5.85,"curve":[0.257,0.64,0.75,1]},{"time":0.6333,"x":7.31,"y":1.46,"curve":[0.25,0,0.75,1]},{"time":1,"x":5.85,"y":0,"curve":"stepped"},{"time":1.3333,"x":5.85,"y":0,"curve":[0.25,0,0.75,1]},{"time":1.6667,"x":0,"y":0}]},"HamRong":{"rotate":[{"time":0,"angle":6.69,"curve":[0.25,0,0.75,1]},{"time":0.1667,"angle":8.98,"curve":[0.25,0,0.75,1]},{"time":0.3,"angle":-7.32,"curve":[0.25,0,0.75,1]},{"time":0.4333,"angle":8.98,"curve":"stepped"},{"time":0.5,"angle":8.98,"curve":[0.257,0.68,0.75,1]},{"time":0.6,"angle":-12.15},{"time":0.6667,"angle":-15.76},{"time":0.7333,"angle":-11.59},{"time":0.8333,"angle":-15.76},{"time":0.9,"angle":-11.56},{"time":1,"angle":-15.76},{"time":1.0667,"angle":-13.77},{"time":1.1667,"angle":-15.76},{"time":1.2333,"angle":-13.02},{"time":1.3333,"angle":-15.76},{"time":1.5667,"angle":6.69,"curve":"stepped"},{"time":1.6667,"angle":6.69}],"translate":[{"time":0,"x":-1.72,"y":6.87,"curve":"stepped"},{"time":1.5667,"x":-1.72,"y":6.87,"curve":"stepped"},{"time":1.6667,"x":-1.72,"y":6.87}]},"MaRong":{"rotate":[{"time":0,"angle":0,"curve":"stepped"},{"time":0.1667,"angle":0,"curve":[0.25,0,0.75,1]},{"time":0.3333,"angle":1.47,"curve":"stepped"},{"time":0.5,"angle":1.47,"curve":[0.257,0.63,0.75,1]},{"time":0.5667,"angle":-2.01,"curve":[0.25,0,0.75,1]},{"time":0.6667,"angle":-9.84,"curve":[0.25,0,0.75,1]},{"time":0.7333,"angle":-12.88,"curve":[0.25,0,0.75,1]},{"time":0.8333,"angle":-9.84,"curve":[0.25,0,0.75,1]},{"time":0.9,"angle":-12.74,"curve":[0.25,0,0.75,1]},{"time":1,"angle":-9.84,"curve":[0.25,0,0.75,1]},{"time":1.0667,"angle":-11.17,"curve":[0.25,0,0.75,1]},{"time":1.1667,"angle":-9.84,"curve":[0.25,0,0.75,1]},{"time":1.2333,"angle":-11.55,"curve":[0.25,0,0.75,1]},{"time":1.3333,"angle":-9.84,"curve":[0.25,0,0.75,1]},{"time":1.6667,"angle":0}],"translate":[{"time":0,"x":0,"y":0,"curve":"stepped"},{"time":0.1667,"x":0,"y":0,"curve":[0.25,0,0.75,1]},{"time":0.3333,"x":-2.9,"y":4.34,"curve":[0.25,0,0.75,1]},{"time":0.5,"x":-4.1,"y":4.34,"curve":[0.176,0.72,0.75,1]},{"time":0.6667,"x":1.93,"y":4.34,"curve":"stepped"},{"time":0.8333,"x":1.93,"y":4.34,"curve":"stepped"},{"time":1,"x":1.93,"y":4.34,"curve":"stepped"},{"time":1.1667,"x":1.93,"y":4.34,"curve":"stepped"},{"time":1.3333,"x":1.93,"y":4.34,"curve":[0.25,0,0.75,1]},{"time":1.6667,"x":0,"y":0}]},"CauSang":{"translate":[{"time":0,"x":0,"y":0,"curve":"stepped"},{"time":0.1667,"x":0,"y":0},{"time":0.3,"x":0.03,"y":-5.74},{"time":0.4,"x":0,"y":0},{"time":0.5667,"x":14.76,"y":6.4},{"time":0.6667,"x":81.05,"y":7.83,"curve":"stepped"},{"time":0.7,"x":81.05,"y":7.83},{"time":0.7333,"x":-59.24,"y":8.96,"curve":"stepped"},{"time":1.3667,"x":-59.24,"y":8.96,"curve":[0.216,0.71,0.75,1]},{"time":1.6,"x":0,"y":0,"curve":"stepped"},{"time":1.6667,"x":0,"y":0}],"scale":[{"time":0,"x":1,"y":1,"curve":"stepped"},{"time":0.1667,"x":1,"y":1,"curve":"stepped"},{"time":0.4,"x":1,"y":1,"curve":"stepped"},{"time":0.6,"x":1,"y":1},{"time":0.6667,"x":0,"y":0,"curve":"stepped"},{"time":0.7,"x":0,"y":0,"curve":"stepped"},{"time":0.7333,"x":0,"y":0,"curve":"stepped"},{"time":1.3667,"x":0,"y":0,"curve":[0.203,0.64,0.75,1]},{"time":1.6,"x":1,"y":1,"curve":"stepped"},{"time":1.6667,"x":1,"y":1}]},"Luoi":{"rotate":[{"time":0,"angle":0,"curve":"stepped"},{"time":0.5,"angle":0,"curve":[0.25,0,0.625,0.5]},{"time":0.5667,"angle":-0.43,"curve":[0.375,0.5,0.75,1]},{"time":0.6333,"angle":11.95,"curve":[0.25,0,0.75,1]},{"time":0.7333,"angle":9.06,"curve":[0.25,0,0.75,1]},{"time":0.8,"angle":14.84,"curve":[0.25,0,0.75,1]},{"time":0.9,"angle":12.57,"curve":[0.25,0,0.75,1]},{"time":0.9667,"angle":14.84,"curve":[0.25,0,0.75,1]},{"time":1.0667,"angle":13.72,"curve":[0.25,0,0.75,1]},{"time":1.1333,"angle":14.84,"curve":[0.25,0,0.75,1]},{"time":1.2333,"angle":13.95,"curve":[0.25,0,0.75,1]},{"time":1.3,"angle":14.84,"curve":[0.25,0,0.75,1]},{"time":1.5,"angle":0,"curve":"stepped"},{"time":1.6667,"angle":0}]}},"deform":{"default":{"ThanRong":{"ThanRong":[{"time":0,"curve":"stepped"},{"time":0.1667},{"time":0.3333,"offset":24,"vertices":[-3.356,5.87299,0,0,0,10.06802]},{"time":0.4667,"offset":24,"vertices":[-3.356,5.87299,0,0,-1.67801,10.06802]},{"time":0.6667},{"time":0.7333,"offset":28,"vertices":[-1.67799,5.87299]},{"time":0.8333},{"time":0.9,"offset":28,"vertices":[-1.67799,5.87299]},{"time":1},{"time":1.0667,"offset":28,"vertices":[-1.67799,5.87299]},{"time":1.1667},{"time":1.2333,"offset":28,"vertices":[-1.67799,5.87299]},{"time":1.3333,"curve":"stepped"},{"time":1.6667}]}}}}}},"_atlasText":"\nskeleton.png\nsize: 2048,256\nformat: RGBA8888\nfilter: Linear,Linear\nrepeat: none\nBongDen\n  rotate: false\n  xy: 736, 206\n  size: 105, 48\n  orig: 105, 48\n  offset: 0, 0\n  index: -1\nChanSau\n  rotate: false\n  xy: 618, 174\n  size: 116, 80\n  orig: 116, 80\n  offset: 0, 0\n  index: -1\nDauRong\n  rotate: false\n  xy: 173, 101\n  size: 189, 153\n  orig: 189, 153\n  offset: 0, 0\n  index: -1\nHamRang\n  rotate: false\n  xy: 482, 166\n  size: 134, 88\n  orig: 134, 88\n  offset: 0, 0\n  index: -1\nKhoiMui/KhoiMui_00\n  rotate: false\n  xy: 581, 63\n  size: 19, 10\n  orig: 100, 50\n  offset: 8, 16\n  index: -1\nKhoiMui/KhoiMui_01\n  rotate: false\n  xy: 60, 3\n  size: 20, 11\n  orig: 100, 50\n  offset: 9, 15\n  index: -1\nKhoiMui/KhoiMui_02\n  rotate: false\n  xy: 883, 199\n  size: 23, 13\n  orig: 100, 50\n  offset: 9, 14\n  index: -1\nKhoiMui/KhoiMui_03\n  rotate: true\n  xy: 2032, 198\n  size: 26, 14\n  orig: 100, 50\n  offset: 9, 14\n  index: -1\nKhoiMui/KhoiMui_04\n  rotate: true\n  xy: 2032, 226\n  size: 28, 14\n  orig: 100, 50\n  offset: 10, 14\n  index: -1\nKhoiMui/KhoiMui_05\n  rotate: true\n  xy: 830, 173\n  size: 31, 16\n  orig: 100, 50\n  offset: 10, 13\n  index: -1\nKhoiMui/KhoiMui_06\n  rotate: false\n  xy: 848, 193\n  size: 33, 19\n  orig: 100, 50\n  offset: 11, 12\n  index: -1\nKhoiMui/KhoiMui_07\n  rotate: true\n  xy: 248, 19\n  size: 37, 19\n  orig: 100, 50\n  offset: 11, 12\n  index: -1\nKhoiMui/KhoiMui_08\n  rotate: false\n  xy: 652, 2\n  size: 42, 22\n  orig: 100, 50\n  offset: 9, 11\n  index: -1\nKhoiMui/KhoiMui_09\n  rotate: false\n  xy: 707, 34\n  size: 46, 23\n  orig: 100, 50\n  offset: 9, 11\n  index: -1\nKhoiMui/KhoiMui_10\n  rotate: true\n  xy: 625, 2\n  size: 50, 25\n  orig: 100, 50\n  offset: 9, 10\n  index: -1\nKhoiMui/KhoiMui_11\n  rotate: false\n  xy: 652, 26\n  size: 53, 26\n  orig: 100, 50\n  offset: 9, 10\n  index: -1\nKhoiMui/KhoiMui_12\n  rotate: false\n  xy: 576, 136\n  size: 57, 28\n  orig: 100, 50\n  offset: 9, 9\n  index: -1\nKhoiMui/KhoiMui_13\n  rotate: true\n  xy: 549, 61\n  size: 60, 30\n  orig: 100, 50\n  offset: 9, 8\n  index: -1\nKhoiMui/KhoiMui_14\n  rotate: false\n  xy: 1660, 223\n  size: 64, 31\n  orig: 100, 50\n  offset: 9, 8\n  index: -1\nKhoiMui/KhoiMui_15\n  rotate: false\n  xy: 1592, 222\n  size: 66, 32\n  orig: 100, 50\n  offset: 10, 7\n  index: -1\nKhoiMui/KhoiMui_16\n  rotate: false\n  xy: 1521, 219\n  size: 69, 35\n  orig: 100, 50\n  offset: 10, 6\n  index: -1\nKhoiMui/KhoiMui_17\n  rotate: false\n  xy: 1445, 219\n  size: 74, 35\n  orig: 100, 50\n  offset: 9, 6\n  index: -1\nKhoiMui/KhoiMui_18\n  rotate: false\n  xy: 1367, 218\n  size: 76, 36\n  orig: 100, 50\n  offset: 10, 6\n  index: -1\nKhoiMui/KhoiMui_19\n  rotate: false\n  xy: 1285, 218\n  size: 80, 36\n  orig: 100, 50\n  offset: 9, 6\n  index: -1\nKhoiMui/KhoiMui_20\n  rotate: false\n  xy: 1027, 218\n  size: 85, 36\n  orig: 100, 50\n  offset: 8, 6\n  index: -1\nKhoiMui/KhoiMui_21\n  rotate: false\n  xy: 937, 218\n  size: 88, 36\n  orig: 100, 50\n  offset: 8, 6\n  index: -1\nKhoiMui/KhoiMui_22\n  rotate: false\n  xy: 155, 19\n  size: 91, 37\n  orig: 100, 50\n  offset: 8, 6\n  index: -1\nKhoiMui/KhoiMui_23\n  rotate: false\n  xy: 269, 60\n  size: 92, 39\n  orig: 100, 50\n  offset: 8, 5\n  index: -1\nKhoiMui/KhoiMui_24\n  rotate: false\n  xy: 843, 214\n  size: 92, 40\n  orig: 100, 50\n  offset: 8, 5\n  index: -1\nKhoiMui/KhoiMui_25\n  rotate: false\n  xy: 482, 123\n  size: 92, 41\n  orig: 100, 50\n  offset: 8, 5\n  index: -1\nKhoiMui/KhoiMui_26\n  rotate: false\n  xy: 60, 16\n  size: 93, 40\n  orig: 100, 50\n  offset: 7, 6\n  index: -1\nKhoiMui/KhoiMui_27\n  rotate: false\n  xy: 173, 58\n  size: 94, 41\n  orig: 100, 50\n  offset: 6, 6\n  index: -1\nKhoiMui/KhoiMui_28\n  rotate: false\n  xy: 1200, 216\n  size: 83, 38\n  orig: 100, 50\n  offset: 6, 6\n  index: -1\nKhoiMui/KhoiMui_29\n  rotate: false\n  xy: 1114, 216\n  size: 84, 38\n  orig: 100, 50\n  offset: 6, 6\n  index: -1\nLuoiRong\n  rotate: false\n  xy: 736, 174\n  size: 92, 30\n  orig: 92, 30\n  offset: 0, 0\n  index: -1\nMaRong\n  rotate: false\n  xy: 364, 119\n  size: 116, 135\n  orig: 116, 135\n  offset: 0, 0\n  index: -1\nSequences/CauBe_00\n  rotate: false\n  xy: 2, 2\n  size: 56, 54\n  orig: 60, 60\n  offset: 3, 4\n  index: -1\nSequences/CauBe_01\n  rotate: false\n  xy: 393, 2\n  size: 55, 53\n  orig: 60, 60\n  offset: 4, 4\n  index: -1\nSequences/CauBe_02\n  rotate: false\n  xy: 700, 59\n  size: 53, 52\n  orig: 60, 60\n  offset: 5, 4\n  index: -1\nSequences/CauBe_03\n  rotate: false\n  xy: 450, 2\n  size: 53, 53\n  orig: 60, 60\n  offset: 5, 4\n  index: -1\nSequences/CauBe_04\n  rotate: true\n  xy: 269, 2\n  size: 56, 60\n  orig: 60, 60\n  offset: 2, 0\n  index: -1\nSequences/CauBe_05\n  rotate: true\n  xy: 331, 2\n  size: 56, 60\n  orig: 60, 60\n  offset: 2, 0\n  index: -1\nSequences/CauBe_06\n  rotate: true\n  xy: 364, 60\n  size: 57, 60\n  orig: 60, 60\n  offset: 1, 0\n  index: -1\nSequences/CauBe_07\n  rotate: false\n  xy: 426, 57\n  size: 59, 60\n  orig: 60, 60\n  offset: 0, 0\n  index: -1\nSequences/CauBe_08\n  rotate: true\n  xy: 1726, 195\n  size: 59, 60\n  orig: 60, 60\n  offset: 0, 0\n  index: -1\nSequences/CauBe_09\n  rotate: false\n  xy: 487, 61\n  size: 60, 60\n  orig: 60, 60\n  offset: 0, 0\n  index: -1\nSequences/CauBe_10\n  rotate: false\n  xy: 1788, 194\n  size: 60, 60\n  orig: 60, 60\n  offset: 0, 0\n  index: -1\nSequences/CauBe_11\n  rotate: false\n  xy: 1850, 194\n  size: 59, 60\n  orig: 60, 60\n  offset: 0, 0\n  index: -1\nSequences/CauBe_12\n  rotate: false\n  xy: 1911, 194\n  size: 59, 60\n  orig: 60, 60\n  offset: 1, 0\n  index: -1\nSequences/CauBe_13\n  rotate: false\n  xy: 761, 114\n  size: 58, 58\n  orig: 60, 60\n  offset: 2, 2\n  index: -1\nSequences/CauBe_14\n  rotate: false\n  xy: 1972, 195\n  size: 58, 59\n  orig: 60, 60\n  offset: 2, 1\n  index: -1\nSequences/CauBe_15\n  rotate: false\n  xy: 581, 75\n  size: 58, 59\n  orig: 60, 60\n  offset: 2, 1\n  index: -1\nSequences/CauBe_16\n  rotate: false\n  xy: 641, 113\n  size: 58, 59\n  orig: 60, 60\n  offset: 2, 1\n  index: -1\nSequences/CauBe_17\n  rotate: false\n  xy: 701, 113\n  size: 58, 59\n  orig: 60, 60\n  offset: 2, 1\n  index: -1\nSequences/CauBe_18\n  rotate: true\n  xy: 505, 2\n  size: 57, 58\n  orig: 60, 60\n  offset: 2, 1\n  index: -1\nSequences/CauBe_19\n  rotate: true\n  xy: 565, 2\n  size: 57, 58\n  orig: 60, 60\n  offset: 2, 1\n  index: -1\nSequences/CauBe_20\n  rotate: false\n  xy: 641, 54\n  size: 57, 57\n  orig: 60, 60\n  offset: 3, 2\n  index: -1\nThanRong\n  rotate: false\n  xy: 2, 58\n  size: 169, 196\n  orig: 169, 196\n  offset: 0, 0\n  index: -1\n","textures":[{"__uuid__":"15SuMtiqxNfZ9BDecDQGtc"}],"textureNames":["skeleton.png"]}