{"__type__":"dragonBones.DragonBonesAtlasAsset","_name":"kyby_chibang4_tex","_atlasJson":"{\"SubTexture\":[{\"width\":230,\"y\":256,\"height\":253,\"name\":\"chibang4yanwu_3\",\"x\":1},{\"frameWidth\":116,\"y\":77,\"frameX\":-1,\"frameHeight\":76,\"frameY\":-1,\"width\":114,\"height\":74,\"name\":\"chibang4zise1_00009\",\"x\":671},{\"frameWidth\":116,\"y\":153,\"frameX\":-1,\"frameHeight\":76,\"frameY\":-1,\"width\":114,\"height\":74,\"name\":\"chibang4zise1_00008\",\"x\":467},{\"frameWidth\":116,\"y\":1,\"frameX\":-1,\"frameHeight\":76,\"frameY\":-1,\"width\":114,\"height\":74,\"name\":\"chibang4zise1_00007\",\"x\":440},{\"frameWidth\":116,\"y\":1,\"frameX\":0,\"frameHeight\":76,\"frameY\":-1,\"width\":115,\"height\":74,\"name\":\"chibang4zise1_00006\",\"x\":323},{\"frameWidth\":116,\"y\":384,\"frameX\":0,\"frameHeight\":76,\"frameY\":-1,\"width\":115,\"height\":74,\"name\":\"chibang4zise1_00005\",\"x\":476},{\"frameWidth\":116,\"y\":229,\"frameX\":-1,\"frameHeight\":76,\"frameY\":-1,\"width\":114,\"height\":74,\"name\":\"chibang4zise1_00015\",\"x\":555},{\"frameWidth\":116,\"y\":384,\"frameX\":0,\"frameHeight\":76,\"frameY\":-1,\"width\":115,\"height\":74,\"name\":\"chibang4zise1_00004\",\"x\":359},{\"frameWidth\":116,\"y\":153,\"frameX\":-1,\"frameHeight\":76,\"frameY\":-1,\"width\":114,\"height\":74,\"name\":\"chibang4zise1_00014\",\"x\":351},{\"frameWidth\":116,\"y\":77,\"frameX\":0,\"frameHeight\":76,\"frameY\":-1,\"width\":115,\"height\":74,\"name\":\"chibang4zise1_00003\",\"x\":351},{\"frameWidth\":116,\"y\":229,\"frameX\":-1,\"frameHeight\":76,\"frameY\":-1,\"width\":114,\"height\":74,\"name\":\"chibang4zise1_00013\",\"x\":439},{\"frameWidth\":116,\"y\":153,\"frameX\":-1,\"frameHeight\":76,\"frameY\":-1,\"width\":114,\"height\":74,\"name\":\"chibang4zise1_00002\",\"x\":583},{\"frameWidth\":116,\"y\":77,\"frameX\":-1,\"frameHeight\":76,\"frameY\":-1,\"width\":114,\"height\":74,\"name\":\"chibang4zise1_00012\",\"x\":787},{\"frameWidth\":116,\"y\":305,\"frameX\":-1,\"frameHeight\":76,\"frameY\":-1,\"width\":114,\"height\":74,\"name\":\"chibang4zise1_00001\",\"x\":439},{\"frameWidth\":116,\"y\":1,\"frameX\":-1,\"frameHeight\":76,\"frameY\":-1,\"width\":114,\"height\":74,\"name\":\"chibang4zise1_00011\",\"x\":556},{\"frameWidth\":116,\"y\":140,\"frameX\":0,\"frameHeight\":76,\"frameY\":-1,\"width\":115,\"height\":74,\"name\":\"chibang4zise1_00000\",\"x\":234},{\"frameWidth\":116,\"y\":77,\"frameX\":-1,\"frameHeight\":76,\"frameY\":-1,\"width\":114,\"height\":74,\"name\":\"chibang4zise1_00010\",\"x\":468},{\"frameWidth\":80,\"y\":229,\"frameX\":-2,\"frameHeight\":76,\"frameY\":-1,\"width\":76,\"height\":74,\"name\":\"chibang4zise2_00015\",\"x\":671},{\"frameWidth\":80,\"y\":381,\"frameX\":-2,\"frameHeight\":76,\"frameY\":-1,\"width\":76,\"height\":74,\"name\":\"chibang4zise2_00004\",\"x\":593},{\"frameWidth\":80,\"y\":153,\"frameX\":-2,\"frameHeight\":76,\"frameY\":-1,\"width\":76,\"height\":74,\"name\":\"chibang4zise2_00014\",\"x\":789},{\"frameWidth\":80,\"y\":1,\"frameX\":-2,\"frameHeight\":76,\"frameY\":-1,\"width\":76,\"height\":74,\"name\":\"chibang4zise2_00003\",\"x\":829},{\"frameWidth\":80,\"y\":305,\"frameX\":-2,\"frameHeight\":76,\"frameY\":-1,\"width\":76,\"height\":74,\"name\":\"chibang4zise2_00013\",\"x\":711},{\"frameWidth\":80,\"y\":153,\"frameX\":-2,\"frameHeight\":76,\"frameY\":-1,\"width\":76,\"height\":74,\"name\":\"chibang4zise2_00002\",\"x\":711},{\"frameWidth\":80,\"y\":305,\"frameX\":-2,\"frameHeight\":76,\"frameY\":-1,\"width\":76,\"height\":74,\"name\":\"chibang4zise2_00012\",\"x\":633},{\"frameWidth\":80,\"y\":381,\"frameX\":-2,\"frameHeight\":76,\"frameY\":-1,\"width\":76,\"height\":74,\"name\":\"chibang4zise2_00001\",\"x\":749},{\"frameWidth\":80,\"y\":305,\"frameX\":-2,\"frameHeight\":76,\"frameY\":-1,\"width\":76,\"height\":74,\"name\":\"chibang4zise2_00011\",\"x\":555},{\"frameWidth\":80,\"y\":229,\"frameX\":-2,\"frameHeight\":76,\"frameY\":-1,\"width\":76,\"height\":74,\"name\":\"chibang4zise2_00000\",\"x\":749},{\"frameWidth\":80,\"y\":1,\"frameX\":-1,\"frameHeight\":76,\"frameY\":-1,\"width\":77,\"height\":74,\"name\":\"chibang4zise2_00010\",\"x\":672},{\"frameWidth\":80,\"y\":77,\"frameX\":-1,\"frameHeight\":76,\"frameY\":-1,\"width\":77,\"height\":74,\"name\":\"chibang4zise2_00009\",\"x\":584},{\"frameWidth\":80,\"y\":77,\"frameX\":-2,\"frameHeight\":76,\"frameY\":-1,\"width\":76,\"height\":74,\"name\":\"chibang4zise2_00008\",\"x\":903},{\"frameWidth\":80,\"y\":381,\"frameX\":-2,\"frameHeight\":76,\"frameY\":-1,\"width\":76,\"height\":74,\"name\":\"chibang4zise2_00007\",\"x\":671},{\"frameWidth\":80,\"y\":1,\"frameX\":-2,\"frameHeight\":76,\"frameY\":-1,\"width\":76,\"height\":74,\"name\":\"chibang4zise2_00006\",\"x\":907},{\"frameWidth\":80,\"y\":1,\"frameX\":-2,\"frameHeight\":76,\"frameY\":-1,\"width\":76,\"height\":74,\"name\":\"chibang4zise2_00005\",\"x\":751},{\"width\":124,\"y\":384,\"height\":98,\"name\":\"chibang4＿Lchibang2\",\"x\":233},{\"width\":204,\"y\":256,\"height\":126,\"name\":\"chibang4＿Lchibang\",\"x\":233},{\"width\":20,\"y\":77,\"height\":19,\"name\":\"chibang4＿lyreye2\",\"x\":323},{\"width\":13,\"y\":98,\"height\":13,\"name\":\"chibang4＿lyreye1\",\"x\":323},{\"frameWidth\":89,\"y\":1,\"frameX\":-1,\"frameHeight\":142,\"frameY\":-3,\"width\":87,\"height\":137,\"name\":\"chibang4＿xiaoguang\",\"x\":234},{\"frameWidth\":150,\"y\":305,\"frameX\":-9,\"frameHeight\":29,\"frameY\":-1,\"width\":138,\"height\":27,\"name\":\"chibang4＿yangjing\",\"x\":789},{\"width\":68,\"y\":216,\"height\":27,\"name\":\"chibang4xiaobianfu\",\"x\":234},{\"width\":231,\"y\":1,\"height\":253,\"name\":\"chibang4xuguang\",\"x\":1}],\"width\":1024,\"imagePath\":\"kyby_chibang4_tex.png\",\"height\":512,\"name\":\"kyby_chibang4\"}","_texture":{"__uuid__":"adhs3jnA1HjbDFYOtMM72Z"},"texture":{"__uuid__":"adhs3jnA1HjbDFYOtMM72Z"}}