{"__type__":"sp.SkeletonData","_name":"ICON","_skeletonJson":{"skeleton":{"hash":"E/2RwaEtwU1JuQ1cVfAcvoEPgRo","spine":"3.6.53","width":451,"height":348,"images":"../Images/"},"bones":[{"name":"root"},{"name":"bone","parent":"root","length":104.07,"rotation":100.57,"x":2.73,"y":-9.39},{"name":"bone2","parent":"root","length":110.56,"rotation":119.57,"x":-130.94,"y":4.93},{"name":"bone3","parent":"root","length":109.38,"rotation":57.99,"x":139.81,"y":0.84},{"name":"bone4","parent":"root","length":160.8,"rotation":-169.74,"x":-34.78,"y":-42.13},{"name":"bone5","parent":"root","length":79.67,"rotation":93.76,"x":-35.97,"y":33.15}],"slots":[{"name":"BUTTON2","bone":"bone4","attachment":"BUTTON"},{"name":"BUTTON","bone":"root"},{"name":"LIGHT2","bone":"bone","attachment":"LIGHT"},{"name":"LIGHT","bone":"root"},{"name":"RONG4","bone":"bone3","attachment":"RONG1"},{"name":"RONG1","bone":"root"},{"name":"RONG3","bone":"bone2","attachment":"RONG2"},{"name":"RONG2","bone":"root"},{"name":"A2","bone":"bone5","attachment":"A"},{"name":"A","bone":"root"}],"skins":{"default":{"A2":{"A":{"x":3.32,"y":-36.78,"rotation":-93.76,"width":208,"height":87}},"BUTTON2":{"BUTTON":{"x":-41.83,"y":-24.45,"rotation":169.74,"width":277,"height":280}},"LIGHT2":{"LIGHT":{"x":1.29,"y":2.7,"rotation":-100.57,"width":334,"height":348}},"RONG3":{"RONG2":{"x":39.17,"y":0.24,"rotation":-119.57,"width":146,"height":143}},"RONG4":{"RONG1":{"x":40.06,"y":7.69,"rotation":-57.99,"width":146,"height":143}}}},"animations":{"animation":{"slots":{"LIGHT2":{"color":[{"time":0,"color":"ffffff00"},{"time":1.3333,"color":"ffffffff"},{"time":2.6667,"color":"ffffff00"}]}},"bones":{"root":{"rotate":[{"time":0,"angle":0}],"translate":[{"time":0,"x":0,"y":0}],"scale":[{"time":0,"x":1,"y":1}]},"bone":{"rotate":[{"time":0,"angle":0},{"time":0.6667,"angle":-87.38},{"time":1.3333,"angle":-170.9},{"time":2,"angle":-257.78},{"time":2.3333,"angle":54.63},{"time":2.6667,"angle":0}],"translate":[{"time":0,"x":0,"y":0,"curve":"stepped"},{"time":2.6667,"x":0,"y":0}],"scale":[{"time":0,"x":1,"y":1,"curve":"stepped"},{"time":2.6667,"x":1,"y":1}]},"bone2":{"rotate":[{"time":0,"angle":0,"curve":[0.25,0,0.75,1]},{"time":1.3333,"angle":19.85,"curve":[0.25,0,0.75,1]},{"time":2.6667,"angle":0}],"translate":[{"time":0,"x":0,"y":0,"curve":"stepped"},{"time":2.6667,"x":0,"y":0}],"scale":[{"time":0,"x":1,"y":1,"curve":"stepped"},{"time":2.6667,"x":1,"y":1}]},"bone3":{"rotate":[{"time":0,"angle":0,"curve":[0.25,0,0.75,1]},{"time":1.3333,"angle":-18.03,"curve":[0.25,0,0.75,1]},{"time":2.6667,"angle":0}],"translate":[{"time":0,"x":0,"y":0,"curve":"stepped"},{"time":2.6667,"x":0,"y":0}],"scale":[{"time":0,"x":1,"y":1,"curve":"stepped"},{"time":2.6667,"x":1,"y":1}]},"bone4":{"rotate":[{"time":0,"angle":0}],"translate":[{"time":0,"x":0,"y":0}],"scale":[{"time":0,"x":1,"y":1}]},"bone5":{"rotate":[{"time":0,"angle":0,"curve":"stepped"},{"time":1,"angle":0,"curve":"stepped"},{"time":2.6667,"angle":0}],"translate":[{"time":0,"x":0,"y":0,"curve":[0.25,0,0.75,1]},{"time":0.5,"x":-1.44,"y":12.48,"curve":[0.25,0,0.75,1]},{"time":1,"x":0,"y":0,"curve":[0.25,0,0.75,1]},{"time":1.8333,"x":-1.44,"y":12.48,"curve":[0.25,0,0.75,1]},{"time":2.6667,"x":0,"y":0}],"scale":[{"time":0,"x":1,"y":1,"curve":[0.25,0,0.75,1]},{"time":0.5,"x":1.095,"y":1.095,"curve":[0.25,0,0.75,1]},{"time":1,"x":1,"y":1,"curve":[0.25,0,0.75,1]},{"time":1.8333,"x":1.095,"y":1.095,"curve":[0.25,0,0.75,1]},{"time":2.6667,"x":1,"y":1}]}}}}},"_atlasText":"\nICON.png\nsize: 1024,512\nformat: RGBA8888\nfilter: Linear,Linear\nrepeat: none\nA\n  rotate: false\n  xy: 2, 2\n  size: 208, 87\n  orig: 208, 87\n  offset: 0, 0\n  index: -1\nBUTTON\n  rotate: false\n  xy: 338, 159\n  size: 277, 280\n  orig: 277, 280\n  offset: 0, 0\n  index: -1\nLIGHT\n  rotate: false\n  xy: 2, 91\n  size: 334, 348\n  orig: 334, 348\n  offset: 0, 0\n  index: -1\nRONG1\n  rotate: false\n  xy: 617, 296\n  size: 146, 143\n  orig: 146, 143\n  offset: 0, 0\n  index: -1\nRONG2\n  rotate: false\n  xy: 765, 296\n  size: 146, 143\n  orig: 146, 143\n  offset: 0, 0\n  index: -1\n","textures":[{"__uuid__":"44FJSX/qtNm4IAS2Jsb1Hf"}],"textureNames":["ICON.png"]}