{"__type__":"dragonBones.DragonBonesAtlasAsset","_name":"kyby_hall_bj_jiemian_tex","_atlasJson":"{\"SubTexture\":[{\"width\":82,\"y\":1140,\"height\":48,\"name\":\"hai_ou\",\"x\":1962},{\"width\":326,\"y\":876,\"height\":271,\"name\":\"shu\",\"x\":1505},{\"frameY\":-7,\"y\":880,\"frameWidth\":437,\"frameX\":-8,\"frameHeight\":198,\"width\":429,\"height\":191,\"name\":\"shui/bbw__00008\",\"x\":1},{\"frameY\":-7,\"y\":1073,\"frameWidth\":437,\"frameX\":-8,\"frameHeight\":198,\"width\":429,\"height\":191,\"name\":\"shui/bbw__00012\",\"x\":1},{\"frameY\":-8,\"y\":1149,\"frameWidth\":437,\"frameX\":-8,\"frameHeight\":198,\"width\":429,\"height\":190,\"name\":\"shui/bbw__00016\",\"x\":1293},{\"frameY\":-8,\"y\":1341,\"frameWidth\":437,\"frameX\":-9,\"frameHeight\":198,\"width\":428,\"height\":190,\"name\":\"shui/bbw__00020\",\"x\":1293},{\"frameY\":-7,\"y\":1070,\"frameWidth\":437,\"frameX\":-8,\"frameHeight\":198,\"width\":429,\"height\":191,\"name\":\"shui/bbw__00000\",\"x\":432},{\"frameY\":-8,\"y\":1263,\"frameWidth\":437,\"frameX\":-9,\"frameHeight\":198,\"width\":428,\"height\":190,\"name\":\"shui/bbw__00024\",\"x\":432},{\"frameY\":-7,\"y\":877,\"frameWidth\":437,\"frameX\":-8,\"frameHeight\":198,\"width\":429,\"height\":191,\"name\":\"shui/bbw__00004\",\"x\":754},{\"frameY\":-7,\"y\":1070,\"frameWidth\":437,\"frameX\":-9,\"frameHeight\":198,\"width\":428,\"height\":191,\"name\":\"shui/bbw__00028\",\"x\":863},{\"frameY\":-11,\"y\":1,\"frameWidth\":385,\"frameX\":-3,\"frameHeight\":321,\"width\":377,\"height\":298,\"name\":\"bowen/bw_00006\",\"x\":1},{\"frameY\":-15,\"y\":303,\"frameWidth\":385,\"frameX\":-3,\"frameHeight\":321,\"width\":375,\"height\":288,\"name\":\"bowen/bw_00024\",\"x\":377},{\"frameY\":-11,\"y\":1,\"frameWidth\":385,\"frameX\":-3,\"frameHeight\":321,\"width\":378,\"height\":292,\"name\":\"bowen/bw_00004\",\"x\":1132},{\"frameY\":-16,\"y\":593,\"frameWidth\":385,\"frameX\":-5,\"frameHeight\":321,\"width\":375,\"height\":285,\"name\":\"bowen/bw_00018\",\"x\":377},{\"frameY\":-10,\"y\":301,\"frameWidth\":385,\"frameX\":-4,\"frameHeight\":321,\"width\":374,\"height\":297,\"name\":\"bowen/bw_00002\",\"x\":1},{\"frameY\":-12,\"y\":303,\"frameWidth\":385,\"frameX\":-6,\"frameHeight\":321,\"width\":374,\"height\":283,\"name\":\"bowen/bw_00016\",\"x\":754},{\"frameY\":-11,\"y\":1,\"frameWidth\":385,\"frameX\":-5,\"frameHeight\":321,\"width\":374,\"height\":300,\"name\":\"bowen/bw_00028\",\"x\":380},{\"frameY\":-12,\"y\":295,\"frameWidth\":385,\"frameX\":-5,\"frameHeight\":321,\"width\":372,\"height\":292,\"name\":\"bowen/bw_00000\",\"x\":1132},{\"frameY\":-12,\"y\":1,\"frameWidth\":385,\"frameX\":-2,\"frameHeight\":321,\"width\":379,\"height\":291,\"name\":\"bowen/bw_00008\",\"x\":1512},{\"frameY\":-19,\"y\":589,\"frameWidth\":385,\"frameX\":-3,\"frameHeight\":321,\"width\":377,\"height\":286,\"name\":\"bowen/bw_00022\",\"x\":754},{\"frameY\":-11,\"y\":294,\"frameWidth\":385,\"frameX\":-2,\"frameHeight\":321,\"width\":374,\"height\":291,\"name\":\"bowen/bw_00010\",\"x\":1512},{\"frameY\":-12,\"y\":589,\"frameWidth\":385,\"frameX\":-6,\"frameHeight\":321,\"width\":370,\"height\":286,\"name\":\"bowen/bw_00014\",\"x\":1133},{\"frameY\":-12,\"y\":600,\"frameWidth\":385,\"frameX\":-4,\"frameHeight\":321,\"width\":374,\"height\":278,\"name\":\"bowen/bw_00012\",\"x\":1},{\"frameY\":-18,\"y\":587,\"frameWidth\":385,\"frameX\":-4,\"frameHeight\":321,\"width\":378,\"height\":287,\"name\":\"bowen/bw_00020\",\"x\":1506},{\"frameY\":-11,\"y\":1,\"frameWidth\":385,\"frameX\":-5,\"frameHeight\":321,\"width\":374,\"height\":297,\"name\":\"bowen/bw_00026\",\"x\":756},{\"frameY\":0,\"y\":1598,\"frameWidth\":236,\"frameX\":0,\"frameHeight\":176,\"width\":236,\"height\":170,\"name\":\"shui01/shui_00008\",\"x\":1576},{\"frameY\":0,\"y\":1533,\"frameWidth\":236,\"frameX\":0,\"frameHeight\":176,\"width\":236,\"height\":171,\"name\":\"shui01/shui_00012\",\"x\":1100},{\"frameY\":0,\"y\":1436,\"frameWidth\":236,\"frameX\":0,\"frameHeight\":176,\"width\":236,\"height\":171,\"name\":\"shui01/shui_00016\",\"x\":862},{\"frameY\":0,\"y\":877,\"frameWidth\":236,\"frameX\":0,\"frameHeight\":176,\"width\":236,\"height\":171,\"name\":\"shui01/shui_00020\",\"x\":1185},{\"frameY\":0,\"y\":1263,\"frameWidth\":236,\"frameX\":0,\"frameHeight\":176,\"width\":236,\"height\":171,\"name\":\"shui01/shui_00000\",\"x\":862},{\"frameY\":0,\"y\":1533,\"frameWidth\":236,\"frameX\":0,\"frameHeight\":176,\"width\":236,\"height\":171,\"name\":\"shui01/shui_00024\",\"x\":1338},{\"frameY\":0,\"y\":1455,\"frameWidth\":236,\"frameX\":0,\"frameHeight\":176,\"width\":236,\"height\":170,\"name\":\"shui01/shui_00004\",\"x\":247},{\"frameY\":0,\"y\":1149,\"frameWidth\":236,\"frameX\":0,\"frameHeight\":176,\"width\":236,\"height\":171,\"name\":\"shui01/shui_00028\",\"x\":1724},{\"frameY\":0,\"y\":108,\"frameWidth\":121,\"frameX\":-2,\"frameHeight\":105,\"width\":111,\"height\":105,\"name\":\"shui02/ss_00012\",\"x\":1893},{\"frameY\":0,\"y\":1718,\"frameWidth\":121,\"frameX\":-2,\"frameHeight\":105,\"width\":111,\"height\":105,\"name\":\"shui02/ss_00008\",\"x\":1},{\"frameY\":0,\"y\":1718,\"frameWidth\":121,\"frameX\":-2,\"frameHeight\":105,\"width\":110,\"height\":105,\"name\":\"shui02/ss_00016\",\"x\":114},{\"frameY\":0,\"y\":1,\"frameWidth\":121,\"frameX\":-1,\"frameHeight\":105,\"width\":111,\"height\":105,\"name\":\"shui02/ss_00024\",\"x\":1893},{\"frameY\":0,\"y\":1455,\"frameWidth\":121,\"frameX\":-2,\"frameHeight\":105,\"width\":111,\"height\":105,\"name\":\"shui02/ss_00004\",\"x\":742},{\"frameY\":0,\"y\":1666,\"frameWidth\":121,\"frameX\":-2,\"frameHeight\":105,\"width\":110,\"height\":105,\"name\":\"shui02/ss_00000\",\"x\":709},{\"frameY\":0,\"y\":1666,\"frameWidth\":121,\"frameX\":-1,\"frameHeight\":105,\"width\":111,\"height\":105,\"name\":\"shui02/ss_00020\",\"x\":596},{\"frameY\":0,\"y\":1666,\"frameWidth\":121,\"frameX\":-1,\"frameHeight\":105,\"width\":111,\"height\":105,\"name\":\"shui02/ss_00028\",\"x\":483},{\"frameY\":0,\"y\":1627,\"frameWidth\":156,\"frameX\":-1,\"frameHeight\":89,\"width\":155,\"height\":89,\"name\":\"shui03/ssh_00020\",\"x\":326},{\"width\":156,\"y\":769,\"height\":89,\"name\":\"shui03/ssh_00000\",\"x\":1886},{\"frameY\":0,\"y\":476,\"frameWidth\":156,\"frameX\":-1,\"frameHeight\":89,\"width\":155,\"height\":89,\"name\":\"shui03/ssh_00024\",\"x\":1888},{\"width\":156,\"y\":587,\"height\":89,\"name\":\"shui03/ssh_00004\",\"x\":1886},{\"frameY\":0,\"y\":294,\"frameWidth\":156,\"frameX\":-1,\"frameHeight\":89,\"width\":155,\"height\":89,\"name\":\"shui03/ssh_00028\",\"x\":1888},{\"width\":156,\"y\":678,\"height\":89,\"name\":\"shui03/ssh_00008\",\"x\":1886},{\"frameY\":0,\"y\":385,\"frameWidth\":156,\"frameX\":-1,\"frameHeight\":89,\"width\":155,\"height\":89,\"name\":\"shui03/ssh_00012\",\"x\":1888},{\"frameY\":0,\"y\":1627,\"frameWidth\":156,\"frameX\":-1,\"frameHeight\":89,\"width\":155,\"height\":89,\"name\":\"shui03/ssh_00016\",\"x\":169},{\"frameY\":0,\"y\":977,\"frameWidth\":166,\"frameX\":0,\"frameHeight\":102,\"width\":166,\"height\":99,\"name\":\"shui04/s4_00020\",\"x\":1833},{\"frameY\":-1,\"y\":1609,\"frameWidth\":166,\"frameX\":0,\"frameHeight\":102,\"width\":166,\"height\":98,\"name\":\"shui04/s4_00000\",\"x\":821},{\"frameY\":0,\"y\":1707,\"frameWidth\":166,\"frameX\":0,\"frameHeight\":102,\"width\":166,\"height\":99,\"name\":\"shui04/s4_00024\",\"x\":1814},{\"frameY\":-1,\"y\":1518,\"frameWidth\":166,\"frameX\":0,\"frameHeight\":102,\"width\":166,\"height\":98,\"name\":\"shui04/s4_00004\",\"x\":1},{\"frameY\":-1,\"y\":1566,\"frameWidth\":166,\"frameX\":0,\"frameHeight\":102,\"width\":166,\"height\":98,\"name\":\"shui04/s4_00028\",\"x\":653},{\"frameY\":-1,\"y\":1618,\"frameWidth\":166,\"frameX\":0,\"frameHeight\":102,\"width\":166,\"height\":98,\"name\":\"shui04/s4_00008\",\"x\":1},{\"frameY\":-1,\"y\":1566,\"frameWidth\":166,\"frameX\":0,\"frameHeight\":102,\"width\":166,\"height\":98,\"name\":\"shui04/s4_00012\",\"x\":485},{\"frameY\":0,\"y\":876,\"frameWidth\":166,\"frameX\":0,\"frameHeight\":102,\"width\":166,\"height\":99,\"name\":\"shui04/s4_00016\",\"x\":1833},{\"width\":287,\"y\":880,\"height\":153,\"name\":\"lang_01\",\"x\":432},{\"frameY\":-1,\"y\":1341,\"frameWidth\":256,\"frameX\":0,\"frameHeight\":256,\"width\":256,\"height\":255,\"name\":\"lang_02\",\"x\":1723},{\"width\":150,\"y\":215,\"height\":53,\"name\":\"lang_03\",\"x\":1893},{\"frameY\":0,\"y\":1598,\"frameWidth\":220,\"frameX\":0,\"frameHeight\":108,\"width\":220,\"height\":107,\"name\":\"lang_04\",\"x\":1814},{\"frameY\":0,\"y\":1455,\"frameWidth\":256,\"frameX\":0,\"frameHeight\":109,\"width\":255,\"height\":109,\"name\":\"lang_05\",\"x\":485},{\"frameY\":0,\"y\":1718,\"frameWidth\":100,\"frameX\":0,\"frameHeight\":77,\"width\":100,\"height\":76,\"name\":\"lang_06\",\"x\":348},{\"frameY\":-6,\"y\":1050,\"frameWidth\":200,\"frameX\":-40,\"frameHeight\":93,\"width\":160,\"height\":87,\"name\":\"lang_07\",\"x\":1293},{\"width\":164,\"y\":1266,\"height\":159,\"name\":\"lang_08\",\"x\":247},{\"frameY\":0,\"y\":1078,\"frameWidth\":160,\"frameX\":-1,\"frameHeight\":60,\"width\":159,\"height\":60,\"name\":\"lang_09\",\"x\":1833},{\"width\":90,\"y\":1609,\"height\":47,\"name\":\"lang_10\",\"x\":989},{\"width\":80,\"y\":270,\"height\":21,\"name\":\"lang_11\",\"x\":1893},{\"width\":148,\"y\":1263,\"height\":258,\"name\":\"shu_01\",\"x\":1100},{\"frameY\":-3,\"y\":1266,\"frameWidth\":256,\"frameX\":-3,\"frameHeight\":256,\"width\":244,\"height\":250,\"name\":\"guang_yun\",\"x\":1},{\"width\":120,\"y\":1533,\"height\":41,\"name\":\"yu\",\"x\":1576},{\"width\":120,\"y\":1718,\"height\":89,\"name\":\"yu02\",\"x\":226}],\"width\":2048,\"height\":2048,\"name\":\"kyby_hall_bj_jiemian\",\"imagePath\":\"kyby_hall_bj_jiemian_tex.png\"}","_texture":{"__uuid__":"ffxagL2dJFZaLa5WvIDanC"},"texture":{"__uuid__":"ffxagL2dJFZaLa5WvIDanC"}}