{"__type__":"cc.AnimationClip","_name":"NoHu","_duration":4,"curveData":{"paths":{"text-bg":{"props":{"scale":[{"frame":0,"value":{"__type__":"cc.Vec2","x":2,"y":2}},{"frame":0.4166666666666667,"value":{"__type__":"cc.Vec2","x":1,"y":1}}],"opacity":[{"frame":0,"value":80},{"frame":0.4166666666666667,"value":255}]}},"khobau":{"props":{"scale":[{"frame":0,"value":{"__type__":"cc.Vec2","x":0.2,"y":0.2}},{"frame":0.4166666666666667,"value":{"__type__":"cc.Vec2","x":1,"y":1}},{"frame":1.75,"value":{"__type__":"cc.Vec2","x":1,"y":1}},{"frame":1.8833333333333333,"value":{"__type__":"cc.Vec2","x":0.9,"y":0.9}},{"frame":2.0166666666666666,"value":{"__type__":"cc.Vec2","x":1,"y":1}},{"frame":2.15,"value":{"__type__":"cc.Vec2","x":0.9,"y":0.9}},{"frame":2.283333333333333,"value":{"__type__":"cc.Vec2","x":1,"y":1}},{"frame":2.4166666666666665,"value":{"__type__":"cc.Vec2","x":0.9,"y":0.9}},{"frame":4,"value":{"__type__":"cc.Vec2","x":1,"y":1}}],"opacity":[{"frame":0,"value":100},{"frame":0.4166666666666667,"value":255}],"angle":[{"frame":0,"value":0},{"frame":0.75,"value":0},{"frame":1,"value":5},{"frame":1.5,"value":-5},{"frame":1.75,"value":0}]}},"light-bg-2":{"props":{"active":[{"frame":0,"value":false},{"frame":0.3333333333333333,"value":true}],"scale":[{"frame":0.3333333333333333,"value":{"__type__":"cc.Vec2","x":0.35,"y":0.35}},{"frame":0.75,"value":{"__type__":"cc.Vec2","x":1,"y":1}}]}},"HU":{"props":{"opacity":[{"frame":0,"value":0},{"frame":0.4166666666666667,"value":0},{"frame":0.43333333333333335,"value":255}]}}}}}