{"__type__":"sp.SkeletonData","_name":"xoxo","_skeletonJson":{"skeleton":{"hash":"ap5xf1iREXB8n1MJ9XpqsmcuEbs","spine":"3.7.94","width":296,"height":512,"images":"./images/","audio":"C:/Users/Toanp/OneDrive/Máy tính/giao dien r79/spine/ic_xoxo"},"bones":[{"name":"root","x":10.55,"y":23.22},{"name":"Layer 6784","parent":"root","x":-69.76,"y":174.54},{"name":"Layer 6785","parent":"root","x":72.2,"y":189.92},{"name":"Layer 6779","parent":"root","x":-16.23,"y":0.67},{"name":"Layer 6781","parent":"Layer 6779","x":5.96,"y":-12.67},{"name":"Layer 6787","parent":"root","length":70.79,"rotation":120.34,"x":-51.24,"y":37.92},{"name":"Layer 6786","parent":"root","length":79.3,"rotation":63.19,"x":38.9,"y":2.16},{"name":"Layer 6782","parent":"root","x":-1.33,"y":-105.86}],"slots":[{"name":"Layer 77","bone":"root","attachment":"Layer 77"},{"name":"Layer 6786","bone":"Layer 6786","attachment":"Layer 6786"},{"name":"Layer 6787","bone":"Layer 6787","attachment":"Layer 6787"},{"name":"Layer 6784","bone":"Layer 6784","attachment":"Layer 6784"},{"name":"Layer 6785","bone":"Layer 6785","attachment":"Layer 6785"},{"name":"Layer 6779","bone":"Layer 6779","attachment":"Layer 6779"},{"name":"Layer 6780","bone":"Layer 6781","attachment":"Layer 6780"},{"name":"Layer 6781","bone":"Layer 6782","attachment":"Layer 6781"},{"name":"Layer 6788","bone":"root","attachment":"Layer 6788"}],"skins":{"default":{"Layer 6779":{"Layer 6779":{"x":7.13,"y":33.69,"width":244,"height":185}},"Layer 6780":{"Layer 6780":{"x":1.67,"y":44.36,"width":137,"height":197}},"Layer 6781":{"Layer 6781":{"x":-2.77,"y":9.73,"width":236,"height":110}},"Layer 6784":{"Layer 6784":{"x":1.17,"y":-3.68,"width":61,"height":62}},"Layer 6785":{"Layer 6785":{"x":2.71,"y":3.94,"width":68,"height":68}},"Layer 6786":{"Layer 6786":{"x":39.55,"y":-3.55,"rotation":-63.19,"width":130,"height":132}},"Layer 6787":{"Layer 6787":{"x":37.06,"y":3.05,"rotation":-120.34,"width":139,"height":127}},"Layer 6788":{"Layer 6788":{"x":-5.1,"y":-178.64,"width":206,"height":109}},"Layer 77":{"Layer 77":{"x":-3.1,"y":-4.14,"width":296,"height":512}}}},"animations":{"animation":{"slots":{"Layer 6780":{"attachment":[{"time":0,"name":null},{"time":0.6333,"name":"Layer 6780"},{"time":0.7667,"name":null},{"time":0.8667,"name":"Layer 6780"},{"time":1,"name":null}]}},"bones":{"Layer 6779":{"translate":[{"time":0,"x":7.71,"y":0}],"scale":[{"time":0,"x":1,"y":1,"curve":[0.25,0,0.75,1]},{"time":0.8333,"x":1.075,"y":1.075,"curve":[0.25,0,0.75,1]},{"time":1.6667,"x":1,"y":1}]},"Layer 6787":{"rotate":[{"time":0,"angle":0,"curve":[0.25,0,0.75,1]},{"time":0.8333,"angle":-11.5,"curve":[0.25,0,0.75,1]},{"time":1.6667,"angle":0}]},"Layer 6786":{"scale":[{"time":0,"x":1,"y":1,"curve":[0.25,0,0.75,1]},{"time":0.8333,"x":1.084,"y":1.084,"curve":[0.25,0,0.75,1]},{"time":1.6667,"x":1,"y":1}]},"Layer 6785":{"translate":[{"time":0,"x":0,"y":0,"curve":[0.25,0,0.75,1]},{"time":0.8333,"x":0,"y":-33.14,"curve":[0.25,0,0.75,1]},{"time":1.6667,"x":0,"y":0}]},"Layer 6784":{"translate":[{"time":0,"x":0,"y":0,"curve":[0.25,0,0.75,1]},{"time":0.8333,"x":0,"y":19.18,"curve":[0.25,0,0.75,1]},{"time":1.6667,"x":0,"y":0}]},"Layer 6782":{"scale":[{"time":0,"x":0.948,"y":0.948,"curve":"stepped"},{"time":1.3333,"x":0.948,"y":0.948},{"time":1.4,"x":1,"y":1},{"time":1.4667,"x":0.948,"y":0.948},{"time":1.5,"x":1,"y":1},{"time":1.5667,"x":0.948,"y":0.948}]}}}}},"_atlasText":"\nxoxo.png\nsize: 1024,512\nformat: RGBA8888\nfilter: Linear,Linear\nrepeat: none\nLayer 6779\n  rotate: false\n  xy: 2, 2\n  size: 244, 185\n  orig: 244, 185\n  offset: 0, 0\n  index: -1\nLayer 6780\n  rotate: true\n  xy: 248, 50\n  size: 137, 197\n  orig: 137, 197\n  offset: 0, 0\n  index: -1\nLayer 6781\n  rotate: false\n  xy: 516, 375\n  size: 236, 110\n  orig: 236, 110\n  offset: 0, 0\n  index: -1\nLayer 6784\n  rotate: false\n  xy: 447, 125\n  size: 61, 62\n  orig: 61, 62\n  offset: 0, 0\n  index: -1\nLayer 6785\n  rotate: false\n  xy: 895, 417\n  size: 68, 68\n  orig: 68, 68\n  offset: 0, 0\n  index: -1\nLayer 6786\n  rotate: true\n  xy: 516, 132\n  size: 130, 132\n  orig: 130, 132\n  offset: 0, 0\n  index: -1\nLayer 6787\n  rotate: false\n  xy: 754, 358\n  size: 139, 127\n  orig: 139, 127\n  offset: 0, 0\n  index: -1\nLayer 6788\n  rotate: false\n  xy: 516, 264\n  size: 206, 109\n  orig: 206, 109\n  offset: 0, 0\n  index: -1\nLayer 77\n  rotate: true\n  xy: 2, 189\n  size: 296, 512\n  orig: 296, 512\n  offset: 0, 0\n  index: -1\n","textures":[{"__uuid__":"9awtiwwutOOYijAfVL2r4m"}],"textureNames":["xoxo.png"]}