[{"__type__":"cc.BitmapFont","_name":"font_effect_xam","spriteFrame":{"__uuid__":"c0UWbaAmFGiogwoCWhHT8a"},"fontSize":32,"_fntConfig":{"commonHeight":80,"fontSize":32,"atlasName":"font_effect_xam.png","fontDefDictionary":{"9":{"rect":{"x":0,"y":0,"width":0,"height":0},"xOffset":0,"yOffset":0,"xAdvance":160},"32":{"rect":{"x":0,"y":0,"width":0,"height":0},"xOffset":0,"yOffset":0,"xAdvance":20},"33":{"rect":{"x":833,"y":490,"width":24,"height":61},"xOffset":0,"yOffset":19,"xAdvance":20},"34":{"rect":{"x":630,"y":150,"width":34,"height":32},"xOffset":0,"yOffset":19,"xAdvance":30},"35":{"rect":{"x":429,"y":367,"width":51,"height":59},"xOffset":0,"yOffset":21,"xAdvance":47},"36":{"rect":{"x":678,"y":0,"width":45,"height":74},"xOffset":0,"yOffset":12,"xAdvance":41},"37":{"rect":{"x":0,"y":169,"width":67,"height":64},"xOffset":0,"yOffset":17,"xAdvance":63},"38":{"rect":{"x":213,"y":0,"width":60,"height":61},"xOffset":0,"yOffset":19,"xAdvance":56},"39":{"rect":{"x":841,"y":457,"width":20,"height":32},"xOffset":0,"yOffset":19,"xAdvance":16},"40":{"rect":{"x":835,"y":225,"width":24,"height":77},"xOffset":0,"yOffset":14,"xAdvance":20},"41":{"rect":{"x":807,"y":490,"width":25,"height":77},"xOffset":0,"yOffset":14,"xAdvance":21},"42":{"rect":{"x":320,"y":639,"width":33,"height":32},"xOffset":0,"yOffset":19,"xAdvance":29},"43":{"rect":{"x":532,"y":309,"width":48,"height":45},"xOffset":0,"yOffset":35,"xAdvance":44},"44":{"rect":{"x":806,"y":717,"width":29,"height":31},"xOffset":0,"yOffset":59,"xAdvance":25},"45":{"rect":{"x":72,"y":144,"width":29,"height":18},"xOffset":0,"yOffset":44,"xAdvance":25},"46":{"rect":{"x":628,"y":853,"width":24,"height":21},"xOffset":0,"yOffset":59,"xAdvance":20},"47":{"rect":{"x":677,"y":461,"width":45,"height":78},"xOffset":0,"yOffset":12,"xAdvance":41},"48":{"rect":{"x":429,"y":748,"width":51,"height":61},"xOffset":0,"yOffset":19,"xAdvance":47},"49":{"rect":{"x":806,"y":655,"width":29,"height":61},"xOffset":0,"yOffset":19,"xAdvance":25},"50":{"rect":{"x":533,"y":124,"width":48,"height":61},"xOffset":0,"yOffset":19,"xAdvance":44},"51":{"rect":{"x":532,"y":247,"width":48,"height":61},"xOffset":0,"yOffset":19,"xAdvance":44},"52":{"rect":{"x":429,"y":810,"width":51,"height":61},"xOffset":0,"yOffset":19,"xAdvance":47},"53":{"rect":{"x":629,"y":319,"width":47,"height":61},"xOffset":0,"yOffset":19,"xAdvance":43},"54":{"rect":{"x":430,"y":552,"width":50,"height":63},"xOffset":0,"yOffset":17,"xAdvance":46},"55":{"rect":{"x":430,"y":427,"width":50,"height":61},"xOffset":0,"yOffset":19,"xAdvance":46},"56":{"rect":{"x":582,"y":65,"width":47,"height":61},"xOffset":0,"yOffset":19,"xAdvance":43},"57":{"rect":{"x":430,"y":489,"width":50,"height":62},"xOffset":0,"yOffset":19,"xAdvance":46},"58":{"rect":{"x":806,"y":749,"width":24,"height":45},"xOffset":0,"yOffset":35,"xAdvance":20},"59":{"rect":{"x":806,"y":599,"width":30,"height":55},"xOffset":0,"yOffset":35,"xAdvance":26},"61":{"rect":{"x":67,"y":837,"width":49,"height":34},"xOffset":0,"yOffset":40,"xAdvance":45},"63":{"rect":{"x":723,"y":376,"width":42,"height":61},"xOffset":0,"yOffset":19,"xAdvance":38},"64":{"rect":{"x":85,"y":0,"width":64,"height":61},"xOffset":0,"yOffset":19,"xAdvance":60},"65":{"rect":{"x":197,"y":802,"width":62,"height":61},"xOffset":0,"yOffset":19,"xAdvance":58},"66":{"rect":{"x":677,"y":208,"width":45,"height":61},"xOffset":0,"yOffset":19,"xAdvance":41},"67":{"rect":{"x":438,"y":0,"width":50,"height":61},"xOffset":0,"yOffset":19,"xAdvance":46},"68":{"rect":{"x":331,"y":0,"width":53,"height":61},"xOffset":0,"yOffset":19,"xAdvance":49},"69":{"rect":{"x":489,"y":0,"width":39,"height":61},"xOffset":0,"yOffset":19,"xAdvance":35},"70":{"rect":{"x":767,"y":737,"width":38,"height":61},"xOffset":0,"yOffset":19,"xAdvance":34},"71":{"rect":{"x":134,"y":813,"width":62,"height":61},"xOffset":0,"yOffset":19,"xAdvance":58},"72":{"rect":{"x":385,"y":0,"width":52,"height":61},"xOffset":0,"yOffset":19,"xAdvance":48},"73":{"rect":{"x":837,"y":805,"width":21,"height":61},"xOffset":0,"yOffset":19,"xAdvance":17},"74":{"rect":{"x":767,"y":799,"width":37,"height":61},"xOffset":0,"yOffset":19,"xAdvance":33},"75":{"rect":{"x":323,"y":281,"width":53,"height":61},"xOffset":0,"yOffset":19,"xAdvance":49},"76":{"rect":{"x":768,"y":644,"width":37,"height":61},"xOffset":0,"yOffset":19,"xAdvance":33},"77":{"rect":{"x":0,"y":62,"width":71,"height":61},"xOffset":0,"yOffset":19,"xAdvance":67},"78":{"rect":{"x":260,"y":490,"width":59,"height":61},"xOffset":0,"yOffset":19,"xAdvance":55},"79":{"rect":{"x":67,"y":620,"width":66,"height":61},"xOffset":0,"yOffset":19,"xAdvance":62},"80":{"rect":{"x":722,"y":737,"width":44,"height":61},"xOffset":0,"yOffset":19,"xAdvance":40},"81":{"rect":{"x":0,"y":234,"width":67,"height":62},"xOffset":0,"yOffset":19,"xAdvance":63},"82":{"rect":{"x":580,"y":537,"width":48,"height":61},"xOffset":0,"yOffset":19,"xAdvance":44},"83":{"rect":{"x":676,"y":591,"width":46,"height":61},"xOffset":0,"yOffset":19,"xAdvance":42},"84":{"rect":{"x":722,"y":799,"width":44,"height":61},"xOffset":0,"yOffset":19,"xAdvance":40},"85":{"rect":{"x":378,"y":686,"width":52,"height":61},"xOffset":0,"yOffset":19,"xAdvance":48},"86":{"rect":{"x":260,"y":552,"width":59,"height":61},"xOffset":0,"yOffset":19,"xAdvance":55},"87":{"rect":{"x":0,"y":0,"width":84,"height":61},"xOffset":0,"yOffset":19,"xAdvance":80},"88":{"rect":{"x":260,"y":756,"width":58,"height":61},"xOffset":0,"yOffset":19,"xAdvance":54},"89":{"rect":{"x":274,"y":0,"width":56,"height":61},"xOffset":0,"yOffset":19,"xAdvance":52},"90":{"rect":{"x":378,"y":624,"width":52,"height":61},"xOffset":0,"yOffset":19,"xAdvance":48},"92":{"rect":{"x":630,"y":81,"width":46,"height":68},"xOffset":0,"yOffset":12,"xAdvance":42},"94":{"rect":{"x":360,"y":833,"width":48,"height":38},"xOffset":0,"yOffset":19,"xAdvance":44},"97":{"rect":{"x":581,"y":186,"width":47,"height":44},"xOffset":0,"yOffset":36,"xAdvance":43},"98":{"rect":{"x":531,"y":733,"width":48,"height":68},"xOffset":0,"yOffset":12,"xAdvance":44},"99":{"rect":{"x":767,"y":599,"width":38,"height":44},"xOffset":0,"yOffset":36,"xAdvance":34},"100":{"rect":{"x":629,"y":250,"width":47,"height":68},"xOffset":0,"yOffset":12,"xAdvance":43},"101":{"rect":{"x":676,"y":710,"width":45,"height":44},"xOffset":0,"yOffset":36,"xAdvance":41},"102":{"rect":{"x":804,"y":0,"width":33,"height":68},"xOffset":0,"yOffset":12,"xAdvance":29},"103":{"rect":{"x":628,"y":792,"width":47,"height":60},"xOffset":0,"yOffset":36,"xAdvance":43},"104":{"rect":{"x":723,"y":250,"width":43,"height":68},"xOffset":0,"yOffset":12,"xAdvance":39},"105":{"rect":{"x":836,"y":133,"width":23,"height":63},"xOffset":0,"yOffset":17,"xAdvance":19},"106":{"rect":{"x":836,"y":655,"width":23,"height":79},"xOffset":0,"yOffset":17,"xAdvance":19},"107":{"rect":{"x":628,"y":667,"width":47,"height":68},"xOffset":0,"yOffset":12,"xAdvance":43},"108":{"rect":{"x":837,"y":552,"width":21,"height":68},"xOffset":0,"yOffset":12,"xAdvance":17},"109":{"rect":{"x":68,"y":248,"width":63,"height":44},"xOffset":0,"yOffset":36,"xAdvance":59},"110":{"rect":{"x":721,"y":540,"width":43,"height":44},"xOffset":0,"yOffset":36,"xAdvance":39},"111":{"rect":{"x":264,"y":354,"width":49,"height":44},"xOffset":0,"yOffset":36,"xAdvance":45},"112":{"rect":{"x":532,"y":186,"width":48,"height":60},"xOffset":0,"yOffset":36,"xAdvance":44},"113":{"rect":{"x":629,"y":381,"width":47,"height":60},"xOffset":0,"yOffset":36,"xAdvance":43},"114":{"rect":{"x":805,"y":387,"width":35,"height":44},"xOffset":0,"yOffset":36,"xAdvance":31},"115":{"rect":{"x":766,"y":387,"width":38,"height":44},"xOffset":0,"yOffset":36,"xAdvance":34},"116":{"rect":{"x":805,"y":799,"width":31,"height":54},"xOffset":0,"yOffset":26,"xAdvance":27},"117":{"rect":{"x":677,"y":540,"width":43,"height":44},"xOffset":0,"yOffset":36,"xAdvance":39},"118":{"rect":{"x":310,"y":828,"width":49,"height":44},"xOffset":0,"yOffset":36,"xAdvance":45},"119":{"rect":{"x":0,"y":124,"width":71,"height":44},"xOffset":0,"yOffset":36,"xAdvance":67},"120":{"rect":{"x":139,"y":84,"width":54,"height":44},"xOffset":0,"yOffset":36,"xAdvance":50},"121":{"rect":{"x":323,"y":343,"width":52,"height":60},"xOffset":0,"yOffset":36,"xAdvance":48},"122":{"rect":{"x":581,"y":483,"width":46,"height":44},"xOffset":0,"yOffset":36,"xAdvance":42},"124":{"rect":{"x":838,"y":0,"width":20,"height":68},"xOffset":0,"yOffset":12,"xAdvance":16},"126":{"rect":{"x":0,"y":844,"width":48,"height":26},"xOffset":0,"yOffset":44,"xAdvance":44},"192":{"rect":{"x":134,"y":734,"width":62,"height":78},"xOffset":0,"yOffset":2,"xAdvance":58},"193":{"rect":{"x":197,"y":639,"width":62,"height":78},"xOffset":0,"yOffset":2,"xAdvance":58},"194":{"rect":{"x":198,"y":168,"width":62,"height":74},"xOffset":0,"yOffset":6,"xAdvance":58},"195":{"rect":{"x":197,"y":564,"width":62,"height":74},"xOffset":0,"yOffset":6,"xAdvance":58},"200":{"rect":{"x":767,"y":520,"width":39,"height":78},"xOffset":0,"yOffset":2,"xAdvance":35},"201":{"rect":{"x":767,"y":150,"width":39,"height":78},"xOffset":0,"yOffset":2,"xAdvance":35},"202":{"rect":{"x":764,"y":0,"width":39,"height":74},"xOffset":0,"yOffset":6,"xAdvance":35},"204":{"rect":{"x":807,"y":147,"width":28,"height":77},"xOffset":0,"yOffset":3,"xAdvance":24},"205":{"rect":{"x":807,"y":69,"width":28,"height":77},"xOffset":0,"yOffset":3,"xAdvance":24},"210":{"rect":{"x":0,"y":452,"width":66,"height":78},"xOffset":0,"yOffset":2,"xAdvance":62},"211":{"rect":{"x":68,"y":169,"width":66,"height":78},"xOffset":0,"yOffset":2,"xAdvance":62},"212":{"rect":{"x":0,"y":769,"width":66,"height":74},"xOffset":0,"yOffset":6,"xAdvance":62},"213":{"rect":{"x":0,"y":694,"width":66,"height":74},"xOffset":0,"yOffset":6,"xAdvance":62},"217":{"rect":{"x":429,"y":291,"width":52,"height":75},"xOffset":0,"yOffset":5,"xAdvance":48},"218":{"rect":{"x":377,"y":62,"width":52,"height":75},"xOffset":0,"yOffset":5,"xAdvance":48},"221":{"rect":{"x":323,"y":140,"width":56,"height":75},"xOffset":0,"yOffset":5,"xAdvance":52},"224":{"rect":{"x":580,"y":661,"width":47,"height":61},"xOffset":0,"yOffset":19,"xAdvance":43},"225":{"rect":{"x":580,"y":599,"width":47,"height":61},"xOffset":0,"yOffset":19,"xAdvance":43},"226":{"rect":{"x":581,"y":426,"width":47,"height":56},"xOffset":0,"yOffset":24,"xAdvance":43},"227":{"rect":{"x":581,"y":231,"width":47,"height":57},"xOffset":0,"yOffset":23,"xAdvance":43},"232":{"rect":{"x":677,"y":81,"width":45,"height":61},"xOffset":0,"yOffset":19,"xAdvance":41},"233":{"rect":{"x":676,"y":755,"width":45,"height":61},"xOffset":0,"yOffset":19,"xAdvance":41},"234":{"rect":{"x":677,"y":270,"width":45,"height":56},"xOffset":0,"yOffset":24,"xAdvance":41},"236":{"rect":{"x":807,"y":286,"width":27,"height":60},"xOffset":0,"yOffset":20,"xAdvance":23},"237":{"rect":{"x":807,"y":225,"width":27,"height":60},"xOffset":0,"yOffset":20,"xAdvance":23},"242":{"rect":{"x":433,"y":126,"width":49,"height":61},"xOffset":0,"yOffset":19,"xAdvance":45},"243":{"rect":{"x":431,"y":681,"width":49,"height":61},"xOffset":0,"yOffset":19,"xAdvance":45},"244":{"rect":{"x":531,"y":358,"width":49,"height":56},"xOffset":0,"yOffset":24,"xAdvance":45},"245":{"rect":{"x":481,"y":367,"width":49,"height":57},"xOffset":0,"yOffset":23,"xAdvance":45},"249":{"rect":{"x":723,"y":191,"width":43,"height":58},"xOffset":0,"yOffset":22,"xAdvance":39},"250":{"rect":{"x":723,"y":132,"width":43,"height":58},"xOffset":0,"yOffset":22,"xAdvance":39},"253":{"rect":{"x":377,"y":476,"width":52,"height":74},"xOffset":0,"yOffset":22,"xAdvance":48},"258":{"rect":{"x":197,"y":407,"width":62,"height":72},"xOffset":0,"yOffset":8,"xAdvance":58},"259":{"rect":{"x":582,"y":127,"width":47,"height":55},"xOffset":0,"yOffset":25,"xAdvance":43},"272":{"rect":{"x":260,"y":614,"width":59,"height":61},"xOffset":0,"yOffset":19,"xAdvance":55},"273":{"rect":{"x":430,"y":213,"width":51,"height":68},"xOffset":0,"yOffset":12,"xAdvance":47},"296":{"rect":{"x":767,"y":229,"width":39,"height":73},"xOffset":0,"yOffset":7,"xAdvance":35},"297":{"rect":{"x":803,"y":432,"width":37,"height":57},"xOffset":0,"yOffset":23,"xAdvance":33},"360":{"rect":{"x":377,"y":551,"width":52,"height":72},"xOffset":0,"yOffset":8,"xAdvance":48},"361":{"rect":{"x":723,"y":319,"width":43,"height":56},"xOffset":0,"yOffset":24,"xAdvance":39},"416":{"rect":{"x":0,"y":297,"width":66,"height":66},"xOffset":0,"yOffset":14,"xAdvance":62},"417":{"rect":{"x":377,"y":291,"width":49,"height":48},"xOffset":0,"yOffset":32,"xAdvance":45},"431":{"rect":{"x":264,"y":211,"width":58,"height":66},"xOffset":0,"yOffset":14,"xAdvance":54},"432":{"rect":{"x":482,"y":250,"width":49,"height":48},"xOffset":0,"yOffset":32,"xAdvance":45},"7840":{"rect":{"x":134,"y":407,"width":62,"height":71},"xOffset":0,"yOffset":19,"xAdvance":58},"7841":{"rect":{"x":628,"y":736,"width":47,"height":55},"xOffset":0,"yOffset":36,"xAdvance":43},"7842":{"rect":{"x":135,"y":144,"width":62,"height":81},"xOffset":0,"yOffset":-1,"xAdvance":58},"7843":{"rect":{"x":580,"y":723,"width":47,"height":64},"xOffset":0,"yOffset":16,"xAdvance":43},"7844":{"rect":{"x":201,"y":243,"width":62,"height":80},"xOffset":0,"yOffset":0,"xAdvance":58},"7845":{"rect":{"x":531,"y":415,"width":49,"height":63},"xOffset":0,"yOffset":17,"xAdvance":45},"7846":{"rect":{"x":201,"y":324,"width":62,"height":80},"xOffset":0,"yOffset":0,"xAdvance":58},"7847":{"rect":{"x":531,"y":605,"width":48,"height":63},"xOffset":0,"yOffset":17,"xAdvance":44},"7848":{"rect":{"x":197,"y":718,"width":62,"height":83},"xOffset":0,"yOffset":-3,"xAdvance":58},"7849":{"rect":{"x":531,"y":537,"width":48,"height":67},"xOffset":0,"yOffset":13,"xAdvance":44},"7850":{"rect":{"x":198,"y":84,"width":62,"height":83},"xOffset":0,"yOffset":-3,"xAdvance":58},"7851":{"rect":{"x":581,"y":0,"width":47,"height":64},"xOffset":0,"yOffset":16,"xAdvance":43},"7852":{"rect":{"x":260,"y":405,"width":62,"height":84},"xOffset":0,"yOffset":6,"xAdvance":58},"7853":{"rect":{"x":629,"y":442,"width":47,"height":67},"xOffset":0,"yOffset":24,"xAdvance":43},"7854":{"rect":{"x":150,"y":0,"width":62,"height":83},"xOffset":0,"yOffset":-3,"xAdvance":58},"7855":{"rect":{"x":581,"y":289,"width":47,"height":66},"xOffset":0,"yOffset":14,"xAdvance":43},"7856":{"rect":{"x":197,"y":480,"width":62,"height":83},"xOffset":0,"yOffset":-3,"xAdvance":58},"7857":{"rect":{"x":580,"y":788,"width":47,"height":66},"xOffset":0,"yOffset":14,"xAdvance":43},"7858":{"rect":{"x":134,"y":646,"width":62,"height":87},"xOffset":0,"yOffset":-7,"xAdvance":58},"7859":{"rect":{"x":581,"y":356,"width":47,"height":69},"xOffset":0,"yOffset":11,"xAdvance":43},"7860":{"rect":{"x":134,"y":564,"width":62,"height":81},"xOffset":0,"yOffset":-1,"xAdvance":58},"7861":{"rect":{"x":323,"y":216,"width":53,"height":64},"xOffset":0,"yOffset":16,"xAdvance":49},"7862":{"rect":{"x":134,"y":479,"width":62,"height":84},"xOffset":0,"yOffset":6,"xAdvance":58},"7863":{"rect":{"x":629,"y":183,"width":47,"height":66},"xOffset":0,"yOffset":25,"xAdvance":43},"7864":{"rect":{"x":724,"y":0,"width":39,"height":72},"xOffset":0,"yOffset":19,"xAdvance":35},"7865":{"rect":{"x":676,"y":653,"width":45,"height":56},"xOffset":0,"yOffset":36,"xAdvance":41},"7866":{"rect":{"x":763,"y":438,"width":39,"height":81},"xOffset":0,"yOffset":-1,"xAdvance":35},"7867":{"rect":{"x":677,"y":143,"width":45,"height":64},"xOffset":0,"yOffset":16,"xAdvance":41},"7868":{"rect":{"x":767,"y":75,"width":39,"height":74},"xOffset":0,"yOffset":6,"xAdvance":35},"7869":{"rect":{"x":676,"y":817,"width":45,"height":57},"xOffset":0,"yOffset":23,"xAdvance":41},"7870":{"rect":{"x":629,"y":510,"width":47,"height":80},"xOffset":0,"yOffset":0,"xAdvance":43},"7871":{"rect":{"x":531,"y":802,"width":48,"height":63},"xOffset":0,"yOffset":17,"xAdvance":44},"7872":{"rect":{"x":630,"y":0,"width":47,"height":80},"xOffset":0,"yOffset":0,"xAdvance":43},"7873":{"rect":{"x":531,"y":669,"width":48,"height":63},"xOffset":0,"yOffset":17,"xAdvance":44},"7874":{"rect":{"x":722,"y":653,"width":45,"height":83},"xOffset":0,"yOffset":-3,"xAdvance":41},"7875":{"rect":{"x":628,"y":599,"width":47,"height":67},"xOffset":0,"yOffset":13,"xAdvance":43},"7876":{"rect":{"x":767,"y":303,"width":39,"height":83},"xOffset":0,"yOffset":-3,"xAdvance":35},"7877":{"rect":{"x":677,"y":327,"width":45,"height":64},"xOffset":0,"yOffset":16,"xAdvance":41},"7878":{"rect":{"x":723,"y":438,"width":39,"height":85},"xOffset":0,"yOffset":6,"xAdvance":35},"7879":{"rect":{"x":677,"y":392,"width":45,"height":68},"xOffset":0,"yOffset":24,"xAdvance":41},"7880":{"rect":{"x":835,"y":303,"width":23,"height":80},"xOffset":0,"yOffset":0,"xAdvance":19},"7881":{"rect":{"x":836,"y":69,"width":23,"height":63},"xOffset":0,"yOffset":17,"xAdvance":19},"7882":{"rect":{"x":841,"y":384,"width":21,"height":72},"xOffset":0,"yOffset":19,"xAdvance":17},"7883":{"rect":{"x":837,"y":735,"width":21,"height":69},"xOffset":0,"yOffset":22,"xAdvance":17},"7884":{"rect":{"x":134,"y":248,"width":66,"height":74},"xOffset":0,"yOffset":19,"xAdvance":62},"7885":{"rect":{"x":260,"y":818,"width":49,"height":56},"xOffset":0,"yOffset":36,"xAdvance":45},"7886":{"rect":{"x":72,"y":62,"width":66,"height":81},"xOffset":0,"yOffset":-1,"xAdvance":62},"7887":{"rect":{"x":431,"y":616,"width":49,"height":64},"xOffset":0,"yOffset":16,"xAdvance":45},"7888":{"rect":{"x":67,"y":458,"width":66,"height":80},"xOffset":0,"yOffset":0,"xAdvance":62},"7889":{"rect":{"x":481,"y":425,"width":49,"height":63},"xOffset":0,"yOffset":17,"xAdvance":45},"7890":{"rect":{"x":67,"y":539,"width":66,"height":80},"xOffset":0,"yOffset":0,"xAdvance":62},"7891":{"rect":{"x":430,"y":62,"width":50,"height":63},"xOffset":0,"yOffset":17,"xAdvance":46},"7892":{"rect":{"x":134,"y":323,"width":66,"height":83},"xOffset":0,"yOffset":-3,"xAdvance":62},"7893":{"rect":{"x":481,"y":489,"width":49,"height":67},"xOffset":0,"yOffset":13,"xAdvance":45},"7894":{"rect":{"x":0,"y":531,"width":66,"height":83},"xOffset":0,"yOffset":-3,"xAdvance":62},"7895":{"rect":{"x":481,"y":557,"width":49,"height":64},"xOffset":0,"yOffset":16,"xAdvance":45},"7896":{"rect":{"x":0,"y":364,"width":66,"height":87},"xOffset":0,"yOffset":6,"xAdvance":62},"7897":{"rect":{"x":481,"y":801,"width":49,"height":68},"xOffset":0,"yOffset":24,"xAdvance":45},"7898":{"rect":{"x":67,"y":297,"width":66,"height":78},"xOffset":0,"yOffset":2,"xAdvance":62},"7899":{"rect":{"x":482,"y":188,"width":49,"height":61},"xOffset":0,"yOffset":19,"xAdvance":45},"7900":{"rect":{"x":0,"y":615,"width":66,"height":78},"xOffset":0,"yOffset":2,"xAdvance":62},"7901":{"rect":{"x":483,"y":124,"width":49,"height":61},"xOffset":0,"yOffset":19,"xAdvance":45},"7902":{"rect":{"x":67,"y":376,"width":66,"height":81},"xOffset":0,"yOffset":-1,"xAdvance":62},"7903":{"rect":{"x":531,"y":0,"width":49,"height":64},"xOffset":0,"yOffset":16,"xAdvance":45},"7904":{"rect":{"x":67,"y":682,"width":66,"height":74},"xOffset":0,"yOffset":6,"xAdvance":62},"7905":{"rect":{"x":531,"y":479,"width":49,"height":57},"xOffset":0,"yOffset":23,"xAdvance":45},"7906":{"rect":{"x":67,"y":757,"width":66,"height":79},"xOffset":0,"yOffset":14,"xAdvance":62},"7907":{"rect":{"x":481,"y":740,"width":49,"height":60},"xOffset":0,"yOffset":32,"xAdvance":45},"7908":{"rect":{"x":380,"y":138,"width":52,"height":74},"xOffset":0,"yOffset":19,"xAdvance":48},"7909":{"rect":{"x":723,"y":75,"width":43,"height":56},"xOffset":0,"yOffset":36,"xAdvance":39},"7910":{"rect":{"x":323,"y":404,"width":52,"height":78},"xOffset":0,"yOffset":2,"xAdvance":48},"7911":{"rect":{"x":723,"y":585,"width":43,"height":61},"xOffset":0,"yOffset":19,"xAdvance":39},"7912":{"rect":{"x":261,"y":62,"width":58,"height":75},"xOffset":0,"yOffset":5,"xAdvance":54},"7913":{"rect":{"x":482,"y":299,"width":49,"height":58},"xOffset":0,"yOffset":22,"xAdvance":45},"7914":{"rect":{"x":264,"y":278,"width":58,"height":75},"xOffset":0,"yOffset":5,"xAdvance":54},"7915":{"rect":{"x":531,"y":65,"width":49,"height":58},"xOffset":0,"yOffset":22,"xAdvance":45},"7916":{"rect":{"x":319,"y":676,"width":58,"height":78},"xOffset":0,"yOffset":2,"xAdvance":54},"7917":{"rect":{"x":481,"y":62,"width":49,"height":61},"xOffset":0,"yOffset":19,"xAdvance":45},"7918":{"rect":{"x":261,"y":138,"width":58,"height":72},"xOffset":0,"yOffset":8,"xAdvance":54},"7919":{"rect":{"x":481,"y":683,"width":49,"height":56},"xOffset":0,"yOffset":24,"xAdvance":45},"7920":{"rect":{"x":260,"y":676,"width":58,"height":79},"xOffset":0,"yOffset":14,"xAdvance":54},"7921":{"rect":{"x":481,"y":622,"width":49,"height":60},"xOffset":0,"yOffset":32,"xAdvance":45},"7922":{"rect":{"x":320,"y":490,"width":56,"height":75},"xOffset":0,"yOffset":5,"xAdvance":52},"7923":{"rect":{"x":377,"y":216,"width":52,"height":74},"xOffset":0,"yOffset":22,"xAdvance":48},"7924":{"rect":{"x":320,"y":566,"width":56,"height":72},"xOffset":0,"yOffset":19,"xAdvance":52},"7925":{"rect":{"x":376,"y":343,"width":52,"height":60},"xOffset":0,"yOffset":36,"xAdvance":48},"7926":{"rect":{"x":320,"y":62,"width":56,"height":77},"xOffset":0,"yOffset":3,"xAdvance":52},"7927":{"rect":{"x":376,"y":755,"width":52,"height":77},"xOffset":0,"yOffset":19,"xAdvance":48},"7928":{"rect":{"x":319,"y":755,"width":56,"height":72},"xOffset":0,"yOffset":8,"xAdvance":52},"7929":{"rect":{"x":376,"y":404,"width":52,"height":71},"xOffset":0,"yOffset":25,"xAdvance":48}},"kerningDict":{}}},{"__type__":"cc.SpriteFrame","content":{"name":"font_effect_xam","texture":"a4ouRqcW9G5q6HLopdiyuv","rect":[0,0,862,874],"offset":[-0.5,0.5],"originalSize":[863,875],"capInsets":[0,0,0,0]}}]