[[{"__type__":"cc.Prefab","_name":"item5","data":{"__id__":1}},{"__type__":"cc.Node","_name":"item5","_components":[{"__type__":"cc.Sprite","node":{"__id__":1},"_materials":[{"__uuid__":"ecpdLyjvZBwrvm+cedCcQy"}],"_spriteFrame":{"__uuid__":"e0/u+/UOtGnoYwbdsD5YjD"},"_sizeMode":0}],"_prefab":{"__type__":"cc.PrefabInfo","root":{"__id__":1},"asset":{"__uuid__":"4dpNA5XTZDLYmOBgq3NzhH"},"fileId":"7f1FwxzBhLqJQyjPYSpWeL"},"_contentSize":{"__type__":"cc.Size","width":138,"height":161},"_trs":{"__type__":"TypedArray","ctor":"Float64Array","array":[0,0,0,0,0,0,1,0.8,0.8,1]}}],{"__type__":"cc.SpriteFrame","content":{"name":"thung","texture":"18fbkERT5LAKhkfxafTFLq","rect":[0,0,194,238],"offset":[0,0],"originalSize":[194,238],"capInsets":[0,0,0,0]}}]