[{"__type__":"cc.SpriteFrame","content":{"name":"F1_1","texture":"45t4DY+cpDxb0LuLHMJJA/","rect":[0,0,153,144],"offset":[0,0.5],"originalSize":[153,145],"capInsets":[0,0,0,0]}},[{"__type__":"cc.Prefab","_name":"item_icon","data":{"__id__":1}},{"__type__":"cc.Node","_name":"item_icon","_children":[{"__id__":2},{"__id__":4},{"__id__":5},{"__id__":6}],"_components":[{"__type__":"b4e909CNdZP+6qJOWfTDfrb","node":{"__id__":1},"icon":{"__id__":3},"free":{"__id__":6},"bonus":{"__id__":5},"jacpot":{"__id__":4}}],"_prefab":{"__type__":"cc.PrefabInfo","root":{"__id__":1},"asset":{"__uuid__":"b4VHRHe4NCrbEtpzegPo8W"},"fileId":"a6ndzSxOFPRrxpdKqDV3b3"},"_contentSize":{"__type__":"cc.Size","width":163,"height":163},"_trs":{"__type__":"TypedArray","ctor":"Float64Array","array":[0,0,0,0,0,0,1,1,1,1]}},{"__type__":"cc.Node","_name":"icon","_parent":{"__id__":1},"_active":false,"_components":[{"__id__":3}],"_prefab":{"__type__":"cc.PrefabInfo","root":{"__id__":1},"asset":{"__uuid__":"b4VHRHe4NCrbEtpzegPo8W"},"fileId":"53CDJnn0xNlbW0RyV2hESc"},"_contentSize":{"__type__":"cc.Size","width":153,"height":144},"_trs":{"__type__":"TypedArray","ctor":"Float64Array","array":[0,0,0,0,0,0,1,1,1,1]}},{"__type__":"cc.Sprite","node":{"__id__":2},"_materials":[{"__uuid__":"ecpdLyjvZBwrvm+cedCcQy"}],"_spriteFrame":{"__uuid__":"5f5zTq59ZCPJHSVIbb7Xtu"}},{"__type__":"cc.Node","_name":"jackpot","_parent":{"__id__":1},"_active":false,"_components":[{"__type__":"sp.Skeleton","node":{"__id__":4},"_materials":[{"__uuid__":"7a/QZLET9IDreTiBfRn2PD"}],"defaultAnimation":"animation","_preCacheMode":0,"premultipliedAlpha":false,"_animationName":"animation","_N$skeletonData":{"__uuid__":"a9m9c3FSJIF4ck9faF2hPG"}}],"_prefab":{"__type__":"cc.PrefabInfo","root":{"__id__":1},"asset":{"__uuid__":"b4VHRHe4NCrbEtpzegPo8W"},"fileId":"e7J50FJepOAqUqhWSsd8Og"},"_contentSize":{"__type__":"cc.Size","width":205,"height":194},"_trs":{"__type__":"TypedArray","ctor":"Float64Array","array":[0,0,0,0,0,0,1,1,1,1]}},{"__type__":"cc.Node","_name":"bonus","_parent":{"__id__":1},"_active":false,"_components":[{"__type__":"sp.Skeleton","node":{"__id__":5},"_materials":[{"__uuid__":"7a/QZLET9IDreTiBfRn2PD"}],"defaultAnimation":"animation","_preCacheMode":0,"premultipliedAlpha":false,"_animationName":"animation","_N$skeletonData":{"__uuid__":"3csAQ8GUtIVqBSD6I4vk8Q"}}],"_prefab":{"__type__":"cc.PrefabInfo","root":{"__id__":1},"asset":{"__uuid__":"b4VHRHe4NCrbEtpzegPo8W"},"fileId":"48DfAfL7lJpIds6/ODCAuh"},"_trs":{"__type__":"TypedArray","ctor":"Float64Array","array":[0,0,0,0,0,0,1,1,1,1]}},{"__type__":"cc.Node","_name":"free","_parent":{"__id__":1},"_active":false,"_components":[{"__type__":"sp.Skeleton","node":{"__id__":6},"_materials":[{"__uuid__":"7a/QZLET9IDreTiBfRn2PD"}],"defaultAnimation":"animation","_preCacheMode":0,"premultipliedAlpha":false,"_animationName":"animation","_N$skeletonData":{"__uuid__":"156RJABilAVY5dV9ghqL+c"}}],"_prefab":{"__type__":"cc.PrefabInfo","root":{"__id__":1},"asset":{"__uuid__":"b4VHRHe4NCrbEtpzegPo8W"},"fileId":"6aDwXLBI9N3qacr5/z4asT"},"_contentSize":{"__type__":"cc.Size","width":149,"height":149},"_trs":{"__type__":"TypedArray","ctor":"Float64Array","array":[0,0,0,0,0,0,1,1,1,1]}}]]