[[{"__type__":"cc.Prefab","_name":"NapRed_itemOne","data":{"__id__":1}},{"__type__":"cc.Node","_name":"NapRed_itemOne","_children":[{"__id__":2},{"__id__":3}],"_components":[{"__type__":"cc.Button","node":{"__id__":1},"clickEvents":[{"__type__":"cc.ClickEvent","target":{"__id__":1},"_componentId":"3bf1do9lYJMTYqfuawCCr7t","handler":"onClickChanger"}],"_N$normalColor":{"__type__":"cc.Color","r":214,"g":214,"b":214}},{"__type__":"3bf1do9lYJMTYqfuawCCr7t","node":{"__id__":1},"background":{"__id__":2},"text":{"__id__":4}}],"_prefab":{"__type__":"cc.PrefabInfo","root":{"__id__":1},"asset":{"__uuid__":"03egYjZx1JNZ3TTRuJGRG/"},"fileId":"d1WpjJJKhNI4mSnMC05EY6"},"_contentSize":{"__type__":"cc.Size","width":404,"height":50},"_trs":{"__type__":"TypedArray","ctor":"Float64Array","array":[0,-25,0,0,0,0,1,1,1,1]}},{"__type__":"cc.Node","_name":"background","_parent":{"__id__":1},"_active":false,"_components":[{"__type__":"cc.Sprite","node":{"__id__":2},"_enabled":false,"_materials":[{"__uuid__":"ecpdLyjvZBwrvm+cedCcQy"}],"_spriteFrame":{"__uuid__":"41D7kWhyFGY7q4NDlzkazn"},"_sizeMode":0}],"_prefab":{"__type__":"cc.PrefabInfo","root":{"__id__":1},"asset":{"__uuid__":"03egYjZx1JNZ3TTRuJGRG/"},"fileId":"137YurQ+FKJ77UB/GyISrC"},"_opacity":204,"_color":{"__type__":"cc.Color","r":187,"g":184,"b":184},"_contentSize":{"__type__":"cc.Size","width":368,"height":50},"_trs":{"__type__":"TypedArray","ctor":"Float64Array","array":[0,0,0,0,0,0,1,1,1,1]}},{"__type__":"cc.Node","_name":"text","_parent":{"__id__":1},"_components":[{"__id__":4}],"_prefab":{"__type__":"cc.PrefabInfo","root":{"__id__":1},"asset":{"__uuid__":"03egYjZx1JNZ3TTRuJGRG/"},"fileId":"961nO1aAtIOaozdAXEh487"},"_color":{"__type__":"cc.Color","r":245,"g":245,"b":5},"_contentSize":{"__type__":"cc.Size","height":28.57},"_trs":{"__type__":"TypedArray","ctor":"Float64Array","array":[0,0,0,0,0,0,1,1,1,1]}},{"__type__":"cc.Label","node":{"__id__":3},"_materials":[{"__uuid__":"ecpdLyjvZBwrvm+cedCcQy"}],"_useOriginalSize":false,"_fontSize":25,"_N$file":{"__uuid__":"ca/STOHexDCpBHB3XPtG62"},"_isSystemFontUsed":false,"_N$horizontalAlign":1}],{"__type__":"cc.SpriteFrame","content":{"name":"singleColor","texture":"a8Anh32NZGRZegUtSgEj26","rect":[0,0,2,2],"offset":[0,0],"originalSize":[2,2],"capInsets":[0,0,0,0]}}]