[{"__type__":"cc.SpriteFrame","content":{"name":"font2KV-export","texture":"daNMsH5F5EmIJivZWCA0UI","rect":[0,0,128,64],"offset":[0,0],"originalSize":[128,64],"capInsets":[0,0,0,0]}},{"__type__":"cc.BitmapFont","_name":"font2KV-export","spriteFrame":{"__uuid__":"073FoJ4iJLbYbUgFKZlZq0"},"fontSize":32,"_fntConfig":{"commonHeight":31,"fontSize":32,"atlasName":"font2KV-export.png","fontDefDictionary":{"9":{"rect":{"x":0,"y":0,"width":0,"height":0},"xOffset":0,"yOffset":0,"xAdvance":40},"32":{"rect":{"x":0,"y":0,"width":0,"height":0},"xOffset":0,"yOffset":0,"xAdvance":10},"35":{"rect":{"x":0,"y":0,"width":19,"height":24},"xOffset":0,"yOffset":7,"xAdvance":21},"43":{"rect":{"x":0,"y":25,"width":19,"height":20},"xOffset":0,"yOffset":11,"xAdvance":21},"44":{"rect":{"x":13,"y":50,"width":9,"height":12},"xOffset":0,"yOffset":19,"xAdvance":11},"45":{"rect":{"x":0,"y":50,"width":12,"height":7},"xOffset":0,"yOffset":17,"xAdvance":14},"46":{"rect":{"x":23,"y":50,"width":8,"height":8},"xOffset":0,"yOffset":23,"xAdvance":10},"48":{"rect":{"x":57,"y":0,"width":17,"height":24},"xOffset":0,"yOffset":7,"xAdvance":19},"49":{"rect":{"x":92,"y":0,"width":12,"height":24},"xOffset":0,"yOffset":7,"xAdvance":14},"50":{"rect":{"x":91,"y":25,"width":15,"height":24},"xOffset":0,"yOffset":7,"xAdvance":17},"51":{"rect":{"x":74,"y":25,"width":16,"height":24},"xOffset":0,"yOffset":7,"xAdvance":18},"52":{"rect":{"x":20,"y":0,"width":18,"height":24},"xOffset":0,"yOffset":7,"xAdvance":20},"53":{"rect":{"x":75,"y":0,"width":16,"height":24},"xOffset":0,"yOffset":7,"xAdvance":18},"54":{"rect":{"x":56,"y":25,"width":17,"height":24},"xOffset":0,"yOffset":7,"xAdvance":19},"55":{"rect":{"x":39,"y":0,"width":17,"height":24},"xOffset":0,"yOffset":7,"xAdvance":19},"56":{"rect":{"x":38,"y":25,"width":17,"height":24},"xOffset":0,"yOffset":7,"xAdvance":19},"57":{"rect":{"x":20,"y":25,"width":17,"height":24},"xOffset":0,"yOffset":7,"xAdvance":19}},"kerningDict":{}}}]