[{"__type__":"cc.SpriteFrame","content":{"name":"PhunLua_010","texture":"a6vvXZWuNPl73LdeQ2OsHm","rect":[431,384,430,383],"offset":[0,0],"originalSize":[430,400],"capInsets":[0,0,0,0]}},{"__type__":"cc.SpriteFrame","content":{"name":"PhunLua_018","texture":"a6vvXZWuNPl73LdeQ2OsHm","rect":[431,1155,430,386],"offset":[0,0],"originalSize":[430,400],"capInsets":[0,0,0,0]}},{"__type__":"cc.SpriteFrame","content":{"name":"PhunLua_038","texture":"a6vvXZWuNPl73LdeQ2OsHm","rect":[2146,0,405,380],"offset":[0,0],"originalSize":[430,400],"capInsets":[0,0,0,0]}},{"__type__":"cc.SpriteFrame","content":{"name":"PhunLua_032","texture":"a6vvXZWuNPl73LdeQ2OsHm","rect":[2952,762,384,389],"offset":[0,0],"originalSize":[430,400],"capInsets":[0,0,0,0]}},{"__type__":"cc.SpriteFrame","content":{"name":"PhunLua_041","texture":"a6vvXZWuNPl73LdeQ2OsHm","rect":[2950,0,386,378],"offset":[0,0],"originalSize":[430,400],"capInsets":[0,0,0,0]}},{"__type__":"cc.SpriteFrame","content":{"name":"PhunLua_012","texture":"a6vvXZWuNPl73LdeQ2OsHm","rect":[862,385,430,396],"offset":[0,0],"originalSize":[430,400],"capInsets":[0,0,0,0]}},{"__type__":"cc.SpriteFrame","content":{"name":"PhunLua_024","texture":"a6vvXZWuNPl73LdeQ2OsHm","rect":[862,1554,430,385],"offset":[0,0],"originalSize":[430,400],"capInsets":[0,0,0,0]}},{"__type__":"cc.SpriteFrame","content":{"name":"PhunLua_003","texture":"a6vvXZWuNPl73LdeQ2OsHm","rect":[3337,716,308,231],"offset":[0,0],"originalSize":[430,400],"capInsets":[0,0,0,0]}},{"__type__":"cc.SpriteFrame","content":{"name":"PhunLua_030","texture":"a6vvXZWuNPl73LdeQ2OsHm","rect":[1724,0,421,389],"offset":[0,0],"originalSize":[430,400],"capInsets":[0,0,0,0]}},{"__type__":"cc.SpriteAtlas","_name":"sprites.plist","_spriteFrames":{"PhunLua_000":{"__uuid__":"99J6lmCO5AVIsU/PJZ3RCk"},"PhunLua_001":{"__uuid__":"f1bpr6saxM74KtOswPo3UP"},"PhunLua_002":{"__uuid__":"b4xbrkSxZMfKoVxID4+gBz"},"PhunLua_003":{"__uuid__":"36E7H1gpNCC4guNRhjZRni"},"PhunLua_004":{"__uuid__":"f6Wt39YoFFZ5rhg5nI8LOT"},"PhunLua_005":{"__uuid__":"48ThLY38VLaL/7x1r6ernC"},"PhunLua_006":{"__uuid__":"bdIvURvGVNZqDzdCyqe4zZ"},"PhunLua_007":{"__uuid__":"bfyZfO8DJI6YaeBGaBc5ck"},"PhunLua_008":{"__uuid__":"c3E4sWO8dOq4UE8aQh196/"},"PhunLua_009":{"__uuid__":"90e6VX2sdIWLV/IRXqDPXx"},"PhunLua_010":{"__uuid__":"0aSgNDJ4hMJJZwwdE51X/C"},"PhunLua_011":{"__uuid__":"b6/AsjYoBDbZo/tK77eO/Z"},"PhunLua_012":{"__uuid__":"2dVLECWvtHYJ+JQ4FvaE0I"},"PhunLua_013":{"__uuid__":"4dYISyp6VKaoJH53wX7HIR"},"PhunLua_014":{"__uuid__":"4eoeEno1VEhKbZZX2mza9K"},"PhunLua_015":{"__uuid__":"6eENimz0xHNphF/sg+PuVv"},"PhunLua_016":{"__uuid__":"e3b8OBxrFJ/aqCWEsQVllV"},"PhunLua_017":{"__uuid__":"56iKPSlMZPjL5H9110f9fP"},"PhunLua_018":{"__uuid__":"11jadxD59EKZPAk27/pGkU"},"PhunLua_019":{"__uuid__":"9bNZGZwWtPEq3fdkrbgkyN"},"PhunLua_020":{"__uuid__":"74GETerD9IR5w2LLGBnlsD"},"PhunLua_021":{"__uuid__":"e0koOXRdhFqKkkdRDPuUeK"},"PhunLua_022":{"__uuid__":"ddFuSsQxVCILLgjKR9pJ92"},"PhunLua_023":{"__uuid__":"d2BDGwjaNLzYwWr6XGJeXE"},"PhunLua_024":{"__uuid__":"30G/UWEh1NlpmnkmkgDic/"},"PhunLua_025":{"__uuid__":"931TjpxCtJ1KCttWkhzQqD"},"PhunLua_026":{"__uuid__":"94Kqn/qrlDyZ7qG5LXrA3V"},"PhunLua_027":{"__uuid__":"f4LcMuYtpGhZ6h1ylvc8OA"},"PhunLua_028":{"__uuid__":"76JhTcV8pI6oVg9q5X25Y0"},"PhunLua_029":{"__uuid__":"762olpeYpMGJCba88GLyO+"},"PhunLua_030":{"__uuid__":"3cUN9xEDxOZLHK32uFEv4U"},"PhunLua_031":{"__uuid__":"64lxbr0m5JyZAhVSLAfcRf"},"PhunLua_032":{"__uuid__":"18s/lLyFpDMqzCK9LFJ3fG"},"PhunLua_033":{"__uuid__":"d3d1DrSuJI5b/cApe7DgCg"},"PhunLua_034":{"__uuid__":"80K26r+WhOf6lT6s1i+yVj"},"PhunLua_035":{"__uuid__":"6cMLMhvnRApbrte5OWJ10X"},"PhunLua_036":{"__uuid__":"f7eoZ660FDRJEXC95btabS"},"PhunLua_037":{"__uuid__":"d9Xw1WIxhNAIBx+mF/+WXx"},"PhunLua_038":{"__uuid__":"15ZdrZlrBLxZSXJ+FjN4rG"},"PhunLua_039":{"__uuid__":"e2D4CgER9H8r7bRb9BQwL6"},"PhunLua_040":{"__uuid__":"3dnX1NWHVIyLKRzvp3JeCi"},"PhunLua_041":{"__uuid__":"27+vgJJHNHCL0OClF45dnX"},"PhunLua_042":{"__uuid__":"67hXhxeZxAn7bLgXylAfwx"},"PhunLua_043":{"__uuid__":"d4oYLtfRhMxp5vJMZ6QWhg"},"PhunLua_044":{"__uuid__":"71KHQbwIZCmYEXFNnhSgG8"}}},{"__type__":"cc.SpriteFrame","content":{"name":"PhunLua_040","texture":"a6vvXZWuNPl73LdeQ2OsHm","rect":[2557,1159,391,375],"offset":[0,0],"originalSize":[430,400],"capInsets":[0,0,0,0]}},{"__type__":"cc.SpriteFrame","content":{"name":"PhunLua_005","texture":"a6vvXZWuNPl73LdeQ2OsHm","rect":[0,378,430,372],"offset":[0,0],"originalSize":[430,400],"capInsets":[0,0,0,0]}},{"__type__":"cc.SpriteFrame","content":{"name":"PhunLua_013","texture":"a6vvXZWuNPl73LdeQ2OsHm","rect":[862,0,430,384],"offset":[0,0],"originalSize":[430,400],"capInsets":[0,0,0,0]}},{"__type__":"cc.SpriteFrame","content":{"name":"PhunLua_014","texture":"a6vvXZWuNPl73LdeQ2OsHm","rect":[431,1542,430,393],"offset":[0,0],"originalSize":[430,400],"capInsets":[0,0,0,0]}},{"__type__":"cc.SpriteFrame","content":{"name":"PhunLua_017","texture":"a6vvXZWuNPl73LdeQ2OsHm","rect":[1719,1490,422,389],"offset":[0,0],"originalSize":[430,400],"capInsets":[0,0,0,0]}},{"__type__":"cc.SpriteFrame","content":{"name":"PhunLua_031","texture":"a6vvXZWuNPl73LdeQ2OsHm","rect":[2142,1171,414,385],"offset":[0,0],"originalSize":[430,400],"capInsets":[0,0,0,0]}},{"__type__":"cc.SpriteFrame","content":{"name":"PhunLua_042","texture":"a6vvXZWuNPl73LdeQ2OsHm","rect":[2953,379,373,367],"offset":[0,0],"originalSize":[430,400],"capInsets":[0,0,0,0]}},{"__type__":"cc.SpriteFrame","content":{"name":"PhunLua_035","texture":"a6vvXZWuNPl73LdeQ2OsHm","rect":[2142,1557,412,387],"offset":[0,0],"originalSize":[430,400],"capInsets":[0,0,0,0]}},{"__type__":"cc.SpriteFrame","content":{"name":"PhunLua_015","texture":"a6vvXZWuNPl73LdeQ2OsHm","rect":[1293,1490,425,389],"offset":[0,0],"originalSize":[430,400],"capInsets":[0,0,0,0]}},{"__type__":"cc.SpriteFrame","content":{"name":"PhunLua_044","texture":"a6vvXZWuNPl73LdeQ2OsHm","rect":[1722,1171,314,293],"offset":[0,0],"originalSize":[430,400],"capInsets":[0,0,0,0]}},{"__type__":"cc.SpriteFrame","content":{"name":"PhunLua_020","texture":"a6vvXZWuNPl73LdeQ2OsHm","rect":[2949,1159,389,383],"offset":[0,0],"originalSize":[430,400],"capInsets":[0,0,0,0]}},{"__type__":"cc.SpriteFrame","content":{"name":"PhunLua_028","texture":"a6vvXZWuNPl73LdeQ2OsHm","rect":[2146,763,402,381],"offset":[0,0],"originalSize":[430,400],"capInsets":[0,0,0,0]}},{"__type__":"cc.SpriteFrame","content":{"name":"PhunLua_029","texture":"a6vvXZWuNPl73LdeQ2OsHm","rect":[2549,763,402,395],"offset":[0,0],"originalSize":[430,400],"capInsets":[0,0,0,0]}},{"__type__":"cc.SpriteFrame","content":{"name":"PhunLua_034","texture":"a6vvXZWuNPl73LdeQ2OsHm","rect":[2552,0,397,380],"offset":[0,0],"originalSize":[430,400],"capInsets":[0,0,0,0]}},{"__type__":"cc.SpriteFrame","content":{"name":"PhunLua_009","texture":"a6vvXZWuNPl73LdeQ2OsHm","rect":[431,0,430,383],"offset":[0,0],"originalSize":[430,400],"capInsets":[0,0,0,0]}},{"__type__":"cc.SpriteFrame","content":{"name":"PhunLua_025","texture":"a6vvXZWuNPl73LdeQ2OsHm","rect":[1724,390,421,390],"offset":[0,0],"originalSize":[430,400],"capInsets":[0,0,0,0]}},{"__type__":"cc.SpriteFrame","content":{"name":"PhunLua_026","texture":"a6vvXZWuNPl73LdeQ2OsHm","rect":[862,782,430,387],"offset":[0,0],"originalSize":[430,400],"capInsets":[0,0,0,0]}},{"__type__":"cc.SpriteFrame","content":{"name":"PhunLua_000","texture":"a6vvXZWuNPl73LdeQ2OsHm","rect":[0,1940,72,82],"offset":[0,0],"originalSize":[430,400],"capInsets":[0,0,0,0]}},{"__type__":"cc.SpriteFrame","content":{"name":"PhunLua_019","texture":"a6vvXZWuNPl73LdeQ2OsHm","rect":[862,1170,430,383],"offset":[0,0],"originalSize":[430,400],"capInsets":[0,0,0,0]}},{"__type__":"cc.SpriteFrame","content":{"name":"PhunLua_002","texture":"a6vvXZWuNPl73LdeQ2OsHm","rect":[3337,948,238,209],"offset":[0,0],"originalSize":[430,400],"capInsets":[0,0,0,0]}},{"__type__":"cc.SpriteFrame","content":{"name":"PhunLua_011","texture":"a6vvXZWuNPl73LdeQ2OsHm","rect":[431,768,430,386],"offset":[0,0],"originalSize":[430,400],"capInsets":[0,0,0,0]}},{"__type__":"cc.SpriteFrame","content":{"name":"PhunLua_006","texture":"a6vvXZWuNPl73LdeQ2OsHm","rect":[0,751,430,386],"offset":[0,0],"originalSize":[430,400],"capInsets":[0,0,0,0]}},{"__type__":"cc.SpriteFrame","content":{"name":"PhunLua_007","texture":"a6vvXZWuNPl73LdeQ2OsHm","rect":[0,1138,430,389],"offset":[0,0],"originalSize":[430,400],"capInsets":[0,0,0,0]}},{"__type__":"cc.SpriteFrame","content":{"name":"PhunLua_008","texture":"a6vvXZWuNPl73LdeQ2OsHm","rect":[0,1528,430,385],"offset":[0,0],"originalSize":[430,400],"capInsets":[0,0,0,0]}},{"__type__":"cc.SpriteFrame","content":{"name":"PhunLua_023","texture":"a6vvXZWuNPl73LdeQ2OsHm","rect":[1293,0,430,385],"offset":[0,0],"originalSize":[430,400],"capInsets":[0,0,0,0]}},{"__type__":"cc.SpriteFrame","content":{"name":"PhunLua_033","texture":"a6vvXZWuNPl73LdeQ2OsHm","rect":[2555,1557,394,378],"offset":[0,0],"originalSize":[430,400],"capInsets":[0,0,0,0]}},{"__type__":"cc.SpriteFrame","content":{"name":"PhunLua_043","texture":"a6vvXZWuNPl73LdeQ2OsHm","rect":[3327,379,349,336],"offset":[0,0],"originalSize":[430,400],"capInsets":[0,0,0,0]}},{"__type__":"cc.SpriteFrame","content":{"name":"PhunLua_037","texture":"a6vvXZWuNPl73LdeQ2OsHm","rect":[2551,381,401,380],"offset":[0,0],"originalSize":[430,400],"capInsets":[0,0,0,0]}},{"__type__":"cc.SpriteFrame","content":{"name":"PhunLua_022","texture":"a6vvXZWuNPl73LdeQ2OsHm","rect":[1293,386,430,382],"offset":[0,0],"originalSize":[430,400],"capInsets":[0,0,0,0]}},{"__type__":"cc.SpriteFrame","content":{"name":"PhunLua_021","texture":"a6vvXZWuNPl73LdeQ2OsHm","rect":[1293,769,430,380],"offset":[0,0],"originalSize":[430,400],"capInsets":[0,0,0,0]}},{"__type__":"cc.SpriteFrame","content":{"name":"PhunLua_039","texture":"a6vvXZWuNPl73LdeQ2OsHm","rect":[2950,1543,388,378],"offset":[0,0],"originalSize":[430,400],"capInsets":[0,0,0,0]}},{"__type__":"cc.SpriteFrame","content":{"name":"PhunLua_016","texture":"a6vvXZWuNPl73LdeQ2OsHm","rect":[1724,781,421,389],"offset":[0,0],"originalSize":[430,400],"capInsets":[0,0,0,0]}},{"__type__":"cc.SpriteFrame","content":{"name":"PhunLua_001","texture":"a6vvXZWuNPl73LdeQ2OsHm","rect":[1293,1880,134,137],"offset":[0,0],"originalSize":[430,400],"capInsets":[0,0,0,0]}},{"__type__":"cc.SpriteFrame","content":{"name":"PhunLua_027","texture":"a6vvXZWuNPl73LdeQ2OsHm","rect":[0,0,430,377],"offset":[0,0],"originalSize":[430,400],"capInsets":[0,0,0,0]}},{"__type__":"cc.SpriteFrame","content":{"name":"PhunLua_004","texture":"a6vvXZWuNPl73LdeQ2OsHm","rect":[1293,1150,428,339],"offset":[0,0],"originalSize":[430,400],"capInsets":[0,0,0,0]}},{"__type__":"cc.SpriteFrame","content":{"name":"PhunLua_036","texture":"a6vvXZWuNPl73LdeQ2OsHm","rect":[2146,381,404,381],"offset":[0,0],"originalSize":[430,400],"capInsets":[0,0,0,0]}}]