[{"__type__":"cc.SpriteFrame","content":{"name":"icon2","texture":"e8T61bxTdPQ4YCEg4ttG2v","rect":[136,1,59,57],"offset":[0,0],"originalSize":[59,57],"capInsets":[0,0,0,0]}},{"__type__":"cc.SpriteFrame","content":{"name":"icon1","texture":"e8T61bxTdPQ4YCEg4ttG2v","rect":[1,1,108,133],"offset":[0,0],"originalSize":[108,133],"rotated":1,"capInsets":[0,0,0,0]}},{"__type__":"cc.SpriteFrame","content":{"name":"icon4","texture":"e8T61bxTdPQ4YCEg4ttG2v","rect":[199,1,78,37],"offset":[0,0],"originalSize":[78,37],"rotated":1,"capInsets":[0,0,0,0]}},{"__type__":"cc.SpriteAtlas","_name":"icon_free.plist","_spriteFrames":{"icon1":{"__uuid__":"928t9wxmFEf6PuLM3QMcTO"},"icon2":{"__uuid__":"11aczEe69A0qBRyUBYdzlf"},"icon3":{"__uuid__":"ef3N99B4ZOTZm4xuTy6Q4d"},"icon4":{"__uuid__":"95hyGAgyhGdrdWw9Z5rdZN"}}},{"__type__":"cc.SpriteFrame","content":{"name":"icon3","texture":"e8T61bxTdPQ4YCEg4ttG2v","rect":[136,60,48,61],"offset":[0,0],"originalSize":[48,61],"rotated":1,"capInsets":[0,0,0,0]}}]