[{"__type__":"cc.SpriteFrame","content":{"name":"btn_play","texture":"3bShPMr/xM8awtgxgTKjVd","rect":[784,75,74,327],"offset":[0,0],"originalSize":[74,327],"capInsets":[0,0,0,0]}},{"__type__":"cc.SpriteAtlas","_name":"minipoker_v2.plist","_spriteFrames":{"bg":{"__uuid__":"a6V2ODH8FCvpT8pNIi57uy"},"btn_auto":{"__uuid__":"eep2V4/JxPe7v+ChZBlDIS"},"btn_play":{"__uuid__":"5eUlBrsfhDubD43r3/iocE"},"btn_playOff":{"__uuid__":"deyyjkhVRG+qg3GEdC9Omo"},"btn_speed":{"__uuid__":"e61fFEtHxJxqAONK9nrs33"},"btn_stop":{"__uuid__":"c0kL2vnlhJvLB4YvlgnBpE"}}},{"__type__":"cc.SpriteFrame","content":{"name":"bg","texture":"3bShPMr/xM8awtgxgTKjVd","rect":[1,1,781,449],"offset":[0,0],"originalSize":[781,449],"capInsets":[0,0,0,0]}},{"__type__":"cc.SpriteFrame","content":{"name":"btn_stop","texture":"3bShPMr/xM8awtgxgTKjVd","rect":[881,261,182,72],"offset":[0,0],"originalSize":[182,72],"rotated":1,"capInsets":[0,0,0,0]}},{"__type__":"cc.SpriteFrame","content":{"name":"btn_playOff","texture":"3bShPMr/xM8awtgxgTKjVd","rect":[784,404,73,95],"offset":[0,0],"originalSize":[73,95],"rotated":1,"capInsets":[0,0,0,0]}},{"__type__":"cc.SpriteFrame","content":{"name":"btn_speed","texture":"3bShPMr/xM8awtgxgTKjVd","rect":[784,1,181,72],"offset":[0,0],"originalSize":[181,72],"capInsets":[0,0,0,0]}},{"__type__":"cc.SpriteFrame","content":{"name":"btn_auto","texture":"3bShPMr/xM8awtgxgTKjVd","rect":[881,75,184,73],"offset":[0,0],"originalSize":[184,73],"rotated":1,"capInsets":[0,0,0,0]}}]