{"__type__":"dragonBones.DragonBonesAtlasAsset","_name":"duobaoyu_tex","_atlasJson":"{\"width\":256,\"imagePath\":\"duobaoyu_tex.png\",\"height\":512,\"name\":\"duobaoyu\",\"SubTexture\":[{\"y\":1,\"frameX\":-471,\"frameHeight\":765,\"frameY\":-354,\"width\":81,\"frameWidth\":1020,\"height\":68,\"name\":\"kyby_dby_01\",\"x\":84},{\"y\":72,\"frameX\":-471,\"frameHeight\":765,\"frameY\":-359,\"width\":81,\"frameWidth\":1020,\"height\":61,\"name\":\"kyby_dby_07\",\"x\":1},{\"y\":136,\"frameX\":-472,\"frameHeight\":765,\"frameY\":-363,\"width\":79,\"frameWidth\":1020,\"height\":61,\"name\":\"kyby_dby_05\",\"x\":83},{\"y\":135,\"frameX\":-472,\"frameHeight\":765,\"frameY\":-361,\"width\":80,\"frameWidth\":1020,\"height\":61,\"name\":\"kyby_dby_06\",\"x\":1},{\"y\":70,\"frameX\":-472,\"frameHeight\":765,\"frameY\":-355,\"width\":79,\"frameWidth\":1020,\"height\":64,\"name\":\"kyby_dby_10\",\"x\":167},{\"y\":198,\"frameX\":-471,\"frameHeight\":765,\"frameY\":-357,\"width\":79,\"frameWidth\":1020,\"height\":61,\"name\":\"kyby_dby_09\",\"x\":1},{\"y\":1,\"frameX\":-471,\"frameHeight\":765,\"frameY\":-358,\"width\":80,\"frameWidth\":1020,\"height\":67,\"name\":\"kyby_dby_03\",\"x\":167},{\"y\":1,\"frameX\":-471,\"frameHeight\":765,\"frameY\":-355,\"width\":81,\"frameWidth\":1020,\"height\":69,\"name\":\"kyby_dby_02\",\"x\":1},{\"y\":71,\"frameX\":-471,\"frameHeight\":765,\"frameY\":-362,\"width\":79,\"frameWidth\":1020,\"height\":63,\"name\":\"kyby_dby_04\",\"x\":84},{\"y\":136,\"frameX\":-471,\"frameHeight\":765,\"frameY\":-358,\"width\":80,\"frameWidth\":1020,\"height\":60,\"name\":\"kyby_dby_08\",\"x\":164}]}","_texture":{"__uuid__":"6dOPN5aQdBd5S/dQAJTffa"},"texture":{"__uuid__":"6dOPN5aQdBd5S/dQAJTffa"}}