{"__type__":"dragonBones.DragonBonesAtlasAsset","_name":"kyby_paotai4_tex","_atlasJson":"{\"SubTexture\":[{\"frameY\":-6,\"y\":422,\"frameWidth\":53,\"frameX\":-4,\"frameHeight\":82,\"width\":43,\"height\":70,\"name\":\"pao0002\",\"x\":91},{\"frameY\":-14,\"y\":422,\"frameWidth\":53,\"frameX\":-11,\"frameHeight\":82,\"width\":30,\"height\":56,\"name\":\"pao0001\",\"x\":136},{\"frameY\":-24,\"y\":422,\"frameWidth\":53,\"frameX\":-16,\"frameHeight\":82,\"width\":22,\"height\":51,\"name\":\"pao0003\",\"x\":168},{\"width\":266,\"y\":256,\"height\":164,\"name\":\"paotai4＿lyrdi\",\"x\":1},{\"frameY\":0,\"y\":1,\"frameWidth\":79,\"frameX\":0,\"frameHeight\":197,\"width\":79,\"height\":195,\"name\":\"paotai4＿lyrzhong2\",\"x\":279},{\"width\":88,\"y\":422,\"height\":77,\"name\":\"paotai4＿lyrzhong\",\"x\":1},{\"width\":204,\"y\":256,\"height\":188,\"name\":\"paotai4＿lyrding2\",\"x\":269},{\"width\":276,\"y\":1,\"height\":253,\"name\":\"paotai4＿lyrding\",\"x\":1}],\"width\":512,\"imagePath\":\"kyby_paotai4_tex.png\",\"name\":\"kyby_paotai4\",\"height\":512}","_texture":{"__uuid__":"e2dlW9PiVM9a5EoDgUAoLx"},"texture":{"__uuid__":"e2dlW9PiVM9a5EoDgUAoLx"}}