{"__type__":"sp.SkeletonData","_name":"LOADING","_skeletonJson":{"skeleton":{"hash":"fp5z3C9eFRKVx6zQGkS0ZejaV8g","spine":"3.6.53","width":1200.24,"height":396.29,"images":"../Images/"},"bones":[{"name":"root"},{"name":"bone","parent":"root","length":529.71,"rotation":-64.91,"x":-183.49,"y":-249.73},{"name":"bone2","parent":"bone","length":89.15,"rotation":165.75,"x":-326.08,"y":-27.29},{"name":"bone3","parent":"bone2","length":82.75,"rotation":-42.03,"x":87.32,"y":0.35},{"name":"bone4","parent":"bone3","length":117.74,"rotation":-63.35,"x":82.75},{"name":"bone5","parent":"bone4","length":124.1,"rotation":-49.62,"x":117.74},{"name":"bone6","parent":"bone5","length":78.36,"rotation":25.77,"x":124.1},{"name":"bone7","parent":"bone6","length":92.81,"rotation":66.87,"x":78.36},{"name":"bone8","parent":"bone7","length":96.17,"rotation":7.3,"x":92.81},{"name":"bone9","parent":"bone8","length":89.29,"rotation":-22.43,"x":96.17},{"name":"bone10","parent":"bone2","length":100.72,"rotation":-158.56,"x":-20.53,"y":19.14},{"name":"bone11","parent":"root","length":118.26,"rotation":87.27,"x":75.21,"y":-100.78},{"name":"bone12","parent":"root","length":162.62,"rotation":110.94,"x":-472.29,"y":-19.8},{"name":"bone13","parent":"root","length":183.32,"rotation":80.25,"x":253,"y":36.02},{"name":"bone14","parent":"root","length":118.52,"rotation":88.21,"x":173.37,"y":-35.19}],"slots":[{"name":"BG","bone":"root"},{"name":"CLOUD6","bone":"bone12","attachment":"CLOUD2"},{"name":"CLOUD2","bone":"root"},{"name":"CLOUD4","bone":"bone11","attachment":"CLOUD3"},{"name":"CLOUD3","bone":"root"},{"name":"MOM2","bone":"bone10","attachment":"MOM"},{"name":"MOM","bone":"root"},{"name":"rong","bone":"root","attachment":"rong"},{"name":"Comp 1_00002","bone":"bone"},{"name":"Comp 1_00003","bone":"bone"},{"name":"Comp 1_00004","bone":"bone"},{"name":"Comp 1_00005","bone":"bone"},{"name":"Comp 1_00006","bone":"bone"},{"name":"Comp 1_00007","bone":"bone"},{"name":"Comp 1_00008","bone":"bone"},{"name":"Comp 1_00009","bone":"bone"},{"name":"Comp 1_00010","bone":"bone"},{"name":"Comp 1_00011","bone":"bone"},{"name":"Comp 1_00012","bone":"bone"},{"name":"Comp 1_00013","bone":"bone"},{"name":"Comp 1_00014","bone":"bone"},{"name":"Comp 1_00015","bone":"bone"},{"name":"Comp 1_00016","bone":"bone"},{"name":"Comp 1_00017","bone":"bone"},{"name":"Comp 1_00018","bone":"bone"},{"name":"Comp 1_00019","bone":"bone"},{"name":"Comp 1_00020","bone":"bone"},{"name":"Comp 1_00021","bone":"bone"},{"name":"Comp 1_00022","bone":"bone"},{"name":"Comp 1_00023","bone":"bone"},{"name":"Comp 1_00024","bone":"bone"},{"name":"Comp 1_00025","bone":"bone"},{"name":"Comp 1_00026","bone":"bone"},{"name":"Comp 1_00027","bone":"bone"},{"name":"Comp 1_00028","bone":"bone"},{"name":"Comp 1_00029","bone":"bone"},{"name":"Comp 1_00030","bone":"bone"},{"name":"Comp 1_00031","bone":"bone"},{"name":"Comp 1_00032","bone":"bone"},{"name":"Comp 1_00033","bone":"bone"},{"name":"Comp 1_00034","bone":"bone"},{"name":"Comp 1_00035","bone":"bone"},{"name":"Comp 1_00036","bone":"bone"},{"name":"Comp 1_00037","bone":"bone"},{"name":"Comp 1_00038","bone":"bone"},{"name":"Comp 1_00039","bone":"bone"},{"name":"Comp 1_00040","bone":"bone"},{"name":"Comp 1_00041","bone":"bone"},{"name":"Comp 1_00042","bone":"bone"},{"name":"Comp 1_00043","bone":"bone"},{"name":"Comp 1_00044","bone":"bone"},{"name":"Comp 1_00045","bone":"bone"},{"name":"Comp 1_00046","bone":"bone"},{"name":"CLOUD5","bone":"bone13","attachment":"CLOUD1"},{"name":"CLOUD1","bone":"root"},{"name":"TITLE2","bone":"bone14","attachment":"TITLE"},{"name":"TITLE","bone":"root"}],"skins":{"default":{"CLOUD4":{"CLOUD3":{"x":-6.39,"y":52.28,"rotation":-87.27,"width":521,"height":320}},"CLOUD5":{"CLOUD1":{"x":-20.91,"y":2.16,"rotation":-80.25,"width":652,"height":277}},"CLOUD6":{"CLOUD2":{"x":-32.74,"y":-100.84,"rotation":-110.94,"width":521,"height":320}},"Comp 1_00002":{"Comp 1_00002":{"x":92.21,"y":9.02,"rotation":64.91,"width":1280,"height":1003}},"Comp 1_00003":{"Comp 1_00003":{"x":92.6,"y":11.05,"rotation":64.91,"width":1280,"height":1003}},"Comp 1_00004":{"Comp 1_00004":{"x":93.63,"y":12.77,"rotation":64.91,"width":1280,"height":1003}},"Comp 1_00005":{"Comp 1_00005":{"x":95.62,"y":14.6,"rotation":64.91,"width":1280,"height":1003}},"Comp 1_00006":{"Comp 1_00006":{"x":98.24,"y":12.59,"rotation":64.91,"width":1280,"height":1003}},"Comp 1_00007":{"Comp 1_00007":{"x":99.4,"y":14.26,"rotation":64.91,"width":1280,"height":1003}},"Comp 1_00008":{"Comp 1_00008":{"x":100.25,"y":16.85,"rotation":64.91,"width":1280,"height":1003}},"Comp 1_00009":{"Comp 1_00009":{"x":100.51,"y":17.84,"rotation":64.91,"width":1280,"height":1003}},"Comp 1_00010":{"Comp 1_00010":{"x":99.97,"y":17.54,"rotation":64.91,"width":1280,"height":1003}},"Comp 1_00011":{"Comp 1_00011":{"x":99.59,"y":17.16,"rotation":64.91,"width":1280,"height":1003}},"Comp 1_00012":{"Comp 1_00012":{"x":102.32,"y":16.99,"rotation":64.91,"width":1280,"height":1003}},"Comp 1_00013":{"Comp 1_00013":{"x":103.31,"y":17.08,"rotation":64.91,"width":1280,"height":1003}},"Comp 1_00014":{"Comp 1_00014":{"x":107.57,"y":16.74,"rotation":64.91,"width":1280,"height":1003}},"Comp 1_00015":{"Comp 1_00015":{"x":106.05,"y":15.79,"rotation":64.91,"width":1280,"height":1003}},"Comp 1_00016":{"Comp 1_00016":{"x":107.16,"y":16.38,"rotation":64.91,"width":1280,"height":1003}},"Comp 1_00017":{"Comp 1_00017":{"x":108.49,"y":17.41,"rotation":64.91,"width":1280,"height":1003}},"Comp 1_00018":{"Comp 1_00018":{"x":110.97,"y":17.35,"rotation":64.91,"width":1280,"height":1003}},"Comp 1_00019":{"Comp 1_00019":{"x":113.91,"y":16.53,"rotation":64.91,"width":1280,"height":1003}},"Comp 1_00020":{"Comp 1_00020":{"x":108.97,"y":17.19,"rotation":64.91,"width":1280,"height":1003}},"Comp 1_00021":{"Comp 1_00021":{"x":112.14,"y":16.25,"rotation":64.91,"width":1280,"height":1003}},"Comp 1_00022":{"Comp 1_00022":{"x":112.58,"y":17.7,"rotation":64.91,"width":1280,"height":1003}},"Comp 1_00023":{"Comp 1_00023":{"x":111.9,"y":18.58,"rotation":64.91,"width":1280,"height":1003}},"Comp 1_00024":{"Comp 1_00024":{"x":114.01,"y":17.59,"rotation":64.91,"width":1280,"height":1003}},"Comp 1_00025":{"Comp 1_00025":{"x":115.78,"y":15.65,"rotation":64.91,"width":1280,"height":1003}},"Comp 1_00026":{"Comp 1_00026":{"x":118.41,"y":14.97,"rotation":64.91,"width":1280,"height":1003}},"Comp 1_00027":{"Comp 1_00027":{"x":121.92,"y":13.89,"rotation":64.91,"width":1280,"height":1003}},"Comp 1_00028":{"Comp 1_00028":{"x":123.74,"y":10.82,"rotation":64.91,"width":1280,"height":1003}},"Comp 1_00029":{"Comp 1_00029":{"x":127.33,"y":9.14,"rotation":64.91,"width":1280,"height":1003}},"Comp 1_00030":{"Comp 1_00030":{"x":129.06,"y":12.19,"rotation":64.91,"width":1280,"height":1003}},"Comp 1_00031":{"Comp 1_00031":{"x":131.6,"y":13.77,"rotation":64.91,"width":1280,"height":1003}},"Comp 1_00032":{"Comp 1_00032":{"x":134.42,"y":16.87,"rotation":64.91,"width":1280,"height":1003}},"Comp 1_00033":{"Comp 1_00033":{"x":136.47,"y":18.68,"rotation":64.91,"width":1280,"height":1003}},"Comp 1_00034":{"Comp 1_00034":{"x":136.98,"y":18.46,"rotation":64.91,"width":1280,"height":1003}},"Comp 1_00035":{"Comp 1_00035":{"x":137.62,"y":18.13,"rotation":64.91,"width":1280,"height":1003}},"Comp 1_00036":{"Comp 1_00036":{"x":137.54,"y":16.79,"rotation":64.91,"width":1280,"height":1003}},"Comp 1_00037":{"Comp 1_00037":{"x":138.62,"y":14.26,"rotation":64.91,"width":1280,"height":1003}},"Comp 1_00038":{"Comp 1_00038":{"x":136.51,"y":7.76,"rotation":64.91,"width":1280,"height":1003}},"Comp 1_00039":{"Comp 1_00039":{"x":133.26,"y":2.88,"rotation":64.91,"width":1280,"height":1003}},"Comp 1_00040":{"Comp 1_00040":{"x":135.63,"y":-4.05,"rotation":64.91,"width":1280,"height":1003}},"Comp 1_00041":{"Comp 1_00041":{"x":136.21,"y":-10.37,"rotation":64.91,"width":1280,"height":1003}},"Comp 1_00042":{"Comp 1_00042":{"x":132.15,"y":-21.71,"rotation":64.91,"width":1280,"height":1003}},"Comp 1_00043":{"Comp 1_00043":{"x":136.81,"y":-29.41,"rotation":64.91,"width":1280,"height":1003}},"Comp 1_00044":{"Comp 1_00044":{"x":141.11,"y":-42.93,"rotation":64.91,"width":1280,"height":1003}},"Comp 1_00045":{"Comp 1_00045":{"x":147.5,"y":-60.77,"rotation":64.91,"width":1280,"height":1003}},"Comp 1_00046":{"Comp 1_00046":{"x":130.16,"y":-72.36,"rotation":64.91,"width":1280,"height":1003}},"MOM2":{"MOM":{"x":55.09,"y":-9.48,"rotation":57.72,"width":266,"height":220}},"TITLE2":{"TITLE":{"x":22.91,"y":8.65,"rotation":-88.21,"width":759,"height":281}},"rong":{"rong":{"type":"mesh","uvs":[1,1,0.44351,1,0.40527,1,0.36378,1,0.31566,1,0.26724,1,0,1,0,0,1,0,0.42186,0.91818,0.36959,0.92011,0.30155,0.91433,0.45339,0.83926,0.37125,0.81808,0.27666,0.80846,0.23105,0.70017,0.22783,0.50782,0.24554,0.32667,0.32684,0.18474,0.3204,0.6871,0.31074,0.51342,0.3196,0.34908,0.40251,0.26691,0.37836,0.52836,0.36387,0.6236,0.39607,0.70577,0.40734,0.59186,0.4492,0.70204,0.50232,0.81036,0.53613,0.72632,0.47978,0.64228,0.44598,0.52276,0.41378,0.43312,0.37514,0.3883,0.46208,0.31173,0.50876,0.47981,0.53774,0.58252,0.58556,0.58201,0.6281,0.50525,0.66749,0.39743,0.72026,0.29326,0.57296,0.85248,0.64307,0.81958,0.69191,0.76476,0.72578,0.62587,0.75807,0.49429,0.79835,0.42659,0.84451,0.49579,0.81468,0.67207,0.91849,0.61885,0.92364,0.44842,0.89502,0.27817,0.82164,0.20497,0.75193,0.21178,0.58242,0.40752,0.54203,0.29889,0.47776,0.21369,0.06061,0.55457,0.1183,0.43189,0.11189,0.67353,0.16637,0.4988,0.16156,0.7739,0.07824,0.78133,0.58631,0.74856,0.63005,0.66441,0.66525,0.58274,0.70366,0.47879,0.76127,0.36494],"triangles":[18,7,8,52,53,8,53,56,8,51,52,8,40,55,53,52,40,53,67,52,51,67,40,52,39,40,67,46,67,51,50,51,8,46,51,50,66,67,46,47,46,50,45,46,47,0,50,8,49,47,50,48,47,49,50,0,49,48,49,0,39,55,40,54,55,39,66,39,67,45,66,46,38,54,39,38,39,66,65,38,66,45,65,66,44,65,45,47,44,45,48,44,47,43,44,48,37,38,65,64,37,65,64,65,44,36,37,64,43,64,44,63,64,43,42,63,43,43,48,0,42,43,0,41,42,0,29,30,36,29,36,64,63,29,64,28,27,29,28,29,63,12,27,28,41,28,63,41,63,42,12,28,41,41,1,9,41,9,12,1,41,0,53,55,56,34,56,55,54,35,34,54,34,55,32,34,35,35,54,38,31,32,35,31,23,32,37,35,38,36,35,37,31,35,36,26,23,31,30,26,31,24,23,26,36,30,31,27,26,30,25,24,26,26,27,25,27,30,29,25,27,12,18,8,56,22,18,56,34,22,56,21,17,18,22,21,18,33,21,22,33,22,34,32,33,34,33,20,21,20,33,32,23,20,32,20,16,21,24,20,23,17,7,18,58,7,17,16,60,58,17,16,58,16,17,21,57,7,58,57,58,60,59,57,60,19,20,24,19,15,16,19,16,20,25,19,24,59,15,61,16,59,60,15,59,16,62,57,59,62,59,61,14,15,19,61,15,14,13,19,25,14,19,13,13,25,12,11,14,13,9,13,12,10,11,13,9,10,13,57,6,7,6,57,62,11,5,61,11,61,14,6,62,61,5,6,61,4,11,10,5,11,4,3,4,10,2,10,9,3,10,2,2,9,1],"vertices":[3,7,226.72,-322.93,0.19171,8,91.76,-337.34,0.29877,9,124.63,-313.5,0.50951,4,2,-128.23,-125.16,0.33948,5,204.43,-143.22,0.1676,6,10.08,-163.9,0.49045,7,-177.55,-1.59,0.00248,3,2,-121.56,-90.31,0.48638,5,183.66,-171.99,0.16914,6,-21.13,-180.78,0.34449,3,2,-114.32,-52.49,0.65971,5,161.12,-203.2,0.13044,6,-55,-199.08,0.20985,4,2,-105.92,-8.63,0.83702,3,-137.54,-136.04,0.00422,5,134.97,-239.4,0.06361,6,-94.29,-220.32,0.09515,4,2,-97.47,35.5,0.91884,3,-160.8,-97.6,0.03607,5,108.66,-275.83,0.01599,6,-133.81,-241.69,0.02911,2,2,-50.83,279.07,0.71738,3,-289.22,114.56,0.28262,3,2,342.03,203.84,0.79882,3,52.98,321.68,0.20115,4,-300.87,117.67,0.00004,1,9,283.21,53.72,1,6,2,-92.31,-111.59,0.41289,3,-58.51,-203.41,0.00003,4,118.45,-217.48,0.00126,5,166.14,-140.34,0.19608,6,-23.15,-144.66,0.38973,7,-172.91,36.53,0.00001,4,2,-83.95,-63.8,0.63544,4,70.15,-222.09,0.00148,5,138.37,-180.12,0.14917,6,-65.45,-168.41,0.21391,4,2,-69.8,-2.22,0.88594,3,-115,-107.1,0.00744,5,99.53,-229.95,0.04464,6,-122.1,-196.4,0.06199,6,2,-66.81,-146.26,0.27018,3,-16.35,-212.1,0.00082,4,145.12,-183.7,0.00335,5,157.68,-98.14,0.25251,6,-12.42,-102.98,0.47248,7,-130.36,43.03,0.00066,5,2,-44.15,-72.98,0.61612,3,-48.57,-142.49,0.00401,4,68.46,-181.28,0.01333,5,106.18,-154.97,0.19977,6,-83.51,-131.78,0.16677,4,2,-23.86,12.51,0.96592,3,-90.73,-65.41,0.01595,5,51.67,-223.88,0.00781,6,-162.56,-170.13,0.01032,2,2,26.64,45.93,0.84415,3,-75.59,-6.77,0.15585,2,2,102.77,34.39,0.66795,3,-11.31,35.63,0.33205,3,2,170.84,4.62,0.52003,3,59.18,59.09,0.42928,4,-63.38,5.44,0.05069,5,2,212.41,-80.16,0.08822,3,146.82,23.94,0.12504,4,7.34,68,0.7848,8,-110.14,337.8,0.00185,9,-319.59,233.53,0.00008,5,2,16.18,-36.5,0.82888,3,-28.18,-75,0.03645,4,17.28,-132.79,0.03382,5,36.08,-162.55,0.08212,6,-149.93,-108.12,0.01874,4,2,86.1,-40.76,0.14644,3,26.61,-31.36,0.72183,4,2.85,-64.24,0.10019,5,-25.48,-129.14,0.03154,2,3,87.1,-4.35,0.21135,4,5.84,1.94,0.78865,5,2,166.92,-142.94,0.00023,4,79.94,40.79,0.97798,5,-55.56,-2.37,0.01018,8,-84.73,264.56,0.00966,9,-268.16,175.52,0.00195,5,2,68.43,-101.26,0.17445,3,53.99,-88.13,0.16317,4,65.87,-65.24,0.38079,5,16.1,-81.77,0.27771,6,-132.81,-26.69,0.00387,5,2,33.54,-80.89,0.43532,3,14.43,-96.36,0.1303,4,55.48,-104.28,0.14865,5,39.11,-114.98,0.25774,6,-126.52,-66.6,0.028,5,2,-4.36,-104.06,0.41259,3,1.79,-138.94,0.03218,4,87.87,-134.68,0.05962,5,83.25,-110,0.37591,6,-84.61,-81.3,0.1197,5,2,38.42,-122.9,0.20721,3,46.18,-124.29,0.06705,4,94.69,-88.43,0.17689,5,52.43,-74.84,0.5211,6,-97.07,-36.24,0.02775,5,2,-12.17,-152.76,0.19319,3,28.59,-180.34,0.00958,4,136.9,-129.29,0.02445,5,110.91,-69.16,0.54654,6,-41.94,-56.54,0.22624,6,2,-63.99,-193.03,0.11759,3,17.06,-244.96,0.00002,4,189.47,-168.58,0.0002,5,174.9,-54.56,0.1557,6,22.03,-71.22,0.71697,7,-87.62,23.83,0.00953,3,2,-36.88,-230.17,0.02384,5,166.01,-9.44,0.03136,6,33.64,-26.72,0.9448,5,2,5.97,-185.13,0.06106,3,63.74,-192.25,0.00359,4,163.3,-103.21,0.01001,5,108.15,-32.15,0.78362,6,-28.34,-22.02,0.14172,4,2,58.83,-163.31,0.04315,3,88.4,-140.65,0.01579,4,128.24,-58.04,0.09837,5,51.02,-29.59,0.84269,4,2,99.66,-140.71,0.02063,3,103.6,-96.52,0.0214,4,95.62,-24.66,0.64835,5,4.46,-32.82,0.30963,4,2,124.01,-108.86,0.00702,3,100.37,-56.57,0.02572,4,58.46,-9.62,0.94615,5,-31.07,-51.39,0.02111,5,4,136.46,27.29,0.41617,5,-8.66,31.94,0.53714,7,7.25,203.2,0.00257,8,-59.03,212.43,0.03631,9,-224.52,137.15,0.00781,5,5,71.21,27.7,0.9281,6,-35.59,47.94,0.01018,7,-0.67,123.62,0.02704,8,-77,134.5,0.03301,9,-211.39,58.25,0.00167,4,5,120.26,25.45,0.5292,6,7.61,24.59,0.39119,7,-5.18,74.72,0.06208,8,-87.7,86.57,0.01753,4,5,146.08,61.55,0.17786,6,46.55,45.87,0.34504,7,29.69,47.27,0.42155,8,-56.6,54.91,0.05554,6,4,296.17,-37.69,0.00028,5,144.3,111.52,0.14839,6,66.68,91.65,0.04678,7,79.7,46.74,0.43035,8,-7.07,48.03,0.37174,9,-113.76,5,0.00245,6,4,329.2,8.2,0.00423,5,130.73,166.4,0.12079,6,78.32,146.97,0.00226,7,135.15,57.76,0.04188,8,49.33,51.91,0.77103,9,-63.1,30.11,0.05982,4,4,374.72,53.61,0.00534,5,125.63,230.5,0.06374,8,113.35,45.86,0.35333,9,-1.62,48.94,0.5776,4,2,-92.87,-254.25,0.02887,5,226.93,-11.28,0.00514,6,87.71,-54.87,0.68414,7,-46.78,-30.15,0.28184,5,2,-92.18,-320.62,0.00092,6,138.68,-12.35,0.1171,7,12.33,-60.33,0.84214,8,-87.5,-49.61,0.03257,9,-150.85,-115.93,0.00726,4,6,168.12,28.49,0.00503,7,61.46,-71.36,0.76744,8,-40.18,-66.8,0.19289,9,-100.55,-113.77,0.03464,3,7,120.63,-47.43,0.22324,8,21.56,-50.59,0.70705,9,-49.67,-75.23,0.06971,3,7,176.85,-24.88,0.01239,8,80.19,-35.36,0.67529,9,-1.29,-38.79,0.31232,3,7,222.95,-26.94,0.00682,8,125.66,-43.27,0.11875,9,43.76,-28.75,0.87443,3,7,239.26,-75.26,0.03986,8,135.69,-93.27,0.1852,9,72.11,-71.14,0.77494,3,7,173.72,-113.24,0.19222,8,65.85,-122.6,0.41606,9,18.75,-124.9,0.39172,3,7,262.38,-156.52,0.09894,8,148.29,-176.81,0.21665,9,115.63,-143.55,0.68442,3,7,308.54,-106.13,0.03105,8,200.48,-132.69,0.09065,9,147.05,-82.86,0.87831,3,7,330.12,-36.29,0.00219,8,230.77,-66.17,0.00845,9,149.66,-9.81,0.98936,4,4,465.71,96.26,0.00016,5,152.08,327.45,0.00874,8,204.27,3.06,0.00143,9,98.75,44.07,0.98967,4,4,401.44,88.43,0.00465,5,116.41,273.41,0.05222,8,157.2,47.53,0.1063,9,38.27,67.22,0.83682,6,4,250.82,-2.07,0.01223,5,87.79,100.05,0.48439,6,10.8,105.88,0.03983,7,70.84,103.72,0.14941,8,-8.61,105.67,0.28958,9,-137.18,57.69,0.02456,6,4,210.02,38.28,0.10503,5,30.61,95.1,0.61205,6,-42.84,126.28,0.00191,7,68.53,161.06,0.03705,8,-3.61,162.84,0.19985,9,-154.37,112.45,0.04411,5,4,147.87,67.53,0.48541,5,-31.93,66.7,0.39879,7,43.05,224.85,0.00303,8,-20.78,229.35,0.08774,9,-195.61,167.38,0.02503,2,2,113.59,190.32,0.73886,3,-107.67,158.7,0.26114,2,2,151.72,128.51,0.77123,3,-37.97,138.32,0.22877,2,2,57.9,152.53,0.71534,3,-123.73,93.36,0.28466,2,2,117.04,89.73,0.73465,3,-37.77,86.29,0.26535,2,2,9.8,114.81,0.75845,3,-134.21,33.13,0.24155,2,2,21.42,191.31,0.72228,3,-176.8,97.74,0.27772,3,2,-54.38,-274.23,0.00338,6,78.84,-12.41,0.66492,7,-11.22,-5.32,0.33171,2,7,41.5,-4.23,0.99987,9,-137.34,-54.16,0.00013,4,5,189.61,121.33,0.00006,6,111.75,80.78,0.00007,7,87.4,1.02,0.75756,8,-5.24,1.7,0.24231,5,4,365.23,-21.58,0.00005,5,176.77,174.56,0.0043,6,123.33,134.3,0.00001,7,141.17,11.39,0.00054,8,49.42,5.15,0.9951,3,4,414.92,28.04,0.00014,5,171.15,244.57,0.00255,9,21.95,7.54,0.9973],"hull":9,"edges":[12,14,14,16,0,16,6,8,4,6,8,10,10,12,0,2,2,4],"width":928,"height":400}}}},"animations":{"animation":{"slots":{"CLOUD5":{"color":[{"time":0,"color":"ffffffff","curve":"stepped"},{"time":3.6667,"color":"ffffffff"}]},"CLOUD6":{"color":[{"time":0,"color":"ffffffff","curve":"stepped"},{"time":3.6667,"color":"ffffffff"}]},"Comp 1_00002":{"attachment":[{"time":0.7,"name":"Comp 1_00002"},{"time":0.7333,"name":null}]},"Comp 1_00003":{"attachment":[{"time":0.7333,"name":"Comp 1_00003"},{"time":0.7667,"name":null}]},"Comp 1_00004":{"attachment":[{"time":0.7667,"name":"Comp 1_00004"},{"time":0.8,"name":null}]},"Comp 1_00005":{"attachment":[{"time":0.8,"name":"Comp 1_00005"},{"time":0.8333,"name":null}]},"Comp 1_00006":{"attachment":[{"time":0.8333,"name":"Comp 1_00006"},{"time":0.8667,"name":null}]},"Comp 1_00007":{"attachment":[{"time":0.8667,"name":"Comp 1_00007"},{"time":0.9,"name":null}]},"Comp 1_00008":{"attachment":[{"time":0.9,"name":"Comp 1_00008"},{"time":0.9333,"name":null}]},"Comp 1_00009":{"attachment":[{"time":0.9333,"name":"Comp 1_00009"},{"time":0.9667,"name":null}]},"Comp 1_00010":{"attachment":[{"time":0.9667,"name":"Comp 1_00010"},{"time":1,"name":null}]},"Comp 1_00011":{"attachment":[{"time":1,"name":"Comp 1_00011"},{"time":1.0333,"name":null}]},"Comp 1_00012":{"attachment":[{"time":1.0333,"name":"Comp 1_00012"},{"time":1.0667,"name":null}]},"Comp 1_00013":{"attachment":[{"time":1.0667,"name":"Comp 1_00013"},{"time":1.1,"name":null}]},"Comp 1_00014":{"attachment":[{"time":1.1,"name":"Comp 1_00014"},{"time":1.1333,"name":null}]},"Comp 1_00015":{"attachment":[{"time":1.1333,"name":"Comp 1_00015"},{"time":1.1667,"name":null}]},"Comp 1_00016":{"attachment":[{"time":1.1667,"name":"Comp 1_00016"},{"time":1.2,"name":null}]},"Comp 1_00017":{"attachment":[{"time":1.2,"name":"Comp 1_00017"},{"time":1.2333,"name":null}]},"Comp 1_00018":{"attachment":[{"time":1.2333,"name":"Comp 1_00018"},{"time":1.2667,"name":null}]},"Comp 1_00019":{"attachment":[{"time":1.2667,"name":"Comp 1_00019"},{"time":1.3,"name":null}]},"Comp 1_00020":{"attachment":[{"time":1.3,"name":"Comp 1_00020"},{"time":1.3333,"name":null}]},"Comp 1_00021":{"attachment":[{"time":1.3333,"name":"Comp 1_00021"},{"time":1.3667,"name":null}]},"Comp 1_00022":{"attachment":[{"time":1.3667,"name":"Comp 1_00022"},{"time":1.4,"name":null}]},"Comp 1_00023":{"attachment":[{"time":1.4,"name":"Comp 1_00023"},{"time":1.4333,"name":null}]},"Comp 1_00024":{"attachment":[{"time":1.4333,"name":"Comp 1_00024"},{"time":1.4667,"name":null}]},"Comp 1_00025":{"attachment":[{"time":1.4667,"name":"Comp 1_00025"},{"time":1.5,"name":null}]},"Comp 1_00026":{"attachment":[{"time":1.5,"name":"Comp 1_00026"},{"time":1.5333,"name":null}]},"Comp 1_00027":{"attachment":[{"time":1.5333,"name":"Comp 1_00027"},{"time":1.5667,"name":null}]},"Comp 1_00028":{"attachment":[{"time":1.5667,"name":"Comp 1_00028"},{"time":1.6,"name":null}]},"Comp 1_00029":{"attachment":[{"time":1.6,"name":"Comp 1_00029"},{"time":1.6333,"name":null}]},"Comp 1_00030":{"attachment":[{"time":1.6333,"name":"Comp 1_00030"},{"time":1.6667,"name":null}]},"Comp 1_00031":{"attachment":[{"time":1.6667,"name":"Comp 1_00031"},{"time":1.7,"name":null}]},"Comp 1_00032":{"attachment":[{"time":1.7,"name":"Comp 1_00032"},{"time":1.7333,"name":null}]},"Comp 1_00033":{"attachment":[{"time":1.7333,"name":"Comp 1_00033"},{"time":1.7667,"name":null}]},"Comp 1_00034":{"attachment":[{"time":1.7667,"name":"Comp 1_00034"},{"time":1.8,"name":null}]},"Comp 1_00035":{"attachment":[{"time":1.8,"name":"Comp 1_00035"},{"time":1.8333,"name":null}]},"Comp 1_00036":{"attachment":[{"time":1.8333,"name":"Comp 1_00036"},{"time":1.8667,"name":null}]},"Comp 1_00037":{"attachment":[{"time":1.8667,"name":"Comp 1_00037"},{"time":1.9,"name":null}]},"Comp 1_00038":{"attachment":[{"time":1.9,"name":"Comp 1_00038"},{"time":1.9333,"name":null}]},"Comp 1_00039":{"attachment":[{"time":1.9333,"name":"Comp 1_00039"},{"time":1.9667,"name":null}]},"Comp 1_00040":{"attachment":[{"time":1.9667,"name":"Comp 1_00040"},{"time":2,"name":null}]},"Comp 1_00041":{"attachment":[{"time":2,"name":"Comp 1_00041"},{"time":2.0333,"name":null}]},"Comp 1_00042":{"attachment":[{"time":2.0333,"name":"Comp 1_00042"},{"time":2.0667,"name":null}]},"Comp 1_00043":{"attachment":[{"time":2.0667,"name":"Comp 1_00043"},{"time":2.1,"name":null}]},"Comp 1_00044":{"attachment":[{"time":2.1,"name":"Comp 1_00044"},{"time":2.1333,"name":null}]},"Comp 1_00045":{"attachment":[{"time":2.1333,"name":"Comp 1_00045"},{"time":2.1667,"name":null}]},"Comp 1_00046":{"attachment":[{"time":2.1667,"name":"Comp 1_00046"},{"time":2.2,"name":null}]}},"bones":{"root":{"rotate":[{"time":0,"angle":0}],"translate":[{"time":0,"x":0,"y":0}],"scale":[{"time":0,"x":1,"y":1}]},"bone":{"rotate":[{"time":0,"angle":0}],"translate":[{"time":0,"x":0,"y":0}],"scale":[{"time":0,"x":1,"y":1}]},"bone2":{"rotate":[{"time":0,"angle":0,"curve":"stepped"},{"time":3.6667,"angle":0}],"translate":[{"time":0,"x":0,"y":0,"curve":[0.25,0,0.75,1]},{"time":1.8333,"x":7.53,"y":16.08,"curve":[0.25,0,0.75,1]},{"time":3.6667,"x":0,"y":0}],"scale":[{"time":0,"x":1,"y":1,"curve":[0.25,0,0.75,1]},{"time":1.8333,"x":1.038,"y":1.038,"curve":[0.25,0,0.75,1]},{"time":3.6667,"x":1,"y":1}]},"bone10":{"rotate":[{"time":0,"angle":5.66,"curve":[0.25,0,0.75,1]},{"time":0.6667,"angle":335.54,"curve":"stepped"},{"time":1.9,"angle":335.54,"curve":[0.25,0,0.75,1]},{"time":2.5667,"angle":5.66}],"translate":[{"time":0,"x":0,"y":0,"curve":[0.25,0,0.75,1]},{"time":0.6667,"x":-8.16,"y":-1.09,"curve":"stepped"},{"time":1.9,"x":-8.16,"y":-1.09,"curve":[0.25,0,0.75,1]},{"time":2.5667,"x":0,"y":0}],"scale":[{"time":0,"x":1,"y":1,"curve":"stepped"},{"time":2.5667,"x":1,"y":1}]},"bone3":{"rotate":[{"time":0,"angle":0,"curve":[0.25,0,0.75,1]},{"time":1.8333,"angle":-1.51,"curve":[0.25,0,0.75,1]},{"time":3.6667,"angle":0}],"translate":[{"time":0,"x":0,"y":0,"curve":"stepped"},{"time":3.6667,"x":0,"y":0}],"scale":[{"time":0,"x":1,"y":1,"curve":"stepped"},{"time":3.6667,"x":1,"y":1}],"shear":[{"time":0,"x":0,"y":2.98,"curve":[0.25,0,0.75,1]},{"time":1.8333,"x":0,"y":0.68,"curve":[0.25,0,0.75,1]},{"time":3.6667,"x":0,"y":2.98}]},"bone4":{"rotate":[{"time":0,"angle":0,"curve":[0.25,0,0.75,1]},{"time":1.8333,"angle":-1.52,"curve":[0.25,0,0.75,1]},{"time":3.6667,"angle":0}],"translate":[{"time":0,"x":0,"y":0,"curve":"stepped"},{"time":3.6667,"x":0,"y":0}],"scale":[{"time":0,"x":1,"y":1,"curve":"stepped"},{"time":3.6667,"x":1,"y":1}],"shear":[{"time":0,"x":0,"y":2.98,"curve":[0.25,0,0.75,1]},{"time":1.8333,"x":0,"y":0.68,"curve":[0.25,0,0.75,1]},{"time":3.6667,"x":0,"y":2.98}]},"bone5":{"rotate":[{"time":0,"angle":0,"curve":[0.25,0,0.75,1]},{"time":1.8333,"angle":-1.52,"curve":[0.25,0,0.75,1]},{"time":3.6667,"angle":0}],"translate":[{"time":0,"x":0,"y":0,"curve":"stepped"},{"time":3.6667,"x":0,"y":0}],"scale":[{"time":0,"x":1,"y":1,"curve":"stepped"},{"time":3.6667,"x":1,"y":1}],"shear":[{"time":0,"x":0,"y":2.98,"curve":[0.25,0,0.75,1]},{"time":1.8333,"x":0,"y":0.68,"curve":[0.25,0,0.75,1]},{"time":3.6667,"x":0,"y":2.98}]},"bone6":{"rotate":[{"time":0,"angle":0,"curve":[0.25,0,0.75,1]},{"time":1.8333,"angle":-1.52,"curve":[0.25,0,0.75,1]},{"time":3.6667,"angle":0}],"translate":[{"time":0,"x":0,"y":0,"curve":"stepped"},{"time":3.6667,"x":0,"y":0}],"scale":[{"time":0,"x":1,"y":1,"curve":"stepped"},{"time":3.6667,"x":1,"y":1}],"shear":[{"time":0,"x":0,"y":2.98,"curve":[0.25,0,0.75,1]},{"time":1.8333,"x":0,"y":0.68,"curve":[0.25,0,0.75,1]},{"time":3.6667,"x":0,"y":2.98}]},"bone7":{"rotate":[{"time":0,"angle":0,"curve":[0.25,0,0.75,1]},{"time":1.8333,"angle":-1.52,"curve":[0.25,0,0.75,1]},{"time":3.6667,"angle":0}],"translate":[{"time":0,"x":0,"y":0,"curve":"stepped"},{"time":3.6667,"x":0,"y":0}],"scale":[{"time":0,"x":1,"y":1,"curve":"stepped"},{"time":3.6667,"x":1,"y":1}],"shear":[{"time":0,"x":0,"y":2.98,"curve":[0.25,0,0.75,1]},{"time":1.8333,"x":0,"y":0.68,"curve":[0.25,0,0.75,1]},{"time":3.6667,"x":0,"y":2.98}]},"bone8":{"rotate":[{"time":0,"angle":0,"curve":[0.25,0,0.75,1]},{"time":1.8333,"angle":-1.51,"curve":[0.25,0,0.75,1]},{"time":3.6667,"angle":0}],"translate":[{"time":0,"x":0,"y":0,"curve":"stepped"},{"time":3.6667,"x":0,"y":0}],"scale":[{"time":0,"x":1,"y":1,"curve":"stepped"},{"time":3.6667,"x":1,"y":1}],"shear":[{"time":0,"x":0,"y":2.98,"curve":[0.25,0,0.75,1]},{"time":1.8333,"x":0,"y":0.68,"curve":[0.25,0,0.75,1]},{"time":3.6667,"x":0,"y":2.98}]},"bone9":{"rotate":[{"time":0,"angle":0,"curve":[0.25,0,0.75,1]},{"time":1.8333,"angle":-1.52,"curve":[0.25,0,0.75,1]},{"time":3.6667,"angle":0}],"translate":[{"time":0,"x":0,"y":0,"curve":"stepped"},{"time":3.6667,"x":0,"y":0}],"scale":[{"time":0,"x":1,"y":1,"curve":"stepped"},{"time":3.6667,"x":1,"y":1}],"shear":[{"time":0,"x":0,"y":2.98,"curve":[0.25,0,0.75,1]},{"time":1.8333,"x":0,"y":0.68,"curve":[0.25,0,0.75,1]},{"time":3.6667,"x":0,"y":2.98}]},"bone11":{"rotate":[{"time":0,"angle":0,"curve":"stepped"},{"time":3.6667,"angle":0}],"translate":[{"time":0,"x":28.44,"y":0,"curve":[0.25,0,0.75,1]},{"time":1.8333,"x":-23.42,"y":0,"curve":[0.25,0,0.75,1]},{"time":3.6667,"x":28.44,"y":0}],"scale":[{"time":0,"x":1,"y":1,"curve":"stepped"},{"time":3.6667,"x":1,"y":1}]},"bone12":{"rotate":[{"time":0,"angle":0,"curve":"stepped"},{"time":3.6667,"angle":0}],"translate":[{"time":0,"x":0,"y":0,"curve":[0.25,0,0.75,1]},{"time":1.8333,"x":25.09,"y":0,"curve":[0.25,0,0.75,1]},{"time":3.6667,"x":0,"y":0}],"scale":[{"time":0,"x":1,"y":1,"curve":[0.25,0,0.75,1]},{"time":1.8333,"x":1.134,"y":1.134,"curve":[0.25,0,0.75,1]},{"time":3.6667,"x":1,"y":1}]},"bone13":{"rotate":[{"time":0,"angle":0,"curve":"stepped"},{"time":3.6667,"angle":0}],"translate":[{"time":0,"x":-67.57,"y":0,"curve":[0.25,0,0.75,1]},{"time":1.8333,"x":-12.37,"y":0,"curve":[0.25,0,0.75,1]},{"time":3.6667,"x":-67.57,"y":0}],"scale":[{"time":0,"x":1,"y":1,"curve":"stepped"},{"time":3.6667,"x":1,"y":1}]},"bone14":{"rotate":[{"time":0,"angle":0,"curve":"stepped"},{"time":1.8333,"angle":0,"curve":"stepped"},{"time":3.6667,"angle":0}],"translate":[{"time":0,"x":0,"y":0,"curve":"stepped"},{"time":1.8333,"x":0,"y":0,"curve":"stepped"},{"time":3.6667,"x":0,"y":0}],"scale":[{"time":0,"x":0.96,"y":0.96,"curve":[0.25,0,0.75,1]},{"time":0.8333,"x":1.092,"y":1.092,"curve":[0.25,0,0.75,1]},{"time":1.8333,"x":0.96,"y":0.96,"curve":[0.25,0,0.75,1]},{"time":2.7333,"x":1.092,"y":1.092,"curve":[0.25,0,0.75,1]},{"time":3.6667,"x":0.96,"y":0.96}]}}}}},"_atlasText":"\nLOADING.png\nsize: 2048,2048\nformat: RGBA8888\nfilter: Linear,Linear\nrepeat: none\nCLOUD1\n  rotate: true\n  xy: 1686, 1361\n  size: 652, 277\n  orig: 652, 277\n  offset: 0, 0\n  index: -1\nCLOUD2\n  rotate: true\n  xy: 1567, 562\n  size: 521, 320\n  orig: 521, 320\n  offset: 0, 0\n  index: -1\nCLOUD3\n  rotate: false\n  xy: 1284, 2\n  size: 521, 320\n  orig: 521, 320\n  offset: 0, 0\n  index: -1\nComp 1_00002\n  rotate: false\n  xy: 2, 1010\n  size: 1280, 1003\n  orig: 1280, 1003\n  offset: 0, 0\n  index: -1\nComp 1_00003\n  rotate: false\n  xy: 2, 5\n  size: 1280, 1003\n  orig: 1280, 1003\n  offset: 0, 0\n  index: -1\nMOM\n  rotate: false\n  xy: 1686, 1139\n  size: 266, 220\n  orig: 266, 220\n  offset: 0, 0\n  index: -1\nTITLE\n  rotate: true\n  xy: 1284, 324\n  size: 759, 281\n  orig: 759, 281\n  offset: 0, 0\n  index: -1\nrong\n  rotate: true\n  xy: 1284, 1085\n  size: 928, 400\n  orig: 928, 400\n  offset: 0, 0\n  index: -1\n\nLOADING2.png\nsize: 2048,2048\nformat: RGBA8888\nfilter: Linear,Linear\nrepeat: none\nComp 1_00004\n  rotate: false\n  xy: 2, 1007\n  size: 1280, 1003\n  orig: 1280, 1003\n  offset: 0, 0\n  index: -1\nComp 1_00005\n  rotate: false\n  xy: 2, 2\n  size: 1280, 1003\n  orig: 1280, 1003\n  offset: 0, 0\n  index: -1\n\nLOADING3.png\nsize: 2048,2048\nformat: RGBA8888\nfilter: Linear,Linear\nrepeat: none\nComp 1_00006\n  rotate: false\n  xy: 2, 1007\n  size: 1280, 1003\n  orig: 1280, 1003\n  offset: 0, 0\n  index: -1\nComp 1_00007\n  rotate: false\n  xy: 2, 2\n  size: 1280, 1003\n  orig: 1280, 1003\n  offset: 0, 0\n  index: -1\n\nLOADING4.png\nsize: 2048,2048\nformat: RGBA8888\nfilter: Linear,Linear\nrepeat: none\nComp 1_00008\n  rotate: false\n  xy: 2, 1007\n  size: 1280, 1003\n  orig: 1280, 1003\n  offset: 0, 0\n  index: -1\nComp 1_00009\n  rotate: false\n  xy: 2, 2\n  size: 1280, 1003\n  orig: 1280, 1003\n  offset: 0, 0\n  index: -1\n\nLOADING5.png\nsize: 2048,2048\nformat: RGBA8888\nfilter: Linear,Linear\nrepeat: none\nComp 1_00010\n  rotate: false\n  xy: 2, 1007\n  size: 1280, 1003\n  orig: 1280, 1003\n  offset: 0, 0\n  index: -1\nComp 1_00011\n  rotate: false\n  xy: 2, 2\n  size: 1280, 1003\n  orig: 1280, 1003\n  offset: 0, 0\n  index: -1\n\nLOADING6.png\nsize: 2048,2048\nformat: RGBA8888\nfilter: Linear,Linear\nrepeat: none\nComp 1_00012\n  rotate: false\n  xy: 2, 1007\n  size: 1280, 1003\n  orig: 1280, 1003\n  offset: 0, 0\n  index: -1\nComp 1_00013\n  rotate: false\n  xy: 2, 2\n  size: 1280, 1003\n  orig: 1280, 1003\n  offset: 0, 0\n  index: -1\n\nLOADING7.png\nsize: 2048,2048\nformat: RGBA8888\nfilter: Linear,Linear\nrepeat: none\nComp 1_00014\n  rotate: false\n  xy: 2, 1007\n  size: 1280, 1003\n  orig: 1280, 1003\n  offset: 0, 0\n  index: -1\nComp 1_00015\n  rotate: false\n  xy: 2, 2\n  size: 1280, 1003\n  orig: 1280, 1003\n  offset: 0, 0\n  index: -1\n\nLOADING8.png\nsize: 2048,2048\nformat: RGBA8888\nfilter: Linear,Linear\nrepeat: none\nComp 1_00016\n  rotate: false\n  xy: 2, 1007\n  size: 1280, 1003\n  orig: 1280, 1003\n  offset: 0, 0\n  index: -1\nComp 1_00017\n  rotate: false\n  xy: 2, 2\n  size: 1280, 1003\n  orig: 1280, 1003\n  offset: 0, 0\n  index: -1\n\nLOADING9.png\nsize: 2048,2048\nformat: RGBA8888\nfilter: Linear,Linear\nrepeat: none\nComp 1_00018\n  rotate: false\n  xy: 2, 1007\n  size: 1280, 1003\n  orig: 1280, 1003\n  offset: 0, 0\n  index: -1\nComp 1_00019\n  rotate: false\n  xy: 2, 2\n  size: 1280, 1003\n  orig: 1280, 1003\n  offset: 0, 0\n  index: -1\n\nLOADING10.png\nsize: 2048,2048\nformat: RGBA8888\nfilter: Linear,Linear\nrepeat: none\nComp 1_00020\n  rotate: false\n  xy: 2, 1007\n  size: 1280, 1003\n  orig: 1280, 1003\n  offset: 0, 0\n  index: -1\nComp 1_00021\n  rotate: false\n  xy: 2, 2\n  size: 1280, 1003\n  orig: 1280, 1003\n  offset: 0, 0\n  index: -1\n\nLOADING11.png\nsize: 2048,2048\nformat: RGBA8888\nfilter: Linear,Linear\nrepeat: none\nComp 1_00022\n  rotate: false\n  xy: 2, 1007\n  size: 1280, 1003\n  orig: 1280, 1003\n  offset: 0, 0\n  index: -1\nComp 1_00023\n  rotate: false\n  xy: 2, 2\n  size: 1280, 1003\n  orig: 1280, 1003\n  offset: 0, 0\n  index: -1\n\nLOADING12.png\nsize: 2048,2048\nformat: RGBA8888\nfilter: Linear,Linear\nrepeat: none\nComp 1_00024\n  rotate: false\n  xy: 2, 1007\n  size: 1280, 1003\n  orig: 1280, 1003\n  offset: 0, 0\n  index: -1\nComp 1_00025\n  rotate: false\n  xy: 2, 2\n  size: 1280, 1003\n  orig: 1280, 1003\n  offset: 0, 0\n  index: -1\n\nLOADING13.png\nsize: 2048,2048\nformat: RGBA8888\nfilter: Linear,Linear\nrepeat: none\nComp 1_00026\n  rotate: false\n  xy: 2, 1007\n  size: 1280, 1003\n  orig: 1280, 1003\n  offset: 0, 0\n  index: -1\nComp 1_00027\n  rotate: false\n  xy: 2, 2\n  size: 1280, 1003\n  orig: 1280, 1003\n  offset: 0, 0\n  index: -1\n\nLOADING14.png\nsize: 2048,2048\nformat: RGBA8888\nfilter: Linear,Linear\nrepeat: none\nComp 1_00028\n  rotate: false\n  xy: 2, 1007\n  size: 1280, 1003\n  orig: 1280, 1003\n  offset: 0, 0\n  index: -1\nComp 1_00029\n  rotate: false\n  xy: 2, 2\n  size: 1280, 1003\n  orig: 1280, 1003\n  offset: 0, 0\n  index: -1\n\nLOADING15.png\nsize: 2048,2048\nformat: RGBA8888\nfilter: Linear,Linear\nrepeat: none\nComp 1_00030\n  rotate: false\n  xy: 2, 1007\n  size: 1280, 1003\n  orig: 1280, 1003\n  offset: 0, 0\n  index: -1\nComp 1_00031\n  rotate: false\n  xy: 2, 2\n  size: 1280, 1003\n  orig: 1280, 1003\n  offset: 0, 0\n  index: -1\n\nLOADING16.png\nsize: 2048,2048\nformat: RGBA8888\nfilter: Linear,Linear\nrepeat: none\nComp 1_00032\n  rotate: false\n  xy: 2, 1007\n  size: 1280, 1003\n  orig: 1280, 1003\n  offset: 0, 0\n  index: -1\nComp 1_00033\n  rotate: false\n  xy: 2, 2\n  size: 1280, 1003\n  orig: 1280, 1003\n  offset: 0, 0\n  index: -1\n\nLOADING17.png\nsize: 2048,2048\nformat: RGBA8888\nfilter: Linear,Linear\nrepeat: none\nComp 1_00034\n  rotate: false\n  xy: 2, 1007\n  size: 1280, 1003\n  orig: 1280, 1003\n  offset: 0, 0\n  index: -1\nComp 1_00035\n  rotate: false\n  xy: 2, 2\n  size: 1280, 1003\n  orig: 1280, 1003\n  offset: 0, 0\n  index: -1\n\nLOADING18.png\nsize: 2048,2048\nformat: RGBA8888\nfilter: Linear,Linear\nrepeat: none\nComp 1_00036\n  rotate: false\n  xy: 2, 1007\n  size: 1280, 1003\n  orig: 1280, 1003\n  offset: 0, 0\n  index: -1\nComp 1_00037\n  rotate: false\n  xy: 2, 2\n  size: 1280, 1003\n  orig: 1280, 1003\n  offset: 0, 0\n  index: -1\n\nLOADING19.png\nsize: 2048,2048\nformat: RGBA8888\nfilter: Linear,Linear\nrepeat: none\nComp 1_00038\n  rotate: false\n  xy: 2, 1007\n  size: 1280, 1003\n  orig: 1280, 1003\n  offset: 0, 0\n  index: -1\nComp 1_00039\n  rotate: false\n  xy: 2, 2\n  size: 1280, 1003\n  orig: 1280, 1003\n  offset: 0, 0\n  index: -1\n\nLOADING20.png\nsize: 2048,2048\nformat: RGBA8888\nfilter: Linear,Linear\nrepeat: none\nComp 1_00040\n  rotate: false\n  xy: 2, 1007\n  size: 1280, 1003\n  orig: 1280, 1003\n  offset: 0, 0\n  index: -1\nComp 1_00041\n  rotate: false\n  xy: 2, 2\n  size: 1280, 1003\n  orig: 1280, 1003\n  offset: 0, 0\n  index: -1\n\nLOADING21.png\nsize: 2048,2048\nformat: RGBA8888\nfilter: Linear,Linear\nrepeat: none\nComp 1_00042\n  rotate: false\n  xy: 2, 1007\n  size: 1280, 1003\n  orig: 1280, 1003\n  offset: 0, 0\n  index: -1\nComp 1_00043\n  rotate: false\n  xy: 2, 2\n  size: 1280, 1003\n  orig: 1280, 1003\n  offset: 0, 0\n  index: -1\n\nLOADING22.png\nsize: 2048,2048\nformat: RGBA8888\nfilter: Linear,Linear\nrepeat: none\nComp 1_00044\n  rotate: false\n  xy: 2, 1007\n  size: 1280, 1003\n  orig: 1280, 1003\n  offset: 0, 0\n  index: -1\nComp 1_00045\n  rotate: false\n  xy: 2, 2\n  size: 1280, 1003\n  orig: 1280, 1003\n  offset: 0, 0\n  index: -1\n\nLOADING23.png\nsize: 2048,1024\nformat: RGBA8888\nfilter: Linear,Linear\nrepeat: none\nComp 1_00046\n  rotate: false\n  xy: 2, 2\n  size: 1280, 1003\n  orig: 1280, 1003\n  offset: 0, 0\n  index: -1\n","textures":[{"__uuid__":"bdvDlBGr1IMa00Zs7v6cMb"},{"__uuid__":"95VcBT/gNEN4V44iGNXAZO"},{"__uuid__":"25oYYzqzFKzZuTrjlVUu6X"},{"__uuid__":"1anKUkD6dKMIwzCNzavVEP"},{"__uuid__":"45bNy1x+pBD5Kl3tlNNERE"},{"__uuid__":"58ZI5PZCNP0Lja5ha2XGjp"},{"__uuid__":"3fn2HTM8dH95N3KcDmO1ar"},{"__uuid__":"7eg781DAhETp3tIoTy9V8P"},{"__uuid__":"09x52PwWFHO6GPLjV/9JFf"},{"__uuid__":"3d4P3/0clNAIMX1dQZP33P"},{"__uuid__":"81wrTikGFJRIg1XTZVEVV3"},{"__uuid__":"aaDmb4RdxOLKmt0FAVlV3Y"},{"__uuid__":"9eeMFFPZFHfqi3C3BViDyZ"},{"__uuid__":"846H+k9xJHO7BQopbs3xK5"},{"__uuid__":"8a7FDgxHNGPLrh2rN0qIQb"},{"__uuid__":"21XThbCh5HU74daIeqx1M+"},{"__uuid__":"0ev+XCGbJPxYuTsnPX9HlW"},{"__uuid__":"74LSMZ3WxIjZxjhG/U6g6Q"},{"__uuid__":"08EnYjzmVEHo4FecaU+PUt"},{"__uuid__":"aeJnAxB+lOEbMc2Nd3DKdP"},{"__uuid__":"bfc/WZhuJLNbsjYwY2GDZr"},{"__uuid__":"db2chAxulANJXVCfYbJpMB"},{"__uuid__":"6ewisAaBFG5bO2Fs1uAeGK"}],"textureNames":["LOADING.png","LOADING2.png","LOADING3.png","LOADING4.png","LOADING5.png","LOADING6.png","LOADING7.png","LOADING8.png","LOADING9.png","LOADING10.png","LOADING11.png","LOADING12.png","LOADING13.png","LOADING14.png","LOADING15.png","LOADING16.png","LOADING17.png","LOADING18.png","LOADING19.png","LOADING20.png","LOADING21.png","LOADING22.png","LOADING23.png"]}