{"__type__":"cc.AnimationClip","_name":"win","_duration":5.016666666666667,"wrapMode":0,"curveData":{"paths":{"bg_win":{"props":{"angle":[{"frame":0,"value":0},{"frame":5.016666666666667,"value":-460}]}},"win":{"props":{"scale":[{"frame":0,"value":{"__type__":"cc.Vec2","x":0.45,"y":0.45}},{"frame":0.08333333333333333,"value":{"__type__":"cc.Vec2","x":0.5,"y":0.5}},{"frame":0.16666666666666666,"value":{"__type__":"cc.Vec2","x":0.45,"y":0.45}},{"frame":0.25,"value":{"__type__":"cc.Vec2","x":0.5,"y":0.5}},{"frame":0.3333333333333333,"value":{"__type__":"cc.Vec2","x":0.45,"y":0.45}},{"frame":0.8333333333333334,"value":{"__type__":"cc.Vec2","x":0.45,"y":0.45}},{"frame":0.9166666666666666,"value":{"__type__":"cc.Vec2","x":0.5,"y":0.5}},{"frame":1,"value":{"__type__":"cc.Vec2","x":0.45,"y":0.45}},{"frame":1.0833333333333333,"value":{"__type__":"cc.Vec2","x":0.5,"y":0.5}},{"frame":1.1666666666666667,"value":{"__type__":"cc.Vec2","x":0.45,"y":0.45}},{"frame":1.6166666666666667,"value":{"__type__":"cc.Vec2","x":0.45,"y":0.45}},{"frame":1.7,"value":{"__type__":"cc.Vec2","x":0.5,"y":0.5}},{"frame":1.7833333333333334,"value":{"__type__":"cc.Vec2","x":0.45,"y":0.45}},{"frame":1.8666666666666667,"value":{"__type__":"cc.Vec2","x":0.5,"y":0.5}},{"frame":1.95,"value":{"__type__":"cc.Vec2","x":0.45,"y":0.45}}]}}}}}