[{"__type__":"cc.Prefab","_name":"moneyOther","data":{"__id__":1}},{"__type__":"cc.Node","_name":"moneyOther","_components":[{"__type__":"cc.Label","node":{"__id__":1},"_materials":[{"__uuid__":"ecpdLyjvZBwrvm+cedCcQy"}],"_fontSize":35,"_lineHeight":32,"_N$file":{"__uuid__":"49/BDWKU1P5raC2/bs69W9"},"_isSystemFontUsed":false},{"__type__":"97c8fPfWQNA06NAGRRSUoDf","node":{"__id__":1}}],"_prefab":{"__type__":"cc.PrefabInfo","root":{"__id__":1},"asset":{"__id__":0},"fileId":"73S/7QU29Im7ndE0yNIRYp"},"_contentSize":{"__type__":"cc.Size","height":35},"_trs":{"__type__":"TypedArray","ctor":"Float64Array","array":[0,0,0,0,0,0,1,1,1,1]}}]