{"__type__":"cc.JsonAsset","_name":"avenger","json":{"sprites":["resources/slot/avenger/slots_avenger.plist?v=1","resources/slot/avenger/slots_avenger_bangthuong.plist","resources/slot/avenger/slots_avenger_bgs.plist","resources/slot/avenger/slots_avenger_linechooser.plist","resources/slot/avenger/slots_avenger_loading.plist","resources/slot/avenger/slots_avenger_minigame.plist"],"fonts":{"font_line":"resources/slot/avenger/fonts/avenger_font_line.fnt","text_game":"resources/slot/avenger/fonts/avenger_text_game.fnt","font_thang":"resources/slot/avenger/fonts/avenger_font_thang.fnt","font_money":"resources/slot/avenger/fonts/avenger_font_money.fnt","font_money2":"resources/slot/avenger/fonts/avenger_font_money2.fnt","font_money3":"resources/slot/avenger/fonts/avenger_font_money3.fnt","font_dong":"resources/slot/avenger/fonts/avenger_font_dong.fnt","countdown":"resources/slot/avenger/fonts/avenger_font_countdown.fnt","font_bonus":"resources/slot/avenger/fonts/avenger_font_bonus.fnt"},"sounds":{"bg_music":"resources/slot/avenger/music/avenger_bg_music.mp3","click":"resources/slot/avenger/music/avenger_click.mp3","expanding_wild_appear":"resources/slot/avenger/music/avenger_expanding_wild_appear.mp3","jackpot_money":"resources/slot/avenger/music/avenger_jackpot_money.mp3","minigame_music":"resources/slot/avenger/music/avenger_minigame_music.mp3","minigame_touch":"resources/slot/avenger/music/avenger_minigame_touch.mp3","money_increase_2":"resources/slot/avenger/music/avenger_money_increase_2.mp3","money_increase":"resources/slot/avenger/music/avenger_money_increase.mp3","nohu":"resources/slot/avenger/music/avenger_nohu.mp3","quay_end":"resources/slot/avenger/music/avenger_quay_end.mp3","quay_end2":"resources/slot/avenger/music/avenger_quay_end2.mp3","quay_repeat":"resources/slot/avenger/music/avenger_quay_repeat.mp3","quay_start":"resources/slot/avenger/music/avenger_quay_start.mp3","room_0":"resources/slot/avenger/music/avenger_room_0.mp3","show_summary":"resources/slot/avenger/music/avenger_show_summary.mp3","start_minigame":"resources/slot/avenger/music/avenger_start_minigame.mp3","thangfreespin":"resources/slot/avenger/music/avenger_thangfreespin.mp3","thanglon":"resources/slot/avenger/music/avenger_thanglon.mp3"},"resources":["resources/slot/avenger/slots_avenger.png?v=1","resources/slot/avenger/slots_avenger.plist?v=1","resources/slot/avenger/slots_avenger_minigame.png","resources/slot/avenger/slots_avenger_minigame.plist","resources/slot/avenger/slots_avenger_loading.png","resources/slot/avenger/slots_avenger_loading.plist","resources/slot/avenger/slots_avenger_linechooser.png","resources/slot/avenger/slots_avenger_linechooser.plist","resources/slot/avenger/slots_avenger_bgs.png","resources/slot/avenger/slots_avenger_bgs.plist","resources/slot/avenger/slots_avenger_bangthuong.png","resources/slot/avenger/slots_avenger_bangthuong.plist","resources/slot/avenger/fx/zoneBtnFx/zoneFx_3/zoneFx_3.json","resources/slot/avenger/fx/zoneBtnFx/zoneFx_3/zoneFx_3.atlas","resources/slot/avenger/fx/zoneBtnFx/zoneFx_3/CAPTAIN AMERICA6.png","resources/slot/avenger/fx/zoneBtnFx/zoneFx_3/CAPTAIN AMERICA5.png","resources/slot/avenger/fx/zoneBtnFx/zoneFx_3/CAPTAIN AMERICA4.png","resources/slot/avenger/fx/zoneBtnFx/zoneFx_3/CAPTAIN AMERICA3.png","resources/slot/avenger/fx/zoneBtnFx/zoneFx_3/CAPTAIN AMERICA2.png","resources/slot/avenger/fx/zoneBtnFx/zoneFx_3/CAPTAIN AMERICA.png","resources/slot/avenger/fx/zoneBtnFx/zoneFx_2/zoneFx_2.json","resources/slot/avenger/fx/zoneBtnFx/zoneFx_2/zoneFx_2.atlas","resources/slot/avenger/fx/zoneBtnFx/zoneFx_2/THOR ANIM7.png","resources/slot/avenger/fx/zoneBtnFx/zoneFx_2/THOR ANIM6.png","resources/slot/avenger/fx/zoneBtnFx/zoneFx_2/THOR ANIM5.png","resources/slot/avenger/fx/zoneBtnFx/zoneFx_2/THOR ANIM4.png","resources/slot/avenger/fx/zoneBtnFx/zoneFx_2/THOR ANIM3.png","resources/slot/avenger/fx/zoneBtnFx/zoneFx_2/THOR ANIM2.png","resources/slot/avenger/fx/zoneBtnFx/zoneFx_2/THOR ANIM.png","resources/slot/avenger/fx/zoneBtnFx/zoneFx_1/zoneFx_1.json","resources/slot/avenger/fx/zoneBtnFx/zoneFx_1/zoneFx_1.atlas","resources/slot/avenger/fx/zoneBtnFx/zoneFx_1/IRON MAN_1280 x 720_OUT_DONE6.png","resources/slot/avenger/fx/zoneBtnFx/zoneFx_1/IRON MAN_1280 x 720_OUT_DONE5.png","resources/slot/avenger/fx/zoneBtnFx/zoneFx_1/IRON MAN_1280 x 720_OUT_DONE4.png","resources/slot/avenger/fx/zoneBtnFx/zoneFx_1/IRON MAN_1280 x 720_OUT_DONE3.png","resources/slot/avenger/fx/zoneBtnFx/zoneFx_1/IRON MAN_1280 x 720_OUT_DONE2.png","resources/slot/avenger/fx/zoneBtnFx/zoneFx_1/IRON MAN_1280 x 720_OUT_DONE.png","resources/slot/avenger/fx/zoneBtnFx/zoneFx_0/zoneFx_0.json","resources/slot/avenger/fx/zoneBtnFx/zoneFx_0/zoneFx_0.atlas","resources/slot/avenger/fx/zoneBtnFx/zoneFx_0/PLAY FREE BUTTON.png","resources/slot/avenger/fx/tien_roi.png","resources/slot/avenger/fx/tien_roi.plist","resources/slot/avenger/fx/tien_ban.png","resources/slot/avenger/fx/tien_ban.plist","resources/slot/avenger/fx/symbol_fx/avenger_symbol_1_2/AVENGERS SYMBOL5.png","resources/slot/avenger/fx/symbol_fx/avenger_symbol_1_2/AVENGERS SYMBOL4.png","resources/slot/avenger/fx/symbol_fx/avenger_symbol_1_2/AVENGERS SYMBOL3.png","resources/slot/avenger/fx/symbol_fx/avenger_symbol_1_2/AVENGERS SYMBOL2.png","resources/slot/avenger/fx/symbol_fx/avenger_symbol_1_2/AVENGERS SYMBOL.png","resources/slot/avenger/fx/symbol_fx/avenger_symbol_1_2/avenger_symbol_1_2.json","resources/slot/avenger/fx/symbol_fx/avenger_symbol_1_2/avenger_symbol_1_2.atlas","resources/slot/avenger/fx/symbol_fx/avenger_symbol_1_14/IRON MEN2.png","resources/slot/avenger/fx/symbol_fx/avenger_symbol_1_14/IRON MEN.png","resources/slot/avenger/fx/symbol_fx/avenger_symbol_1_14/avenger_symbol_1_14.json","resources/slot/avenger/fx/symbol_fx/avenger_symbol_1_14/avenger_symbol_1_14.atlas","resources/slot/avenger/fx/symbol_fx/avenger_symbol_1_13/INFINIRY GLOVE2.png","resources/slot/avenger/fx/symbol_fx/avenger_symbol_1_13/INFINIRY GLOVE.png","resources/slot/avenger/fx/symbol_fx/avenger_symbol_1_13/avenger_symbol_1_13.json","resources/slot/avenger/fx/symbol_fx/avenger_symbol_1_13/avenger_symbol_1_13.atlas","resources/slot/avenger/fx/symbol_fx/avenger_symbol_1_12/HULK.png","resources/slot/avenger/fx/symbol_fx/avenger_symbol_1_12/avenger_symbol_1_12.json","resources/slot/avenger/fx/symbol_fx/avenger_symbol_1_12/avenger_symbol_1_12.atlas","resources/slot/avenger/fx/open.png","resources/slot/avenger/fx/open.plist","resources/slot/avenger/fx/light.png","resources/slot/avenger/fx/light.plist","resources/slot/avenger/fx/avenger_top_bg_minigame/BONUS TIME AVENGERS.png","resources/slot/avenger/fx/avenger_top_bg_minigame/avenger_top_bg_minigame.json","resources/slot/avenger/fx/avenger_top_bg_minigame/avenger_top_bg_minigame.atlas","resources/slot/avenger/fx/avenger_quay_btn/BUTTON SPIN.png","resources/slot/avenger/fx/avenger_quay_btn/avenger_quay_btn.json","resources/slot/avenger/fx/avenger_quay_btn/avenger_quay_btn.atlas","resources/slot/avenger/fx/avenger_minigame_item/INFINITY STONE BONUS GAME.png","resources/slot/avenger/fx/avenger_minigame_item/avenger_minigame_item.json","resources/slot/avenger/fx/avenger_minigame_item/avenger_minigame_item.atlas","resources/slot/avenger/fx/avenger_jackpot/JACKPOT EFFECT8.png","resources/slot/avenger/fx/avenger_jackpot/JACKPOT EFFECT7.png","resources/slot/avenger/fx/avenger_jackpot/JACKPOT EFFECT6.png","resources/slot/avenger/fx/avenger_jackpot/JACKPOT EFFECT5.png","resources/slot/avenger/fx/avenger_jackpot/JACKPOT EFFECT4.png","resources/slot/avenger/fx/avenger_jackpot/JACKPOT EFFECT3.png","resources/slot/avenger/fx/avenger_jackpot/JACKPOT EFFECT2.png","resources/slot/avenger/fx/avenger_jackpot/JACKPOT EFFECT.png","resources/slot/avenger/fx/avenger_jackpot/avenger_jackpot.json","resources/slot/avenger/fx/avenger_jackpot/avenger_jackpot.atlas","resources/slot/avenger/fx/avenger_freespin/FREE IRONMAN EFFECT 1280x 7202.png","resources/slot/avenger/fx/avenger_freespin/FREE IRONMAN EFFECT 1280x 720.png","resources/slot/avenger/fx/avenger_freespin/avenger_freespin.json","resources/slot/avenger/fx/avenger_freespin/avenger_freespin.atlas","resources/slot/avenger/fx/avenger_expanding_wilds/expanding_wild_1/HULK BUSTER6.png","resources/slot/avenger/fx/avenger_expanding_wilds/expanding_wild_1/HULK BUSTER5.png","resources/slot/avenger/fx/avenger_expanding_wilds/expanding_wild_1/HULK BUSTER4.png","resources/slot/avenger/fx/avenger_expanding_wilds/expanding_wild_1/HULK BUSTER3.png","resources/slot/avenger/fx/avenger_expanding_wilds/expanding_wild_1/HULK BUSTER2.png","resources/slot/avenger/fx/avenger_expanding_wilds/expanding_wild_1/HULK BUSTER.png","resources/slot/avenger/fx/avenger_expanding_wilds/expanding_wild_1/expanding_wild_1.json","resources/slot/avenger/fx/avenger_expanding_wilds/expanding_wild_1/expanding_wild_1.atlas","resources/slot/avenger/fx/avenger_expanding_wilds/expanding_wild_0/expanding_wild_0.json","resources/slot/avenger/fx/avenger_expanding_wilds/expanding_wild_0/expanding_wild_0.atlas","resources/slot/avenger/fx/avenger_expanding_wilds/expanding_wild_0/CAPTAIN MARVEL6.png","resources/slot/avenger/fx/avenger_expanding_wilds/expanding_wild_0/CAPTAIN MARVEL5.png","resources/slot/avenger/fx/avenger_expanding_wilds/expanding_wild_0/CAPTAIN MARVEL4.png","resources/slot/avenger/fx/avenger_expanding_wilds/expanding_wild_0/CAPTAIN MARVEL3.png","resources/slot/avenger/fx/avenger_expanding_wilds/expanding_wild_0/CAPTAIN MARVEL2.png","resources/slot/avenger/fx/avenger_expanding_wilds/expanding_wild_0/CAPTAIN MARVEL.png","resources/slot/avenger/fx/avenger_bonus/BONUS INFINITY GLOVE EFFECT7.png","resources/slot/avenger/fx/avenger_bonus/BONUS INFINITY GLOVE EFFECT6.png","resources/slot/avenger/fx/avenger_bonus/BONUS INFINITY GLOVE EFFECT5.png","resources/slot/avenger/fx/avenger_bonus/BONUS INFINITY GLOVE EFFECT4.png","resources/slot/avenger/fx/avenger_bonus/BONUS INFINITY GLOVE EFFECT3.png","resources/slot/avenger/fx/avenger_bonus/BONUS INFINITY GLOVE EFFECT2.png","resources/slot/avenger/fx/avenger_bonus/BONUS INFINITY GLOVE EFFECT.png","resources/slot/avenger/fx/avenger_bonus/avenger_bonus.json","resources/slot/avenger/fx/avenger_bonus/avenger_bonus.atlas","resources/slot/avenger/fx/avenger_bigwin/BIG WIN9.png","resources/slot/avenger/fx/avenger_bigwin/BIG WIN8.png","resources/slot/avenger/fx/avenger_bigwin/BIG WIN7.png","resources/slot/avenger/fx/avenger_bigwin/BIG WIN6.png","resources/slot/avenger/fx/avenger_bigwin/BIG WIN5.png","resources/slot/avenger/fx/avenger_bigwin/BIG WIN4.png","resources/slot/avenger/fx/avenger_bigwin/BIG WIN3.png","resources/slot/avenger/fx/avenger_bigwin/BIG WIN2.png","resources/slot/avenger/fx/avenger_bigwin/BIG WIN12.png","resources/slot/avenger/fx/avenger_bigwin/BIG WIN11.png","resources/slot/avenger/fx/avenger_bigwin/BIG WIN10.png","resources/slot/avenger/fx/avenger_bigwin/BIG WIN.png","resources/slot/avenger/fx/avenger_bigwin/avenger_bigwin.json","resources/slot/avenger/fx/avenger_bigwin/avenger_bigwin.atlas","resources/slot/avenger/fx/avenger_bg_thongTin/WIN MONEY SLOT AVENGERS.png","resources/slot/avenger/fx/avenger_bg_thongTin/avenger_bg_thongTin.json","resources/slot/avenger/fx/avenger_bg_thongTin/avenger_bg_thongTin.atlas","resources/slot/avenger/fx/avenger_bg_jackpot/skeleton3.png","resources/slot/avenger/fx/avenger_bg_jackpot/skeleton2.png","resources/slot/avenger/fx/avenger_bg_jackpot/skeleton.png","resources/slot/avenger/fx/avenger_bg_jackpot/avenger_bg_jackpot.json","resources/slot/avenger/fx/avenger_bg_jackpot/avenger_bg_jackpot.atlas","resources/slot/avenger/fonts/avenger_text_game.png","resources/slot/avenger/fonts/avenger_text_game.fnt","resources/slot/avenger/fonts/avenger_font_thang.png","resources/slot/avenger/fonts/avenger_font_thang.fnt","resources/slot/avenger/fonts/avenger_font_money3.png","resources/slot/avenger/fonts/avenger_font_money3.fnt","resources/slot/avenger/fonts/avenger_font_money2.png","resources/slot/avenger/fonts/avenger_font_money2.fnt","resources/slot/avenger/fonts/avenger_font_money.png","resources/slot/avenger/fonts/avenger_font_money.fnt","resources/slot/avenger/fonts/avenger_font_line.png","resources/slot/avenger/fonts/avenger_font_line.fnt","resources/slot/avenger/fonts/avenger_font_dong.png","resources/slot/avenger/fonts/avenger_font_dong.fnt","resources/slot/avenger/fonts/avenger_font_countdown.png","resources/slot/avenger/fonts/avenger_font_countdown.fnt","resources/slot/avenger/fonts/avenger_font_bonus.png","resources/slot/avenger/fonts/avenger_font_bonus.fnt"],"config":"resources/slot/avenger/avenger_config.json?v=4","version":1}}