{"__type__":"dragonBones.DragonBonesAtlasAsset","_name":"hetun_tex","_atlasJson":"{\"width\":256,\"imagePath\":\"hetun_tex.png\",\"height\":512,\"name\":\"hetun\",\"SubTexture\":[{\"y\":92,\"frameX\":-103,\"frameHeight\":300,\"frameY\":-107,\"width\":87,\"frameWidth\":300,\"height\":83,\"name\":\"kyby_het_5\",\"x\":1},{\"y\":1,\"frameX\":-102,\"frameHeight\":300,\"frameY\":-101,\"width\":88,\"frameWidth\":300,\"height\":89,\"name\":\"kyby_het_3\",\"x\":1},{\"y\":89,\"frameX\":-102,\"frameHeight\":300,\"frameY\":-104,\"width\":88,\"frameWidth\":300,\"height\":88,\"name\":\"kyby_het_7\",\"x\":91},{\"y\":1,\"frameX\":-102,\"frameHeight\":300,\"frameY\":-104,\"width\":91,\"frameWidth\":300,\"height\":86,\"name\":\"kyby_het_4\",\"x\":91},{\"y\":267,\"frameX\":-105,\"frameHeight\":300,\"frameY\":-109,\"width\":88,\"frameWidth\":300,\"height\":82,\"name\":\"kyby_het_1\",\"x\":1},{\"y\":179,\"frameX\":-104,\"frameHeight\":300,\"frameY\":-106,\"width\":90,\"frameWidth\":300,\"height\":86,\"name\":\"kyby_het_8\",\"x\":1},{\"y\":265,\"frameX\":-102,\"frameHeight\":300,\"frameY\":-108,\"width\":90,\"frameWidth\":300,\"height\":83,\"name\":\"kyby_het_6\",\"x\":93},{\"y\":179,\"frameX\":-104,\"frameHeight\":300,\"frameY\":-106,\"width\":90,\"frameWidth\":300,\"height\":84,\"name\":\"kyby_het_2\",\"x\":93}]}","_texture":{"__uuid__":"abNMyrJ4VOeKGknadWTMh/"},"texture":{"__uuid__":"abNMyrJ4VOeKGknadWTMh/"}}