{"__type__":"dragonBones.DragonBonesAtlasAsset","_name":"haidaochuan_tex","_atlasJson":"{\"width\":1841,\"SubTexture\":[{\"frameHeight\":463,\"y\":391,\"frameWidth\":503,\"frameX\":-15,\"width\":454,\"frameY\":-51,\"height\":364,\"name\":\"fish64_1\",\"x\":920},{\"frameHeight\":463,\"y\":1,\"frameWidth\":503,\"frameX\":-34,\"width\":457,\"frameY\":-20,\"height\":395,\"name\":\"fish64_8\",\"x\":1},{\"frameHeight\":463,\"y\":1,\"frameWidth\":503,\"frameX\":-35,\"width\":458,\"frameY\":-18,\"height\":392,\"name\":\"fish64_10\",\"x\":460},{\"frameHeight\":463,\"y\":377,\"frameWidth\":503,\"frameX\":-32,\"width\":453,\"frameY\":-28,\"height\":370,\"name\":\"fish64_7\",\"x\":1382},{\"frameHeight\":463,\"y\":749,\"frameWidth\":503,\"frameX\":-36,\"width\":432,\"frameY\":-51,\"height\":356,\"name\":\"fish64_17\",\"x\":1376},{\"frameHeight\":463,\"y\":398,\"frameWidth\":503,\"frameX\":-34,\"width\":433,\"frameY\":-49,\"height\":356,\"name\":\"fish64_5\",\"x\":1},{\"frameHeight\":463,\"y\":395,\"frameWidth\":503,\"frameX\":-21,\"width\":448,\"frameY\":-45,\"height\":356,\"name\":\"fish64_16\",\"x\":460},{\"frameHeight\":463,\"y\":1,\"frameWidth\":503,\"frameX\":-34,\"width\":457,\"frameY\":-20,\"height\":374,\"name\":\"fish64_11\",\"x\":1382},{\"frameHeight\":463,\"y\":753,\"frameWidth\":503,\"frameX\":-36,\"width\":437,\"frameY\":-30,\"height\":350,\"name\":\"fish64_14\",\"x\":436},{\"frameHeight\":463,\"y\":757,\"frameWidth\":503,\"frameX\":-34,\"width\":433,\"frameY\":-56,\"height\":325,\"name\":\"fish64_2\",\"x\":875},{\"frameHeight\":463,\"y\":756,\"frameWidth\":503,\"frameX\":-32,\"width\":433,\"frameY\":-52,\"height\":347,\"name\":\"fish64_4\",\"x\":1},{\"frameHeight\":463,\"y\":1,\"frameWidth\":503,\"frameX\":-21,\"width\":460,\"frameY\":-27,\"height\":388,\"name\":\"fish64_13\",\"x\":920}],\"height\":1107,\"name\":\"haidaochuan\",\"imagePath\":\"haidaochuan_tex.png\"}","_texture":{"__uuid__":"5fhQIbad5NlIQDKo07bPPW"},"texture":{"__uuid__":"5fhQIbad5NlIQDKo07bPPW"}}