{"__type__":"cc.AnimationClip","_name":"icon_bonus","_duration":2,"wrapMode":"2","curveData":{"paths":{"bonus":{"props":{"scale":[{"frame":0,"value":{"__type__":"cc.Vec2","x":1,"y":1}},{"frame":0.5,"value":{"__type__":"cc.Vec2","x":1.1,"y":1.1}},{"frame":1.5,"value":{"__type__":"cc.Vec2","x":0.9,"y":0.9}},{"frame":2,"value":{"__type__":"cc.Vec2","x":1,"y":1}}]}},"box_bonus":{"props":{"scale":[{"frame":0,"value":{"__type__":"cc.Vec2","x":1,"y":1}},{"frame":0.5,"value":{"__type__":"cc.Vec2","x":1.02,"y":1.02}},{"frame":1.5,"value":{"__type__":"cc.Vec2","x":0.98,"y":0.98}},{"frame":2,"value":{"__type__":"cc.Vec2","x":1,"y":1}}]}}}}}