[{"__type__":"cc.SpriteFrame","content":{"name":"top2","texture":"cbZ6rCSHtA3okxAO7kxltq","rect":[1,1,87,58],"offset":[0,0],"originalSize":[89,60],"capInsets":[0,0,0,0]}},{"__type__":"cc.SpriteFrame","content":{"name":".-ip-12","texture":"c9otA4ehBByIYbCUmOeigR","rect":[0,173,223,75],"offset":[0,0],"originalSize":[223,75],"capInsets":[0,0,0,0]}},[{"__type__":"cc.Prefab","_name":"item","data":{"__id__":1}},{"__type__":"cc.Node","_name":"item","_children":[{"__id__":2},{"__id__":3},{"__id__":4},{"__id__":5},{"__id__":6},{"__id__":7},{"__id__":8},{"__id__":9},{"__id__":10},{"__id__":11},{"__id__":13},{"__id__":15},{"__id__":17},{"__id__":18},{"__id__":19},{"__id__":20},{"__id__":21},{"__id__":22},{"__id__":23}],"_components":[{"__type__":"c22d4uJvO1AjL7obWP+rLdF","node":{"__id__":1},"bg":{"__id__":2},"icon1":{"__id__":3},"icon2":{"__id__":4},"icon3":{"__id__":5},"icon_oto":{"__id__":6},"icon_z800":{"__id__":7},"icon_sh":{"__id__":8},"icon_iphone":{"__id__":9},"icon_coin":{"__id__":10},"top":{"__id__":12},"nick":{"__id__":14},"vip":{"__id__":16},"giai5":{"__id__":17},"giai6":{"__id__":18},"giai7":{"__id__":19},"giai8":{"__id__":20},"giai9":{"__id__":21},"giai10_21":{"__id__":22},"giai21_50":{"__id__":23}}],"_prefab":{"__type__":"cc.PrefabInfo","root":{"__id__":1},"asset":{"__uuid__":"03OvZ2xBxKdIjnHMNXclz7"},"fileId":"42A5TMQiNGfr7vXZWtcGKJ"},"_color":{"__type__":"cc.Color"},"_contentSize":{"__type__":"cc.Size","width":739,"height":45},"_trs":{"__type__":"TypedArray","ctor":"Float64Array","array":[0,-22.5,0,0,0,0,1,1,1,1]}},{"__type__":"cc.Node","_name":"singleColor","_parent":{"__id__":1},"_components":[{"__type__":"cc.Sprite","node":{"__id__":2},"_materials":[{"__uuid__":"ecpdLyjvZBwrvm+cedCcQy"}],"_spriteFrame":{"__uuid__":"41D7kWhyFGY7q4NDlzkazn"},"_sizeMode":0}],"_prefab":{"__type__":"cc.PrefabInfo","root":{"__id__":1},"asset":{"__uuid__":"03OvZ2xBxKdIjnHMNXclz7"},"fileId":"d7hhDeFYVNfr0eLDSWv5b7"},"_opacity":21,"_contentSize":{"__type__":"cc.Size","width":739,"height":45},"_trs":{"__type__":"TypedArray","ctor":"Float64Array","array":[0,0,0,0,0,0,1,1,1,1]}},{"__type__":"cc.Node","_name":"eventTop1","_parent":{"__id__":1},"_active":false,"_components":[{"__type__":"cc.Sprite","node":{"__id__":3},"_materials":[{"__uuid__":"ecpdLyjvZBwrvm+cedCcQy"}],"_spriteFrame":{"__uuid__":"a8O7VOw25HO6ziQjFqsqNI"}}],"_prefab":{"__type__":"cc.PrefabInfo","root":{"__id__":1},"asset":{"__uuid__":"03OvZ2xBxKdIjnHMNXclz7"},"fileId":"160fQ+J5tCZpKn4qV/37dh"},"_contentSize":{"__type__":"cc.Size","width":88,"height":59},"_trs":{"__type__":"TypedArray","ctor":"Float64Array","array":[-330,0,0,0,0,0,1,0.7,0.7,1]}},{"__type__":"cc.Node","_name":"eventTop2","_parent":{"__id__":1},"_active":false,"_components":[{"__type__":"cc.Sprite","node":{"__id__":4},"_materials":[{"__uuid__":"ecpdLyjvZBwrvm+cedCcQy"}],"_spriteFrame":{"__uuid__":"00S/jEuVhHCpM9atFk19T3"}}],"_prefab":{"__type__":"cc.PrefabInfo","root":{"__id__":1},"asset":{"__uuid__":"03OvZ2xBxKdIjnHMNXclz7"},"fileId":"d36fmVe+xKooy8r6aii/4s"},"_contentSize":{"__type__":"cc.Size","width":87,"height":58},"_trs":{"__type__":"TypedArray","ctor":"Float64Array","array":[-330,0,0,0,0,0,1,0.75,0.75,0.75]}},{"__type__":"cc.Node","_name":"eventTop3","_parent":{"__id__":1},"_active":false,"_components":[{"__type__":"cc.Sprite","node":{"__id__":5},"_materials":[{"__uuid__":"ecpdLyjvZBwrvm+cedCcQy"}],"_spriteFrame":{"__uuid__":"2eHaqdAQJHv6q4jxsvKE3q"}}],"_prefab":{"__type__":"cc.PrefabInfo","root":{"__id__":1},"asset":{"__uuid__":"03OvZ2xBxKdIjnHMNXclz7"},"fileId":"6d73F8CUZJH6P7R8aTKO0a"},"_contentSize":{"__type__":"cc.Size","width":87,"height":60},"_trs":{"__type__":"TypedArray","ctor":"Float64Array","array":[-330,0,0,0,0,0,1,0.75,0.75,0.75]}},{"__type__":"cc.Node","_name":"ThuongOto","_parent":{"__id__":1},"_active":false,"_components":[{"__type__":"cc.Sprite","node":{"__id__":6},"_materials":[{"__uuid__":"ecpdLyjvZBwrvm+cedCcQy"}],"_spriteFrame":{"__uuid__":"5dVjvPNbpIWbSh4EdceU8K"},"_sizeMode":0}],"_prefab":{"__type__":"cc.PrefabInfo","root":{"__id__":1},"asset":{"__uuid__":"03OvZ2xBxKdIjnHMNXclz7"},"fileId":"10CZSuRXtCobDlJnkN2eC9"},"_contentSize":{"__type__":"cc.Size","width":139,"height":50},"_trs":{"__type__":"TypedArray","ctor":"Float64Array","array":[202,0,0,0,0,0,1,1,1,1]}},{"__type__":"cc.Node","_name":"Thuongz800","_parent":{"__id__":1},"_active":false,"_components":[{"__type__":"cc.Sprite","node":{"__id__":7},"_materials":[{"__uuid__":"ecpdLyjvZBwrvm+cedCcQy"}],"_spriteFrame":{"__uuid__":"225GdJMtxChJqYD7VUL8GZ"},"_sizeMode":0}],"_prefab":{"__type__":"cc.PrefabInfo","root":{"__id__":1},"asset":{"__uuid__":"03OvZ2xBxKdIjnHMNXclz7"},"fileId":"b126BmcqJO34AmbiVwDZc9"},"_contentSize":{"__type__":"cc.Size","width":139,"height":50},"_trs":{"__type__":"TypedArray","ctor":"Float64Array","array":[202,0,0,0,0,0,1,1,1,1]}},{"__type__":"cc.Node","_name":"ThuongSH","_parent":{"__id__":1},"_active":false,"_components":[{"__type__":"cc.Sprite","node":{"__id__":8},"_materials":[{"__uuid__":"ecpdLyjvZBwrvm+cedCcQy"}],"_spriteFrame":{"__uuid__":"ea03tah4hI/aCPsP67VP0e"},"_sizeMode":0}],"_prefab":{"__type__":"cc.PrefabInfo","root":{"__id__":1},"asset":{"__uuid__":"03OvZ2xBxKdIjnHMNXclz7"},"fileId":"0b36QQr81FXbQt2Fq1PbcP"},"_contentSize":{"__type__":"cc.Size","width":139,"height":50},"_trs":{"__type__":"TypedArray","ctor":"Float64Array","array":[202,0,0,0,0,0,1,1,1,1]}},{"__type__":"cc.Node","_name":"ThuongIP","_parent":{"__id__":1},"_active":false,"_components":[{"__type__":"cc.Sprite","node":{"__id__":9},"_materials":[{"__uuid__":"ecpdLyjvZBwrvm+cedCcQy"}],"_spriteFrame":{"__uuid__":"01PHhg/CxBbqTsnnKcQU/s"},"_sizeMode":0}],"_prefab":{"__type__":"cc.PrefabInfo","root":{"__id__":1},"asset":{"__uuid__":"03OvZ2xBxKdIjnHMNXclz7"},"fileId":"46AVSsRjtE9bBxJN1Z13dF"},"_contentSize":{"__type__":"cc.Size","width":139,"height":50},"_trs":{"__type__":"TypedArray","ctor":"Float64Array","array":[202,0,0,0,0,0,1,1,1,1]}},{"__type__":"cc.Node","_name":"Coin","_parent":{"__id__":1},"_active":false,"_components":[{"__type__":"cc.Sprite","node":{"__id__":10},"_materials":[{"__uuid__":"ecpdLyjvZBwrvm+cedCcQy"}],"_spriteFrame":{"__uuid__":"42qIchAKNJlrjeoBfMWjUT"}}],"_prefab":{"__type__":"cc.PrefabInfo","root":{"__id__":1},"asset":{"__uuid__":"03OvZ2xBxKdIjnHMNXclz7"},"fileId":"c6emWFyrBDHZigtijhuR7B"},"_contentSize":{"__type__":"cc.Size","width":55,"height":72},"_trs":{"__type__":"TypedArray","ctor":"Float64Array","array":[286,0,0,0,0,0,1,1,1,1]}},{"__type__":"cc.Node","_name":"top","_parent":{"__id__":1},"_components":[{"__id__":12}],"_prefab":{"__type__":"cc.PrefabInfo","root":{"__id__":1},"asset":{"__uuid__":"03OvZ2xBxKdIjnHMNXclz7"},"fileId":"9c9jqXPLlGja22s7SSd9+K"},"_contentSize":{"__type__":"cc.Size","height":26.29},"_trs":{"__type__":"TypedArray","ctor":"Float64Array","array":[-330,0,0,0,0,0,1,1,1,1]}},{"__type__":"cc.Label","node":{"__id__":11},"_materials":[{"__uuid__":"ecpdLyjvZBwrvm+cedCcQy"}],"_useOriginalSize":false,"_fontSize":23,"_N$file":{"__uuid__":"ca/STOHexDCpBHB3XPtG62"},"_isSystemFontUsed":false,"_N$horizontalAlign":1},{"__type__":"cc.Node","_name":"name","_parent":{"__id__":1},"_components":[{"__id__":14}],"_prefab":{"__type__":"cc.PrefabInfo","root":{"__id__":1},"asset":{"__uuid__":"03OvZ2xBxKdIjnHMNXclz7"},"fileId":"caYxzXpTRD3aWhdEGxhk1V"},"_contentSize":{"__type__":"cc.Size","height":24},"_trs":{"__type__":"TypedArray","ctor":"Float64Array","array":[-170,0,0,0,0,0,1,1,1,1]}},{"__type__":"cc.Label","node":{"__id__":13},"_materials":[{"__uuid__":"ecpdLyjvZBwrvm+cedCcQy"}],"_useOriginalSize":false,"_fontSize":21,"_N$file":{"__uuid__":"ca/STOHexDCpBHB3XPtG62"},"_isSystemFontUsed":false,"_N$horizontalAlign":1},{"__type__":"cc.Node","_name":"vip","_parent":{"__id__":1},"_components":[{"__id__":16}],"_prefab":{"__type__":"cc.PrefabInfo","root":{"__id__":1},"asset":{"__uuid__":"03OvZ2xBxKdIjnHMNXclz7"},"fileId":"5fjkY5N9NCfarW2IvXGaas"},"_contentSize":{"__type__":"cc.Size","height":24},"_trs":{"__type__":"TypedArray","ctor":"Float64Array","array":[0,0,0,0,0,0,1,1,1,1]}},{"__type__":"cc.Label","node":{"__id__":15},"_materials":[{"__uuid__":"ecpdLyjvZBwrvm+cedCcQy"}],"_useOriginalSize":false,"_fontSize":21,"_N$file":{"__uuid__":"ca/STOHexDCpBHB3XPtG62"},"_isSystemFontUsed":false,"_N$horizontalAlign":1},{"__type__":"cc.Node","_name":"Giai5","_parent":{"__id__":1},"_active":false,"_components":[{"__type__":"cc.Label","node":{"__id__":17},"_materials":[{"__uuid__":"ecpdLyjvZBwrvm+cedCcQy"}],"_string":"20.000.000","_N$string":"20.000.000","_fontSize":21,"_N$file":{"__uuid__":"ca/STOHexDCpBHB3XPtG62"},"_isSystemFontUsed":false,"_N$horizontalAlign":1}],"_prefab":{"__type__":"cc.PrefabInfo","root":{"__id__":1},"asset":{"__uuid__":"03OvZ2xBxKdIjnHMNXclz7"},"fileId":"cfs3GFH+hK04KAX1vMKMpY"},"_contentSize":{"__type__":"cc.Size","width":114.6,"height":24},"_trs":{"__type__":"TypedArray","ctor":"Float64Array","array":[202,0,0,0,0,0,1,1,1,1]}},{"__type__":"cc.Node","_name":"Giai6","_parent":{"__id__":1},"_active":false,"_components":[{"__type__":"cc.Label","node":{"__id__":18},"_materials":[{"__uuid__":"ecpdLyjvZBwrvm+cedCcQy"}],"_string":"10.000.000","_N$string":"10.000.000","_fontSize":21,"_N$file":{"__uuid__":"ca/STOHexDCpBHB3XPtG62"},"_isSystemFontUsed":false,"_N$horizontalAlign":1}],"_prefab":{"__type__":"cc.PrefabInfo","root":{"__id__":1},"asset":{"__uuid__":"03OvZ2xBxKdIjnHMNXclz7"},"fileId":"1c9CY2hkhCLLEkYR728GoM"},"_contentSize":{"__type__":"cc.Size","width":146.4,"height":24},"_trs":{"__type__":"TypedArray","ctor":"Float64Array","array":[202,0,0,0,0,0,1,1,1,1]}},{"__type__":"cc.Node","_name":"Giai7","_parent":{"__id__":1},"_active":false,"_components":[{"__type__":"cc.Label","node":{"__id__":19},"_materials":[{"__uuid__":"ecpdLyjvZBwrvm+cedCcQy"}],"_string":"8.000.000","_N$string":"8.000.000","_fontSize":21,"_N$file":{"__uuid__":"ca/STOHexDCpBHB3XPtG62"},"_isSystemFontUsed":false,"_N$horizontalAlign":1}],"_prefab":{"__type__":"cc.PrefabInfo","root":{"__id__":1},"asset":{"__uuid__":"03OvZ2xBxKdIjnHMNXclz7"},"fileId":"7bFOIwTc1MDLIUzfD85v8c"},"_contentSize":{"__type__":"cc.Size","width":146.4,"height":24},"_trs":{"__type__":"TypedArray","ctor":"Float64Array","array":[202,0,0,0,0,0,1,1,1,1]}},{"__type__":"cc.Node","_name":"Giai8","_parent":{"__id__":1},"_active":false,"_components":[{"__type__":"cc.Label","node":{"__id__":20},"_materials":[{"__uuid__":"ecpdLyjvZBwrvm+cedCcQy"}],"_string":"6.000.000","_N$string":"6.000.000","_fontSize":21,"_N$file":{"__uuid__":"ca/STOHexDCpBHB3XPtG62"},"_isSystemFontUsed":false,"_N$horizontalAlign":1}],"_prefab":{"__type__":"cc.PrefabInfo","root":{"__id__":1},"asset":{"__uuid__":"03OvZ2xBxKdIjnHMNXclz7"},"fileId":"4cfJw7bztLeLgXkSq+HA9T"},"_contentSize":{"__type__":"cc.Size","width":146.4,"height":24},"_trs":{"__type__":"TypedArray","ctor":"Float64Array","array":[202,0,0,0,0,0,1,1,1,1]}},{"__type__":"cc.Node","_name":"Giai9","_parent":{"__id__":1},"_active":false,"_components":[{"__type__":"cc.Label","node":{"__id__":21},"_materials":[{"__uuid__":"ecpdLyjvZBwrvm+cedCcQy"}],"_string":"4.000.000","_N$string":"4.000.000","_fontSize":21,"_N$file":{"__uuid__":"ca/STOHexDCpBHB3XPtG62"},"_isSystemFontUsed":false,"_N$horizontalAlign":1}],"_prefab":{"__type__":"cc.PrefabInfo","root":{"__id__":1},"asset":{"__uuid__":"03OvZ2xBxKdIjnHMNXclz7"},"fileId":"3aVJ63VhFMsp8o0ovYLFfF"},"_contentSize":{"__type__":"cc.Size","width":146.4,"height":24},"_trs":{"__type__":"TypedArray","ctor":"Float64Array","array":[202,0,0,0,0,0,1,1,1,1]}},{"__type__":"cc.Node","_name":"Giai10-20","_parent":{"__id__":1},"_active":false,"_components":[{"__type__":"cc.Label","node":{"__id__":22},"_materials":[{"__uuid__":"ecpdLyjvZBwrvm+cedCcQy"}],"_string":"2.000.000","_N$string":"2.000.000","_fontSize":21,"_N$file":{"__uuid__":"ca/STOHexDCpBHB3XPtG62"},"_isSystemFontUsed":false,"_N$horizontalAlign":1}],"_prefab":{"__type__":"cc.PrefabInfo","root":{"__id__":1},"asset":{"__uuid__":"03OvZ2xBxKdIjnHMNXclz7"},"fileId":"2224gVMY1Bj40CL6sadhGy"},"_contentSize":{"__type__":"cc.Size","width":146.4,"height":24},"_trs":{"__type__":"TypedArray","ctor":"Float64Array","array":[202,0,0,0,0,0,1,1,1,1]}},{"__type__":"cc.Node","_name":"Giai20-51","_parent":{"__id__":1},"_active":false,"_components":[{"__type__":"cc.Label","node":{"__id__":23},"_materials":[{"__uuid__":"ecpdLyjvZBwrvm+cedCcQy"}],"_string":"1.000.000","_N$string":"1.000.000","_fontSize":21,"_N$file":{"__uuid__":"ca/STOHexDCpBHB3XPtG62"},"_isSystemFontUsed":false,"_N$horizontalAlign":1}],"_prefab":{"__type__":"cc.PrefabInfo","root":{"__id__":1},"asset":{"__uuid__":"03OvZ2xBxKdIjnHMNXclz7"},"fileId":"f3/8Y8Z0BG+7IiVRt6OdvI"},"_contentSize":{"__type__":"cc.Size","width":146.4,"height":24},"_trs":{"__type__":"TypedArray","ctor":"Float64Array","array":[202,0,0,0,0,0,1,1,1,1]}}],{"__type__":"cc.SpriteFrame","content":{"name":".-moto","texture":"c9otA4ehBByIYbCUmOeigR","rect":[0,90,258,81],"offset":[0,0],"originalSize":[258,81],"capInsets":[0,0,0,0]}},{"__type__":"cc.SpriteFrame","content":{"name":"top3","texture":"caLFilC/NHjLYc9lmBMTYZ","rect":[1,1,87,60],"offset":[0,0],"originalSize":[89,62],"capInsets":[0,0,0,0]}},{"__type__":"cc.SpriteFrame","content":{"name":"singleColor","texture":"a8Anh32NZGRZegUtSgEj26","rect":[0,0,2,2],"offset":[0,0],"originalSize":[2,2],"capInsets":[0,0,0,0]}},{"__type__":"cc.SpriteFrame","content":{"name":"icon_vang_small","texture":"0dQCokp7tKSoxNjoLY8XK1","rect":[1457,0,55,72],"offset":[0,0],"originalSize":[55,72],"capInsets":[0,0,0,0]}},{"__type__":"cc.SpriteFrame","content":{"name":"vin-fast2","texture":"b7RJAH8MBCTYRel46LQSwI","rect":[0,0,253,78],"offset":[0,0],"originalSize":[253,78],"capInsets":[0,0,0,0]}},{"__type__":"cc.SpriteFrame","content":{"name":"top1","texture":"ffR+v0X69Fm53ktHUskwQr","rect":[1,1,88,59],"offset":[0,0],"originalSize":[90,61],"capInsets":[0,0,0,0]}},{"__type__":"cc.SpriteFrame","content":{"name":".-sh-abs","texture":"c9otA4ehBByIYbCUmOeigR","rect":[0,0,263,88],"offset":[0,0],"originalSize":[263,88],"capInsets":[0,0,0,0]}}]