[[{"__type__":"cc.Prefab","_name":"x12","data":{"__id__":1}},{"__type__":"cc.Node","_name":"x12","_children":[{"__id__":2},{"__id__":4},{"__id__":6},{"__id__":7},{"__id__":8},{"__id__":9}],"_components":[{"__type__":"655c6/MZdJNZo/YxgAvEk8A","node":{"__id__":1},"fish":{"__id__":5},"shadow":{"__id__":3},"collider":{"__id__":10},"anim":{"__id__":11},"head":{"__id__":6},"end":{"__id__":7},"suoMe":{"__id__":9},"suoOther":{"__id__":8}},{"__id__":11},{"__id__":10}],"_prefab":{"__type__":"cc.PrefabInfo","root":{"__id__":1},"asset":{"__uuid__":"4biOYpyR5JJLXMMLbIo/FP"},"fileId":"1aHbJlpq1Ik7QNcBwIWy6D"},"_trs":{"__type__":"TypedArray","ctor":"Float64Array","array":[850.142,241.085,0,0,0,0,1,1,1,1]},"_groupIndex":6,"groupIndex":6},{"__type__":"cc.Node","_name":"shadow","_parent":{"__id__":1},"_components":[{"__id__":3}],"_prefab":{"__type__":"cc.PrefabInfo","root":{"__id__":1},"asset":{"__uuid__":"4biOYpyR5JJLXMMLbIo/FP"},"fileId":"afhc8/2xRLiL8M/4OjHH8g"},"_trs":{"__type__":"TypedArray","ctor":"Float64Array","array":[-12,-12,0,0,0,0,1,1,1,1]},"_groupIndex":6,"groupIndex":6},{"__type__":"dragonBones.ArmatureDisplay","node":{"__id__":2},"_materials":[{"__uuid__":"ecpdLyjvZBwrvm+cedCcQy"}],"_armatureName":"longliyu_shadow","_animationName":"longliyu_shadow","_preCacheMode":0,"_armatureKey":"51f15b96-b969-42ce-a76f-cc5b894de3aa#ceb38cb4-fa81-4d8d-b79c-929887566fff","_N$dragonAsset":{"__uuid__":"518VuWuWlCzqdvzFuJTeOq"},"_N$dragonAtlasAsset":{"__uuid__":"ces4y0+oFNjbeckpiHVm//"},"_N$timeScale":0.5},{"__type__":"cc.Node","_name":"fish","_parent":{"__id__":1},"_components":[{"__id__":5}],"_prefab":{"__type__":"cc.PrefabInfo","root":{"__id__":1},"asset":{"__uuid__":"4biOYpyR5JJLXMMLbIo/FP"},"fileId":"daMaIxYopCRqkHUP2aSkKR"},"_trs":{"__type__":"TypedArray","ctor":"Float64Array","array":[0,0,0,0,0,0,1,1,1,1]}},{"__type__":"dragonBones.ArmatureDisplay","node":{"__id__":4},"_materials":[{"__uuid__":"ecpdLyjvZBwrvm+cedCcQy"}],"_armatureName":"longliyu","_animationName":"longliyu","_preCacheMode":0,"_armatureKey":"4e8e9162-6635-4aa2-bdf0-b76b286b43ea#981ce2e3-5b8c-4b39-b5da-b4162a6dda3b","_N$dragonAsset":{"__uuid__":"4ejpFiZjVKor3wt2soa0Pq"},"_N$dragonAtlasAsset":{"__uuid__":"98HOLjW4xLObXatBYqbdo7"},"_N$timeScale":0.5},{"__type__":"cc.Node","_name":"head","_parent":{"__id__":1},"_prefab":{"__type__":"cc.PrefabInfo","root":{"__id__":1},"asset":{"__uuid__":"4biOYpyR5JJLXMMLbIo/FP"},"fileId":"04K19GCHtEO7/N8fsTIHxK"},"_trs":{"__type__":"TypedArray","ctor":"Float64Array","array":[-92.672,-4.792,0,0,0,0,1,1,1,1]}},{"__type__":"cc.Node","_name":"end","_parent":{"__id__":1},"_prefab":{"__type__":"cc.PrefabInfo","root":{"__id__":1},"asset":{"__uuid__":"4biOYpyR5JJLXMMLbIo/FP"},"fileId":"c8Vbdgtn1MJ50AcXwOL6to"},"_trs":{"__type__":"TypedArray","ctor":"Float64Array","array":[89.248,-15.872,0,0,0,0,1,1,1,1]}},{"__type__":"cc.Node","_name":"fish_suoding_other","_parent":{"__id__":1},"_active":false,"_components":[{"__type__":"cc.Sprite","node":{"__id__":8},"_materials":[{"__uuid__":"ecpdLyjvZBwrvm+cedCcQy"}],"_spriteFrame":{"__uuid__":"d6GNvieS9K8pqo+oyuZNkc"}},{"__type__":"cc.Animation","node":{"__id__":8},"_defaultClip":{"__uuid__":"41C/GXlRNOjLlgy6YN7juw"},"_clips":[{"__uuid__":"41C/GXlRNOjLlgy6YN7juw"}],"playOnLoad":true}],"_prefab":{"__type__":"cc.PrefabInfo","root":{"__id__":1},"asset":{"__uuid__":"4biOYpyR5JJLXMMLbIo/FP"},"fileId":"40ghZYb6ZFNq2lCp3MST5u"},"_opacity":97,"_contentSize":{"__type__":"cc.Size","width":169,"height":169},"_trs":{"__type__":"TypedArray","ctor":"Float64Array","array":[0,0,0,0,0,0,1,0.85,0.85,1]}},{"__type__":"cc.Node","_name":"fish_suoding_me","_parent":{"__id__":1},"_active":false,"_components":[{"__type__":"cc.Sprite","node":{"__id__":9},"_materials":[{"__uuid__":"ecpdLyjvZBwrvm+cedCcQy"}],"_spriteFrame":{"__uuid__":"d6GNvieS9K8pqo+oyuZNkc"}},{"__type__":"cc.Animation","node":{"__id__":9},"_defaultClip":{"__uuid__":"41C/GXlRNOjLlgy6YN7juw"},"_clips":[{"__uuid__":"41C/GXlRNOjLlgy6YN7juw"}],"playOnLoad":true}],"_prefab":{"__type__":"cc.PrefabInfo","root":{"__id__":1},"asset":{"__uuid__":"4biOYpyR5JJLXMMLbIo/FP"},"fileId":"d1cNHNOVBK1pSh4jD8F1RI"},"_contentSize":{"__type__":"cc.Size","width":169,"height":169},"_trs":{"__type__":"TypedArray","ctor":"Float64Array","array":[0,0,0,0,0,0,1,1,1,1]}},{"__type__":"cc.PolygonCollider","node":{"__id__":1},"points":[{"__type__":"cc.Vec2","x":152.5,"y":14.3},{"__type__":"cc.Vec2","x":93,"y":1.1},{"__type__":"cc.Vec2","x":53.6,"y":12.3},{"__type__":"cc.Vec2","x":42.4,"y":21},{"__type__":"cc.Vec2","x":-6.5,"y":24.4},{"__type__":"cc.Vec2","x":-42.5,"y":37.9},{"__type__":"cc.Vec2","x":-89.4,"y":20.9},{"__type__":"cc.Vec2","x":-119.2,"y":-1.3},{"__type__":"cc.Vec2","x":-118.8,"y":-18.2},{"__type__":"cc.Vec2","x":-67.3,"y":-22.9},{"__type__":"cc.Vec2","x":-21.8,"y":-22},{"__type__":"cc.Vec2","x":82.5,"y":-37.1},{"__type__":"cc.Vec2","x":137.6,"y":-17.4}]},{"__type__":"cc.Animation","node":{"__id__":1},"_clips":[{"__uuid__":"c6J8ymCIdFnL9UK1jbFsIL"},{"__uuid__":"51mL5E4pFP2KnUGMHQsDKH"},{"__uuid__":"fawqhgzOxEdr2wJiPcTYyN"},{"__uuid__":"33Yf9zNBtKfICK8OikKDfA"},{"__uuid__":"51vkU9riJL74YeEv0qYDsk"},{"__uuid__":"a8CTjqfLVFxK+3/iOv1tUo"},{"__uuid__":"c41PkwCIRGVLai1DAZMuot"},{"__uuid__":"afyOX8EztNaa/vKwuISjOD"},{"__uuid__":"ceNICdEoFAOqldI08ZfYdu"},{"__uuid__":"5ezAa12uJBQ6lBSmcQOAMD"},{"__uuid__":"b0eAA/nKVPaLA+1a/Mz9mh"},{"__uuid__":"58A4k2kFxLbrKib7KBBX2R"},{"__uuid__":"657yjD6EtGx5qJnfHwSt/0"},{"__uuid__":"c7iBZHsnpCjKcCqieueeR7"}]}],{"__type__":"cc.SpriteFrame","content":{"name":"fish_game_pic_suoding1","texture":"bclyb1CdFAXZK7vE6k7C0V","rect":[0,0,169,169],"offset":[-0.5,0.5],"originalSize":[170,170],"capInsets":[0,0,0,0]}}]