[{"__type__":"cc.SpriteFrame","content":{"name":"avenger_symbol_3_13","texture":"afjC7WUZNPYbDelVhiEUvg","rect":[1421,646,153,155],"offset":[1,1],"originalSize":[185,185],"capInsets":[0,0,0,0]}},{"__type__":"cc.SpriteFrame","content":{"name":"avenger_symbol_2_7","texture":"afjC7WUZNPYbDelVhiEUvg","rect":[1576,641,147,155],"offset":[1,3],"originalSize":[185,185],"capInsets":[0,0,0,0]}},{"__type__":"cc.SpriteFrame","content":{"name":"avenger_bangthuong_btn_left","texture":"afjC7WUZNPYbDelVhiEUvg","rect":[1047,1233,119,121],"offset":[0,0],"originalSize":[119,121],"capInsets":[0,0,0,0]}},{"__type__":"cc.SpriteFrame","content":{"name":"avenger_symbol_blur_2_2","texture":"afjC7WUZNPYbDelVhiEUvg","rect":[1267,484,114,163],"offset":[0,0],"originalSize":[114,163],"capInsets":[0,0,0,0]}},{"__type__":"cc.SpriteFrame","content":{"name":"avenger_bangthuong_btn_right","texture":"afjC7WUZNPYbDelVhiEUvg","rect":[1470,960,119,121],"offset":[0,0],"originalSize":[119,121],"rotated":1,"capInsets":[0,0,0,0]}},{"__type__":"cc.SpriteFrame","content":{"name":"avenger_btn_bangthuong","texture":"afjC7WUZNPYbDelVhiEUvg","rect":[577,1262,111,96],"offset":[0,0],"originalSize":[111,96],"capInsets":[0,0,0,0]}},{"__type__":"cc.SpriteFrame","content":{"name":"avenger_symbol_1_11","texture":"afjC7WUZNPYbDelVhiEUvg","rect":[1470,1081,111,153],"offset":[1,-3],"originalSize":[185,185],"capInsets":[0,0,0,0]}},{"__type__":"cc.SpriteFrame","content":{"name":"avenger_top_0","texture":"afjC7WUZNPYbDelVhiEUvg","rect":[120,1,1283,117],"offset":[-7,0],"originalSize":[1297,117],"rotated":1,"capInsets":[0,0,0,0]}},{"__type__":"cc.SpriteFrame","content":{"name":"avenger_symbol_blur_2_13","texture":"afjC7WUZNPYbDelVhiEUvg","rect":[385,1065,151,202],"offset":[0,0],"originalSize":[151,202],"capInsets":[0,0,0,0]}},{"__type__":"cc.SpriteFrame","content":{"name":"avenger_symbol_1_6","texture":"afjC7WUZNPYbDelVhiEUvg","rect":[1461,803,147,155],"offset":[1,3],"originalSize":[185,185],"capInsets":[0,0,0,0]}},{"__type__":"cc.SpriteFrame","content":{"name":"avenger_symbol_blur_1_5","texture":"afjC7WUZNPYbDelVhiEUvg","rect":[975,484,144,190],"offset":[0,0],"originalSize":[144,192],"capInsets":[0,0,0,0]}},{"__type__":"cc.SpriteFrame","content":{"name":"avenger_symbol_2_10","texture":"afjC7WUZNPYbDelVhiEUvg","rect":[1337,1236,147,111],"offset":[1,-2],"originalSize":[185,185],"capInsets":[0,0,0,0]}},{"__type__":"cc.SpriteFrame","content":{"name":"avenger_symbol_1_4","texture":"afjC7WUZNPYbDelVhiEUvg","rect":[1312,841,147,159],"offset":[1,5],"originalSize":[185,185],"capInsets":[0,0,0,0]}},{"__type__":"cc.SpriteFrame","content":{"name":"avenger_symbol_blur_2_12","texture":"afjC7WUZNPYbDelVhiEUvg","rect":[826,1,109,187],"offset":[0,0],"originalSize":[109,187],"capInsets":[0,0,0,0]}},{"__type__":"cc.SpriteFrame","content":{"name":"avenger_symbol_2_4","texture":"afjC7WUZNPYbDelVhiEUvg","rect":[1312,841,147,159],"offset":[1,5],"originalSize":[185,185],"capInsets":[0,0,0,0]}},{"__type__":"cc.SpriteFrame","content":{"name":"avenger_symbol_1_12","texture":"afjC7WUZNPYbDelVhiEUvg","rect":[1168,1215,147,167],"offset":[1,9],"originalSize":[185,185],"rotated":1,"capInsets":[0,0,0,0]}},{"__type__":"cc.SpriteFrame","content":{"name":"avenger_symbol_3_3","texture":"afjC7WUZNPYbDelVhiEUvg","rect":[1321,1002,147,155],"offset":[1,3],"originalSize":[185,185],"capInsets":[0,0,0,0]}},{"__type__":"cc.SpriteFrame","content":{"name":"avenger_symbol_blur_2_1","texture":"afjC7WUZNPYbDelVhiEUvg","rect":[691,1065,144,194],"offset":[0,0],"originalSize":[144,194],"capInsets":[0,0,0,0]}},{"__type__":"cc.SpriteFrame","content":{"name":"avenger_symbol_blur_3_13","texture":"afjC7WUZNPYbDelVhiEUvg","rect":[385,1065,151,202],"offset":[0,0],"originalSize":[151,202],"capInsets":[0,0,0,0]}},{"__type__":"cc.SpriteFrame","content":{"name":"avenger_mng_btn_close","texture":"afjC7WUZNPYbDelVhiEUvg","rect":[1,1286,83,75],"offset":[0,0],"originalSize":[83,75],"capInsets":[0,0,0,0]}},{"__type__":"cc.SpriteFrame","content":{"name":"avenger_symbol_1_7","texture":"afjC7WUZNPYbDelVhiEUvg","rect":[1576,641,147,155],"offset":[1,3],"originalSize":[185,185],"capInsets":[0,0,0,0]}},{"__type__":"cc.SpriteFrame","content":{"name":"avenger_symbol_1_10","texture":"afjC7WUZNPYbDelVhiEUvg","rect":[1337,1236,147,111],"offset":[1,-2],"originalSize":[185,185],"capInsets":[0,0,0,0]}},{"__type__":"cc.SpriteFrame","content":{"name":"avenger_symbol_blur_3_2","texture":"afjC7WUZNPYbDelVhiEUvg","rect":[1267,484,114,163],"offset":[0,0],"originalSize":[114,163],"capInsets":[0,0,0,0]}},{"__type__":"cc.SpriteFrame","content":{"name":"avenger_symbol_2_8","texture":"afjC7WUZNPYbDelVhiEUvg","rect":[1539,484,151,155],"offset":[1,-2],"originalSize":[185,185],"capInsets":[0,0,0,0]}},{"__type__":"cc.SpriteFrame","content":{"name":"avenger_symbol_2_14","texture":"afjC7WUZNPYbDelVhiEUvg","rect":[1610,798,139,155],"offset":[1,0],"originalSize":[185,185],"rotated":1,"capInsets":[0,0,0,0]}},{"__type__":"cc.SpriteFrame","content":{"name":"avenger_tick","texture":"afjC7WUZNPYbDelVhiEUvg","rect":[86,1286,79,71],"offset":[7,4],"originalSize":[93,85],"capInsets":[0,0,0,0]}},{"__type__":"cc.SpriteFrame","content":{"name":"avenger_symbol_blur_1_10","texture":"afjC7WUZNPYbDelVhiEUvg","rect":[837,1055,169,193],"offset":[0,0],"originalSize":[169,193],"capInsets":[0,0,0,0]}},{"__type__":"cc.SpriteFrame","content":{"name":"avenger_symbol_blur_3_12","texture":"afjC7WUZNPYbDelVhiEUvg","rect":[826,1,109,187],"offset":[0,0],"originalSize":[109,187],"capInsets":[0,0,0,0]}},{"__type__":"cc.SpriteFrame","content":{"name":"avenger_symbol_blur_3_1","texture":"afjC7WUZNPYbDelVhiEUvg","rect":[691,1065,144,194],"offset":[0,0],"originalSize":[144,194],"capInsets":[0,0,0,0]}},{"__type__":"cc.SpriteFrame","content":{"name":"avenger_symbol_2_11","texture":"afjC7WUZNPYbDelVhiEUvg","rect":[1470,1081,111,153],"offset":[1,-3],"originalSize":[185,185],"capInsets":[0,0,0,0]}},{"__type__":"cc.SpriteFrame","content":{"name":"avenger_symbol_2_13","texture":"afjC7WUZNPYbDelVhiEUvg","rect":[1421,646,153,155],"offset":[1,1],"originalSize":[185,185],"capInsets":[0,0,0,0]}},{"__type__":"cc.SpriteFrame","content":{"name":"avenger_symbol_blur_2_11","texture":"afjC7WUZNPYbDelVhiEUvg","rect":[239,1065,144,203],"offset":[0,0],"originalSize":[144,203],"capInsets":[0,0,0,0]}},{"__type__":"cc.SpriteFrame","content":{"name":"avenger_symbol_blur_3_5","texture":"afjC7WUZNPYbDelVhiEUvg","rect":[975,484,144,190],"offset":[0,0],"originalSize":[144,192],"capInsets":[0,0,0,0]}},{"__type__":"cc.SpriteFrame","content":{"name":"avenger_bangthuong_btn_close","texture":"afjC7WUZNPYbDelVhiEUvg","rect":[1,1286,83,75],"offset":[0,0],"originalSize":[83,75],"capInsets":[0,0,0,0]}},{"__type__":"cc.SpriteFrame","content":{"name":"avenger_symbol_blur_1_13","texture":"afjC7WUZNPYbDelVhiEUvg","rect":[385,1065,151,202],"offset":[0,0],"originalSize":[151,202],"capInsets":[0,0,0,0]}},{"__type__":"cc.SpriteFrame","content":{"name":"avenger_symbol_blur_3_9","texture":"afjC7WUZNPYbDelVhiEUvg","rect":[1121,484,144,188],"offset":[0,0],"originalSize":[144,188],"capInsets":[0,0,0,0]}},{"__type__":"cc.SpriteFrame","content":{"name":"avenger_symbol_blur_3_8","texture":"afjC7WUZNPYbDelVhiEUvg","rect":[826,484,147,190],"offset":[0,0],"originalSize":[147,190],"capInsets":[0,0,0,0]}},{"__type__":"cc.SpriteFrame","content":{"name":"avenger_symbol_blur_3_4","texture":"afjC7WUZNPYbDelVhiEUvg","rect":[1118,676,144,189],"offset":[0,0],"originalSize":[144,189],"capInsets":[0,0,0,0]}},{"__type__":"cc.SpriteFrame","content":{"name":"avenger_symbol_3_5","texture":"afjC7WUZNPYbDelVhiEUvg","rect":[1610,939,147,153],"offset":[1,2],"originalSize":[185,185],"rotated":1,"capInsets":[0,0,0,0]}},{"__type__":"cc.SpriteFrame","content":{"name":"avenger_symbol_3_1","texture":"afjC7WUZNPYbDelVhiEUvg","rect":[1264,674,155,165],"offset":[1,5],"originalSize":[185,185],"capInsets":[0,0,0,0]}},{"__type__":"cc.SpriteFrame","content":{"name":"avenger_setting_btn_close","texture":"afjC7WUZNPYbDelVhiEUvg","rect":[1,1286,83,75],"offset":[0,0],"originalSize":[83,75],"capInsets":[0,0,0,0]}},{"__type__":"cc.SpriteFrame","content":{"name":"avenger_symbol_blur_2_0","texture":"afjC7WUZNPYbDelVhiEUvg","rect":[826,676,144,190],"offset":[0,0],"originalSize":[144,190],"capInsets":[0,0,0,0]}},{"__type__":"cc.SpriteFrame","content":{"name":"avenger_symbol_blur_1_9","texture":"afjC7WUZNPYbDelVhiEUvg","rect":[1121,484,144,188],"offset":[0,0],"originalSize":[144,188],"capInsets":[0,0,0,0]}},{"__type__":"cc.SpriteFrame","content":{"name":"avenger_symbol_1_14","texture":"afjC7WUZNPYbDelVhiEUvg","rect":[1610,798,139,155],"offset":[1,0],"originalSize":[185,185],"rotated":1,"capInsets":[0,0,0,0]}},{"__type__":"cc.SpriteFrame","content":{"name":"avenger_symbol_3_10","texture":"afjC7WUZNPYbDelVhiEUvg","rect":[1337,1236,147,111],"offset":[1,-2],"originalSize":[185,185],"capInsets":[0,0,0,0]}},{"__type__":"cc.SpriteFrame","content":{"name":"avenger_symbol_blur_3_6","texture":"afjC7WUZNPYbDelVhiEUvg","rect":[1008,1042,150,189],"offset":[0,0],"originalSize":[150,189],"capInsets":[0,0,0,0]}},{"__type__":"cc.SpriteFrame","content":{"name":"avenger_symbol_2_9","texture":"afjC7WUZNPYbDelVhiEUvg","rect":[826,868,117,129],"offset":[2,-2],"originalSize":[185,185],"rotated":1,"capInsets":[0,0,0,0]}},{"__type__":"cc.SpriteFrame","content":{"name":"avenger_symbol_3_11","texture":"afjC7WUZNPYbDelVhiEUvg","rect":[1470,1081,111,153],"offset":[1,-3],"originalSize":[185,185],"capInsets":[0,0,0,0]}},{"__type__":"cc.SpriteFrame","content":{"name":"avenger_bottom","texture":"afjC7WUZNPYbDelVhiEUvg","rect":[705,1,984,119],"offset":[-155,0],"originalSize":[1294,119],"rotated":1,"capInsets":[0,0,0,0]}},{"__type__":"cc.SpriteFrame","content":{"name":"avenger_symbol_blur_3_7","texture":"afjC7WUZNPYbDelVhiEUvg","rect":[538,1065,151,195],"offset":[0,0],"originalSize":[151,195],"capInsets":[0,0,0,0]}},{"__type__":"cc.SpriteFrame","content":{"name":"avenger_symbol_blur_2_6","texture":"afjC7WUZNPYbDelVhiEUvg","rect":[1008,1042,150,189],"offset":[0,0],"originalSize":[150,189],"capInsets":[0,0,0,0]}},{"__type__":"cc.SpriteFrame","content":{"name":"avenger_line_numb_1","texture":"afjC7WUZNPYbDelVhiEUvg","rect":[690,1262,86,83],"offset":[0,0],"originalSize":[86,83],"rotated":1,"capInsets":[0,0,0,0]}},{"__type__":"cc.SpriteFrame","content":{"name":"avenger_symbol_1_1","texture":"afjC7WUZNPYbDelVhiEUvg","rect":[1264,674,155,165],"offset":[1,5],"originalSize":[185,185],"capInsets":[0,0,0,0]}},{"__type__":"cc.SpriteFrame","content":{"name":"avenger_symbol_blur_1_2","texture":"afjC7WUZNPYbDelVhiEUvg","rect":[1267,484,114,163],"offset":[0,0],"originalSize":[114,163],"capInsets":[0,0,0,0]}},{"__type__":"cc.SpriteFrame","content":{"name":"avenger_symbol_2_6","texture":"afjC7WUZNPYbDelVhiEUvg","rect":[1461,803,147,155],"offset":[1,3],"originalSize":[185,185],"capInsets":[0,0,0,0]}},{"__type__":"cc.SpriteAtlas","_name":"avenger.plist","_spriteFrames":{"avenger_bangthuong_btn_close":{"__uuid__":"4bYMaFKjVLdpjhQ47bpUSS"},"avenger_bangthuong_btn_left":{"__uuid__":"09osuz7/pAG5r7BsoRQnzi"},"avenger_bangthuong_btn_right":{"__uuid__":"102r3vhkREdbfEAj/gObQp"},"avenger_bg_freespins":{"__uuid__":"86cYXTUE9CNYwhsNkcay0F"},"avenger_bg_play_trial":{"__uuid__":"cdlyaDc/5AG7l2IrpX2X48"},"avenger_bg_slots":{"__uuid__":"a9sbhkgzpP74dJ1JBGW/6h"},"avenger_bg_so_phong":{"__uuid__":"82nJ4BsvNJD6AxP34Vi3Pu"},"avenger_bottom":{"__uuid__":"63jpxksTNF9ZE1wLJQdphT"},"avenger_btn_back":{"__uuid__":"af80hjb19D+o9zzvX0DzDG"},"avenger_btn_back_2":{"__uuid__":"9bk0At2f5NUbtoalczydO1"},"avenger_btn_bangthuong":{"__uuid__":"11RqeZZSBD3qRoOXp8foy/"},"avenger_btn_lsgd":{"__uuid__":"beP63+LxpEM4pNV1DO5UvC"},"avenger_btn_settings":{"__uuid__":"d9LNQ7m8hPGIhiq7VqGqyD"},"avenger_btn_settings_2":{"__uuid__":"aeWfFS1TFF7aM9W6Dbx1x5"},"avenger_btn_sieutoc":{"__uuid__":"eduUA5Ih1AJLail2BoZl62"},"avenger_btn_sieutoc2":{"__uuid__":"c6JXy6po1EIae4Xb220RCE"},"avenger_coin":{"__uuid__":"9abyUER8xNw5MYSUBBL3l2"},"avenger_line_numb_0":{"__uuid__":"8ce49sJ6hLSrjEw99jgPli"},"avenger_line_numb_1":{"__uuid__":"69TUCe3AdNrJnrD23SsOFV"},"avenger_mng_bg_thongbao":{"__uuid__":"8evv3S0JZAN6iwthg38l1s"},"avenger_mng_btn_close":{"__uuid__":"30K2sw9gZCsZGZ0wp1m5aj"},"avenger_numb_0":{"__uuid__":"d45YMN7jJDtqmIZVXQPujO"},"avenger_setting_bg":{"__uuid__":"9cuKemckNHnKexkTmdVclE"},"avenger_setting_btn_close":{"__uuid__":"54OO53mAhLDIstKB6z3TZa"},"avenger_symbol_1_0":{"__uuid__":"9eQSF7F05GA5GG9R6nun7N"},"avenger_symbol_1_1":{"__uuid__":"6eH8NpulVKeKULGhzmTMUJ"},"avenger_symbol_1_10":{"__uuid__":"343lAgn1pNHJwMJ8/myQxH"},"avenger_symbol_1_11":{"__uuid__":"13EPuAjXJLl4wiOGW88lv4"},"avenger_symbol_1_12":{"__uuid__":"26WgEs4XVKX783q/CsO316"},"avenger_symbol_1_13":{"__uuid__":"e9FJNax8FLMrKz8lgNdo0X"},"avenger_symbol_1_14":{"__uuid__":"57AAyV0OdBhbjVlGBRRghF"},"avenger_symbol_1_2":{"__uuid__":"fec0G3V31A/oAvxI+n7whB"},"avenger_symbol_1_3":{"__uuid__":"7cagzfHiVLM5Pd7q2ikq0P"},"avenger_symbol_1_4":{"__uuid__":"22ngHYJK9FSani2iSFei/0"},"avenger_symbol_1_5":{"__uuid__":"7dLF5TKdJIgoJp99aAIu6B"},"avenger_symbol_1_6":{"__uuid__":"18u2PD+19Py5N6LmPDFla8"},"avenger_symbol_1_7":{"__uuid__":"33oQQeFIZFAIjMmrsoB9rR"},"avenger_symbol_1_8":{"__uuid__":"baa+hdTw9H9p8sejMDmfR7"},"avenger_symbol_1_9":{"__uuid__":"a0SDkxIfxAH4TKX7GJ0lCL"},"avenger_symbol_2_0":{"__uuid__":"adxeqxHlJKtanZiftNLEIy"},"avenger_symbol_2_1":{"__uuid__":"b0cVsqsu5OUIsp1VG2tB/F"},"avenger_symbol_2_10":{"__uuid__":"1eyd93mzdK2KBULZPk1J0d"},"avenger_symbol_2_11":{"__uuid__":"46Evv+ay9HN7qUO6CZPraH"},"avenger_symbol_2_12":{"__uuid__":"aeJB/vqw5KprefGZYKlKTd"},"avenger_symbol_2_13":{"__uuid__":"46J3OiPwNMDZzZZ+MmW1GK"},"avenger_symbol_2_14":{"__uuid__":"38+6gnI1hB1Ihvggmp2mED"},"avenger_symbol_2_2":{"__uuid__":"d8RJoNDPJBr5cb1jMRCpof"},"avenger_symbol_2_3":{"__uuid__":"82QK34FmlLyInVIRmSFHCL"},"avenger_symbol_2_4":{"__uuid__":"23G53f1mpPbaBey1jjWkoj"},"avenger_symbol_2_5":{"__uuid__":"b4slOEg1RCeYMOBR2Kax2h"},"avenger_symbol_2_6":{"__uuid__":"6f8Gh5yBNM0aSpZ+re4XJ1"},"avenger_symbol_2_7":{"__uuid__":"09FQR2ArJLLLF9X1DL3gzr"},"avenger_symbol_2_8":{"__uuid__":"38Q0vKASZDjooyfzgy5ziL"},"avenger_symbol_2_9":{"__uuid__":"5efQpU5UlAc4lw9o2pngxa"},"avenger_symbol_3_0":{"__uuid__":"a72RqvY+RLFKFDd4/nNfTp"},"avenger_symbol_3_1":{"__uuid__":"51Q0CvODxMnKOU/jOvIPjf"},"avenger_symbol_3_10":{"__uuid__":"5a7SfpnT5MWaVxt5QZKPIy"},"avenger_symbol_3_11":{"__uuid__":"62u84ZS/pEF7H8MpBBgCA4"},"avenger_symbol_3_12":{"__uuid__":"c9KiERzj1DrKn5u9cN6B72"},"avenger_symbol_3_13":{"__uuid__":"05MiNYVRZDTYuq4eHtIS7r"},"avenger_symbol_3_14":{"__uuid__":"9bhtgJlBNNcbzXe5Qc0b3g"},"avenger_symbol_3_2":{"__uuid__":"e4FvWw0ShEX5sP8sq1Bs55"},"avenger_symbol_3_3":{"__uuid__":"2aqWV0y6VC5L8iFq4jawzP"},"avenger_symbol_3_4":{"__uuid__":"acJjMtuVNJEI9+PNF5ecop"},"avenger_symbol_3_5":{"__uuid__":"50XKi0AQNACKypm5cO69ya"},"avenger_symbol_3_6":{"__uuid__":"8808YqEl9PUpfYTBQfo1pe"},"avenger_symbol_3_7":{"__uuid__":"8flMUthPJHzZhhw8v4MghB"},"avenger_symbol_3_8":{"__uuid__":"a8aLYvQv5J17i9dFitfJVS"},"avenger_symbol_3_9":{"__uuid__":"cehEphZYxHRb/w0Evxi6pv"},"avenger_symbol_blur_1_0":{"__uuid__":"91ljiI2XlDlYbnZv8S9/jI"},"avenger_symbol_blur_1_1":{"__uuid__":"deg4VM/I1CvIFBz7chh+mn"},"avenger_symbol_blur_1_10":{"__uuid__":"3btEOFgVVJepMM4XAHpTSj"},"avenger_symbol_blur_1_11":{"__uuid__":"99uXESu9FM/Z/fmJngyjod"},"avenger_symbol_blur_1_12":{"__uuid__":"dc2QGEnOlFAa6el77yDoaY"},"avenger_symbol_blur_1_13":{"__uuid__":"4cGAP0ChNDjYdwgIdmKioi"},"avenger_symbol_blur_1_14":{"__uuid__":"e0r6dvYQpL45z+PGJ0RRgL"},"avenger_symbol_blur_1_2":{"__uuid__":"6frVVdZaxKlI4vFsjjO0IR"},"avenger_symbol_blur_1_3":{"__uuid__":"b76ss3ZOxH7Y7HtLy5T1YK"},"avenger_symbol_blur_1_4":{"__uuid__":"88NyJUzWVIaLuOSyB8ydh/"},"avenger_symbol_blur_1_5":{"__uuid__":"181RZ76PNByrwzR9+uIN9v"},"avenger_symbol_blur_1_6":{"__uuid__":"deaZB7MP9MGqBDg5WbV6i6"},"avenger_symbol_blur_1_7":{"__uuid__":"d1QzeePT1CYLRBKpVSry/f"},"avenger_symbol_blur_1_8":{"__uuid__":"b2WkyLQItCrq+DdLjTt9VW"},"avenger_symbol_blur_1_9":{"__uuid__":"5620y6EHpOh4rbeQzvRK4t"},"avenger_symbol_blur_2_0":{"__uuid__":"54Rmtufu5BYqixTRV/ZdPF"},"avenger_symbol_blur_2_1":{"__uuid__":"2cM5x2Y1lIYbQLbojuUPdp"},"avenger_symbol_blur_2_10":{"__uuid__":"f5uwn9p+5KXp9B+lQAp8UN"},"avenger_symbol_blur_2_11":{"__uuid__":"49ibhLzDRFp5D8/GjgV7v1"},"avenger_symbol_blur_2_12":{"__uuid__":"23EG0fRW1KVrI0JENfjLp3"},"avenger_symbol_blur_2_13":{"__uuid__":"15/oZHrWBINYVLSruK49df"},"avenger_symbol_blur_2_14":{"__uuid__":"efxh3gIShJvqnvm5FGVu9g"},"avenger_symbol_blur_2_2":{"__uuid__":"09zZhH4X5M848fMQgxG0bx"},"avenger_symbol_blur_2_3":{"__uuid__":"94IfdgwMZBLKaDxQu0k1/t"},"avenger_symbol_blur_2_4":{"__uuid__":"93Gh0vyDhFSblNR3Df7mci"},"avenger_symbol_blur_2_5":{"__uuid__":"8bEePfSzhNLYArotwRnm6S"},"avenger_symbol_blur_2_6":{"__uuid__":"64HaJqjUBKjYVLEs+eMh5c"},"avenger_symbol_blur_2_7":{"__uuid__":"81biwY0w5HMa1T/jeS5lxF"},"avenger_symbol_blur_2_8":{"__uuid__":"8bpELoA51DJ6xBcLqbHtiI"},"avenger_symbol_blur_2_9":{"__uuid__":"9cktiFKVZPaYHAw94/Is35"},"avenger_symbol_blur_3_0":{"__uuid__":"bfGfTaKN5HDptWFra8MuTe"},"avenger_symbol_blur_3_1":{"__uuid__":"41cVpwdLVKOIohRQlMpdUK"},"avenger_symbol_blur_3_10":{"__uuid__":"e3wcKMqI5KMJ9v8i0Rozlp"},"avenger_symbol_blur_3_11":{"__uuid__":"c5KGNFOZdC3YUlQwPvJLGJ"},"avenger_symbol_blur_3_12":{"__uuid__":"3cWbu7F6xP3LX5CuMC3pSp"},"avenger_symbol_blur_3_13":{"__uuid__":"2chkdf3CdML7RYqgxMPLvn"},"avenger_symbol_blur_3_14":{"__uuid__":"8adsz2/g5HH6E0+Stiol35"},"avenger_symbol_blur_3_2":{"__uuid__":"35wZIRKPpLS68LgMbJjdOD"},"avenger_symbol_blur_3_3":{"__uuid__":"d3BUCNvhRNrp9tF6vyg9+p"},"avenger_symbol_blur_3_4":{"__uuid__":"4ey16FDpJHRLjFLKeXHbvL"},"avenger_symbol_blur_3_5":{"__uuid__":"4aUjZwxORM6rJlqV2WN3I2"},"avenger_symbol_blur_3_6":{"__uuid__":"5cbYGUnbZII78SEjlOer2F"},"avenger_symbol_blur_3_7":{"__uuid__":"63uonwxwBDkIPlMlBuFKCB"},"avenger_symbol_blur_3_8":{"__uuid__":"4eAz8kbvlAlpjXQ3hivKvJ"},"avenger_symbol_blur_3_9":{"__uuid__":"4cO7XYoLpIN6boGBEeWBCu"},"avenger_tick":{"__uuid__":"397OIUXZ9JhZUauNtcg1F9"},"avenger_top_0 copy":{"__uuid__":"8dB0rp11tEWatY39hPQMwD"},"avenger_top_0":{"__uuid__":"13173lhR5El5SKi8qurotP"},"avenger_untick":{"__uuid__":"dbTy1GTbxGfKvg4y+wiS/d"}}},{"__type__":"cc.SpriteFrame","content":{"name":"avenger_symbol_1_3","texture":"afjC7WUZNPYbDelVhiEUvg","rect":[1321,1002,147,155],"offset":[1,3],"originalSize":[185,185],"capInsets":[0,0,0,0]}},{"__type__":"cc.SpriteFrame","content":{"name":"avenger_symbol_1_5","texture":"afjC7WUZNPYbDelVhiEUvg","rect":[1610,939,147,153],"offset":[1,2],"originalSize":[185,185],"rotated":1,"capInsets":[0,0,0,0]}},{"__type__":"cc.SpriteFrame","content":{"name":"avenger_symbol_blur_2_7","texture":"afjC7WUZNPYbDelVhiEUvg","rect":[538,1065,151,195],"offset":[0,0],"originalSize":[151,195],"capInsets":[0,0,0,0]}},{"__type__":"cc.SpriteFrame","content":{"name":"avenger_symbol_2_3","texture":"afjC7WUZNPYbDelVhiEUvg","rect":[1321,1002,147,155],"offset":[1,3],"originalSize":[185,185],"capInsets":[0,0,0,0]}},{"__type__":"cc.SpriteFrame","content":{"name":"avenger_bg_so_phong","texture":"afjC7WUZNPYbDelVhiEUvg","rect":[386,1269,189,94],"offset":[0,0],"originalSize":[189,94],"capInsets":[0,0,0,0]}},{"__type__":"cc.SpriteFrame","content":{"name":"avenger_bg_freespins","texture":"afjC7WUZNPYbDelVhiEUvg","rect":[957,868,172,125],"offset":[0,0],"originalSize":[172,125],"rotated":1,"capInsets":[0,0,0,0]}},{"__type__":"cc.SpriteFrame","content":{"name":"avenger_symbol_blur_1_4","texture":"afjC7WUZNPYbDelVhiEUvg","rect":[1118,676,144,189],"offset":[0,0],"originalSize":[144,189],"capInsets":[0,0,0,0]}},{"__type__":"cc.SpriteFrame","content":{"name":"avenger_symbol_3_6","texture":"afjC7WUZNPYbDelVhiEUvg","rect":[1461,803,147,155],"offset":[1,3],"originalSize":[185,185],"capInsets":[0,0,0,0]}},{"__type__":"cc.SpriteFrame","content":{"name":"avenger_symbol_blur_3_14","texture":"afjC7WUZNPYbDelVhiEUvg","rect":[1583,1088,144,146],"offset":[0,0],"originalSize":[144,146],"rotated":1,"capInsets":[0,0,0,0]}},{"__type__":"cc.SpriteFrame","content":{"name":"avenger_symbol_blur_2_5","texture":"afjC7WUZNPYbDelVhiEUvg","rect":[975,484,144,190],"offset":[0,0],"originalSize":[144,192],"capInsets":[0,0,0,0]}},{"__type__":"cc.SpriteFrame","content":{"name":"avenger_symbol_blur_2_8","texture":"afjC7WUZNPYbDelVhiEUvg","rect":[826,484,147,190],"offset":[0,0],"originalSize":[147,190],"capInsets":[0,0,0,0]}},{"__type__":"cc.SpriteFrame","content":{"name":"avenger_line_numb_0","texture":"afjC7WUZNPYbDelVhiEUvg","rect":[690,1262,86,83],"offset":[0,0],"originalSize":[86,83],"rotated":1,"capInsets":[0,0,0,0]}},{"__type__":"cc.SpriteFrame","content":{"name":"avenger_top_0 copy","texture":"afjC7WUZNPYbDelVhiEUvg","rect":[1,1,1283,117],"offset":[-7,0],"originalSize":[1297,117],"rotated":1,"capInsets":[0,0,0,0]}},{"__type__":"cc.SpriteFrame","content":{"name":"avenger_mng_bg_thongbao","texture":"afjC7WUZNPYbDelVhiEUvg","rect":[938,1,807,481],"offset":[0,0],"originalSize":[807,481],"capInsets":[0,0,0,0]}},{"__type__":"cc.SpriteFrame","content":{"name":"avenger_symbol_3_7","texture":"afjC7WUZNPYbDelVhiEUvg","rect":[1576,641,147,155],"offset":[1,3],"originalSize":[185,185],"capInsets":[0,0,0,0]}},{"__type__":"cc.SpriteFrame","content":{"name":"avenger_symbol_blur_1_0","texture":"afjC7WUZNPYbDelVhiEUvg","rect":[826,676,144,190],"offset":[0,0],"originalSize":[144,190],"capInsets":[0,0,0,0]}},{"__type__":"cc.SpriteFrame","content":{"name":"avenger_symbol_blur_2_4","texture":"afjC7WUZNPYbDelVhiEUvg","rect":[1118,676,144,189],"offset":[0,0],"originalSize":[144,189],"capInsets":[0,0,0,0]}},{"__type__":"cc.SpriteFrame","content":{"name":"avenger_symbol_blur_2_3","texture":"afjC7WUZNPYbDelVhiEUvg","rect":[972,676,144,190],"offset":[0,0],"originalSize":[144,190],"capInsets":[0,0,0,0]}},{"__type__":"cc.SpriteFrame","content":{"name":"avenger_symbol_blur_1_11","texture":"afjC7WUZNPYbDelVhiEUvg","rect":[239,1065,144,203],"offset":[0,0],"originalSize":[144,203],"capInsets":[0,0,0,0]}},{"__type__":"cc.SpriteFrame","content":{"name":"avenger_coin","texture":"afjC7WUZNPYbDelVhiEUvg","rect":[1747,107,20,36],"offset":[0,0],"originalSize":[20,36],"rotated":1,"capInsets":[0,0,0,0]}},{"__type__":"cc.SpriteFrame","content":{"name":"avenger_symbol_3_14","texture":"afjC7WUZNPYbDelVhiEUvg","rect":[1610,798,139,155],"offset":[1,0],"originalSize":[185,185],"rotated":1,"capInsets":[0,0,0,0]}},{"__type__":"cc.SpriteFrame","content":{"name":"avenger_btn_back_2","texture":"afjC7WUZNPYbDelVhiEUvg","rect":[826,190,269,102],"offset":[0,0],"originalSize":[269,102],"rotated":1,"capInsets":[0,0,0,0]}},{"__type__":"cc.SpriteFrame","content":{"name":"avenger_symbol_blur_2_9","texture":"afjC7WUZNPYbDelVhiEUvg","rect":[1121,484,144,188],"offset":[0,0],"originalSize":[144,188],"capInsets":[0,0,0,0]}},{"__type__":"cc.SpriteFrame","content":{"name":"avenger_setting_bg","texture":"afjC7WUZNPYbDelVhiEUvg","rect":[938,1,807,481],"offset":[0,0],"originalSize":[807,481],"capInsets":[0,0,0,0]}},{"__type__":"cc.SpriteFrame","content":{"name":"avenger_symbol_1_0","texture":"afjC7WUZNPYbDelVhiEUvg","rect":[1383,484,154,160],"offset":[0,0],"originalSize":[160,160],"capInsets":[0,0,0,0]}},{"__type__":"cc.SpriteFrame","content":{"name":"avenger_symbol_1_9","texture":"afjC7WUZNPYbDelVhiEUvg","rect":[826,868,117,129],"offset":[2,-2],"originalSize":[185,185],"rotated":1,"capInsets":[0,0,0,0]}},{"__type__":"cc.SpriteFrame","content":{"name":"avenger_symbol_3_0","texture":"afjC7WUZNPYbDelVhiEUvg","rect":[1383,484,154,160],"offset":[0,0],"originalSize":[160,160],"capInsets":[0,0,0,0]}},{"__type__":"cc.SpriteFrame","content":{"name":"avenger_symbol_3_8","texture":"afjC7WUZNPYbDelVhiEUvg","rect":[1539,484,151,155],"offset":[1,-2],"originalSize":[185,185],"capInsets":[0,0,0,0]}},{"__type__":"cc.SpriteFrame","content":{"name":"avenger_bg_slots","texture":"afjC7WUZNPYbDelVhiEUvg","rect":[239,1,1062,464],"offset":[0,0],"originalSize":[1062,464],"rotated":1,"capInsets":[0,0,0,0]}},{"__type__":"cc.SpriteFrame","content":{"name":"avenger_symbol_3_4","texture":"afjC7WUZNPYbDelVhiEUvg","rect":[1312,841,147,159],"offset":[1,5],"originalSize":[185,185],"capInsets":[0,0,0,0]}},{"__type__":"cc.SpriteFrame","content":{"name":"avenger_symbol_2_0","texture":"afjC7WUZNPYbDelVhiEUvg","rect":[1383,484,154,160],"offset":[0,0],"originalSize":[160,160],"capInsets":[0,0,0,0]}},{"__type__":"cc.SpriteFrame","content":{"name":"avenger_symbol_2_12","texture":"afjC7WUZNPYbDelVhiEUvg","rect":[1168,1215,147,167],"offset":[1,9],"originalSize":[185,185],"rotated":1,"capInsets":[0,0,0,0]}},{"__type__":"cc.SpriteFrame","content":{"name":"avenger_btn_settings_2","texture":"afjC7WUZNPYbDelVhiEUvg","rect":[775,1261,270,102],"offset":[0,0],"originalSize":[270,102],"capInsets":[0,0,0,0]}},{"__type__":"cc.SpriteFrame","content":{"name":"avenger_btn_back","texture":"afjC7WUZNPYbDelVhiEUvg","rect":[1084,868,172,112],"offset":[0,0],"originalSize":[172,112],"rotated":1,"capInsets":[0,0,0,0]}},{"__type__":"cc.SpriteFrame","content":{"name":"avenger_symbol_2_1","texture":"afjC7WUZNPYbDelVhiEUvg","rect":[1264,674,155,165],"offset":[1,5],"originalSize":[185,185],"capInsets":[0,0,0,0]}},{"__type__":"cc.SpriteFrame","content":{"name":"avenger_symbol_blur_1_8","texture":"afjC7WUZNPYbDelVhiEUvg","rect":[826,484,147,190],"offset":[0,0],"originalSize":[147,190],"capInsets":[0,0,0,0]}},{"__type__":"cc.SpriteFrame","content":{"name":"avenger_symbol_2_5","texture":"afjC7WUZNPYbDelVhiEUvg","rect":[1610,939,147,153],"offset":[1,2],"originalSize":[185,185],"rotated":1,"capInsets":[0,0,0,0]}},{"__type__":"cc.SpriteFrame","content":{"name":"avenger_symbol_blur_1_3","texture":"afjC7WUZNPYbDelVhiEUvg","rect":[972,676,144,190],"offset":[0,0],"originalSize":[144,190],"capInsets":[0,0,0,0]}},{"__type__":"cc.SpriteFrame","content":{"name":"avenger_symbol_1_8","texture":"afjC7WUZNPYbDelVhiEUvg","rect":[1539,484,151,155],"offset":[1,-2],"originalSize":[185,185],"capInsets":[0,0,0,0]}},{"__type__":"cc.SpriteFrame","content":{"name":"avenger_btn_lsgd","texture":"afjC7WUZNPYbDelVhiEUvg","rect":[86,1359,3,3],"offset":[1,-1],"originalSize":[1,1],"capInsets":[0,0,0,0]}},{"__type__":"cc.SpriteFrame","content":{"name":"avenger_symbol_blur_3_0","texture":"afjC7WUZNPYbDelVhiEUvg","rect":[826,676,144,190],"offset":[0,0],"originalSize":[144,190],"capInsets":[0,0,0,0]}},{"__type__":"cc.SpriteFrame","content":{"name":"avenger_symbol_blur_3_11","texture":"afjC7WUZNPYbDelVhiEUvg","rect":[239,1065,144,203],"offset":[0,0],"originalSize":[144,203],"capInsets":[0,0,0,0]}},{"__type__":"cc.SpriteFrame","content":{"name":"avenger_btn_sieutoc2","texture":"afjC7WUZNPYbDelVhiEUvg","rect":[167,1286,130,68],"offset":[0,0],"originalSize":[130,68],"capInsets":[0,0,0,0]}},{"__type__":"cc.SpriteFrame","content":{"name":"avenger_symbol_3_12","texture":"afjC7WUZNPYbDelVhiEUvg","rect":[1168,1215,147,167],"offset":[1,9],"originalSize":[185,185],"rotated":1,"capInsets":[0,0,0,0]}},{"__type__":"cc.SpriteFrame","content":{"name":"avenger_bg_play_trial","texture":"afjC7WUZNPYbDelVhiEUvg","rect":[705,987,231,66],"offset":[0,0],"originalSize":[233,66],"capInsets":[0,0,0,0]}},{"__type__":"cc.SpriteFrame","content":{"name":"avenger_symbol_3_9","texture":"afjC7WUZNPYbDelVhiEUvg","rect":[826,868,117,129],"offset":[2,-2],"originalSize":[185,185],"rotated":1,"capInsets":[0,0,0,0]}},{"__type__":"cc.SpriteFrame","content":{"name":"avenger_symbol_blur_1_7","texture":"afjC7WUZNPYbDelVhiEUvg","rect":[538,1065,151,195],"offset":[0,0],"originalSize":[151,195],"capInsets":[0,0,0,0]}},{"__type__":"cc.SpriteFrame","content":{"name":"avenger_symbol_blur_3_3","texture":"afjC7WUZNPYbDelVhiEUvg","rect":[972,676,144,190],"offset":[0,0],"originalSize":[144,190],"capInsets":[0,0,0,0]}},{"__type__":"cc.SpriteFrame","content":{"name":"avenger_numb_0","texture":"afjC7WUZNPYbDelVhiEUvg","rect":[1747,129,30,30],"offset":[0,0],"originalSize":[30,30],"capInsets":[0,0,0,0]}},{"__type__":"cc.SpriteFrame","content":{"name":"avenger_symbol_2_2","texture":"afjC7WUZNPYbDelVhiEUvg","rect":[1160,1042,171,159],"offset":[-1,1],"originalSize":[181,175],"rotated":1,"capInsets":[0,0,0,0]}},{"__type__":"cc.SpriteFrame","content":{"name":"avenger_btn_settings","texture":"afjC7WUZNPYbDelVhiEUvg","rect":[1198,867,171,112],"offset":[0,0],"originalSize":[171,112],"rotated":1,"capInsets":[0,0,0,0]}},{"__type__":"cc.SpriteFrame","content":{"name":"avenger_untick","texture":"afjC7WUZNPYbDelVhiEUvg","rect":[299,1270,87,85],"offset":[-3,0],"originalSize":[93,85],"rotated":1,"capInsets":[0,0,0,0]}},{"__type__":"cc.SpriteFrame","content":{"name":"avenger_symbol_blur_1_12","texture":"afjC7WUZNPYbDelVhiEUvg","rect":[826,1,109,187],"offset":[0,0],"originalSize":[109,187],"capInsets":[0,0,0,0]}},{"__type__":"cc.SpriteFrame","content":{"name":"avenger_symbol_blur_1_6","texture":"afjC7WUZNPYbDelVhiEUvg","rect":[1008,1042,150,189],"offset":[0,0],"originalSize":[150,189],"capInsets":[0,0,0,0]}},{"__type__":"cc.SpriteFrame","content":{"name":"avenger_symbol_blur_1_1","texture":"afjC7WUZNPYbDelVhiEUvg","rect":[691,1065,144,194],"offset":[0,0],"originalSize":[144,194],"capInsets":[0,0,0,0]}},{"__type__":"cc.SpriteFrame","content":{"name":"avenger_symbol_blur_1_14","texture":"afjC7WUZNPYbDelVhiEUvg","rect":[1583,1088,144,146],"offset":[0,0],"originalSize":[144,146],"rotated":1,"capInsets":[0,0,0,0]}},{"__type__":"cc.SpriteFrame","content":{"name":"avenger_symbol_blur_3_10","texture":"afjC7WUZNPYbDelVhiEUvg","rect":[837,1055,169,193],"offset":[0,0],"originalSize":[169,193],"capInsets":[0,0,0,0]}},{"__type__":"cc.SpriteFrame","content":{"name":"avenger_symbol_3_2","texture":"afjC7WUZNPYbDelVhiEUvg","rect":[1160,1042,171,159],"offset":[-1,1],"originalSize":[181,175],"rotated":1,"capInsets":[0,0,0,0]}},{"__type__":"cc.SpriteFrame","content":{"name":"avenger_symbol_1_13","texture":"afjC7WUZNPYbDelVhiEUvg","rect":[1421,646,153,155],"offset":[1,1],"originalSize":[185,185],"capInsets":[0,0,0,0]}},{"__type__":"cc.SpriteFrame","content":{"name":"avenger_btn_sieutoc","texture":"afjC7WUZNPYbDelVhiEUvg","rect":[1747,1,104,54],"offset":[0,0],"originalSize":[130,68],"rotated":1,"capInsets":[0,0,0,0]}},{"__type__":"cc.SpriteFrame","content":{"name":"avenger_symbol_blur_2_14","texture":"afjC7WUZNPYbDelVhiEUvg","rect":[1583,1088,144,146],"offset":[0,0],"originalSize":[144,146],"rotated":1,"capInsets":[0,0,0,0]}},{"__type__":"cc.SpriteFrame","content":{"name":"avenger_symbol_blur_2_10","texture":"afjC7WUZNPYbDelVhiEUvg","rect":[837,1055,169,193],"offset":[0,0],"originalSize":[169,193],"capInsets":[0,0,0,0]}},{"__type__":"cc.SpriteFrame","content":{"name":"avenger_symbol_1_2","texture":"afjC7WUZNPYbDelVhiEUvg","rect":[1160,1042,171,159],"offset":[-1,1],"originalSize":[181,175],"rotated":1,"capInsets":[0,0,0,0]}}]