[{"__type__":"cc.SpriteFrame","content":{"name":"dice_34","texture":"77gjC14P5CbqFnqio3lgup","rect":[370,480,185,185],"offset":[0,0],"originalSize":[185,185],"capInsets":[0,0,0,0]}},{"__type__":"cc.SpriteFrame","content":{"name":"dice_01","texture":"77gjC14P5CbqFnqio3lgup","rect":[1295,480,185,185],"offset":[0,0],"originalSize":[185,185],"capInsets":[0,0,0,0]}},{"__type__":"cc.SpriteFrame","content":{"name":"dice_06","texture":"77gjC14P5CbqFnqio3lgup","rect":[925,665,185,185],"offset":[0,0],"originalSize":[185,185],"capInsets":[0,0,0,0]}},{"__type__":"cc.SpriteFrame","content":{"name":"dice_28","texture":"77gjC14P5CbqFnqio3lgup","rect":[370,850,185,185],"offset":[0,0],"originalSize":[185,185],"capInsets":[0,0,0,0]}},{"__type__":"cc.SpriteFrame","content":{"name":"dice_36","texture":"77gjC14P5CbqFnqio3lgup","rect":[185,480,185,185],"offset":[0,0],"originalSize":[185,185],"capInsets":[0,0,0,0]}},{"__type__":"cc.SpriteFrame","content":{"name":"dice_12","texture":"77gjC14P5CbqFnqio3lgup","rect":[740,480,185,185],"offset":[0,0],"originalSize":[185,185],"capInsets":[0,0,0,0]}},{"__type__":"cc.SpriteFrame","content":{"name":"dice_03","texture":"77gjC14P5CbqFnqio3lgup","rect":[0,850,185,185],"offset":[0,0],"originalSize":[185,185],"capInsets":[0,0,0,0]}},{"__type__":"cc.SpriteFrame","content":{"name":"dice_35","texture":"77gjC14P5CbqFnqio3lgup","rect":[1295,850,185,185],"offset":[0,0],"originalSize":[185,185],"capInsets":[0,0,0,0]}},{"__type__":"cc.SpriteFrame","content":{"name":"dice_18","texture":"77gjC14P5CbqFnqio3lgup","rect":[370,1035,185,185],"offset":[0,0],"originalSize":[185,185],"capInsets":[0,0,0,0]}},{"__type__":"cc.SpriteFrame","content":{"name":"dice_25","texture":"77gjC14P5CbqFnqio3lgup","rect":[1110,1035,185,185],"offset":[0,0],"originalSize":[185,185],"capInsets":[0,0,0,0]}},{"__type__":"cc.SpriteFrame","content":{"name":"dice_29","texture":"77gjC14P5CbqFnqio3lgup","rect":[555,850,185,185],"offset":[0,0],"originalSize":[185,185],"capInsets":[0,0,0,0]}},{"__type__":"cc.SpriteFrame","content":{"name":"dice_23","texture":"77gjC14P5CbqFnqio3lgup","rect":[1480,1035,185,185],"offset":[0,0],"originalSize":[185,185],"capInsets":[0,0,0,0]}},{"__type__":"cc.SpriteFrame","content":{"name":"dice_14","texture":"77gjC14P5CbqFnqio3lgup","rect":[0,665,185,185],"offset":[0,0],"originalSize":[185,185],"capInsets":[0,0,0,0]}},{"__type__":"cc.SpriteFrame","content":{"name":"dice_08","texture":"77gjC14P5CbqFnqio3lgup","rect":[1480,665,185,185],"offset":[0,0],"originalSize":[185,185],"capInsets":[0,0,0,0]}},{"__type__":"cc.SpriteFrame","content":{"name":"dice_07","texture":"77gjC14P5CbqFnqio3lgup","rect":[1110,665,185,185],"offset":[0,0],"originalSize":[185,185],"capInsets":[0,0,0,0]}},{"__type__":"cc.SpriteFrame","content":{"name":"dice_13","texture":"77gjC14P5CbqFnqio3lgup","rect":[1110,480,185,185],"offset":[0,0],"originalSize":[185,185],"capInsets":[0,0,0,0]}},{"__type__":"cc.SpriteFrame","content":{"name":"dice_26","texture":"77gjC14P5CbqFnqio3lgup","rect":[740,850,185,185],"offset":[0,0],"originalSize":[185,185],"capInsets":[0,0,0,0]}},{"__type__":"cc.SpriteFrame","content":{"name":"dice_02","texture":"77gjC14P5CbqFnqio3lgup","rect":[555,480,185,185],"offset":[0,0],"originalSize":[185,185],"capInsets":[0,0,0,0]}},{"__type__":"cc.SpriteFrame","content":{"name":"dice_39","texture":"77gjC14P5CbqFnqio3lgup","rect":[0,480,185,185],"offset":[0,0],"originalSize":[185,185],"capInsets":[0,0,0,0]}},{"__type__":"cc.AnimationClip","_name":"TaiXiuDiceAnimation","_duration":1.9166666666666667,"speed":1.48,"wrapMode":"0","curveData":{"comps":{"cc.Sprite":{"spriteFrame":[{"frame":0,"value":{"__uuid__":"21BSETiQ9KdbEaeTpxlG2O"}},{"frame":0.05,"value":{"__uuid__":"7bgdlfLzlHMZAdxsVthBQ3"}},{"frame":0.1,"value":{"__uuid__":"38HWh+t9pGPYVLrCGSui5P"}},{"frame":0.15,"value":{"__uuid__":"bdkGB0bcxDWqM0THGquXpc"}},{"frame":0.2,"value":{"__uuid__":"c2w2xefUdHyLI2heYuBbWd"}},{"frame":0.25,"value":{"__uuid__":"26np9PUqdP+7DA7QnKxAj9"}},{"frame":0.3,"value":{"__uuid__":"70ICjO/f1PDJqXTsJr7zdb"}},{"frame":0.35,"value":{"__uuid__":"649DogGqRJIIJ46fBnEthe"}},{"frame":0.4,"value":{"__uuid__":"fbltTB19tDo5PAZq/ifxaD"}},{"frame":0.45,"value":{"__uuid__":"e65Zh6se9Gc5fa8rK5eTwf"}},{"frame":0.5,"value":{"__uuid__":"e52e0M7ApOQLoBOlbDPHbp"}},{"frame":0.55,"value":{"__uuid__":"32DdBt6LBBg4amEVgM1W6F"}},{"frame":0.6,"value":{"__uuid__":"76ZuLDglJM5qhTIfIBbxkJ"}},{"frame":0.65,"value":{"__uuid__":"608JXbtb1Bm4OExztPwJtW"}},{"frame":0.7,"value":{"__uuid__":"b7Okad2aRKeZIZTCI7SpRE"}},{"frame":0.75,"value":{"__uuid__":"c0gq4u0M9BrYxW2PXGF8T+"}},{"frame":0.8,"value":{"__uuid__":"84/eyn0LVPxL5vLNVGhjX6"}},{"frame":0.85,"value":{"__uuid__":"3fskcqGclJlZph43G2FWIR"}},{"frame":0.9,"value":{"__uuid__":"9aJ1Oyw55FY7+wrFRHcoAP"}},{"frame":0.95,"value":{"__uuid__":"a7kRC7qIxOFYsh5SHRkYBN"}},{"frame":1,"value":{"__uuid__":"aa50NGzo9HvrnxLwx4eQXt"}},{"frame":1.05,"value":{"__uuid__":"afiZd/S/tDjrOemyavPnmJ"}},{"frame":1.1,"value":{"__uuid__":"60yxiOgqhMYK9MwH+owM83"}},{"frame":1.15,"value":{"__uuid__":"b4Do3lXihHGLIBIasB5jvK"}},{"frame":1.2,"value":{"__uuid__":"44KmIeDwNBpq8TTOlG3EGA"}},{"frame":1.25,"value":{"__uuid__":"78FOkd0zJL445q0zLoZs8C"}},{"frame":1.3,"value":{"__uuid__":"e2cpYHY8lHWY74n9TvKFQE"}},{"frame":1.35,"value":{"__uuid__":"2cTjg+CwNG3YU9dweY9YRA"}},{"frame":1.4,"value":{"__uuid__":"50uZOhLj5BSrJO2QiUEZ8r"}},{"frame":1.45,"value":{"__uuid__":"9b0x7eVLJIa6EaeoRvesyz"}},{"frame":1.5,"value":{"__uuid__":"d3PbZyseRESpY7u1aAaiZ3"}},{"frame":1.55,"value":{"__uuid__":"82B4yk0iBGdaVbWu05rnnI"}},{"frame":1.6,"value":{"__uuid__":"c1wpMwR31MIZ9CpyaX96Lt"}},{"frame":1.65,"value":{"__uuid__":"01/O8zAW9MfLFkoMRQ0QFw"}},{"frame":1.7,"value":{"__uuid__":"3bABfzcXVGu7nci5BfkESH"}},{"frame":1.75,"value":{"__uuid__":"2crr2Ckz5C546P4wkCrXX5"}},{"frame":1.8,"value":{"__uuid__":"8aYhP9eXJOtbjIFj5n73Iy"}},{"frame":1.85,"value":{"__uuid__":"a1Fr/qI4xDTrPu3Yv1WmDQ"}},{"frame":1.9,"value":{"__uuid__":"7egI6/uEJI850C0IHLf1km"}}]}}}},{"__type__":"cc.SpriteFrame","content":{"name":"dice_32","texture":"77gjC14P5CbqFnqio3lgup","rect":[1480,850,185,185],"offset":[0,0],"originalSize":[185,185],"capInsets":[0,0,0,0]}},{"__type__":"cc.SpriteFrame","content":{"name":"dice_17","texture":"77gjC14P5CbqFnqio3lgup","rect":[185,850,185,185],"offset":[0,0],"originalSize":[185,185],"capInsets":[0,0,0,0]}},{"__type__":"cc.SpriteFrame","content":{"name":"dice_37","texture":"77gjC14P5CbqFnqio3lgup","rect":[1371,295,185,185],"offset":[0,0],"originalSize":[185,185],"capInsets":[0,0,0,0]}},{"__type__":"cc.SpriteFrame","content":{"name":"dice_19","texture":"77gjC14P5CbqFnqio3lgup","rect":[555,1035,185,185],"offset":[0,0],"originalSize":[185,185],"capInsets":[0,0,0,0]}},{"__type__":"cc.SpriteFrame","content":{"name":"dice_30","texture":"77gjC14P5CbqFnqio3lgup","rect":[925,850,185,185],"offset":[0,0],"originalSize":[185,185],"capInsets":[0,0,0,0]}},{"__type__":"cc.SpriteFrame","content":{"name":"dice_38","texture":"77gjC14P5CbqFnqio3lgup","rect":[1556,295,185,185],"offset":[0,0],"originalSize":[185,185],"capInsets":[0,0,0,0]}},{"__type__":"cc.SpriteFrame","content":{"name":"dice_20","texture":"77gjC14P5CbqFnqio3lgup","rect":[740,1035,185,185],"offset":[0,0],"originalSize":[185,185],"capInsets":[0,0,0,0]}},{"__type__":"cc.SpriteFrame","content":{"name":"dice_21","texture":"77gjC14P5CbqFnqio3lgup","rect":[925,1035,185,185],"offset":[0,0],"originalSize":[185,185],"capInsets":[0,0,0,0]}},{"__type__":"cc.SpriteFrame","content":{"name":"dice_22","texture":"77gjC14P5CbqFnqio3lgup","rect":[0,1220,185,185],"offset":[0,0],"originalSize":[185,185],"capInsets":[0,0,0,0]}},{"__type__":"cc.SpriteFrame","content":{"name":"dice_24","texture":"77gjC14P5CbqFnqio3lgup","rect":[1295,1035,185,185],"offset":[0,0],"originalSize":[185,185],"capInsets":[0,0,0,0]}},{"__type__":"cc.SpriteFrame","content":{"name":"dice_15","texture":"77gjC14P5CbqFnqio3lgup","rect":[1480,480,185,185],"offset":[0,0],"originalSize":[185,185],"capInsets":[0,0,0,0]}},{"__type__":"cc.SpriteFrame","content":{"name":"dice_04","texture":"77gjC14P5CbqFnqio3lgup","rect":[370,665,185,185],"offset":[0,0],"originalSize":[185,185],"capInsets":[0,0,0,0]}},{"__type__":"cc.SpriteFrame","content":{"name":"dice_16","texture":"77gjC14P5CbqFnqio3lgup","rect":[925,480,185,185],"offset":[0,0],"originalSize":[185,185],"capInsets":[0,0,0,0]}},{"__type__":"cc.SpriteFrame","content":{"name":"dice_33","texture":"77gjC14P5CbqFnqio3lgup","rect":[0,1035,185,185],"offset":[0,0],"originalSize":[185,185],"capInsets":[0,0,0,0]}},{"__type__":"cc.SpriteFrame","content":{"name":"dice_05","texture":"77gjC14P5CbqFnqio3lgup","rect":[555,665,185,185],"offset":[0,0],"originalSize":[185,185],"capInsets":[0,0,0,0]}},{"__type__":"cc.SpriteFrame","content":{"name":"dice_31","texture":"77gjC14P5CbqFnqio3lgup","rect":[1110,850,185,185],"offset":[0,0],"originalSize":[185,185],"capInsets":[0,0,0,0]}},{"__type__":"cc.SpriteFrame","content":{"name":"dice_27","texture":"77gjC14P5CbqFnqio3lgup","rect":[185,1035,185,185],"offset":[0,0],"originalSize":[185,185],"capInsets":[0,0,0,0]}},{"__type__":"cc.SpriteFrame","content":{"name":"dice_11","texture":"77gjC14P5CbqFnqio3lgup","rect":[185,665,185,185],"offset":[0,0],"originalSize":[185,185],"capInsets":[0,0,0,0]}},{"__type__":"cc.SpriteFrame","content":{"name":"dice_10","texture":"77gjC14P5CbqFnqio3lgup","rect":[740,665,185,185],"offset":[0,0],"originalSize":[185,185],"capInsets":[0,0,0,0]}},{"__type__":"cc.SpriteFrame","content":{"name":"dice_09","texture":"77gjC14P5CbqFnqio3lgup","rect":[1295,665,185,185],"offset":[0,0],"originalSize":[185,185],"capInsets":[0,0,0,0]}}]