{"__type__":"sp.SkeletonData","_name":"avenger_symbol_1_2","_skeletonJson":{"skeleton":{"hash":"10KWutBrKOIHqCT0QU+SXfCXGLk","spine":"3.6.53","width":378.46,"height":387.42,"images":"../AVENGERS SYMBOL/"},"bones":[{"name":"root","y":-5.52},{"name":"AVENGERS BONE","parent":"root","y":13.81},{"name":"EFFECT","parent":"root","x":7.64,"y":13.09,"scaleX":2.239,"scaleY":2.239},{"name":"bone","parent":"root","y":-44.58}],"slots":[{"name":"AVENGERS SYMBOL","bone":"AVENGERS BONE","attachment":"38"},{"name":"EFFECT","bone":"EFFECT","attachment":"EFFECT_0016_EFFECT_00007","blend":"additive"},{"name":"JACKPOT 2","bone":"root","attachment":"JACKPOT 2"}],"skins":{"default":{"AVENGERS SYMBOL":{"1":{"width":118,"height":142},"2":{"width":104,"height":142},"3":{"width":84,"height":142},"4":{"width":60,"height":142},"5":{"width":35,"height":142},"6":{"width":21,"height":142},"7":{"width":35,"height":142},"8":{"width":60,"height":142},"9":{"width":84,"height":142},"10":{"width":104,"height":142},"11":{"width":118,"height":142},"12":{"width":104,"height":142},"13":{"width":83,"height":142},"14":{"width":60,"height":142},"15":{"width":34,"height":142},"16":{"width":21,"height":142},"17":{"width":34,"height":142},"18":{"width":60,"height":142},"19":{"width":83,"height":142},"20":{"width":104,"height":142},"21":{"width":116,"height":140},"22":{"width":116,"height":140},"23":{"width":116,"height":140},"24":{"width":116,"height":140},"25":{"width":116,"height":140},"26":{"width":116,"height":140},"27":{"width":116,"height":140},"28":{"width":116,"height":140},"29":{"width":116,"height":140},"30":{"width":116,"height":140},"31":{"width":116,"height":140},"32":{"width":116,"height":140},"33":{"width":116,"height":140},"34":{"width":116,"height":140},"35":{"width":116,"height":140},"36":{"width":116,"height":140},"37":{"width":116,"height":140},"38":{"width":116,"height":140}},"EFFECT":{"EFFECT_0000_EFFECT_00023":{"width":169,"height":173},"EFFECT_0001_EFFECT_00022":{"width":169,"height":173},"EFFECT_0002_EFFECT_00021":{"width":169,"height":173},"EFFECT_0003_EFFECT_00020":{"width":169,"height":173},"EFFECT_0004_EFFECT_00019":{"width":169,"height":173},"EFFECT_0005_EFFECT_00018":{"width":169,"height":173},"EFFECT_0006_EFFECT_00017":{"width":169,"height":173},"EFFECT_0007_EFFECT_00016":{"width":169,"height":173},"EFFECT_0008_EFFECT_00015":{"width":169,"height":173},"EFFECT_0009_EFFECT_00014":{"width":169,"height":173},"EFFECT_0010_EFFECT_00013":{"width":169,"height":173},"EFFECT_0011_EFFECT_00012":{"width":169,"height":173},"EFFECT_0012_EFFECT_00011":{"width":169,"height":173},"EFFECT_0013_EFFECT_00010":{"width":169,"height":173},"EFFECT_0014_EFFECT_00009":{"width":169,"height":173},"EFFECT_0015_EFFECT_00008":{"width":169,"height":173},"EFFECT_0016_EFFECT_00007":{"width":169,"height":173},"EFFECT_0017_EFFECT_00006":{"width":169,"height":173},"EFFECT_0018_EFFECT_00005":{"width":169,"height":173},"EFFECT_0019_EFFECT_00004":{"width":169,"height":173},"EFFECT_0020_EFFECT_00003":{"width":169,"height":173},"EFFECT_0021_EFFECT_00002":{"width":169,"height":173},"EFFECT_0022_EFFECT_00001":{"width":169,"height":173},"EFFECT_0023_EFFECT_00000":{"width":169,"height":173}},"JACKPOT 2":{"JACKPOT 2":{"type":"mesh","uvs":[1,1,0,1,0,0,1,0],"triangles":[1,2,3,1,3,0],"vertices":[1,3,84.5,-26.79,1,1,3,-84.5,-26.79,1,1,3,-84.5,25.21,1,1,3,84.5,25.21,1],"hull":4,"edges":[0,2,2,4,4,6,0,6],"width":169,"height":52}}}},"animations":{"idle":{"slots":{"AVENGERS SYMBOL":{"attachment":[{"time":0,"name":"1"},{"time":0.1,"name":"1"}]},"EFFECT":{"attachment":[{"time":0,"name":"EFFECT_0023_EFFECT_00000"},{"time":0.1,"name":"EFFECT_0023_EFFECT_00000"}]}},"bones":{"bone":{"scale":[{"time":0,"x":1,"y":1,"curve":"stepped"},{"time":0.1,"x":1,"y":1}]}}},"symbolFx":{"slots":{"AVENGERS SYMBOL":{"attachment":[{"time":0,"name":"1"},{"time":0.0333,"name":"2"},{"time":0.0667,"name":"3"},{"time":0.1,"name":"4"},{"time":0.1333,"name":"5"},{"time":0.1667,"name":"6"},{"time":0.2,"name":"7"},{"time":0.2333,"name":"8"},{"time":0.2667,"name":"9"},{"time":0.3,"name":"10"},{"time":0.3333,"name":"11"},{"time":0.3667,"name":"12"},{"time":0.4,"name":"13"},{"time":0.4333,"name":"14"},{"time":0.4667,"name":"15"},{"time":0.5,"name":"16"},{"time":0.5333,"name":"17"},{"time":0.5667,"name":"18"},{"time":0.6,"name":"19"},{"time":0.6333,"name":"20"},{"time":0.6667,"name":"1"},{"time":0.7,"name":"21"},{"time":0.7333,"name":"22"},{"time":0.7667,"name":"23"},{"time":0.8,"name":"24"},{"time":0.8333,"name":"25"},{"time":0.8667,"name":"26"},{"time":0.9,"name":"27"},{"time":0.9333,"name":"28"},{"time":0.9667,"name":"29"},{"time":1,"name":"30"},{"time":1.0333,"name":"31"},{"time":1.0667,"name":"32"},{"time":1.1,"name":"33"},{"time":1.1333,"name":"34"},{"time":1.1667,"name":"35"},{"time":1.2,"name":"36"},{"time":1.2333,"name":"37"},{"time":1.2667,"name":"38"},{"time":1.3,"name":"1"},{"time":1.3333,"name":"1"},{"time":1.3667,"name":"2"},{"time":1.4,"name":"3"},{"time":1.4333,"name":"4"},{"time":1.4667,"name":"5"},{"time":1.5,"name":"6"},{"time":1.5333,"name":"7"},{"time":1.5667,"name":"8"},{"time":1.6,"name":"9"},{"time":1.6333,"name":"10"},{"time":1.6667,"name":"11"},{"time":1.7,"name":"12"},{"time":1.7333,"name":"13"},{"time":1.7667,"name":"14"},{"time":1.8,"name":"15"},{"time":1.8333,"name":"16"},{"time":1.8667,"name":"17"},{"time":1.9,"name":"18"},{"time":1.9333,"name":"19"},{"time":1.9667,"name":"20"},{"time":2,"name":"1"},{"time":2.0333,"name":"21"},{"time":2.0667,"name":"22"},{"time":2.1,"name":"23"},{"time":2.1333,"name":"24"},{"time":2.1667,"name":"25"},{"time":2.2,"name":"26"},{"time":2.2333,"name":"27"},{"time":2.2667,"name":"28"},{"time":2.3,"name":"29"},{"time":2.3333,"name":"30"},{"time":2.3667,"name":"31"},{"time":2.4,"name":"32"},{"time":2.4333,"name":"33"},{"time":2.4667,"name":"34"},{"time":2.5,"name":"35"},{"time":2.5333,"name":"36"},{"time":2.5667,"name":"37"},{"time":2.6,"name":"38"},{"time":2.6333,"name":"1"},{"time":2.6667,"name":"1"}]},"EFFECT":{"attachment":[{"time":0,"name":"EFFECT_0023_EFFECT_00000"},{"time":0.0333,"name":"EFFECT_0022_EFFECT_00001"},{"time":0.0667,"name":"EFFECT_0021_EFFECT_00002"},{"time":0.1,"name":"EFFECT_0020_EFFECT_00003"},{"time":0.1667,"name":"EFFECT_0019_EFFECT_00004"},{"time":0.2,"name":"EFFECT_0018_EFFECT_00005"},{"time":0.2333,"name":"EFFECT_0017_EFFECT_00006"},{"time":0.2667,"name":"EFFECT_0016_EFFECT_00007"},{"time":0.3,"name":"EFFECT_0015_EFFECT_00008"},{"time":0.3333,"name":"EFFECT_0014_EFFECT_00009"},{"time":0.3667,"name":"EFFECT_0013_EFFECT_00010"},{"time":0.4,"name":"EFFECT_0012_EFFECT_00011"},{"time":0.4667,"name":"EFFECT_0011_EFFECT_00012"},{"time":0.5,"name":"EFFECT_0010_EFFECT_00013"},{"time":0.5333,"name":"EFFECT_0009_EFFECT_00014"},{"time":0.5667,"name":"EFFECT_0008_EFFECT_00015"},{"time":0.6,"name":"EFFECT_0007_EFFECT_00016"},{"time":0.6333,"name":"EFFECT_0006_EFFECT_00017"},{"time":0.6667,"name":"EFFECT_0005_EFFECT_00018"},{"time":0.7,"name":"EFFECT_0004_EFFECT_00019"},{"time":0.7667,"name":"EFFECT_0003_EFFECT_00020"},{"time":0.8,"name":"EFFECT_0002_EFFECT_00021"},{"time":0.8333,"name":"EFFECT_0001_EFFECT_00022"},{"time":0.8667,"name":"EFFECT_0000_EFFECT_00023"},{"time":0.9,"name":"EFFECT_0023_EFFECT_00000"},{"time":0.9333,"name":"EFFECT_0022_EFFECT_00001"},{"time":0.9667,"name":"EFFECT_0021_EFFECT_00002"},{"time":1,"name":"EFFECT_0020_EFFECT_00003"},{"time":1.0667,"name":"EFFECT_0019_EFFECT_00004"},{"time":1.1,"name":"EFFECT_0018_EFFECT_00005"},{"time":1.1333,"name":"EFFECT_0017_EFFECT_00006"},{"time":1.1667,"name":"EFFECT_0016_EFFECT_00007"},{"time":1.2,"name":"EFFECT_0015_EFFECT_00008"},{"time":1.2333,"name":"EFFECT_0014_EFFECT_00009"},{"time":1.2667,"name":"EFFECT_0013_EFFECT_00010"},{"time":1.3,"name":"EFFECT_0012_EFFECT_00011"},{"time":1.3667,"name":"EFFECT_0011_EFFECT_00012"},{"time":1.4,"name":"EFFECT_0010_EFFECT_00013"},{"time":1.4333,"name":"EFFECT_0009_EFFECT_00014"},{"time":1.4667,"name":"EFFECT_0008_EFFECT_00015"},{"time":1.5,"name":"EFFECT_0007_EFFECT_00016"},{"time":1.5333,"name":"EFFECT_0006_EFFECT_00017"},{"time":1.5667,"name":"EFFECT_0005_EFFECT_00018"},{"time":1.6,"name":"EFFECT_0004_EFFECT_00019"},{"time":1.6667,"name":"EFFECT_0003_EFFECT_00020"},{"time":1.7,"name":"EFFECT_0002_EFFECT_00021"},{"time":1.7333,"name":"EFFECT_0001_EFFECT_00022"},{"time":1.7667,"name":"EFFECT_0000_EFFECT_00023"},{"time":1.8,"name":"EFFECT_0023_EFFECT_00000"},{"time":1.8333,"name":"EFFECT_0022_EFFECT_00001"},{"time":1.8667,"name":"EFFECT_0021_EFFECT_00002"},{"time":1.9,"name":"EFFECT_0020_EFFECT_00003"},{"time":1.9667,"name":"EFFECT_0019_EFFECT_00004"},{"time":2,"name":"EFFECT_0018_EFFECT_00005"},{"time":2.0333,"name":"EFFECT_0017_EFFECT_00006"},{"time":2.0667,"name":"EFFECT_0016_EFFECT_00007"},{"time":2.1,"name":"EFFECT_0015_EFFECT_00008"},{"time":2.1333,"name":"EFFECT_0014_EFFECT_00009"},{"time":2.1667,"name":"EFFECT_0013_EFFECT_00010"},{"time":2.2,"name":"EFFECT_0012_EFFECT_00011"},{"time":2.2667,"name":"EFFECT_0011_EFFECT_00012"},{"time":2.3,"name":"EFFECT_0010_EFFECT_00013"},{"time":2.3333,"name":"EFFECT_0009_EFFECT_00014"},{"time":2.3667,"name":"EFFECT_0008_EFFECT_00015"},{"time":2.4,"name":"EFFECT_0007_EFFECT_00016"},{"time":2.4333,"name":"EFFECT_0006_EFFECT_00017"},{"time":2.4667,"name":"EFFECT_0005_EFFECT_00018"},{"time":2.5,"name":"EFFECT_0004_EFFECT_00019"},{"time":2.5333,"name":"EFFECT_0003_EFFECT_00020"},{"time":2.5667,"name":"EFFECT_0002_EFFECT_00021"},{"time":2.6,"name":"EFFECT_0001_EFFECT_00022"},{"time":2.6333,"name":"EFFECT_0000_EFFECT_00023"},{"time":2.6667,"name":"EFFECT_0023_EFFECT_00000"}]}},"bones":{"bone":{"scale":[{"time":0,"x":1,"y":1},{"time":0.3333,"x":1.2,"y":1.2},{"time":0.6667,"x":1,"y":1},{"time":1,"x":1.2,"y":1.2},{"time":1.3333,"x":1,"y":1},{"time":1.6667,"x":1.2,"y":1.2},{"time":2,"x":1,"y":1},{"time":2.3333,"x":1.2,"y":1.2},{"time":2.6667,"x":1,"y":1}]}}}}},"_atlasText":"\nAVENGERS SYMBOL.png\nsize: 512,512\nformat: RGBA8888\nfilter: Linear,Linear\nrepeat: none\n1\n  rotate: false\n  xy: 1, 21\n  size: 118, 142\n  orig: 118, 142\n  offset: 0, 0\n  index: -1\n11\n  rotate: false\n  xy: 120, 21\n  size: 118, 142\n  orig: 118, 142\n  offset: 0, 0\n  index: -1\n21\n  rotate: false\n  xy: 239, 23\n  size: 116, 140\n  orig: 116, 140\n  offset: 0, 0\n  index: -1\n22\n  rotate: false\n  xy: 356, 23\n  size: 116, 140\n  orig: 116, 140\n  offset: 0, 0\n  index: -1\n5\n  rotate: false\n  xy: 473, 21\n  size: 35, 142\n  orig: 35, 142\n  offset: 0, 0\n  index: -1\n6\n  rotate: true\n  xy: 239, 1\n  size: 21, 142\n  orig: 21, 142\n  offset: 0, 0\n  index: -1\nEFFECT_0000_EFFECT_00023\n  rotate: false\n  xy: 1, 338\n  size: 169, 173\n  orig: 169, 173\n  offset: 0, 0\n  index: -1\nEFFECT_0001_EFFECT_00022\n  rotate: false\n  xy: 1, 164\n  size: 169, 173\n  orig: 169, 173\n  offset: 0, 0\n  index: -1\nEFFECT_0002_EFFECT_00021\n  rotate: false\n  xy: 171, 338\n  size: 169, 173\n  orig: 169, 173\n  offset: 0, 0\n  index: -1\nEFFECT_0003_EFFECT_00020\n  rotate: false\n  xy: 171, 164\n  size: 169, 173\n  orig: 169, 173\n  offset: 0, 0\n  index: -1\nEFFECT_0004_EFFECT_00019\n  rotate: false\n  xy: 341, 338\n  size: 169, 173\n  orig: 169, 173\n  offset: 0, 0\n  index: -1\nEFFECT_0005_EFFECT_00018\n  rotate: false\n  xy: 341, 164\n  size: 169, 173\n  orig: 169, 173\n  offset: 0, 0\n  index: -1\n\nAVENGERS SYMBOL2.png\nsize: 512,512\nformat: RGBA8888\nfilter: Linear,Linear\nrepeat: none\n16\n  rotate: true\n  xy: 1, 1\n  size: 21, 142\n  orig: 21, 142\n  offset: 0, 0\n  index: -1\n23\n  rotate: false\n  xy: 1, 23\n  size: 116, 140\n  orig: 116, 140\n  offset: 0, 0\n  index: -1\n24\n  rotate: false\n  xy: 118, 23\n  size: 116, 140\n  orig: 116, 140\n  offset: 0, 0\n  index: -1\n25\n  rotate: false\n  xy: 235, 23\n  size: 116, 140\n  orig: 116, 140\n  offset: 0, 0\n  index: -1\n26\n  rotate: false\n  xy: 352, 23\n  size: 116, 140\n  orig: 116, 140\n  offset: 0, 0\n  index: -1\n7\n  rotate: false\n  xy: 469, 21\n  size: 35, 142\n  orig: 35, 142\n  offset: 0, 0\n  index: -1\nEFFECT_0006_EFFECT_00017\n  rotate: false\n  xy: 1, 338\n  size: 169, 173\n  orig: 169, 173\n  offset: 0, 0\n  index: -1\nEFFECT_0007_EFFECT_00016\n  rotate: false\n  xy: 1, 164\n  size: 169, 173\n  orig: 169, 173\n  offset: 0, 0\n  index: -1\nEFFECT_0008_EFFECT_00015\n  rotate: false\n  xy: 171, 338\n  size: 169, 173\n  orig: 169, 173\n  offset: 0, 0\n  index: -1\nEFFECT_0009_EFFECT_00014\n  rotate: false\n  xy: 171, 164\n  size: 169, 173\n  orig: 169, 173\n  offset: 0, 0\n  index: -1\nEFFECT_0010_EFFECT_00013\n  rotate: false\n  xy: 341, 338\n  size: 169, 173\n  orig: 169, 173\n  offset: 0, 0\n  index: -1\nEFFECT_0011_EFFECT_00012\n  rotate: false\n  xy: 341, 164\n  size: 169, 173\n  orig: 169, 173\n  offset: 0, 0\n  index: -1\n\nAVENGERS SYMBOL3.png\nsize: 512,512\nformat: RGBA8888\nfilter: Linear,Linear\nrepeat: none\n15\n  rotate: false\n  xy: 469, 1\n  size: 34, 142\n  orig: 34, 142\n  offset: 0, 0\n  index: -1\n27\n  rotate: false\n  xy: 1, 3\n  size: 116, 140\n  orig: 116, 140\n  offset: 0, 0\n  index: -1\n28\n  rotate: false\n  xy: 118, 3\n  size: 116, 140\n  orig: 116, 140\n  offset: 0, 0\n  index: -1\n29\n  rotate: false\n  xy: 235, 3\n  size: 116, 140\n  orig: 116, 140\n  offset: 0, 0\n  index: -1\n30\n  rotate: false\n  xy: 352, 3\n  size: 116, 140\n  orig: 116, 140\n  offset: 0, 0\n  index: -1\nEFFECT_0012_EFFECT_00011\n  rotate: false\n  xy: 1, 318\n  size: 169, 173\n  orig: 169, 173\n  offset: 0, 0\n  index: -1\nEFFECT_0013_EFFECT_00010\n  rotate: false\n  xy: 1, 144\n  size: 169, 173\n  orig: 169, 173\n  offset: 0, 0\n  index: -1\nEFFECT_0014_EFFECT_00009\n  rotate: false\n  xy: 171, 318\n  size: 169, 173\n  orig: 169, 173\n  offset: 0, 0\n  index: -1\nEFFECT_0015_EFFECT_00008\n  rotate: false\n  xy: 171, 144\n  size: 169, 173\n  orig: 169, 173\n  offset: 0, 0\n  index: -1\nEFFECT_0016_EFFECT_00007\n  rotate: false\n  xy: 341, 318\n  size: 169, 173\n  orig: 169, 173\n  offset: 0, 0\n  index: -1\nEFFECT_0017_EFFECT_00006\n  rotate: false\n  xy: 341, 144\n  size: 169, 173\n  orig: 169, 173\n  offset: 0, 0\n  index: -1\n\nAVENGERS SYMBOL4.png\nsize: 512,512\nformat: RGBA8888\nfilter: Linear,Linear\nrepeat: none\n17\n  rotate: false\n  xy: 469, 1\n  size: 34, 142\n  orig: 34, 142\n  offset: 0, 0\n  index: -1\n31\n  rotate: false\n  xy: 1, 3\n  size: 116, 140\n  orig: 116, 140\n  offset: 0, 0\n  index: -1\n32\n  rotate: false\n  xy: 118, 3\n  size: 116, 140\n  orig: 116, 140\n  offset: 0, 0\n  index: -1\n33\n  rotate: false\n  xy: 235, 3\n  size: 116, 140\n  orig: 116, 140\n  offset: 0, 0\n  index: -1\n34\n  rotate: false\n  xy: 352, 3\n  size: 116, 140\n  orig: 116, 140\n  offset: 0, 0\n  index: -1\nEFFECT_0018_EFFECT_00005\n  rotate: false\n  xy: 1, 318\n  size: 169, 173\n  orig: 169, 173\n  offset: 0, 0\n  index: -1\nEFFECT_0019_EFFECT_00004\n  rotate: false\n  xy: 1, 144\n  size: 169, 173\n  orig: 169, 173\n  offset: 0, 0\n  index: -1\nEFFECT_0020_EFFECT_00003\n  rotate: false\n  xy: 171, 318\n  size: 169, 173\n  orig: 169, 173\n  offset: 0, 0\n  index: -1\nEFFECT_0021_EFFECT_00002\n  rotate: false\n  xy: 171, 144\n  size: 169, 173\n  orig: 169, 173\n  offset: 0, 0\n  index: -1\nEFFECT_0022_EFFECT_00001\n  rotate: false\n  xy: 341, 318\n  size: 169, 173\n  orig: 169, 173\n  offset: 0, 0\n  index: -1\nEFFECT_0023_EFFECT_00000\n  rotate: false\n  xy: 341, 144\n  size: 169, 173\n  orig: 169, 173\n  offset: 0, 0\n  index: -1\n\nAVENGERS SYMBOL5.png\nsize: 512,512\nformat: RGBA8888\nfilter: Linear,Linear\nrepeat: none\n10\n  rotate: true\n  xy: 235, 407\n  size: 104, 142\n  orig: 104, 142\n  offset: 0, 0\n  index: -1\n12\n  rotate: false\n  xy: 118, 85\n  size: 104, 142\n  orig: 104, 142\n  offset: 0, 0\n  index: -1\n13\n  rotate: true\n  xy: 1, 1\n  size: 83, 142\n  orig: 83, 142\n  offset: 0, 0\n  index: -1\n14\n  rotate: false\n  xy: 369, 179\n  size: 60, 142\n  orig: 60, 142\n  offset: 0, 0\n  index: -1\n18\n  rotate: true\n  xy: 366, 118\n  size: 60, 142\n  orig: 60, 142\n  offset: 0, 0\n  index: -1\n19\n  rotate: true\n  xy: 144, 1\n  size: 83, 142\n  orig: 83, 142\n  offset: 0, 0\n  index: -1\n2\n  rotate: false\n  xy: 118, 228\n  size: 104, 142\n  orig: 104, 142\n  offset: 0, 0\n  index: -1\n20\n  rotate: false\n  xy: 378, 369\n  size: 104, 142\n  orig: 104, 142\n  offset: 0, 0\n  index: -1\n3\n  rotate: true\n  xy: 235, 322\n  size: 84, 142\n  orig: 84, 142\n  offset: 0, 0\n  index: -1\n35\n  rotate: false\n  xy: 1, 371\n  size: 116, 140\n  orig: 116, 140\n  offset: 0, 0\n  index: -1\n36\n  rotate: false\n  xy: 1, 230\n  size: 116, 140\n  orig: 116, 140\n  offset: 0, 0\n  index: -1\n37\n  rotate: false\n  xy: 118, 371\n  size: 116, 140\n  orig: 116, 140\n  offset: 0, 0\n  index: -1\n38\n  rotate: false\n  xy: 1, 89\n  size: 116, 140\n  orig: 116, 140\n  offset: 0, 0\n  index: -1\n4\n  rotate: false\n  xy: 308, 179\n  size: 60, 142\n  orig: 60, 142\n  offset: 0, 0\n  index: -1\n8\n  rotate: true\n  xy: 223, 118\n  size: 60, 142\n  orig: 60, 142\n  offset: 0, 0\n  index: -1\n9\n  rotate: false\n  xy: 223, 179\n  size: 84, 142\n  orig: 84, 142\n  offset: 0, 0\n  index: -1\nJACKPOT 2\n  rotate: true\n  xy: 430, 199\n  size: 169, 52\n  orig: 169, 52\n  offset: 0, 0\n  index: -1\n","textures":[{"__uuid__":"eekXzyIRdGQ70C+W8Pt36S"},{"__uuid__":"53EjteGnFKhahTRp2YDPzh"},{"__uuid__":"eaA6nBHqpDopKi59JFzKTZ"},{"__uuid__":"f2IBmJTSNFfIgGfHPamaKe"},{"__uuid__":"c3CZQ+ED5PaJcjTW04j+2b"}],"textureNames":["AVENGERS SYMBOL.png","AVENGERS SYMBOL2.png","AVENGERS SYMBOL3.png","AVENGERS SYMBOL4.png","AVENGERS SYMBOL5.png"]}