{"__type__":"sp.SkeletonData","_name":"btnquay","_skeletonJson":{"skeleton":{"hash":"M/84Ca5sFc8Xb2yYbmSrBMwSCro","spine":"3.6.53","width":188.2,"height":187.4,"images":"./images/"},"bones":[{"name":"root"},{"name":"Group 3","parent":"root","x":91.07,"y":-89.51},{"name":"Group 4","parent":"root","x":93.45,"y":-93.34},{"name":"Layer 2","parent":"root","x":93.45,"y":-90.91},{"name":"Layer 3","parent":"root","x":91.02,"y":-88.31},{"name":"Layer 4","parent":"root","rotation":10.93,"x":91.02,"y":-89.9}],"slots":[{"name":"Layer 2","bone":"Layer 2","attachment":"Layer 2"},{"name":"Layer 3","bone":"Layer 3","attachment":"Layer 3"},{"name":"Layer 4","bone":"Layer 4","attachment":"Layer 4"},{"name":"Group 3","bone":"Group 3","attachment":"Group 3"},{"name":"Group 3 copy","bone":"Group 3","attachment":"Group 3 copy"},{"name":"Group 4","bone":"Group 4","attachment":"Group 4"}],"skins":{"default":{"Group 3":{"Group 3":{"x":-1.07,"y":0.51,"width":108,"height":108}},"Group 3 copy":{"Group 3 copy":{"x":-0.57,"y":0.01,"width":131,"height":131}},"Group 4":{"Group 4":{"x":-1.95,"y":1.34,"width":135,"height":40}},"Layer 2":{"Layer 2":{"x":-3.45,"y":0.91,"width":182,"height":182}},"Layer 3":{"Layer 3":{"x":-1.02,"y":-1.19,"width":180,"height":181}},"Layer 4":{"Layer 4":{"x":-0.52,"y":-0.1,"rotation":-0.1,"width":161,"height":160}}}},"animations":{"animation":{"slots":{"Group 3 copy":{"color":[{"time":0,"color":"ffffffff","curve":[0.323,0,0.657,0.34]},{"time":0.4,"color":"ffffff71","curve":[0.325,0.23,0.658,0.56]},{"time":0.8,"color":"ffffffff","curve":[0.318,0.23,0.653,0.57]},{"time":1.2,"color":"ffffff71","curve":[0.325,0.23,0.658,0.56]},{"time":1.6,"color":"ffffffff","curve":[0.25,0,0.75,1]},{"time":2,"color":"ffffff71","curve":[0.325,0.23,0.658,0.56]},{"time":2.4,"color":"ffffffff","curve":[0.318,0.23,0.653,0.57]},{"time":2.8,"color":"ffffff71","curve":[0.325,0.23,0.658,0.56]},{"time":3.2,"color":"ffffffff"}]},"Layer 3":{"color":[{"time":0,"color":"ffffff00","curve":[0.25,0,0.625,0.5]},{"time":0.5,"color":"ffffffff","curve":"stepped"},{"time":1.6,"color":"ffffffff","curve":"stepped"},{"time":2.7,"color":"ffffffff","curve":[0.375,0.5,0.75,1]},{"time":3.2,"color":"ffffff00"}]}},"bones":{"Layer 4":{"rotate":[{"time":0,"angle":-10.93},{"time":1.0667,"angle":109.07},{"time":2.1333,"angle":-130.93},{"time":3.2,"angle":-10.93}],"translate":[{"time":0,"x":0,"y":0,"curve":"stepped"},{"time":3.2,"x":0,"y":0}],"scale":[{"time":0,"x":1,"y":1,"curve":"stepped"},{"time":3.2,"x":1,"y":1}],"shear":[{"time":0,"x":0,"y":0,"curve":"stepped"},{"time":3.2,"x":0,"y":0}]},"Layer 3":{"rotate":[{"time":0,"angle":0,"curve":[0.265,0,0.618,0.43]},{"time":1.0667,"angle":-120,"curve":[0.325,0.31,0.675,0.69]},{"time":2.1333,"angle":120,"curve":[0.382,0.57,0.735,1]},{"time":3.2,"angle":0}],"translate":[{"time":0,"x":0,"y":0,"curve":"stepped"},{"time":3.2,"x":0,"y":0}],"scale":[{"time":0,"x":1,"y":1,"curve":[0.25,0,0.625,0.5]},{"time":1.6,"x":0.931,"y":0.931,"curve":[0.375,0.5,0.75,1]},{"time":3.2,"x":1,"y":1}],"shear":[{"time":0,"x":0,"y":0,"curve":"stepped"},{"time":3.2,"x":0,"y":0}]},"Layer 2":{"rotate":[{"time":0,"angle":0,"curve":"stepped"},{"time":0.8,"angle":0,"curve":"stepped"},{"time":1.6,"angle":0}],"translate":[{"time":0,"x":0,"y":0,"curve":"stepped"},{"time":0.8,"x":0,"y":0,"curve":"stepped"},{"time":1.6,"x":0,"y":0}],"scale":[{"time":0,"x":1,"y":1,"curve":"stepped"},{"time":0.8,"x":1,"y":1,"curve":"stepped"},{"time":1.6,"x":1,"y":1}],"shear":[{"time":0,"x":0,"y":0,"curve":"stepped"},{"time":0.8,"x":0,"y":0,"curve":"stepped"},{"time":1.6,"x":0,"y":0}]},"Group 4":{"rotate":[{"time":0,"angle":0,"curve":"stepped"},{"time":0.8,"angle":0,"curve":"stepped"},{"time":1.6,"angle":0,"curve":"stepped"},{"time":3.2,"angle":0}],"translate":[{"time":0,"x":0,"y":0,"curve":"stepped"},{"time":0.8,"x":0,"y":0,"curve":"stepped"},{"time":1.6,"x":0,"y":0,"curve":"stepped"},{"time":3.2,"x":0,"y":0}],"scale":[{"time":0,"x":1,"y":1,"curve":[0.276,0,0.621,0.4]},{"time":0.4,"x":1,"y":1.05,"curve":[0.314,0.27,0.657,0.64]},{"time":0.8,"x":1,"y":1,"curve":[0.375,0.5,0.75,1]},{"time":1.2667,"x":1,"y":1.05,"curve":[0.314,0.27,0.657,0.64]},{"time":1.6,"x":1,"y":1,"curve":[0.25,0,0.75,1]},{"time":2,"x":1,"y":1.05,"curve":[0.314,0.27,0.657,0.64]},{"time":2.4,"x":1,"y":1,"curve":[0.375,0.5,0.75,1]},{"time":2.8667,"x":1,"y":1.05,"curve":[0.314,0.27,0.657,0.64]},{"time":3.2,"x":1,"y":1}],"shear":[{"time":0,"x":0,"y":0,"curve":[0.276,0,0.621,0.4]},{"time":0.4,"x":0,"y":-4.49,"curve":[0.314,0.27,0.657,0.64]},{"time":0.8,"x":0,"y":0,"curve":[0.375,0.5,0.75,1]},{"time":1.2667,"x":0,"y":-4.49,"curve":[0.314,0.27,0.657,0.64]},{"time":1.6,"x":0,"y":0,"curve":[0.25,0,0.75,1]},{"time":2,"x":0,"y":-4.49,"curve":[0.314,0.27,0.657,0.64]},{"time":2.4,"x":0,"y":0,"curve":[0.375,0.5,0.75,1]},{"time":2.8667,"x":0,"y":-4.49,"curve":[0.314,0.27,0.657,0.64]},{"time":3.2,"x":0,"y":0}]},"Group 3":{"rotate":[{"time":0,"angle":0},{"time":0.5333,"angle":-120},{"time":1.0667,"angle":120},{"time":1.6,"angle":0},{"time":2.1333,"angle":-120},{"time":2.6667,"angle":120},{"time":3.2,"angle":0}],"translate":[{"time":0,"x":0,"y":0,"curve":"stepped"},{"time":1.6,"x":0,"y":0,"curve":"stepped"},{"time":3.2,"x":0,"y":0}],"scale":[{"time":0,"x":1,"y":1,"curve":"stepped"},{"time":1.6,"x":1,"y":1,"curve":"stepped"},{"time":3.2,"x":1,"y":1}],"shear":[{"time":0,"x":0,"y":0,"curve":"stepped"},{"time":1.6,"x":0,"y":0,"curve":"stepped"},{"time":3.2,"x":0,"y":0}]}}}}},"_atlasText":"\r\nbtnquay.png\r\nsize: 764,184\r\nformat: RGBA8888\r\nfilter: Linear,Linear\r\nrepeat: none\r\nGroup 3\r\n  rotate: false\r\n  xy: 656, 76\r\n  size: 106, 106\r\n  orig: 108, 108\r\n  offset: 1, 1\r\n  index: -1\r\nGroup 3 copy\r\n  rotate: false\r\n  xy: 525, 53\r\n  size: 129, 129\r\n  orig: 131, 131\r\n  offset: 1, 1\r\n  index: -1\r\nGroup 4\r\n  rotate: false\r\n  xy: 525, 13\r\n  size: 133, 38\r\n  orig: 135, 40\r\n  offset: 1, 1\r\n  index: -1\r\nLayer 2\r\n  rotate: false\r\n  xy: 2, 2\r\n  size: 180, 180\r\n  orig: 182, 182\r\n  offset: 1, 1\r\n  index: -1\r\nLayer 3\r\n  rotate: false\r\n  xy: 184, 3\r\n  size: 178, 179\r\n  orig: 180, 181\r\n  offset: 1, 1\r\n  index: -1\r\nLayer 4\r\n  rotate: false\r\n  xy: 364, 24\r\n  size: 159, 158\r\n  orig: 161, 160\r\n  offset: 1, 1\r\n  index: -1\r\n","textures":[{"__uuid__":"2e4fIbNAhBgaPRTFzmqt5l"}],"textureNames":["btnquay.png"]}