{"__type__":"sp.SkeletonData","_name":"zoneFx_0","_skeletonJson":{"skeleton":{"hash":"eXVVdpkctD9t+38RtZA/Ly5f1fk","spine":"3.6.53","width":400,"height":100,"images":"../ANIM FREE PLAY BUTTON/"},"bones":[{"name":"root","rotation":180},{"name":"CENTER","parent":"root"},{"name":"LIGHT","parent":"CENTER","length":6,"y":-8.54},{"name":"LIGHT2","parent":"CENTER","length":6,"y":-8.54},{"name":"LIGHT3","parent":"CENTER","length":6,"y":-8.54},{"name":"LIGHT4","parent":"CENTER","length":6,"y":-8.54},{"name":"LIGHT5","parent":"CENTER","length":6,"y":-8.54},{"name":"TEXT","parent":"CENTER","rotation":180,"y":6.57}],"slots":[{"name":"BUTTON","bone":"root","attachment":"BUTTON"},{"name":"LIGHT","bone":"root","color":"ffffff00","attachment":"LIGHT","blend":"additive"},{"name":"LIGHT2","bone":"root","color":"ffffff00","attachment":"LIGHT","blend":"additive"},{"name":"LIGHT3","bone":"root","color":"ffffff00","attachment":"LIGHT","blend":"additive"},{"name":"LIGHT4","bone":"root","color":"ffffff00","attachment":"LIGHT","blend":"additive"},{"name":"LIGHT5","bone":"root","color":"ffffff00","attachment":"LIGHT","blend":"additive"},{"name":"TEXT","bone":"root","attachment":"TEXT"}],"skins":{"default":{"BUTTON":{"BUTTON":{"type":"mesh","uvs":[1,1,0,1,0,0,1,0],"triangles":[1,2,3,1,3,0],"vertices":[1,1,200,-51.96,1,1,1,-200,-51.96,1,1,1,-200,48.04,1,1,1,200,48.04,1],"hull":4,"edges":[0,2,2,4,4,6,0,6],"width":400,"height":100}},"LIGHT":{"LIGHT":{"type":"mesh","uvs":[1,1,0,1,0,0,1,0],"triangles":[1,2,3,1,3,0],"vertices":[1,2,184.5,-43.42,1,1,2,-184.5,-43.42,1,1,2,-184.5,56.58,1,1,2,184.5,56.58,1],"hull":4,"edges":[0,2,2,4,4,6,0,6],"width":369,"height":100}},"LIGHT2":{"LIGHT":{"type":"mesh","uvs":[1,1,0,1,0,0,1,0],"triangles":[1,3,0,1,2,3],"vertices":[1,3,184.5,-43.42,1,1,3,-184.5,-43.42,1,1,3,-184.5,56.58,1,1,3,184.5,56.58,1],"hull":4,"edges":[0,2,2,4,4,6,0,6],"width":369,"height":100}},"LIGHT3":{"LIGHT":{"type":"mesh","uvs":[1,1,0,1,0,0,1,0],"triangles":[1,2,3,1,3,0],"vertices":[1,4,184.5,-43.42,1,1,4,-184.5,-43.42,1,1,4,-184.5,56.58,1,1,4,184.5,56.58,1],"hull":4,"edges":[0,2,2,4,4,6,0,6],"width":369,"height":100}},"LIGHT4":{"LIGHT":{"type":"mesh","uvs":[1,1,0,1,0,0,1,0],"triangles":[1,2,3,1,3,0],"vertices":[1,5,184.5,-43.42,1,1,5,-184.5,-43.42,1,1,5,-184.5,56.58,1,1,5,184.5,56.58,1],"hull":4,"edges":[0,2,2,4,4,6,0,6],"width":369,"height":100}},"LIGHT5":{"LIGHT":{"type":"mesh","uvs":[1,1,0,1,0,0,1,0],"triangles":[1,2,3,1,3,0],"vertices":[1,6,184.5,-43.42,1,1,6,-184.5,-43.42,1,1,6,-184.5,56.58,1,1,6,184.5,56.58,1],"hull":4,"edges":[0,2,2,4,4,6,0,6],"width":369,"height":100}},"TEXT":{"TEXT":{"type":"mesh","uvs":[1,1,0,1,0,0,1,0],"triangles":[1,2,3,1,3,0],"vertices":[1,7,92,-25.96,1,1,7,-92,-25.96,1,1,7,-92,24.04,1,1,7,92,24.04,1],"hull":4,"edges":[0,2,2,4,4,6,0,6],"width":184,"height":50}}}},"animations":{"zoneFx_0":{"slots":{"LIGHT":{"color":[{"time":0,"color":"ffffff00","curve":[0,0.48,0.647,0.64]},{"time":0.1,"color":"ffffffff","curve":"stepped"},{"time":0.4,"color":"ffffffff","curve":[0,0.48,0.647,0.64]},{"time":0.5,"color":"ffffff00"}]},"LIGHT2":{"color":[{"time":0.1,"color":"ffffff00","curve":[0,0.48,0.647,0.64]},{"time":0.2,"color":"ffffffff","curve":"stepped"},{"time":0.5,"color":"ffffffff","curve":[0,0.48,0.647,0.64]},{"time":0.6,"color":"ffffff00"}]},"LIGHT3":{"color":[{"time":0.2,"color":"ffffff00","curve":[0,0.48,0.647,0.64]},{"time":0.3,"color":"ffffffff","curve":"stepped"},{"time":0.6,"color":"ffffffff","curve":[0,0.48,0.647,0.64]},{"time":0.7,"color":"ffffff00"}]},"LIGHT4":{"color":[{"time":0.3,"color":"ffffff00","curve":[0,0.48,0.647,0.64]},{"time":0.4,"color":"ffffffff","curve":"stepped"},{"time":0.7,"color":"ffffffff","curve":[0,0.48,0.647,0.64]},{"time":0.8,"color":"ffffff00"}]},"LIGHT5":{"color":[{"time":0.4,"color":"ffffff00","curve":[0,0.48,0.647,0.64]},{"time":0.5,"color":"ffffffff","curve":"stepped"},{"time":0.8,"color":"ffffffff","curve":[0,0.48,0.647,0.64]},{"time":0.9,"color":"ffffff00"}]}},"bones":{"LIGHT5":{"translate":[{"time":0,"x":0,"y":-19.94,"curve":"stepped"},{"time":0.4,"x":0,"y":-19.94,"curve":[0,0.57,0.611,0.62]},{"time":0.9,"x":0,"y":0}],"scale":[{"time":0.4,"x":0,"y":0,"curve":[0,0.57,0.611,0.62]},{"time":0.9,"x":1,"y":1}]},"LIGHT4":{"translate":[{"time":0,"x":0,"y":-19.94,"curve":"stepped"},{"time":0.3,"x":0,"y":-19.94,"curve":[0,0.57,0.611,0.62]},{"time":0.8,"x":0,"y":0}],"scale":[{"time":0.3,"x":0,"y":0,"curve":[0,0.57,0.611,0.62]},{"time":0.8,"x":1,"y":1}]},"LIGHT3":{"translate":[{"time":0,"x":0,"y":-19.94,"curve":"stepped"},{"time":0.2,"x":0,"y":-19.94,"curve":[0,0.57,0.611,0.62]},{"time":0.7,"x":0,"y":0}],"scale":[{"time":0.2,"x":0,"y":0,"curve":[0,0.57,0.611,0.62]},{"time":0.7,"x":1,"y":1}]},"LIGHT2":{"translate":[{"time":0,"x":0,"y":-19.94,"curve":"stepped"},{"time":0.1,"x":0,"y":-19.94,"curve":[0,0.57,0.611,0.62]},{"time":0.6,"x":0,"y":0}],"scale":[{"time":0.1,"x":0,"y":0,"curve":[0,0.57,0.611,0.62]},{"time":0.6,"x":1,"y":1}]},"LIGHT":{"translate":[{"time":0,"x":0,"y":-19.94,"curve":[0,0.57,0.611,0.62]},{"time":0.5,"x":0,"y":0}],"scale":[{"time":0,"x":0,"y":0,"curve":[0,0.57,0.611,0.62]},{"time":0.5,"x":1,"y":1}]},"TEXT":{"rotate":[{"time":0,"angle":0,"curve":"stepped"},{"time":0.5,"angle":0},{"time":0.5667,"angle":4.94},{"time":0.6333,"angle":-4.44},{"time":0.7,"angle":3.6},{"time":0.7667,"angle":-4.04},{"time":0.8333,"angle":0,"curve":"stepped"},{"time":0.9,"angle":0}]}}}}},"_atlasText":"\nPLAY FREE BUTTON.png\nsize: 1024,128\nformat: RGBA8888\nfilter: Linear,Linear\nrepeat: none\nBUTTON\n  rotate: false\n  xy: 0, 0\n  size: 400, 100\n  orig: 400, 100\n  offset: 0, 0\n  index: -1\nLIGHT\n  rotate: false\n  xy: 400, 0\n  size: 369, 100\n  orig: 369, 100\n  offset: 0, 0\n  index: -1\nTEXT\n  rotate: false\n  xy: 769, 50\n  size: 184, 50\n  orig: 184, 50\n  offset: 0, 0\n  index: -1\n","textures":[{"__uuid__":"f3Wcj/ZxdAHJjZTeGNM30h"}],"textureNames":["PLAY FREE BUTTON.png"]}