{"__type__":"cc.AnimationClip","_name":"jackpot","_duration":5,"curveData":{"paths":{"HUNohu1":{"props":{"position":[{"frame":0,"value":[0,1098.687,0]},{"frame":0.2,"value":[0,0,0]}],"scale":[{"frame":0.3333333333333333,"value":{"__type__":"cc.Vec2","x":1,"y":1}},{"frame":0.38333333333333336,"value":{"__type__":"cc.Vec2","x":1.05,"y":1.05}},{"frame":0.43333333333333335,"value":{"__type__":"cc.Vec2","x":1,"y":1}},{"frame":1.7666666666666666,"value":{"__type__":"cc.Vec2","x":1,"y":1}},{"frame":1.8166666666666667,"value":{"__type__":"cc.Vec2","x":1.05,"y":1.05}},{"frame":1.8666666666666667,"value":{"__type__":"cc.Vec2","x":1,"y":1}},{"frame":3.183333333333333,"value":{"__type__":"cc.Vec2","x":1,"y":1}},{"frame":3.2333333333333334,"value":{"__type__":"cc.Vec2","x":1.05,"y":1.05}},{"frame":3.283333333333333,"value":{"__type__":"cc.Vec2","x":1,"y":1}},{"frame":5,"value":{"__type__":"cc.Vec2","x":1,"y":1}}]}},"HUnohu2":{"props":{"position":[{"frame":0,"value":[0,-99,0]},{"frame":0.2,"value":[0,-99,0]},{"frame":0.2833333333333333,"value":[0,20,0]},{"frame":0.3,"value":[0,0,0]},{"frame":0.31666666666666665,"value":[0,10,0]},{"frame":0.3333333333333333,"value":[0,0,0]}],"scale":[{"frame":0,"value":{"__type__":"cc.Vec2","x":1,"y":1}},{"frame":0.2,"value":{"__type__":"cc.Vec2","x":1,"y":1}},{"frame":0.5,"value":{"__type__":"cc.Vec2","x":1,"y":1}},{"frame":0.6166666666666667,"value":{"__type__":"cc.Vec2","x":1.05,"y":1.05}},{"frame":0.7333333333333333,"value":{"__type__":"cc.Vec2","x":1,"y":1}},{"frame":0.85,"value":{"__type__":"cc.Vec2","x":1.05,"y":1.05}},{"frame":0.9666666666666667,"value":{"__type__":"cc.Vec2","x":1,"y":1}},{"frame":1.0833333333333333,"value":{"__type__":"cc.Vec2","x":1.05,"y":1.05}},{"frame":1.2,"value":{"__type__":"cc.Vec2","x":1,"y":1}},{"frame":1.3166666666666667,"value":{"__type__":"cc.Vec2","x":1.05,"y":1.05}},{"frame":1.4666666666666666,"value":{"__type__":"cc.Vec2","x":1,"y":1}},{"frame":1.5833333333333333,"value":{"__type__":"cc.Vec2","x":1.05,"y":1.05}},{"frame":1.7,"value":{"__type__":"cc.Vec2","x":1,"y":1}},{"frame":1.8166666666666667,"value":{"__type__":"cc.Vec2","x":1.05,"y":1.05}},{"frame":1.9666666666666666,"value":{"__type__":"cc.Vec2","x":1,"y":1}},{"frame":2.0833333333333335,"value":{"__type__":"cc.Vec2","x":1.05,"y":1.05}},{"frame":2.2,"value":{"__type__":"cc.Vec2","x":1,"y":1}},{"frame":2.316666666666667,"value":{"__type__":"cc.Vec2","x":1.05,"y":1.05}},{"frame":2.466666666666667,"value":{"__type__":"cc.Vec2","x":1,"y":1}},{"frame":2.5833333333333335,"value":{"__type__":"cc.Vec2","x":1.05,"y":1.05}},{"frame":2.7,"value":{"__type__":"cc.Vec2","x":1,"y":1}},{"frame":2.816666666666667,"value":{"__type__":"cc.Vec2","x":1.05,"y":1.05}},{"frame":2.966666666666667,"value":{"__type__":"cc.Vec2","x":1,"y":1}},{"frame":3.0833333333333335,"value":{"__type__":"cc.Vec2","x":1.05,"y":1.05}},{"frame":3.2,"value":{"__type__":"cc.Vec2","x":1,"y":1}},{"frame":3.316666666666667,"value":{"__type__":"cc.Vec2","x":1.05,"y":1.05}},{"frame":3.466666666666667,"value":{"__type__":"cc.Vec2","x":1,"y":1}},{"frame":3.5833333333333335,"value":{"__type__":"cc.Vec2","x":1.05,"y":1.05}},{"frame":3.7,"value":{"__type__":"cc.Vec2","x":1,"y":1}},{"frame":3.816666666666667,"value":{"__type__":"cc.Vec2","x":1.05,"y":1.05}},{"frame":3.966666666666667,"value":{"__type__":"cc.Vec2","x":1,"y":1}},{"frame":4.083333333333333,"value":{"__type__":"cc.Vec2","x":1.05,"y":1.05}},{"frame":4.2,"value":{"__type__":"cc.Vec2","x":1,"y":1}},{"frame":4.316666666666666,"value":{"__type__":"cc.Vec2","x":1.05,"y":1.05}},{"frame":4.466666666666667,"value":{"__type__":"cc.Vec2","x":1,"y":1}},{"frame":4.583333333333333,"value":{"__type__":"cc.Vec2","x":1.05,"y":1.05}},{"frame":4.7,"value":{"__type__":"cc.Vec2","x":1,"y":1}},{"frame":4.816666666666666,"value":{"__type__":"cc.Vec2","x":1.05,"y":1.05}},{"frame":4.966666666666667,"value":{"__type__":"cc.Vec2","x":1,"y":1}}],"opacity":[{"frame":0,"value":0},{"frame":0.2,"value":0},{"frame":0.2833333333333333,"value":255}]}}}}}