{"__type__":"sp.SkeletonData","_name":"ICON","_skeletonJson":{"skeleton":{"hash":"Aowv+5RiyCZ7zSnmEKi7PpJQHaA","spine":"3.6.53","width":171,"height":171,"images":"../Images/"},"bones":[{"name":"root"},{"name":"bone","parent":"root","length":48.45,"rotation":142.24,"x":-24.27,"y":-0.89},{"name":"bone2","parent":"root","length":44.82,"rotation":112.28,"x":-22.26,"y":16.97},{"name":"bone3","parent":"root","length":40.61,"rotation":90,"x":-10.74,"y":28.78},{"name":"bone4","parent":"root","length":38.91,"rotation":61.73,"x":8.56,"y":28.78},{"name":"bone5","parent":"root","length":52,"rotation":47.92,"x":27.85,"y":2.57},{"name":"bone6","parent":"root","length":39.79,"rotation":92.9,"x":1.65,"y":-57.33},{"name":"bone7","parent":"root","length":56.33,"rotation":147.53,"x":-49.91,"y":-17.01}],"slots":[{"name":"BG2","bone":"bone7","attachment":"BG"},{"name":"BG","bone":"root"},{"name":"11","bone":"bone","attachment":"10"},{"name":"10","bone":"root"},{"name":"J2","bone":"bone2","attachment":"J"},{"name":"J","bone":"root"},{"name":"Q2","bone":"bone3","attachment":"Q"},{"name":"Q","bone":"root"},{"name":"K2","bone":"bone4","attachment":"K"},{"name":"K","bone":"root"},{"name":"A2","bone":"bone5","attachment":"A"},{"name":"A","bone":"root"},{"name":"PO2","bone":"bone6","attachment":"PO"},{"name":"PO","bone":"root"}],"skins":{"default":{"11":{"10":{"x":12.19,"y":-11,"rotation":-142.24,"width":100,"height":90}},"A2":{"A":{"x":8.6,"y":-0.27,"rotation":-47.92,"width":94,"height":99}},"BG2":{"BG":{"x":-32.97,"y":-41.15,"rotation":-147.53,"width":171,"height":171}},"J2":{"J":{"x":-0.03,"y":-11.42,"rotation":-112.28,"width":89,"height":100}},"K2":{"K":{"x":-4.36,"y":-15.13,"rotation":-61.73,"width":76,"height":97}},"PO2":{"PO":{"x":6.77,"y":2.98,"rotation":-92.9,"width":133,"height":48}},"Q2":{"Q":{"x":-5.51,"y":-15.56,"rotation":-90,"width":66,"height":92}}}},"animations":{"animation":{"bones":{"root":{"rotate":[{"time":0,"angle":0}],"translate":[{"time":0,"x":0,"y":0}],"scale":[{"time":0,"x":1,"y":1}]},"bone":{"rotate":[{"time":0,"angle":-62.54,"curve":[0.25,0,0.75,1]},{"time":0.6667,"angle":0,"curve":"stepped"},{"time":2,"angle":0,"curve":[0.25,0,0.75,1]},{"time":2.6667,"angle":-62.54}],"translate":[{"time":0,"x":11.14,"y":-19.42,"curve":[0.25,0,0.75,1]},{"time":0.6667,"x":0,"y":0,"curve":"stepped"},{"time":2,"x":0,"y":0,"curve":[0.25,0,0.75,1]},{"time":2.6667,"x":11.14,"y":-19.42}],"scale":[{"time":0,"x":1,"y":1,"curve":"stepped"},{"time":0.6667,"x":1,"y":1,"curve":"stepped"},{"time":2,"x":1,"y":1,"curve":"stepped"},{"time":2.6667,"x":1,"y":1}]},"bone2":{"rotate":[{"time":0,"angle":-30.36,"curve":[0.25,0,0.75,1]},{"time":0.6667,"angle":0,"curve":"stepped"},{"time":2,"angle":0,"curve":[0.25,0,0.75,1]},{"time":2.6667,"angle":-30.36}],"translate":[{"time":0,"x":10.88,"y":-25.38,"curve":[0.25,0,0.75,1]},{"time":0.6667,"x":0,"y":0,"curve":"stepped"},{"time":2,"x":0,"y":0,"curve":[0.25,0,0.75,1]},{"time":2.6667,"x":10.88,"y":-25.38}],"scale":[{"time":0,"x":1,"y":1,"curve":"stepped"},{"time":0.6667,"x":1,"y":1,"curve":"stepped"},{"time":2,"x":1,"y":1,"curve":"stepped"},{"time":2.6667,"x":1,"y":1}]},"bone3":{"rotate":[{"time":0,"angle":-2.92,"curve":[0.25,0,0.75,1]},{"time":0.6667,"angle":0,"curve":"stepped"},{"time":2,"angle":0,"curve":[0.25,0,0.75,1]},{"time":2.6667,"angle":-2.92}],"translate":[{"time":0,"x":-4.92,"y":-31.08,"curve":[0.25,0,0.75,1]},{"time":0.6667,"x":0,"y":0,"curve":"stepped"},{"time":2,"x":0,"y":0,"curve":[0.25,0,0.75,1]},{"time":2.6667,"x":-4.92,"y":-31.08}],"scale":[{"time":0,"x":1,"y":1,"curve":"stepped"},{"time":0.6667,"x":1,"y":1,"curve":"stepped"},{"time":2,"x":1,"y":1,"curve":"stepped"},{"time":2.6667,"x":1,"y":1}]},"bone4":{"rotate":[{"time":0,"angle":14.91,"curve":[0.25,0,0.75,1]},{"time":0.6667,"angle":0,"curve":"stepped"},{"time":2,"angle":0,"curve":[0.25,0,0.75,1]},{"time":2.6667,"angle":14.91}],"translate":[{"time":0,"x":-22.53,"y":-28.49,"curve":[0.25,0,0.75,1]},{"time":0.6667,"x":0,"y":0,"curve":"stepped"},{"time":2,"x":0,"y":0,"curve":[0.25,0,0.75,1]},{"time":2.6667,"x":-22.53,"y":-28.49}],"scale":[{"time":0,"x":1,"y":1,"curve":"stepped"},{"time":0.6667,"x":1,"y":1,"curve":"stepped"},{"time":2,"x":1,"y":1,"curve":"stepped"},{"time":2.6667,"x":1,"y":1}]},"bone5":{"rotate":[{"time":0,"angle":37.81,"curve":[0.25,0,0.75,1]},{"time":0.6667,"angle":0,"curve":"stepped"},{"time":2,"angle":0,"curve":[0.25,0,0.75,1]},{"time":2.6667,"angle":37.81}],"translate":[{"time":0,"x":-28.23,"y":-18.13,"curve":[0.25,0,0.75,1]},{"time":0.6667,"x":0,"y":0,"curve":"stepped"},{"time":2,"x":0,"y":0,"curve":[0.25,0,0.75,1]},{"time":2.6667,"x":-28.23,"y":-18.13}],"scale":[{"time":0,"x":1,"y":1,"curve":"stepped"},{"time":0.6667,"x":1,"y":1,"curve":"stepped"},{"time":2,"x":1,"y":1,"curve":"stepped"},{"time":2.6667,"x":1,"y":1}]},"bone6":{"rotate":[{"time":0,"angle":0,"curve":"stepped"},{"time":1,"angle":0,"curve":"stepped"},{"time":2.6667,"angle":0}],"translate":[{"time":0,"x":0,"y":0,"curve":[0.25,0,0.75,1]},{"time":0.5,"x":0,"y":15.28,"curve":[0.25,0,0.75,1]},{"time":1,"x":0,"y":0,"curve":[0.25,0,0.75,1]},{"time":1.8333,"x":0,"y":15.28,"curve":[0.25,0,0.75,1]},{"time":2.6667,"x":0,"y":0}],"scale":[{"time":0,"x":1,"y":1,"curve":"stepped"},{"time":1,"x":1,"y":1,"curve":"stepped"},{"time":2.6667,"x":1,"y":1}]},"bone7":{"rotate":[{"time":0,"angle":0}],"translate":[{"time":0,"x":0,"y":0}],"scale":[{"time":0,"x":1,"y":1}]}}}}},"_atlasText":"\nICON.png\nsize: 512,256\nformat: RGBA8888\nfilter: Linear,Linear\nrepeat: none\n10\n  rotate: false\n  xy: 271, 133\n  size: 100, 90\n  orig: 100, 90\n  offset: 0, 0\n  index: -1\nA\n  rotate: false\n  xy: 175, 124\n  size: 94, 99\n  orig: 94, 99\n  offset: 0, 0\n  index: -1\nBG\n  rotate: false\n  xy: 2, 52\n  size: 171, 171\n  orig: 171, 171\n  offset: 0, 0\n  index: -1\nJ\n  rotate: true\n  xy: 373, 134\n  size: 89, 100\n  orig: 89, 100\n  offset: 0, 0\n  index: -1\nK\n  rotate: true\n  xy: 175, 46\n  size: 76, 97\n  orig: 76, 97\n  offset: 0, 0\n  index: -1\nPO\n  rotate: false\n  xy: 2, 2\n  size: 133, 48\n  orig: 133, 48\n  offset: 0, 0\n  index: -1\nQ\n  rotate: true\n  xy: 274, 65\n  size: 66, 92\n  orig: 66, 92\n  offset: 0, 0\n  index: -1\n","textures":[{"__uuid__":"ad40fTwH5L2r6y7GqViZaq"}],"textureNames":["ICON.png"]}