{"__type__":"dragonBones.DragonBonesAsset","_name":"tuobaoguiwang_ske","_dragonBonesJson":"{\"frameRate\":24,\"name\":\"tuobaoguiwang\",\"version\":\"5.5\",\"compatibleVersion\":\"5.5\",\"armature\":[{\"type\":\"Armature\",\"frameRate\":24,\"name\":\"tuobaoguiwang\",\"aabb\":{\"x\":-640,\"y\":-360,\"width\":1280,\"height\":720},\"bone\":[{\"name\":\"root\"},{\"name\":\"shenxian\",\"parent\":\"root\",\"transform\":{\"x\":10.9504,\"y\":-53.9949,\"scX\":1.1881,\"scY\":0.992}}],\"slot\":[{\"displayIndex\":15,\"name\":\"gui_00000\",\"parent\":\"root\"},{\"blendMode\":\"add\",\"name\":\"shenxian\",\"parent\":\"shenxian\",\"color\":{\"gM\":94,\"bM\":0}}],\"skin\":[{\"slot\":[{\"name\":\"shenxian\",\"display\":[{\"name\":\"shexian\"}]},{\"name\":\"gui_00000\",\"display\":[{\"name\":\"gui_00015\"},{\"name\":\"gui_00014\"},{\"name\":\"gui_00013\"},{\"name\":\"gui_00012\"},{\"name\":\"gui_00011\"},{\"name\":\"gui_00010\"},{\"name\":\"gui_00009\"},{\"name\":\"gui_00008\"},{\"name\":\"gui_00007\"},{\"name\":\"gui_00006\"},{\"name\":\"gui_00005\"},{\"name\":\"gui_00004\"},{\"name\":\"gui_00003\"},{\"name\":\"gui_00002\"},{\"name\":\"gui_00001\"},{\"name\":\"gui_00000\"}]}]}],\"animation\":[{\"duration\":15,\"playTimes\":0,\"name\":\"newAnimation\",\"bone\":[{\"name\":\"shenxian\",\"translateFrame\":[{\"duration\":4,\"tweenEasing\":0},{\"duration\":3,\"tweenEasing\":0,\"x\":2.28},{\"duration\":2,\"tweenEasing\":0,\"y\":0.57},{\"duration\":4,\"tweenEasing\":0,\"x\":-1.14,\"y\":0.57},{\"duration\":2,\"tweenEasing\":0,\"x\":-3.42,\"y\":0.57},{\"duration\":0}],\"scaleFrame\":[{\"duration\":7,\"tweenEasing\":0,\"x\":0.67,\"y\":0.67},{\"duration\":8,\"tweenEasing\":0,\"x\":0.93,\"y\":0.93},{\"duration\":0,\"x\":0.76,\"y\":0.76}]}],\"slot\":[{\"name\":\"gui_00000\",\"displayFrame\":[{\"value\":15},{\"value\":14},{\"value\":13},{\"value\":12},{\"value\":11},{\"value\":10},{\"value\":9},{\"value\":8},{\"value\":7},{\"value\":6},{\"value\":5},{\"value\":4},{\"value\":3},{\"value\":2},{\"value\":1},{\"duration\":0}]},{\"name\":\"shenxian\",\"colorFrame\":[{\"duration\":7,\"tweenEasing\":0,\"value\":{\"aM\":53,\"gM\":94,\"bM\":0}},{\"duration\":8,\"tweenEasing\":0,\"value\":{\"gM\":94,\"bM\":0}},{\"duration\":0,\"value\":{\"aM\":50,\"gM\":94,\"bM\":0}}]}]}],\"defaultActions\":[{\"gotoAndPlay\":\"newAnimation\"}],\"canvas\":{\"width\":1280,\"height\":720}}]}"}