{"__type__":"dragonBones.DragonBonesAsset","_name":"jinjiahusha_ske","_dragonBonesJson":"{\"frameRate\":24,\"name\":\"jinjiahusha\",\"version\":\"5.5\",\"compatibleVersion\":\"5.5\",\"armature\":[{\"type\":\"Sheet\",\"frameRate\":24,\"name\":\"jinjiahusha\",\"aabb\":{\"x\":-529,\"y\":-347.5,\"width\":1020,\"height\":765},\"bone\":[{\"name\":\"root\"}],\"slot\":[{\"displayIndex\":11,\"name\":\"sheetSlot\",\"parent\":\"root\"}],\"skin\":[{\"slot\":[{\"name\":\"sheetSlot\",\"display\":[{\"name\":\"kyby_jjhs_01\",\"transform\":{\"x\":-19,\"y\":35}},{\"name\":\"kyby_jjhs_02\",\"transform\":{\"x\":-19,\"y\":35}},{\"name\":\"kyby_jjhs_03\",\"transform\":{\"x\":-19,\"y\":35}},{\"name\":\"kyby_jjhs_04\",\"transform\":{\"x\":-19,\"y\":35}},{\"name\":\"kyby_jjhs_05\",\"transform\":{\"x\":-19,\"y\":35}},{\"name\":\"kyby_jjhs_06\",\"transform\":{\"x\":-19,\"y\":35}},{\"name\":\"kyby_jjhs_07\",\"transform\":{\"x\":-19,\"y\":35}},{\"name\":\"kyby_jjhs_08\",\"transform\":{\"x\":-19,\"y\":35}},{\"name\":\"kyby_jjhs_09\",\"transform\":{\"x\":-19,\"y\":35}},{\"name\":\"kyby_jjhs_10\",\"transform\":{\"x\":-19,\"y\":35}},{\"name\":\"kyby_jjhs_11\",\"transform\":{\"x\":-19,\"y\":35}},{\"name\":\"kyby_jjhs_12\",\"transform\":{\"x\":-19,\"y\":35}},{\"name\":\"kyby_jjhs_13\",\"transform\":{\"x\":-19,\"y\":35}},{\"name\":\"kyby_jjhs_14\",\"transform\":{\"x\":-19,\"y\":35}},{\"name\":\"kyby_jjhs_15\",\"transform\":{\"x\":-19,\"y\":35}},{\"name\":\"kyby_jjhs_16\",\"transform\":{\"x\":-19,\"y\":35}}]}]}],\"animation\":[{\"duration\":16,\"playTimes\":0,\"name\":\"jinjiahusha\",\"slot\":[{\"name\":\"sheetSlot\",\"displayFrame\":[{},{\"value\":1},{\"value\":2},{\"value\":3},{\"value\":4},{\"value\":5},{\"value\":6},{\"value\":7},{\"value\":8},{\"value\":9},{\"value\":10},{\"value\":11},{\"value\":12},{\"value\":13},{\"value\":14},{\"value\":15}]}]}],\"defaultActions\":[{\"gotoAndPlay\":\"jinjiahusha\"}]}]}"}