{"__type__":"sp.SkeletonData","_name":"ICON","_skeletonJson":{"skeleton":{"hash":"APIGQ7/hDsPjq0qEh7aeDVod26E","spine":"3.6.53","width":171,"height":171,"images":"../Images/"},"bones":[{"name":"root"},{"name":"bone","parent":"root","length":68.26,"rotation":112.29,"x":-30.7,"y":-14.11},{"name":"bone2","parent":"root","length":58.11,"rotation":95.5,"x":-10.38,"y":10.33},{"name":"bone3","parent":"root","length":67.06,"rotation":65.93,"x":25.44,"y":13.96},{"name":"bone4","parent":"root","length":59.42,"rotation":86.26,"x":0.51,"y":-61.79},{"name":"bone5","parent":"root","length":77.18,"rotation":117.85,"x":-54.66,"y":-5.64}],"slots":[{"name":"BG2","bone":"bone5","attachment":"BG"},{"name":"BG","bone":"root"},{"name":"5","bone":"bone","attachment":"1"},{"name":"1","bone":"root"},{"name":"6","bone":"bone2","attachment":"2"},{"name":"2","bone":"root"},{"name":"7","bone":"bone3","attachment":"3"},{"name":"3","bone":"root"},{"name":"8","bone":"bone4","attachment":"4"},{"name":"4","bone":"root"}],"skins":{"default":{"5":{"1":{"x":22.04,"y":-18.88,"rotation":-112.29,"width":104,"height":120}},"6":{"2":{"x":7.3,"y":-14.04,"rotation":-95.5,"width":81,"height":111}},"7":{"3":{"x":0.78,"y":-1.8,"rotation":-65.93,"width":100,"height":119}},"8":{"4":{"x":16.55,"y":3.2,"rotation":-86.26,"width":158,"height":61}},"BG2":{"BG":{"x":-20.55,"y":-50.97,"rotation":-117.85,"width":171,"height":171}}}},"animations":{"animation":{"bones":{"root":{"rotate":[{"time":0,"angle":0}],"translate":[{"time":0,"x":0,"y":0}],"scale":[{"time":0,"x":1,"y":1}]},"bone":{"rotate":[{"time":0,"angle":-27.96,"curve":[0.25,0,0.75,1]},{"time":0.6667,"angle":0,"curve":"stepped"},{"time":2,"angle":0,"curve":[0.25,0,0.75,1]},{"time":2.6667,"angle":-27.96}],"translate":[{"time":0,"x":17.89,"y":-4.47,"curve":[0.25,0,0.75,1]},{"time":0.6667,"x":0,"y":0,"curve":"stepped"},{"time":2,"x":0,"y":0,"curve":[0.25,0,0.75,1]},{"time":2.6667,"x":17.89,"y":-4.47}],"scale":[{"time":0,"x":1,"y":1,"curve":"stepped"},{"time":0.6667,"x":1,"y":1,"curve":"stepped"},{"time":2,"x":1,"y":1,"curve":"stepped"},{"time":2.6667,"x":1,"y":1}]},"bone2":{"rotate":[{"time":0,"angle":-6.75,"curve":[0.25,0,0.75,1]},{"time":0.6667,"angle":0,"curve":"stepped"},{"time":2,"angle":0,"curve":[0.25,0,0.75,1]},{"time":2.6667,"angle":-6.75}],"translate":[{"time":0,"x":5.54,"y":-16.4,"curve":[0.25,0,0.75,1]},{"time":0.6667,"x":0,"y":0,"curve":"stepped"},{"time":2,"x":0,"y":0,"curve":[0.25,0,0.75,1]},{"time":2.6667,"x":5.54,"y":-16.4}],"scale":[{"time":0,"x":1,"y":1,"curve":"stepped"},{"time":0.6667,"x":1,"y":1,"curve":"stepped"},{"time":2,"x":1,"y":1,"curve":"stepped"},{"time":2.6667,"x":1,"y":1}]},"bone3":{"rotate":[{"time":0,"angle":21.91,"curve":[0.25,0,0.75,1]},{"time":0.6667,"angle":0,"curve":"stepped"},{"time":2,"angle":0,"curve":[0.25,0,0.75,1]},{"time":2.6667,"angle":21.91}],"translate":[{"time":0,"x":-18.1,"y":-13.21,"curve":[0.25,0,0.75,1]},{"time":0.6667,"x":0,"y":0,"curve":"stepped"},{"time":2,"x":0,"y":0,"curve":[0.25,0,0.75,1]},{"time":2.6667,"x":-18.1,"y":-13.21}],"scale":[{"time":0,"x":1,"y":1,"curve":"stepped"},{"time":0.6667,"x":1,"y":1,"curve":"stepped"},{"time":2,"x":1,"y":1,"curve":"stepped"},{"time":2.6667,"x":1,"y":1}]},"bone4":{"rotate":[{"time":0,"angle":0,"curve":"stepped"},{"time":1,"angle":0,"curve":"stepped"},{"time":2.6667,"angle":0}],"translate":[{"time":0,"x":0,"y":2.78,"curve":[0.25,0,0.75,1]},{"time":0.5,"x":0,"y":-6.03,"curve":[0.25,0,0.75,1]},{"time":1,"x":0,"y":2.78,"curve":[0.25,0,0.75,1]},{"time":1.8333,"x":0,"y":-6.03,"curve":[0.25,0,0.75,1]},{"time":2.6667,"x":0,"y":2.78}],"scale":[{"time":0,"x":1,"y":1,"curve":[0.25,0,0.75,1]},{"time":0.5,"x":0.854,"y":0.854,"curve":[0.25,0,0.75,1]},{"time":1,"x":1,"y":1,"curve":[0.25,0,0.75,1]},{"time":1.8333,"x":0.854,"y":0.854,"curve":[0.25,0,0.75,1]},{"time":2.6667,"x":1,"y":1}]},"bone5":{"rotate":[{"time":0,"angle":0}],"translate":[{"time":0,"x":0,"y":0}],"scale":[{"time":0,"x":1,"y":1}]}}}}},"_atlasText":"\nICON.png\nsize: 512,256\nformat: RGBA8888\nfilter: Linear,Linear\nrepeat: none\n1\n  rotate: false\n  xy: 175, 116\n  size: 104, 120\n  orig: 104, 120\n  offset: 0, 0\n  index: -1\n2\n  rotate: false\n  xy: 383, 125\n  size: 81, 111\n  orig: 81, 111\n  offset: 0, 0\n  index: -1\n3\n  rotate: false\n  xy: 281, 117\n  size: 100, 119\n  orig: 100, 119\n  offset: 0, 0\n  index: -1\n4\n  rotate: false\n  xy: 2, 2\n  size: 158, 61\n  orig: 158, 61\n  offset: 0, 0\n  index: -1\nBG\n  rotate: false\n  xy: 2, 65\n  size: 171, 171\n  orig: 171, 171\n  offset: 0, 0\n  index: -1\n","textures":[{"__uuid__":"99dSfzTTBJ0p+Ev7QB7Pct"}],"textureNames":["ICON.png"]}