{"__type__":"dragonBones.DragonBonesAsset","_name":"hbby_shuimu_shadow_ske","_dragonBonesJson":"{\"frameRate\":24,\"name\":\"hbby_shuimu_shadow\",\"version\":\"5.5\",\"compatibleVersion\":\"5.5\",\"armature\":[{\"type\":\"Armature\",\"frameRate\":24,\"name\":\"hbby_shuimu_shadow\",\"aabb\":{\"x\":-32,\"y\":-54,\"width\":64,\"height\":108},\"bone\":[{\"name\":\"root\"}],\"slot\":[{\"displayIndex\":5,\"name\":\"fish12_01\",\"parent\":\"root\"}],\"skin\":[{\"slot\":[{\"name\":\"fish12_01\",\"display\":[{\"name\":\"fish12_06\"},{\"name\":\"fish12_05\"},{\"name\":\"fish12_04\"},{\"name\":\"fish12_03\"},{\"name\":\"fish12_02\"},{\"name\":\"fish12_01\"}]}]}],\"animation\":[{\"duration\":23,\"playTimes\":0,\"name\":\"newAnimation\",\"slot\":[{\"name\":\"fish12_01\",\"displayFrame\":[{\"duration\":4,\"value\":5},{\"duration\":4,\"value\":4},{\"duration\":4,\"value\":3},{\"duration\":4,\"value\":2},{\"duration\":4,\"value\":1},{\"duration\":3}]}]}],\"defaultActions\":[{\"gotoAndPlay\":\"newAnimation\"}]}]}"}