{"__type__":"sp.SkeletonData","_name":"avenger_quay_btn","_skeletonJson":{"skeleton":{"hash":"74X544vQ75/DRWydZQJ3ZhptaNg","spine":"3.6.53","width":407,"height":134,"images":"./BUTTON SPIN FIX/"},"bones":[{"name":"root"},{"name":"CENTER","parent":"root"},{"name":"BUTTON","parent":"CENTER","y":83.77},{"name":"LIGHT","parent":"BUTTON","x":-178.86}],"slots":[{"name":"BACK","bone":"root","attachment":"BACK"},{"name":"D DOWN","bone":"root","attachment":"D DOWN"},{"name":"BUTTON BLUE","bone":"root","attachment":"BUTTON BLUE"},{"name":"BUTTON RED","bone":"root","color":"ffffff00","attachment":"BUTTON RED"},{"name":"GRAY BUTTON","bone":"root","color":"ffffff00","attachment":"GRAY BUTTON"},{"name":"LIGHT EFFECT","bone":"root","color":"ffffff00","attachment":"LIGHT EFFECT","blend":"additive"},{"name":"DECK UP","bone":"root","attachment":"DECK UP"},{"name":"SPIN2","bone":"BUTTON","attachment":"SPIN"},{"name":"STOP","bone":"BUTTON"},{"name":"HOLD TO AUTO","bone":"BUTTON"},{"name":"MASK","bone":"root","attachment":"MASK"},{"name":"LIGHT","bone":"root","blend":"additive"}],"skins":{"default":{"BACK":{"BACK":{"type":"mesh","uvs":[1,1,0,1,0,0,1,0],"triangles":[1,2,3,1,3,0],"vertices":[1,1,127.52,14,1,1,1,-127.48,14,1,1,1,-127.48,91,1,1,1,127.52,91,1],"hull":4,"edges":[0,2,2,4,4,6,0,6],"width":255,"height":77}},"BUTTON BLUE":{"BUTTON BLUE":{"type":"mesh","uvs":[1,1,0,1,0,0,1,0],"triangles":[1,2,3,1,3,0],"vertices":[1,2,135.52,-83.77,1,1,2,-135.48,-83.77,1,1,2,-135.48,50.23,1,1,2,135.52,50.23,1],"hull":4,"edges":[0,2,2,4,4,6,0,6],"width":271,"height":134}},"BUTTON RED":{"BUTTON RED":{"type":"mesh","uvs":[1,1,0,1,0,0,1,0],"triangles":[1,2,3,1,3,0],"vertices":[1,2,135.52,-83.77,1,1,2,-135.48,-83.77,1,1,2,-135.48,50.23,1,1,2,135.52,50.23,1],"hull":4,"edges":[0,2,2,4,4,6,0,6],"width":271,"height":134}},"D DOWN":{"D DOWN":{"type":"mesh","uvs":[1,1,0,1,0,0,1,0],"triangles":[1,2,3,1,3,0],"vertices":[1,1,188.52,54,1,1,1,-189.48,54,1,1,1,-189.48,109,1,1,1,188.52,109,1],"hull":4,"edges":[0,2,2,4,4,6,0,6],"width":378,"height":55}},"DECK UP":{"DECK UP":{"type":"mesh","uvs":[1,1,0,1,0,0,1,0],"triangles":[1,2,3,1,3,0],"vertices":[1,1,203.52,0,1,1,1,-203.48,0,1,1,1,-203.48,57,1,1,1,203.52,57,1],"hull":4,"edges":[0,2,2,4,4,6,0,6],"width":407,"height":57}},"GRAY BUTTON":{"GRAY BUTTON":{"type":"mesh","uvs":[1,1,0,1,0,0,1,0],"triangles":[1,2,3,1,3,0],"vertices":[135.52,0.5,-135.48,0.5,-135.48,133.5,135.52,133.5],"hull":4,"edges":[0,2,2,4,4,6,0,6],"width":271,"height":133}},"HOLD TO AUTO":{"HOLD TO AUTO":{"type":"mesh","uvs":[1,1,0,1,0,0,1,0],"triangles":[1,2,3,1,3,0],"vertices":[76,-37.97,-76,-37.97,-76,-19.97,76,-19.97],"hull":4,"edges":[0,2,2,4,4,6,0,6],"width":152,"height":18}},"LIGHT":{"LIGHT":{"type":"mesh","uvs":[1,1,0,1,0,0,1,0],"triangles":[1,2,3,1,3,0],"vertices":[1,3,106.46,-79.77,1,1,3,-118.54,-79.77,1,1,3,-118.54,77.23,1,1,3,106.46,77.23,1],"hull":4,"edges":[0,2,2,4,4,6,0,6],"width":225,"height":157}},"LIGHT EFFECT":{"LIGHT EFFECT":{"type":"mesh","uvs":[1,1,0,1,0,0,1,0],"triangles":[1,2,3,1,3,0],"vertices":[1,1,144.52,0,1,1,1,-144.48,0,1,1,1,-144.48,75,1,1,1,144.52,75,1],"hull":4,"edges":[0,2,2,4,4,6,0,6],"width":289,"height":75}},"MASK":{"MASK":{"type":"clipping","end":"LIGHT","vertexCount":6,"vertices":[-116.66,80.17,-88.38,44.55,87.95,44.42,116.89,79.68,85.71,113.68,-85.73,113.68],"color":"ce3a3aff"}},"SPIN2":{"SPIN":{"type":"mesh","uvs":[1,1,0,1,0,0,1,0],"triangles":[1,2,3,1,3,0],"vertices":[63,-18.77,-63,-18.77,-63,17.23,63,17.23],"hull":4,"edges":[0,2,2,4,4,6,0,6],"width":126,"height":36}},"STOP":{"STOP":{"type":"mesh","uvs":[1,1,0,1,0,0,1,0],"triangles":[1,2,3,1,3,0],"vertices":[65.52,-18.77,-68.48,-18.77,-68.48,17.23,65.52,17.23],"hull":4,"edges":[0,2,2,4,4,6,0,6],"width":134,"height":36}}}},"animations":{"stop_disable":{"slots":{"BUTTON BLUE":{"color":[{"time":0,"color":"ffffff00","curve":"stepped"},{"time":0.1667,"color":"ffffff00"}]},"BUTTON RED":{"color":[{"time":0,"color":"ffffff00","curve":"stepped"},{"time":0.1667,"color":"ffffff00"}]},"GRAY BUTTON":{"color":[{"time":0,"color":"ffffffff","curve":"stepped"},{"time":0.1667,"color":"ffffffff"}]},"SPIN2":{"attachment":[{"time":0,"name":null},{"time":0.1667,"name":null}]},"STOP":{"attachment":[{"time":0,"name":"STOP"},{"time":0.1667,"name":"STOP"}]}},"bones":{"LIGHT":{"translate":[{"time":0,"x":0,"y":0,"curve":"stepped"},{"time":0.1667,"x":0,"y":0}]}}},"hold":{"slots":{"BUTTON BLUE":{"color":[{"time":0,"color":"ffffffff","curve":"stepped"},{"time":1,"color":"ffffffff"},{"time":2.1667,"color":"ffffff00"}]},"BUTTON RED":{"color":[{"time":0,"color":"ffffff00","curve":"stepped"},{"time":1,"color":"ffffff00"},{"time":2.1667,"color":"ffffffff"}]},"HOLD TO AUTO":{"attachment":[{"time":0,"name":"HOLD TO AUTO"},{"time":2.1667,"name":"HOLD TO AUTO"}]},"LIGHT EFFECT":{"color":[{"time":0,"color":"ffffffff","curve":"stepped"},{"time":2.1667,"color":"ffffffff"}]}},"bones":{"BUTTON":{"translate":[{"time":0,"x":0,"y":-19.04,"curve":"stepped"},{"time":2.1667,"x":0,"y":-19.04}]}}},"spin":{"slots":{"HOLD TO AUTO":{"attachment":[{"time":0,"name":"HOLD TO AUTO"},{"time":1.3333,"name":"HOLD TO AUTO"}]}},"bones":{"LIGHT":{"translate":[{"time":0,"x":0,"y":0},{"time":0.5,"x":368.48,"y":0,"curve":"stepped"},{"time":1.3333,"x":368.48,"y":0}]}}},"stop_pressed":{"slots":{"BUTTON BLUE":{"color":[{"time":0,"color":"ffffff00","curve":"stepped"},{"time":0.1,"color":"ffffff00"}]},"BUTTON RED":{"color":[{"time":0,"color":"ffffffff","curve":"stepped"},{"time":0.1,"color":"ffffffff"}]},"LIGHT EFFECT":{"color":[{"time":0,"color":"ffffffff","curve":"stepped"},{"time":0.1,"color":"ffffffff"}]},"SPIN2":{"attachment":[{"time":0,"name":null}]},"STOP":{"attachment":[{"time":0,"name":"STOP"}]}},"bones":{"BUTTON":{"translate":[{"time":0,"x":0,"y":-19.04,"curve":"stepped"},{"time":0.1,"x":0,"y":-19.04}]}}},"stop":{"slots":{"BUTTON BLUE":{"color":[{"time":0,"color":"ffffff00","curve":"stepped"},{"time":1.3333,"color":"ffffff00"}]},"BUTTON RED":{"color":[{"time":0,"color":"ffffffff","curve":"stepped"},{"time":1.3333,"color":"ffffffff"}]},"SPIN2":{"attachment":[{"time":0,"name":null},{"time":1.3333,"name":null}]},"STOP":{"attachment":[{"time":0,"name":"STOP"},{"time":1.3333,"name":"STOP"}]}},"bones":{"LIGHT":{"translate":[{"time":0,"x":0,"y":0},{"time":0.5,"x":368.48,"y":0,"curve":"stepped"},{"time":1.3333,"x":368.48,"y":0}]}}}}},"_atlasText":"\nBUTTON SPIN.png\nsize: 684,389\nformat: RGBA8888\nfilter: Linear,Linear\nrepeat: none\nBACK\n  rotate: true\n  xy: 275, 16\n  size: 255, 77\n  orig: 255, 77\n  offset: 0, 0\n  index: -1\nBUTTON BLUE\n  rotate: false\n  xy: 2, 137\n  size: 271, 134\n  orig: 271, 134\n  offset: 0, 0\n  index: -1\nBUTTON RED\n  rotate: false\n  xy: 411, 253\n  size: 271, 134\n  orig: 271, 134\n  offset: 0, 0\n  index: -1\nD DOWN\n  rotate: false\n  xy: 2, 273\n  size: 378, 55\n  orig: 378, 55\n  offset: 0, 0\n  index: -1\nDECK UP\n  rotate: false\n  xy: 2, 330\n  size: 407, 57\n  orig: 407, 57\n  offset: 0, 0\n  index: -1\nGRAY BUTTON\n  rotate: false\n  xy: 2, 2\n  size: 271, 133\n  orig: 271, 133\n  offset: 0, 0\n  index: -1\nHOLD TO AUTO\n  rotate: true\n  xy: 657, 99\n  size: 152, 18\n  orig: 152, 18\n  offset: 0, 0\n  index: -1\nLIGHT\n  rotate: false\n  xy: 354, 94\n  size: 225, 157\n  orig: 225, 157\n  offset: 0, 0\n  index: -1\nLIGHT EFFECT\n  rotate: false\n  xy: 354, 17\n  size: 289, 75\n  orig: 289, 75\n  offset: 0, 0\n  index: -1\nSPIN\n  rotate: true\n  xy: 619, 125\n  size: 126, 36\n  orig: 126, 36\n  offset: 0, 0\n  index: -1\nSTOP\n  rotate: true\n  xy: 581, 117\n  size: 134, 36\n  orig: 134, 36\n  offset: 0, 0\n  index: -1\n","textures":[{"__uuid__":"0e0td9xQBAq5DsLbuTbDZ6"}],"textureNames":["BUTTON SPIN.png"]}