{"__type__":"sp.SkeletonData","_name":"character","_skeletonJson":{"skeleton":{"hash":"ObSTmZqC6jKIFRRApfowVcdAe4k","spine":"3.7.94","width":766.1,"height":599.8,"images":"./images/","audio":"C:/Users/Toanp/OneDrive/Máy tính/Zeus/SPINE/character"},"bones":[{"name":"root","x":-7.05,"y":77.61},{"name":"Layer 91","parent":"root","x":344.35,"y":8.17},{"name":"Layer 92","parent":"Layer 91","x":-0.51,"y":6.05},{"name":"Layer 67","parent":"root","x":7.93,"y":38.45},{"name":"Layer 89","parent":"Layer 67","length":70.22,"rotation":90.41,"x":-5.72,"y":11.64},{"name":"Layer 93","parent":"Layer 89","x":55.63,"y":49.41},{"name":"Layer 90","parent":"Layer 93","length":59.04,"rotation":139.73,"x":-4.87,"y":15.47},{"name":"Layer 95","parent":"Layer 90","length":31,"rotation":-116.45,"x":55.29,"y":-6.38},{"name":"Layer 94","parent":"Layer 95","length":36.81,"rotation":-0.59,"x":45.6,"y":2.3},{"name":"Layer 87","parent":"Layer 94","length":117.78,"rotation":-156.36,"x":72.11,"y":18.16},{"name":"Layer 69","parent":"Layer 67","length":63.89,"rotation":-105.79,"x":-21.72,"y":-22.64},{"name":"Layer 68","parent":"Layer 69","length":90.35,"rotation":-8.13,"x":73.18,"y":-3.18},{"name":"Layer 71","parent":"Layer 67","length":64.26,"rotation":-84.45,"x":5.6,"y":-26.37},{"name":"Layer 70","parent":"Layer 71","length":91.69,"rotation":3.02,"x":72.92,"y":-0.84},{"name":"Layer 84","parent":"Layer 67","length":39.61,"rotation":-103.6,"x":-19.24,"y":-6.49},{"name":"Layer 83","parent":"Layer 67","length":44.1,"rotation":-89.19,"x":-3.09,"y":-13.95},{"name":"Layer 85","parent":"Layer 67","length":43.85,"rotation":-77.74,"x":8.71,"y":-13.33},{"name":"Layer 73","parent":"Layer 67","length":70.55,"rotation":-73.64,"x":19.27,"y":4.68},{"name":"Layer 72","parent":"Layer 73","length":63.41,"rotation":-2.19,"x":74.3,"y":-0.45},{"name":"Layer 75","parent":"Layer 72","length":71.57,"rotation":1.43,"x":71.55,"y":1.79},{"name":"Layer 76","parent":"Layer 67","length":58.53,"rotation":-109.2,"x":-34.14,"y":3.44},{"name":"Layer 74","parent":"Layer 76","length":65.58,"rotation":-5.42,"x":65,"y":0.28},{"name":"Layer 78","parent":"Layer 74","length":84.19,"rotation":-0.24,"x":73.65,"y":0.28},{"name":"Layer 79","parent":"Layer 67","length":34.73,"rotation":-108.82,"x":-70.5,"y":-208.01},{"name":"Layer 77","parent":"Layer 79","length":35.12,"rotation":-19.26,"x":37.31,"y":1.67},{"name":"Layer 81","parent":"Layer 67","length":32.84,"rotation":-72.8,"x":33.34,"y":-200.54},{"name":"Layer 80","parent":"Layer 81","length":35.49,"rotation":13.14,"x":38.67,"y":3.67},{"name":"Layer 86","parent":"Layer 68","length":50.76,"rotation":-9.07,"x":79.84,"y":8.01},{"name":"Layer 88","parent":"Layer 70","length":45.86,"rotation":3.66,"x":71.04,"y":-9.34},{"name":"Layer 82","parent":"Layer 89","length":41.41,"rotation":3.04,"x":77.19,"y":-0.05},{"name":"Layer 97","parent":"Layer 89","length":37.07,"rotation":-121.11,"x":62.93,"y":-44.27},{"name":"Layer 98","parent":"Layer 89","x":47.04,"y":-37.68},{"name":"Layer 96","parent":"Layer 98","length":56.28,"rotation":-149.53,"x":-12,"y":-6.39},{"name":"Layer 100","parent":"Layer 96","length":45.44,"rotation":15.46,"x":66.02,"y":-1.18},{"name":"Layer 99","parent":"Layer 94","length":117.78,"rotation":-156.36,"x":37.18,"y":6.8}],"slots":[{"name":"Layer 76","bone":"Layer 88","attachment":"Layer 76"},{"name":"Layer 72","bone":"Layer 81","attachment":"Layer 72"},{"name":"Layer 73","bone":"Layer 79","attachment":"Layer 73"},{"name":"Layer 77","bone":"Layer 90","attachment":"Layer 77"},{"name":"Layer 80","bone":"Layer 95","attachment":"Layer 80"},{"name":"Layer 78","bone":"Layer 100","attachment":"Layer 78"},{"name":"Layer 79","bone":"Layer 96","attachment":"Layer 79"},{"name":"Layer 67","bone":"Layer 70","attachment":"Layer 67"},{"name":"Layer 83","bone":"Layer 83","attachment":"Layer 83"},{"name":"Layer 84","bone":"Layer 84","attachment":"Layer 84"},{"name":"Layer 85","bone":"Layer 85","attachment":"Layer 85"},{"name":"Layer 68","bone":"Layer 78","attachment":"Layer 68"},{"name":"Layer 69","bone":"Layer 75","attachment":"Layer 69"},{"name":"Layer 70","bone":"Layer 89","attachment":"Layer 70"},{"name":"Layer 71","bone":"Layer 82","attachment":"Layer 71"},{"name":"Layer 74","bone":"Layer 77","attachment":"Layer 74"},{"name":"Layer 75","bone":"Layer 80","attachment":"Layer 75"},{"name":"Layer 82","bone":"Layer 97","attachment":"Layer 82"},{"name":"Layer 87","bone":"Layer 87","attachment":"Layer 87"},{"name":"Layer 88","bone":"Layer 99","attachment":"Layer 87"},{"name":"Layer 81","bone":"Layer 94","attachment":"Layer 81"},{"name":"Layer 91","bone":"Layer 91","attachment":"Layer 91"},{"name":"Layer 92","bone":"Layer 92","color":"52ecffff","attachment":"Layer 92"}],"skins":{"default":{"Layer 67":{"Layer 67":{"type":"mesh","uvs":[0.40783,0.03061,0.39328,0.12758,0.36964,0.21268,0.32236,0.32548,0.26235,0.46203,0.20234,0.59661,0.15324,0.71732,0.09868,0.81627,0.06959,0.88356,0.13323,0.90933,0.23507,0.93506,0.30599,0.95089,0.3951,0.94496,0.47148,0.95287,0.57696,0.95881,0.6897,0.95287,0.80427,0.91923,0.84974,0.87767,0.88611,0.89944,1,0.92517,1,0.88361,0.95339,0.80445,0.92429,0.70352,0.87156,0.58676,0.82428,0.45021,0.78427,0.28397,0.74972,0.09795,0.72607,0.00494,0.63151,0,0.52058,0,0.43693,0],"triangles":[29,1,0,0,30,29,28,1,29,3,24,4,17,23,22,17,22,21,26,28,27,28,26,1,1,26,25,18,17,21,20,18,21,10,9,7,8,7,9,2,1,25,24,3,25,23,17,15,18,20,19,5,12,6,11,10,6,10,7,6,3,2,25,4,24,23,5,4,13,4,23,13,13,12,5,12,11,6,13,23,14,17,16,15,15,14,23],"vertices":[-107.02,-44.98,-84.76,-52.15,-65.65,-61.22,-40.92,-77.33,-11.1,-97.54,18.25,-117.68,44.77,-134.54,65.95,-152.02,80.66,-161.86,89.18,-146.47,99.17,-121.3,105.63,-103.7,107.67,-80.67,112.48,-61.39,117.95,-34.59,120.9,-5.5,117.41,25.03,109.38,38.15,115.91,46.69,126.36,74.95,116.58,76.43,96.15,67.3,71.27,63.42,41.76,54.06,7.8,46.79,-32.87,42.44,-77.98,40.19,-100.78,37.43,-105.59,13.39,-109.87,-15.02,-113.1,-36.45],"hull":31,"edges":[0,2,2,4,4,6,6,8,8,10,10,12,12,14,14,16,16,18,18,20,20,22,22,24,24,26,26,28,28,30,30,32,32,34,34,36,36,38,38,40,40,42,42,44,44,46,46,48,48,50,50,52,52,54,54,56,56,58,58,60,0,60],"width":259,"height":238}},"Layer 68":{"Layer 68":{"type":"mesh","uvs":[0.76089,0.00007,0.70499,0.05832,0.63605,0.12697,0.58015,0.19874,0.54847,0.24243,0.56338,0.28715,0.51866,0.32044,0.44971,0.3506,0.36028,0.39221,0.30438,0.45046,0.27829,0.49519,0.2727,0.54407,0.3081,0.56618,0.35469,0.5797,0.27084,0.62131,0.22984,0.65356,0.19444,0.68996,0.12923,0.75861,0.04473,0.82198,0,0.88751,0.0056,0.94888,0.13976,0.978,0.21615,0.99672,0.29441,1,0.34286,0.9624,0.38199,0.88647,0.4323,0.83134,0.49938,0.74188,0.58509,0.65971,0.65217,0.59314,0.73043,0.52345,0.76956,0.44336,0.82359,0.36014,0.89067,0.23568,0.9298,0.10462,0.98197,0.04845,1,0.00268,0.95402,0,0.818,0],"triangles":[35,37,36,34,38,37,34,37,35,33,38,34,5,4,3,33,0,38,0,32,1,33,32,0,32,2,1,32,3,2,32,5,3,31,5,32,31,6,5,30,6,31,13,12,9,10,9,12,11,10,12,8,13,9,29,6,30,29,7,6,29,13,7,13,8,7,29,28,13,27,13,28,27,14,13,26,14,27,15,14,26,26,16,15,25,16,26,17,16,25,21,20,19,25,22,17,22,21,17,18,17,21,21,19,18,25,24,22,23,22,24],"vertices":[1,20,-4.7,-13.65,1,1,20,11.55,-16.21,1,1,20,30.85,-19.64,1,2,21,-12.64,-22.68,0.08397,20,50.28,-21.1,0.91603,2,21,-0.92,-22.15,0.37389,20,62,-21.68,0.62611,2,21,8.35,-15.62,0.81997,20,71.84,-16.06,0.18003,2,21,18.47,-17.82,0.98954,20,81.71,-19.2,0.01046,1,21,29.29,-23.4,1,2,22,-29.63,-30.79,0.0262,21,43.89,-30.39,0.9738,2,22,-13.2,-31.75,0.19333,21,60.31,-31.41,0.80667,2,22,-1.57,-30.35,0.42449,21,71.95,-30.06,0.57551,2,22,9.8,-25.94,0.65338,21,83.34,-25.7,0.34662,2,22,12.72,-19.16,0.75713,21,86.29,-18.93,0.24287,2,22,13.06,-11.87,0.92442,21,86.65,-11.64,0.07558,1,22,27.36,-18.09,1,1,22,37.04,-19.88,1,1,22,47.33,-20.54,1,1,22,66.65,-21.57,1,1,22,85.9,-25.6,1,1,22,103.32,-24.38,1,1,22,116.86,-17.24,1,1,22,115.6,2.72,1,1,22,115.37,14.32,1,1,22,111.53,24.53,1,1,22,100.21,26.7,1,1,22,80.76,23.69,1,1,22,65.37,24.26,1,1,22,41.24,23.36,1,2,22,17.67,25.56,0.96912,21,91.42,25.77,0.03088,2,22,-1.29,27.05,0.59339,21,72.47,27.34,0.40661,2,22,-21.61,29.63,0.10605,21,52.16,30,0.89395,2,22,-41.99,26.18,0.0012,21,31.76,26.64,0.9988,2,21,9.8,24.83,0.94315,20,77.1,24.08,0.05685,2,21,-22.26,20.39,0.07046,20,44.77,22.69,0.92954,1,20,12.16,17.09,1,1,20,-3.43,19.34,1,1,20,-15.02,17.96,1,1,20,-13.55,11.7,1,1,20,-7.33,-6.15,1],"hull":39,"edges":[0,2,2,4,4,6,6,8,8,10,10,12,12,14,14,16,16,18,18,20,20,22,22,24,24,26,26,28,28,30,30,32,32,34,34,36,36,38,38,40,40,42,42,44,44,46,46,48,48,50,50,52,52,54,54,56,56,58,58,60,60,62,62,64,64,66,66,68,68,70,70,72,72,74,74,76,0,76],"width":139,"height":249}},"Layer 69":{"Layer 69":{"type":"mesh","uvs":[0,0.01796,0.03612,0.08397,0.08992,0.14997,0.12937,0.22519,0.1473,0.3004,0.20827,0.38329,0.25849,0.46771,0.33022,0.57209,0.40553,0.66524,0.49878,0.75273,0.57051,0.85558,0.61714,0.92465,0.64942,0.98298,0.74267,1,0.91123,0.97377,1,0.9446,1,0.9047,0.90047,0.83102,0.79647,0.74045,0.71039,0.64835,0.64224,0.61458,0.69963,0.58542,0.65659,0.55012,0.67811,0.50867,0.69963,0.45955,0.64942,0.39662,0.52389,0.3168,0.45933,0.26922,0.47009,0.21242,0.43064,0.16791,0.37325,0.11879,0.31228,0.04818,0.2549,0,0.07199,0],"triangles":[1,0,33,2,33,32,1,33,2,31,3,2,31,2,32,3,31,30,27,29,28,4,3,30,5,4,30,27,5,30,27,30,29,6,5,27,23,25,24,22,25,23,26,7,6,26,6,27,26,22,7,22,26,25,20,22,21,22,8,7,20,8,22,9,8,20,19,10,9,19,9,20,10,19,18,11,10,18,14,17,16,15,14,16,13,12,11,18,13,11,17,13,18,14,13,17],"vertices":[1,17,-7.85,-14.9,1,1,17,8.59,-15.81,1,1,17,25.56,-14.96,1,2,18,-29.42,-16.86,0.00303,17,44.25,-16.18,0.99697,2,18,-11.24,-19.52,0.23134,17,62.31,-19.53,0.76866,2,18,9.84,-18.31,0.95082,17,83.43,-19.12,0.04918,1,18,31.01,-18.27,1,2,19,-14.59,-18.67,0.04142,18,57.43,-17.24,0.95858,2,19,9.32,-17.22,0.87973,18,81.29,-15.19,0.12027,1,19,32.4,-13.6,1,1,19,58.48,-13.13,1,1,19,75.95,-12.98,1,1,19,90.5,-13.56,1,1,19,97.1,-5.33,1,1,19,95.67,13.27,1,1,19,91.33,24.07,1,1,19,81.99,26.68,1,1,19,61.96,21.52,1,1,19,37.86,17.02,1,1,19,13.89,14.42,1,2,19,4.08,9.8,0.91539,18,75.38,11.69,0.08461,2,19,-1.14,17.46,0.61289,18,69.97,19.21,0.38711,2,19,-10.6,15.45,0.25563,18,60.56,16.97,0.74437,2,19,-19.7,20.32,0.03269,18,51.34,21.61,0.96731,2,19,-30.6,25.68,0.00006,18,40.32,26.7,0.99994,2,18,24.21,25.38,0.99989,17,99.46,23.98,0.00011,2,18,2.21,17.47,0.7092,17,77.17,16.92,0.2908,2,18,-10.64,13.79,0.08074,17,64.19,13.74,0.91926,1,17,51.26,18.7,1,1,17,39.72,17.81,1,1,17,26.59,15.44,1,1,17,8.34,14.19,1,1,17,-4.57,11.77,1,1,17,-9.93,-6.49,1],"hull":34,"edges":[0,2,2,4,4,6,6,8,8,10,10,12,12,14,14,16,16,18,18,20,20,22,22,24,24,26,26,28,28,30,30,32,32,34,34,36,36,38,38,40,40,42,42,44,44,46,46,48,48,50,50,52,52,54,54,56,56,58,58,60,60,62,62,64,64,66,0,66],"width":104,"height":243}},"Layer 70":{"Layer 70":{"type":"mesh","uvs":[0.12075,0.15972,0.04739,0.23802,0.00178,0.29674,0.00178,0.38156,0.04739,0.42724,0.00178,0.48922,0,0.58383,0.0454,0.66865,0.09497,0.73227,0.15445,0.77631,0.14454,0.86603,0.13264,0.94596,0.21394,0.94759,0.28532,0.9166,0.38842,0.9117,0.50113,0.96283,0.61811,0.95467,0.68751,0.95141,0.73708,0.909,0.80053,0.92368,0.87389,0.94978,0.94725,0.98403,0.96509,0.92694,0.95915,0.84864,0.92742,0.73772,0.93535,0.66268,0.9532,0.57949,0.9532,0.51751,0.99087,0.47836,1,0.38701,0.97303,0.2451,0.94725,0.16354,0.78665,0.12602,0.26915,0.11786],"triangles":[4,3,2,4,1,0,4,2,1,30,29,32,30,32,31,28,27,29,32,29,27,32,27,33,26,25,27,4,6,5,7,6,4,33,8,4,7,4,8,33,27,25,0,33,4,9,8,33,9,33,14,24,18,25,19,18,24,33,25,14,9,13,10,25,18,14,14,13,9,23,19,24,20,19,23,12,11,10,13,12,10,22,20,23,18,16,14,17,16,18,15,14,16,21,20,22],"vertices":[79.57,47.95,68.59,56.77,60.35,62.12,48.39,62.2,41.91,56.96,33.21,62.31,19.87,62.61,7.88,57.43,-1.13,51.74,-7.39,44.89,-20.03,46.13,-31.29,47.59,-31.59,38.16,-27.28,29.85,-26.67,17.88,-33.98,4.86,-32.92,-8.72,-32.52,-16.77,-26.58,-22.56,-28.7,-29.91,-32.44,-38.39,-37.33,-46.87,-29.3,-48.99,-18.25,-48.38,-2.59,-44.81,7.99,-45.81,19.7,-47.96,28.44,-48.02,33.93,-52.43,46.8,-53.58,66.83,-50.6,78.35,-47.69,83.78,-29.09,85.35,30.93],"hull":34,"edges":[0,2,2,4,4,6,6,8,8,10,10,12,12,14,14,16,16,18,18,20,20,22,22,24,24,26,26,28,28,30,30,32,32,34,34,36,36,38,38,40,40,42,42,44,44,46,46,48,48,50,50,52,52,54,54,56,56,58,58,60,60,62,62,64,64,66,0,66],"width":116,"height":141}},"Layer 71":{"Layer 71":{"type":"mesh","uvs":[0.08174,0.61986,0.17492,0.47769,0.23174,0.38612,0.24538,0.28974,0.30447,0.17889,0.3681,0.06082,0.43856,0,0.56129,0,0.67492,0,0.73856,0,0.78401,0.08974,0.82265,0.16443,0.87298,0.32757,0.93207,0.40468,0.91616,0.46492,0.9548,0.56853,1,0.67215,0.96389,0.74444,0.90935,0.76612,0.84571,0.836,0.79117,0.87215,0.71617,0.90588,0.59344,0.89624,0.47071,0.88902,0.39571,0.8842,0.31162,0.81432,0.27526,0.77576,0.20253,0.77094,0.09344,0.77817,0.06389,0.71311],"triangles":[14,12,13,16,18,15,12,14,26,18,14,15,17,18,16,26,27,1,0,1,27,29,0,27,8,9,10,7,8,10,5,6,7,7,4,5,7,11,4,4,2,3,12,26,2,26,1,2,11,7,10,28,29,27,2,4,12,12,4,11,23,24,25,26,23,25,18,19,14,14,19,22,23,26,14,14,22,23,19,20,22,21,22,20],"vertices":[2.81,44.74,14.09,35.85,21.38,30.4,29.29,28.72,38.16,22.98,47.61,16.8,52.27,10.31,51.62,-0.48,51.02,-10.46,50.69,-16.05,43.01,-19.59,36.62,-22.61,22.84,-26.22,16.14,-31.03,11.23,-29.33,2.44,-32.2,-6.38,-35.66,-12.18,-32.13,-13.69,-27.23,-19.14,-21.29,-21.85,-16.32,-24.25,-9.56,-22.8,1.17,-21.55,11.92,-20.75,18.48,-14.52,25.52,-11.13,28.52,-10.35,34.89,-10.37,44.5,-4.82,46.78],"hull":30,"edges":[0,2,2,4,4,6,6,8,8,10,10,12,12,14,14,16,16,18,18,20,20,22,22,24,24,26,26,28,28,30,30,32,32,34,34,36,36,38,38,40,40,42,42,44,44,46,46,48,48,50,50,52,52,54,54,56,56,58,0,58],"width":88,"height":83}},"Layer 72":{"Layer 72":{"type":"mesh","uvs":[0.37091,0.05091,0.43416,0.23424,0.47934,0.44138,0.52452,0.61281,0.83356,0.64376,0.8932,0.489,0.87332,0.33662,0.74681,0.01519,0.70705,0,0.58597,0,0.46669,0.00805],"triangles":[1,0,10,9,1,10,1,6,2,1,9,8,8,7,1,6,1,7,2,6,5,3,2,5,4,3,5],"vertices":[-5,-17.08,7.55,-15.62,21.12,-15.9,32.55,-15.51,41.99,8.42,34.14,16.03,24.48,17.29,2.04,13.25,0.15,10.38,-2.83,0.78,-5.27,-8.83],"hull":11,"edges":[0,2,2,4,4,6,6,8,8,10,10,12,12,14,14,16,16,18,18,20,0,20],"width":83,"height":63}},"Layer 73":{"Layer 73":{"type":"mesh","uvs":[0.48595,0,0.42434,0.13922,0.3413,0.2686,0.30112,0.3811,0.33327,0.47672,0.54487,0.51235,0.76452,0.49547,0.82344,0.39422,0.88505,0.2311,0.96005,0.12047,1,0.0436,1,0.01172,0.88505,0.00797,0.66541,0.01172,0.58773,0],"triangles":[12,11,10,9,12,10,8,12,9,13,12,8,7,13,8,5,4,3,13,7,1,14,1,0,13,1,14,6,5,7,1,7,5,2,1,5,5,3,2],"vertices":[5.26,-13.56,16.91,-13.23,28.21,-14.3,37.45,-13.52,44.11,-9.35,42.99,2.79,37.74,13.99,29.01,14.5,15.55,13.56,5.81,14.68,-0.73,14.81,-3.14,13.99,-1.35,7.8,2.9,-3.75,3.42,-8.17],"hull":15,"edges":[0,2,2,4,4,6,6,8,8,10,10,12,12,14,14,16,16,18,18,20,20,22,22,24,24,26,26,28,0,28],"width":56,"height":80}},"Layer 74":{"Layer 74":{"type":"mesh","uvs":[0.61143,0.18879,0.72264,0.15791,0.79505,0.10718,0.8597,0.08512,0.92436,0.15571,0.97608,0.24835,0.9916,0.36306,0.97867,0.44026,0.95798,0.53291,0.79246,0.65644,0.69419,0.73365,0.62695,0.82409,0.53643,0.89467,0.3916,0.94762,0.2804,1,0.11229,0.96967,0.02436,0.91673,0,0.83512,0,0.74026,0.02178,0.63438,0.05022,0.52409,0.1304,0.43144,0.23902,0.33659,0.31143,0.24394,0.36057,0.16894,0.37091,0.116,0.3735,0.01453,0.4485,0,0.61143,0,0.61143,0.06526,0.60108,0.14909],"triangles":[27,28,29,30,27,29,6,4,5,1,4,7,6,7,4,25,26,27,30,25,27,0,1,7,9,0,7,2,3,4,4,1,2,8,9,7,10,0,9,0,22,23,18,13,17,24,25,30,24,30,0,23,24,0,0,10,22,10,11,22,12,22,11,21,22,12,19,20,21,21,13,19,19,13,18,17,15,16,12,13,21,13,15,17,14,15,13],"vertices":[-12.86,-8.59,-18.49,-4.81,-23.8,-3.63,-27.29,-1.6,-25.83,4.31,-22.72,10.56,-17.13,16.08,-12.54,18.73,-6.84,21.67,5.69,19.29,13.34,18.05,20.59,18.77,27.6,17.6,35.62,13.21,42.4,10.33,46.79,1.38,47.11,-4.85,43.61,-9.39,38.53,-13.37,32.09,-16.81,25.17,-20.14,17.34,-20.37,8.38,-19.39,0.83,-19.97,-4.95,-20.87,-8.15,-22.62,-13.67,-26.76,-17.13,-23.94,-22.96,-16.51,-19.47,-13.77,-14.61,-10.72],"hull":31,"edges":[0,2,2,4,4,6,6,8,8,10,10,12,12,14,14,16,16,18,18,20,20,22,22,24,24,26,26,28,28,30,30,32,32,34,34,36,36,38,38,40,40,42,42,44,44,46,46,48,48,50,50,52,52,54,54,56,56,58,58,60,0,60],"width":58,"height":68}},"Layer 75":{"Layer 75":{"type":"mesh","uvs":[0.00728,0.49125,0.11538,0.58765,0.27262,0.72176,0.36107,0.84331,0.50848,0.93551,0.67064,0.99419,0.89667,1,1,0.86007,1,0.64213,0.91633,0.50382,0.78857,0.38228,0.6559,0.22301,0.56254,0.05537,0.51831,0,0.32667,0,0.38073,0.17272,0.21857,0.09728,0.11538,0.05956,0.00236,0.12662,0,0.25235,0,0.39066],"triangles":[15,14,13,15,13,12,15,12,11,16,20,19,16,19,17,17,19,18,1,0,20,20,15,1,15,20,16,2,1,15,2,10,3,11,2,15,10,2,11,4,3,10,9,4,10,8,4,9,8,5,4,7,5,8,6,5,7],"vertices":[-9.34,-27.09,-0.52,-24.99,11.96,-21.72,21.68,-21.47,31.41,-17.26,39.61,-11.16,46.57,-0.05,41.39,9.93,28.6,17.42,18.03,17.98,7.15,15.76,-6.08,14.59,-18.66,15.68,-23.2,15.37,-28.82,5.78,-17.1,2.55,-26.27,-2.98,-31.51,-6.85,-30.89,-14.81,-23.58,-19.25,-15.46,-24],"hull":21,"edges":[0,2,2,4,4,6,6,8,8,10,10,12,12,14,14,16,16,18,18,20,20,22,22,24,24,26,26,28,28,30,30,32,32,34,34,36,36,38,38,40,0,40],"width":58,"height":68}},"Layer 76":{"Layer 76":{"type":"mesh","uvs":[0.00468,0.52439,0.06844,0.34276,0.15516,0.15084,0.23677,0.03775,0.31456,0,0.43952,0,0.53006,0,0.66013,0,0.73154,0.02746,0.84435,0.12607,0.92978,0.25287,0.96676,0.40023,1,0.52703,1,0.61614,0.91831,0.61614,0.80226,0.64698,0.71045,0.7258,0.61991,0.76693,0.53958,0.78749,0.45031,0.79092,0.3432,0.73609,0.26031,0.68468,0.17104,0.67783,0.06648,0.66069,0,0.66069,0,0.59215],"triangles":[10,15,9,11,15,10,14,11,12,14,12,13,9,6,8,11,14,15,23,24,25,22,23,0,23,25,0,5,22,2,1,2,22,22,0,1,6,7,8,3,5,2,3,4,5,6,21,5,9,15,6,5,21,22,21,6,20,6,15,20,16,20,15,17,20,16,18,20,17,19,20,18],"vertices":[0.91,-167.19,-12.58,-147.1,-25.85,-121.33,-32,-98.45,-31.29,-78.07,-24.46,-46.56,-19.52,-23.73,-12.41,9.07,-5.93,26.51,9.48,52.95,26.05,71.92,41.89,78.25,55.6,84.05,63.96,82.24,59.5,61.64,56.06,31.75,58.44,7,57.35,-16.67,54.89,-37.34,50.33,-59.92,39.34,-85.81,29.98,-105.67,24.46,-128.04,17.14,-154.05,13.51,-170.82,7.08,-169.42],"hull":26,"edges":[0,2,2,4,4,6,6,8,8,10,10,12,12,14,14,16,16,18,18,20,20,22,22,24,24,26,26,28,28,30,30,32,32,34,34,36,36,38,38,40,40,42,42,44,44,46,46,48,48,50,0,50],"width":258,"height":96}},"Layer 77":{"Layer 77":{"type":"mesh","uvs":[0.84818,0.00319,0.71947,0.04898,0.62244,0.14295,0.55115,0.24657,0.52541,0.32608,0.47788,0.40319,0.35511,0.4803,0.2363,0.58392,0.16699,0.72367,0.16501,0.8297,0.24224,0.92849,0.31947,0.99596,0.47194,0.97187,0.61254,0.91645,0.73927,0.89476,0.82244,0.86584,0.87194,0.77187,0.94521,0.59114,0.98085,0.47307,0.98679,0.30681,0.9967,0.16946,0.9967,0.02488,0.96897,0,0.87986,0],"triangles":[23,22,21,21,20,23,23,20,19,23,19,0,18,17,19,0,17,1,19,17,0,17,2,1,17,3,2,17,4,3,17,5,4,16,5,17,5,16,13,15,14,16,13,6,5,16,14,13,7,6,13,12,10,8,10,9,8,12,8,7,13,12,7,11,10,12],"vertices":[-19.71,-9.45,-8.46,-16.99,3.81,-19.51,15.02,-19.53,21.75,-17.29,29.74,-16.87,42.6,-22.29,56.9,-25.99,70.29,-23.92,77.17,-18.44,78.46,-7.19,77.76,2.38,66.36,12.92,53.72,20.87,44.14,29.54,36.91,34.45,27.72,33.29,11.46,29.35,1.63,25.84,-9.34,17.45,-18.74,10.91,-27.95,3.22,-27.74,-0.26,-21.97,-7.16],"hull":24,"edges":[0,2,2,4,4,6,6,8,8,10,10,12,12,14,14,16,16,18,18,20,20,22,22,24,24,26,26,28,28,30,30,32,32,34,34,36,36,38,38,40,40,42,42,44,44,46,0,46],"width":101,"height":83}},"Layer 78":{"Layer 78":{"type":"mesh","uvs":[0.14677,0.31945,0.13278,0.27965,0.12346,0.22657,0.12346,0.18087,0.12346,0.13517,0.14211,0.09095,0.17475,0.05335,0.20894,0.01723,0.27578,0.00544,0.36593,0.0047,0.44054,0.01429,0.50427,0.0423,0.55556,0.07841,0.61463,0.12706,0.65504,0.1735,0.68457,0.22215,0.69856,0.26417,0.7541,0.27764,0.81317,0.30049,0.83027,0.34398,0.85047,0.40442,0.86291,0.45381,0.86757,0.49288,0.8971,0.5441,0.89866,0.59202,0.88622,0.62961,0.93596,0.64509,0.93285,0.67826,0.92042,0.70479,0.86446,0.71364,0.84426,0.78029,0.83804,0.8223,0.86757,0.87906,0.87068,0.93655,0.84736,0.97857,0.79296,0.98962,0.74944,0.96088,0.76032,0.92255,0.70436,0.95719,0.70126,0.98299,0.66861,0.99847,0.5597,1,0.47421,0.97255,0.37317,0.91211,0.32033,0.86124,0.29235,0.80596,0.24883,0.73741,0.21929,0.6777,0.1851,0.62832,0.168,0.59294,0.1136,0.56198,0.08718,0.53913,0.08494,0.51602,0.02277,0.49833,0,0.47769,0,0.44084,0.01189,0.40988,0.05075,0.3745,0.07095,0.35312,0.09582,0.33395],"triangles":[3,4,5,6,1,2,2,3,6,5,6,3,7,0,1,53,54,55,52,53,56,53,55,56,52,58,59,57,58,52,52,56,57,0,51,52,59,0,52,50,51,0,7,49,0,50,0,49,1,6,7,8,48,49,24,25,22,24,22,23,7,8,49,9,47,48,27,25,26,28,25,27,21,22,20,29,22,25,29,25,28,9,46,47,8,9,48,46,9,12,11,9,10,12,9,11,46,12,13,45,20,22,19,20,45,29,30,22,45,46,16,13,15,46,14,15,13,16,46,15,45,22,30,43,44,45,16,19,45,16,17,19,18,19,17,45,30,43,42,43,30,31,37,30,37,31,32,37,32,33,37,38,30,38,42,30,34,37,33,35,36,37,42,38,41,34,35,37,39,40,38,40,41,38],"vertices":[-9.87,13.65,-16.13,18.35,-23.86,25.21,-29.98,31.62,-36.1,38.03,-40.79,45.42,-43.65,52.77,-46.21,60.01,-43.34,65.91,-37.44,71.74,-31.19,75.14,-23.2,75.26,-14.95,73.45,-4.5,70.37,4.41,66.42,12.89,61.47,19.45,56.46,24.95,58.1,31.94,58.65,38.9,53.63,48.35,46.43,55.79,40.29,61.33,35.1,70.16,29.79,76.68,23.17,80.89,17.1,86.27,18.09,90.51,13.24,93.24,8.72,90.7,3.93,98.28,-6.71,103.49,-13,113.06,-19.09,120.97,-26.96,125.05,-34.34,122.91,-39.34,116.16,-38.08,111.75,-32.01,112.67,-40.42,115.92,-44.24,115.82,-48.49,108.77,-55.62,99.41,-57.2,84.59,-55.13,74.26,-51.35,64.99,-45.37,52.91,-38.52,42.95,-32.01,34.06,-27.26,28.18,-23.38,20.41,-22.49,15.59,-20.96,12.35,-17.86,5.84,-19.33,1.56,-17.88,-3.37,-12.7,-6.73,-7.61,-8.88,-0.17,-10.4,4.11,-11.31,8.38],"hull":60,"edges":[0,2,2,4,4,6,6,8,8,10,10,12,12,14,14,16,16,18,18,20,20,22,22,24,24,26,26,28,28,30,30,32,32,34,34,36,36,38,38,40,40,42,42,44,44,46,46,48,48,50,50,52,52,54,54,56,56,58,58,60,60,62,62,64,64,66,66,68,68,70,70,72,72,74,74,76,76,78,78,80,80,82,82,84,84,86,86,88,88,90,90,92,92,94,94,96,96,98,98,100,100,102,102,104,104,106,106,108,108,110,110,112,112,114,114,116,116,118,0,118],"width":92,"height":194}},"Layer 79":{"Layer 79":{"type":"mesh","uvs":[0.22721,0.18727,0.40528,0.23151,0.61105,0.30076,0.67437,0.39502,0.72581,0.48927,0.72581,0.55468,0.71394,0.59892,0.78121,0.6547,0.90784,0.75665,0.86431,0.80667,0.83661,0.86245,0.79704,0.91247,0.67041,0.96248,0.62292,0.99711,0.48838,0.95863,0.37362,0.87592,0.29448,0.8259,0.17181,0.73357,0.08079,0.63931,0.01352,0.56237,0,0.50851,0.01352,0.40656,0.07288,0.29884,0.11641,0.2142,0.15598,0.1815],"triangles":[3,4,5,21,18,20,19,20,18,6,3,5,0,18,22,18,21,22,0,23,24,1,18,0,23,0,22,1,17,18,9,7,8,3,16,17,1,3,17,3,1,2,16,3,6,10,7,9,15,16,6,11,7,10,14,15,6,12,14,6,7,12,6,11,12,7,13,14,12],"vertices":[-35.95,18.65,-23.94,26.32,-7.99,33.56,5.93,30.4,19.43,26.53,27.51,21.69,32.56,17.71,41.87,17.63,59.02,17.7,63.63,11.39,69.53,5.61,74.29,-0.47,75.92,-11.77,78.5,-17.18,68.91,-22.42,54.56,-23.21,45.54,-24.26,29.72,-24.81,14.8,-23.31,2.88,-21.67,-4.27,-18.5,-16.38,-10.15,-27.56,1.37,-36.46,10.24,-39.08,15.04],"hull":25,"edges":[0,2,2,4,4,6,6,8,8,10,10,12,12,14,14,16,16,18,18,20,20,22,22,24,24,26,26,28,28,30,30,32,32,34,34,36,36,38,38,40,40,42,42,44,44,46,46,48,0,48],"width":70,"height":144}},"Layer 80":{"Layer 80":{"type":"mesh","uvs":[0.05231,0.29783,0.10672,0.23071,0.1965,0.19469,0.25092,0.17177,0.30261,0.1292,0.37334,0.10792,0.44408,0.12265,0.49305,0.17177,0.58011,0.20451,0.66444,0.25526,0.76783,0.32894,0.86849,0.41243,0.97731,0.4992,0.95282,0.57942,0.90385,0.65801,0.78143,0.70548,0.69709,0.77261,0.60187,0.79716,0.59915,0.90849,0.58555,0.96743,0.46755,1,0.37233,0.95868,0.30975,0.8539,0.24174,0.77205,0.16556,0.68855,0.16012,0.60178,0.13564,0.52975,0.02681,0.48227,0.08939,0.42006,0.02681,0.35293],"triangles":[28,0,1,29,0,28,2,28,1,3,26,28,27,28,26,13,11,12,3,25,26,14,11,13,3,24,25,15,10,11,15,11,14,3,28,2,7,23,24,7,4,5,7,5,6,3,4,7,7,24,3,8,23,7,17,23,8,10,17,9,15,17,10,9,17,8,17,15,16,22,23,17,17,21,22,18,21,17,18,20,21,19,20,18],"vertices":[53.5,19.55,58.96,13.11,60.23,5.88,61.12,1.46,64.11,-3.69,64.38,-9.07,60.93,-12.8,54.51,-13.62,48.74,-17.56,41.18,-20.51,30.74,-23.6,19.35,-26.08,7.4,-28.92,-0.24,-23.75,-7.03,-17.14,-8.6,-7.36,-13.24,0.94,-13.18,7.99,-24.63,13.21,-30.36,16.73,-30.51,25.56,-23.63,29.61,-11.08,28.75,-0.75,29.27,9.97,30.23,19.1,26.63,27.22,24.88,35.11,29.5,39.84,22.78,48.49,23.63],"hull":30,"edges":[0,2,2,4,4,6,6,8,8,10,10,12,12,14,14,16,16,18,18,20,20,22,22,24,24,26,26,28,28,30,30,32,32,34,34,36,36,38,38,40,40,42,42,44,44,46,46,48,48,50,50,52,52,54,54,56,56,58,0,58],"width":68,"height":113}},"Layer 81":{"Layer 81":{"type":"mesh","uvs":[0.63785,0.93568,0.52071,0.75733,0.41333,0.62818,0.36452,0.49903,0.35476,0.36578,0.35867,0.23663,0.40162,0.14848,0.45238,0.05623,0.54804,0.01318,0.714,0.00088,0.82138,0.00498,0.77452,0.12593,0.87019,0.12183,0.90338,0.18333,0.82138,0.25303,0.74914,0.32273,0.91899,0.21818,0.95219,0.26328,0.97366,0.31658,0.89947,0.38423,0.85066,0.47443,0.90338,0.53183,0.94438,0.60563,0.98147,0.69993,0.98538,0.77783,1,0.87418,0.98733,0.95003,0.90142,0.99308,0.79404,1,0.68276,1],"triangles":[11,9,10,14,11,12,14,12,13,11,8,9,15,11,14,19,15,16,19,16,17,19,17,18,20,15,19,5,15,4,2,3,4,15,8,11,5,6,15,4,15,2,6,7,8,6,8,15,20,1,2,20,2,15,1,22,0,21,1,20,22,1,21,0,22,23,0,23,24,24,28,0,24,25,27,26,27,25,28,29,0,24,27,28],"vertices":[-1.23,12.86,11.5,15.45,21.29,18.63,29.62,18.42,37.22,15.85,44.25,12.58,48.05,8.02,51.89,2.91,51.9,-3.65,48.48,-13.56,45.6,-19.68,40.08,-14.12,37.94,-19.76,33.73,-20.24,31.91,-13.85,29.84,-8.02,31.42,-20.32,28.11,-21.18,24.64,-21.17,22.73,-15.28,18.96,-10.33,14.49,-12.04,9.41,-12.67,3.28,-12.6,-1.11,-11,-6.79,-9.58,-10.66,-7.06,-10.92,-1.07,-8.64,5.32,-5.89,11.77],"hull":30,"edges":[0,2,2,4,4,6,6,8,8,10,10,12,12,14,14,16,16,18,18,20,20,22,22,24,24,26,26,28,28,30,30,32,32,34,34,36,36,38,38,40,40,42,42,44,44,46,46,48,48,50,50,52,52,54,54,56,56,58,0,58],"width":63,"height":60}},"Layer 82":{"Layer 82":{"type":"mesh","uvs":[0,0.2076,0.05891,0.2951,0.1013,0.42867,0.0468,0.54841,0.07708,0.64513,0.1013,0.77409,0.24664,0.80172,0.39197,0.87541,0.4828,0.84317,0.54941,0.90765,0.67052,0.89384,0.7553,0.96753,0.93091,0.99977,1,0.93989,0.98541,0.75567,0.92486,0.64513,0.92486,0.49315,0.79769,0.31353,0.60391,0.23523,0.4283,0.16615,0.25269,0.10167,0.11341,0.06022,0,0.05101],"triangles":[0,22,21,1,0,21,1,21,20,2,1,20,4,3,2,17,16,15,4,2,6,6,5,4,19,2,20,8,6,2,18,2,19,18,8,2,8,18,17,8,17,15,7,6,8,10,8,15,10,15,14,9,8,10,11,10,14,14,12,11,13,12,14],"vertices":[-11.33,-1.18,-5.42,-4.9,1.39,-11.89,3.2,-20.7,8.11,-25.77,13.91,-32.98,21.66,-30.66,31.08,-31.15,34.13,-26.68,39.56,-28.78,44.68,-24.59,51.29,-26.76,60.61,-23.88,61.65,-18.32,54.29,-7.48,47.48,-2.4,41.97,6.88,29.55,14.34,17.72,13.78,7.06,13.15,-3.43,12.25,-11.4,10.94,-17,8.38],"hull":23,"edges":[0,2,2,4,4,6,6,8,8,10,10,12,12,14,14,16,16,18,18,20,20,22,22,24,24,26,26,28,28,30,30,32,32,34,34,36,36,38,38,40,40,42,42,44,0,44],"width":54,"height":71}},"Layer 83":{"Layer 83":{"type":"mesh","uvs":[0.45999,0.00873,0.46612,0.13664,0.45387,0.26662,0.45693,0.42214,0.46918,0.61608,0.47837,0.82136,0.3773,0.84818,0.67766,0.99573,0.76647,1,1,0.874,0.99616,0.82861,0.92572,0.81933,0.9196,0.69141,0.92572,0.48549,0.91654,0.32663,0.9196,0.19149,0.91041,0.04851,0.8951,0,0.56741,0],"triangles":[1,0,18,16,15,4,18,3,2,1,18,2,16,4,3,13,5,14,4,15,5,18,17,16,18,16,3,14,5,15,12,5,13,11,7,5,11,5,12,6,5,7,8,7,11,9,8,11,9,11,10],"vertices":[-10.59,-6.29,1.56,-6.26,13.9,-6.83,28.68,-6.94,47.1,-6.8,66.61,-6.78,69.11,-10.05,83.26,-0.64,83.71,2.2,71.84,9.84,67.53,9.77,66.62,7.53,54.46,7.51,34.9,7.98,19.81,7.9,6.97,8.18,-6.61,8.07,-11.23,7.65,-11.37,-2.84],"hull":19,"edges":[0,2,2,4,4,6,6,8,8,10,10,12,12,14,14,16,16,18,18,20,20,22,22,24,24,26,26,28,28,30,30,32,32,34,34,36,0,36],"width":32,"height":95}},"Layer 84":{"Layer 84":{"type":"mesh","uvs":[0.98535,0.07075,0.88875,0.20232,0.77606,0.3512,0.69019,0.48104,0.61506,0.63685,0.52919,0.81343,0.60969,0.8342,0.22866,1,0.07839,0.9727,0,0.85325,0,0.80477,0.08376,0.77015,0.16962,0.55029,0.25012,0.37717,0.35746,0.2179,0.43796,0.08287,0.52382,0.00497,0.59359,0,0.89412,0.00151,1,0.02055],"triangles":[0,18,19,1,17,18,1,18,0,2,17,1,17,15,16,17,2,15,2,14,15,2,3,14,3,13,14,4,13,3,12,13,4,5,12,4,11,12,5,9,10,11,8,9,11,7,8,11,5,7,11,7,5,6],"vertices":[3.03,7.47,15.6,7.54,29.85,7.5,42.2,7.84,56.81,9.06,73.38,10.41,74.69,13.22,92.36,5.73,90.95,0.75,80.71,-4.14,76.33,-5.2,72.61,-3.52,52.13,-5.82,35.91,-7.26,20.76,-7.62,7.98,-8.22,0.34,-7.42,-0.61,-5.5,-2.59,3.3,-1.61,6.8],"hull":20,"edges":[0,2,2,4,4,6,6,8,8,10,10,12,12,14,14,16,16,18,18,20,20,22,22,24,24,26,26,28,28,30,30,32,32,34,34,36,36,38,0,38],"width":30,"height":93}},"Layer 85":{"Layer 85":{"type":"mesh","uvs":[0.32249,0,0.47334,0.19071,0.59906,0.35897,0.64934,0.56205,0.69963,0.75062,0.78763,0.81444,0.80649,0.87827,0.65563,0.98271,0.5362,1,0.39163,0.88697,0.29734,0.81735,0.39792,0.78833,0.29734,0.59686,0.19677,0.41989,0.06477,0.21972,0,0.08917,0,0.01664,0.1402,0],"triangles":[15,16,17,14,15,17,0,14,17,1,14,0,13,1,2,1,13,14,12,13,2,12,2,3,11,12,3,11,3,4,9,10,11,4,8,11,7,4,5,7,5,6,8,9,11,4,7,8],"vertices":[-5.58,5.91,12.72,8.42,28.81,10.32,47.31,8.46,64.53,6.88,70.99,9.26,76.83,8.8,84.77,0.59,85.25,-4.65,73.91,-8.4,66.87,-10.92,65.19,-6.23,47.27,-6.66,30.63,-7.36,11.66,-8.91,-0.53,-9.05,-6.98,-7.64,-7.21,-1.57],"hull":18,"edges":[0,2,2,4,4,6,6,8,8,10,10,12,12,14,14,16,16,18,18,20,20,22,22,24,24,26,26,28,28,30,30,32,32,34,0,34],"width":42,"height":91}},"Layer 87":{"Layer 87":{"x":66.73,"y":13.44,"scaleX":0.798,"scaleY":1.963,"rotation":83.12,"width":92,"height":272},"Layer 88":{"x":66.36,"y":12.69,"scaleX":0.812,"scaleY":1.82,"rotation":83.12,"width":96,"height":298},"Layer 89":{"x":60.52,"y":0.67,"scaleX":0.86,"scaleY":1.752,"rotation":83.12,"width":102,"height":290},"Layer 90":{"x":59.07,"y":-2.33,"scaleX":0.801,"scaleY":1.377,"rotation":83.12,"width":108,"height":392}},"Layer 88":{"Layer 87":{"x":66.73,"y":13.44,"scaleX":0.798,"scaleY":1.963,"rotation":83.12,"width":92,"height":272},"Layer 88":{"x":66.36,"y":12.69,"scaleX":0.812,"scaleY":1.82,"rotation":83.12,"width":96,"height":298},"Layer 89":{"x":60.52,"y":0.67,"scaleX":0.86,"scaleY":1.752,"rotation":83.12,"width":102,"height":290},"Layer 90":{"x":59.07,"y":-2.33,"scaleX":0.801,"scaleY":1.377,"rotation":83.12,"width":108,"height":392}},"Layer 91":{"Layer 91":{"x":-1.02,"y":6.67,"width":225,"height":198}},"Layer 92":{"Layer 92":{"x":-11.28,"y":-13.71,"width":214,"height":165},"Layer 93":{"x":-10.78,"y":-14.21,"width":229,"height":208},"Layer 94":{"x":-10.78,"y":-14.21,"width":215,"height":178},"Layer 95":{"x":-10.78,"y":-14.21,"width":265,"height":218},"Layer 96":{"x":-11.28,"y":-13.71,"width":248,"height":233},"Layer 97":{"x":-10.78,"y":-13.71,"width":183,"height":227},"Layer 98":{"x":-11.28,"y":-14.21,"width":206,"height":238},"Layer 99":{"x":-11.28,"y":-13.71,"width":300,"height":199},"Layer 100":{"x":-10.78,"y":-13.71,"width":255,"height":203},"Layer 101":{"x":-11.28,"y":-14.21,"width":256,"height":222},"Layer 102":{"x":-10.78,"y":-14.21,"width":279,"height":198},"Layer 103":{"x":-11.28,"y":-14.21,"width":246,"height":194},"Layer 104":{"x":-10.78,"y":-14.21,"width":241,"height":182}}}},"animations":{"chua quay":{"slots":{"Layer 87":{"attachment":[{"time":0.1,"name":"Layer 88"},{"time":0.2,"name":"Layer 89"},{"time":0.3333,"name":"Layer 90"},{"time":0.4333,"name":"Layer 87"},{"time":0.5333,"name":"Layer 88"},{"time":0.6333,"name":"Layer 89"},{"time":0.7667,"name":"Layer 90"},{"time":0.9,"name":"Layer 87"},{"time":1,"name":"Layer 88"},{"time":1.1,"name":"Layer 89"},{"time":1.2333,"name":"Layer 90"},{"time":1.3333,"name":"Layer 87"},{"time":1.4333,"name":"Layer 88"},{"time":1.5333,"name":"Layer 89"},{"time":1.6667,"name":"Layer 90"},{"time":1.7667,"name":"Layer 87"},{"time":1.8667,"name":"Layer 88"},{"time":1.9667,"name":"Layer 89"},{"time":2.1,"name":"Layer 90"},{"time":2.2,"name":"Layer 87"},{"time":2.3,"name":"Layer 88"},{"time":2.4,"name":"Layer 89"},{"time":2.5333,"name":"Layer 90"},{"time":2.6,"name":"Layer 87"},{"time":2.7,"name":"Layer 88"},{"time":2.8,"name":"Layer 89"},{"time":2.9333,"name":"Layer 90"},{"time":3,"name":"Layer 87"},{"time":3.1,"name":"Layer 88"},{"time":3.2,"name":"Layer 89"},{"time":3.3333,"name":"Layer 90"}]},"Layer 88":{"attachment":[{"time":0.1,"name":"Layer 88"},{"time":0.2,"name":"Layer 89"},{"time":0.3333,"name":"Layer 90"},{"time":0.4333,"name":"Layer 87"},{"time":0.5333,"name":"Layer 88"},{"time":0.6333,"name":"Layer 89"},{"time":0.7667,"name":"Layer 90"},{"time":0.9,"name":"Layer 87"},{"time":1,"name":"Layer 88"},{"time":1.1,"name":"Layer 89"},{"time":1.2333,"name":"Layer 90"},{"time":1.3333,"name":"Layer 87"},{"time":1.4333,"name":"Layer 88"},{"time":1.5333,"name":"Layer 89"},{"time":1.6667,"name":"Layer 90"},{"time":1.7667,"name":"Layer 87"},{"time":1.8667,"name":"Layer 88"},{"time":1.9667,"name":"Layer 89"},{"time":2.1,"name":"Layer 90"},{"time":2.2,"name":"Layer 87"},{"time":2.3,"name":"Layer 88"},{"time":2.4,"name":"Layer 89"},{"time":2.5333,"name":"Layer 90"},{"time":2.6,"name":"Layer 87"},{"time":2.7,"name":"Layer 88"},{"time":2.8,"name":"Layer 89"},{"time":2.9333,"name":"Layer 90"},{"time":3,"name":"Layer 87"},{"time":3.1,"name":"Layer 88"},{"time":3.2,"name":"Layer 89"},{"time":3.3333,"name":"Layer 90"}]},"Layer 91":{"attachment":[{"time":0,"name":null}]},"Layer 92":{"attachment":[{"time":0,"name":null}]}},"bones":{"Layer 67":{"translate":[{"time":0,"x":0,"y":18.99,"curve":[0.25,0,0.75,1]},{"time":1.6667,"x":0,"y":0,"curve":[0.25,0,0.75,1]},{"time":3.3333,"x":0,"y":18.99}]},"Layer 74":{"rotate":[{"time":0,"angle":0,"curve":[0.25,0,0.75,1]},{"time":1.3333,"angle":-11.61,"curve":[0.25,0,0.75,1]},{"time":2.6667,"angle":0}]},"Layer 78":{"rotate":[{"time":0,"angle":0,"curve":[0.25,0,0.75,1]},{"time":1.6667,"angle":-16.06,"curve":[0.25,0,0.75,1]},{"time":3.3333,"angle":0}]},"Layer 72":{"rotate":[{"time":0,"angle":0,"curve":[0.25,0,0.75,1]},{"time":1.3333,"angle":-3.8,"curve":[0.25,0,0.75,1]},{"time":2.6667,"angle":0}]},"Layer 75":{"rotate":[{"time":0,"angle":0,"curve":[0.25,0,0.75,1]},{"time":1.6667,"angle":-11.02,"curve":[0.25,0,0.75,1]},{"time":3.3333,"angle":0}]},"Layer 70":{"rotate":[{"time":0,"angle":0,"curve":[0.25,0,0.75,1]},{"time":1.3333,"angle":-5.47,"curve":[0.25,0,0.75,1]},{"time":2.6667,"angle":0}]},"Layer 81":{"translate":[{"time":0,"x":0,"y":0,"curve":[0.25,0,0.75,1]},{"time":1.3333,"x":2.02,"y":-4.67,"curve":[0.25,0,0.75,1]},{"time":2.6667,"x":0,"y":0}]},"Layer 79":{"translate":[{"time":0,"x":16.26,"y":0,"curve":[0.25,0,0.75,1]},{"time":1.3333,"x":7.58,"y":7.39,"curve":[0.25,0,0.75,1]},{"time":2.6667,"x":16.26,"y":0}]},"Layer 77":{"rotate":[{"time":0,"angle":0,"curve":[0.25,0,0.75,1]},{"time":1.6667,"angle":-20.26,"curve":[0.25,0,0.75,1]},{"time":3.3333,"angle":0}],"translate":[{"time":0,"x":0,"y":0,"curve":[0.25,0,0.75,1]},{"time":1.3333,"x":2.15,"y":-6.3,"curve":[0.25,0,0.75,1]},{"time":2.6667,"x":0,"y":0}]},"Layer 80":{"rotate":[{"time":0,"angle":0,"curve":[0.25,0,0.75,1]},{"time":1.6667,"angle":20.3,"curve":[0.25,0,0.75,1]},{"time":3.3333,"angle":0}],"translate":[{"time":0,"x":0,"y":0,"curve":[0.25,0,0.75,1]},{"time":1.6667,"x":0.88,"y":4.37,"curve":[0.25,0,0.75,1]},{"time":2.6667,"x":0,"y":0}]},"Layer 95":{"rotate":[{"time":0,"angle":0,"curve":[0.25,0,0.75,1]},{"time":1.3333,"angle":-5.95,"curve":[0.25,0,0.75,1]},{"time":2.6667,"angle":0}]},"Layer 94":{"rotate":[{"time":0,"angle":0,"curve":[0.25,0,0.75,1]},{"time":1.6667,"angle":-9.69,"curve":[0.25,0,0.75,1]},{"time":3.3333,"angle":0}]},"Layer 96":{"rotate":[{"time":0,"angle":-8.05,"curve":[0.25,0,0.75,1]},{"time":1.1667,"angle":6.37,"curve":[0.25,0,0.75,1]},{"time":2.3333,"angle":-8.05}]},"Layer 100":{"rotate":[{"time":0,"angle":-10.18,"curve":[0.25,0,0.75,1]},{"time":1.6667,"angle":6.84,"curve":[0.25,0,0.75,1]},{"time":3.3333,"angle":-10.18}]},"Layer 84":{"rotate":[{"time":0,"angle":0,"curve":[0.25,0,0.75,1]},{"time":1.3333,"angle":-8.7,"curve":[0.25,0,0.75,1]},{"time":2.6667,"angle":0}]},"Layer 85":{"rotate":[{"time":0,"angle":0,"curve":[0.25,0,0.75,1]},{"time":1.6667,"angle":4.76,"curve":[0.25,0,0.75,1]},{"time":3.3333,"angle":0}]},"Layer 83":{"rotate":[{"time":0,"angle":0,"curve":[0.25,0,0.75,1]},{"time":1.6667,"angle":-7.07,"curve":[0.25,0,0.75,1]},{"time":3.3333,"angle":0}]}}},"quay":{"slots":{"Layer 87":{"attachment":[{"time":0,"name":null}]},"Layer 88":{"attachment":[{"time":0,"name":null}]},"Layer 92":{"attachment":[{"time":1.3667,"name":"Layer 93"},{"time":1.4,"name":"Layer 94"},{"time":1.4333,"name":"Layer 95"},{"time":1.4667,"name":"Layer 96"},{"time":1.5,"name":"Layer 97"},{"time":1.5333,"name":"Layer 98"},{"time":1.5667,"name":"Layer 99"},{"time":1.6,"name":"Layer 100"},{"time":1.6333,"name":"Layer 101"},{"time":1.6667,"name":"Layer 102"},{"time":1.7,"name":"Layer 103"},{"time":1.7333,"name":"Layer 104"},{"time":1.7667,"name":null},{"time":1.8,"name":"Layer 92"},{"time":1.8333,"name":"Layer 93"},{"time":1.8667,"name":"Layer 94"},{"time":1.9,"name":"Layer 95"},{"time":1.9333,"name":"Layer 96"},{"time":1.9667,"name":"Layer 97"},{"time":2,"name":"Layer 98"},{"time":2.0333,"name":"Layer 99"},{"time":2.0667,"name":"Layer 100"},{"time":2.1,"name":"Layer 101"},{"time":2.1333,"name":"Layer 102"},{"time":2.1667,"name":"Layer 103"},{"time":2.2,"name":"Layer 104"},{"time":2.2333,"name":null}]}},"bones":{"Layer 92":{"scale":[{"time":0,"x":0.6,"y":0.6}]},"Layer 91":{"translate":[{"time":0,"x":-495.53,"y":183.06}],"scale":[{"time":0,"x":0,"y":0,"curve":[0.25,0,0.75,1]},{"time":1,"x":1.2,"y":1.2,"curve":[0.25,0,0.75,1]},{"time":2.3333,"x":1,"y":1,"curve":[0.25,0,0.75,1]},{"time":3.3333,"x":0,"y":0}]},"Layer 67":{"translate":[{"time":0,"x":0,"y":18.99,"curve":[0.25,0,0.75,1]},{"time":1.6667,"x":0,"y":0,"curve":[0.25,0,0.75,1]},{"time":3.3333,"x":0,"y":18.99}]},"Layer 74":{"rotate":[{"time":0,"angle":0,"curve":[0.25,0,0.75,1]},{"time":1.3333,"angle":-11.61,"curve":[0.25,0,0.75,1]},{"time":2.6667,"angle":0}]},"Layer 78":{"rotate":[{"time":0,"angle":0,"curve":[0.25,0,0.75,1]},{"time":1.6667,"angle":-16.06,"curve":[0.25,0,0.75,1]},{"time":3.3333,"angle":0}]},"Layer 72":{"rotate":[{"time":0,"angle":0,"curve":[0.25,0,0.75,1]},{"time":1.3333,"angle":-3.8,"curve":[0.25,0,0.75,1]},{"time":2.6667,"angle":0}]},"Layer 75":{"rotate":[{"time":0,"angle":0,"curve":[0.25,0,0.75,1]},{"time":1.6667,"angle":-11.02,"curve":[0.25,0,0.75,1]},{"time":3.3333,"angle":0}]},"Layer 70":{"rotate":[{"time":0,"angle":0,"curve":[0.25,0,0.75,1]},{"time":1.3333,"angle":-5.47,"curve":[0.25,0,0.75,1]},{"time":2.6667,"angle":0}]},"Layer 81":{"translate":[{"time":0,"x":0,"y":0,"curve":[0.25,0,0.75,1]},{"time":1.3333,"x":2.02,"y":-4.67,"curve":[0.25,0,0.75,1]},{"time":2.6667,"x":0,"y":0}]},"Layer 79":{"translate":[{"time":0,"x":16.26,"y":0,"curve":[0.25,0,0.75,1]},{"time":1.3333,"x":7.58,"y":7.39,"curve":[0.25,0,0.75,1]},{"time":2.6667,"x":16.26,"y":0}]},"Layer 77":{"rotate":[{"time":0,"angle":0,"curve":[0.25,0,0.75,1]},{"time":1.6667,"angle":-20.26,"curve":[0.25,0,0.75,1]},{"time":3.3333,"angle":0}],"translate":[{"time":0,"x":0,"y":0,"curve":[0.25,0,0.75,1]},{"time":1.3333,"x":2.15,"y":-6.3,"curve":[0.25,0,0.75,1]},{"time":2.6667,"x":0,"y":0}]},"Layer 80":{"rotate":[{"time":0,"angle":0,"curve":[0.25,0,0.75,1]},{"time":1.6667,"angle":20.3,"curve":[0.25,0,0.75,1]},{"time":3.3333,"angle":0}],"translate":[{"time":0,"x":0,"y":0,"curve":[0.25,0,0.75,1]},{"time":1.6667,"x":0.88,"y":4.37,"curve":[0.25,0,0.75,1]},{"time":2.6667,"x":0,"y":0}]},"Layer 84":{"rotate":[{"time":0,"angle":0,"curve":[0.25,0,0.75,1]},{"time":1.3333,"angle":-8.7,"curve":[0.25,0,0.75,1]},{"time":2.6667,"angle":0}]},"Layer 85":{"rotate":[{"time":0,"angle":0,"curve":[0.25,0,0.75,1]},{"time":1.6667,"angle":4.76,"curve":[0.25,0,0.75,1]},{"time":3.3333,"angle":0}]},"Layer 83":{"rotate":[{"time":0,"angle":0,"curve":[0.25,0,0.75,1]},{"time":1.6667,"angle":-7.07,"curve":[0.25,0,0.75,1]},{"time":3.3333,"angle":0}]},"Layer 95":{"rotate":[{"time":0,"angle":0,"curve":[0.25,0,0.75,1]},{"time":1.3333,"angle":29.77,"curve":[0.25,0,0.75,1]},{"time":1.3667,"angle":26.65,"curve":[0.25,0,0.75,1]},{"time":1.4333,"angle":29.77,"curve":[0.25,0,0.75,1]},{"time":1.4667,"angle":26.65,"curve":[0.25,0,0.75,1]},{"time":1.5,"angle":29.77,"curve":[0.25,0,0.75,1]},{"time":1.5333,"angle":26.65,"curve":[0.25,0,0.75,1]},{"time":1.6,"angle":29.77,"curve":[0.25,0,0.75,1]},{"time":1.6333,"angle":26.65,"curve":[0.25,0,0.75,1]},{"time":1.6667,"angle":29.77,"curve":[0.25,0,0.75,1]},{"time":1.7333,"angle":26.65,"curve":[0.25,0,0.75,1]},{"time":1.7667,"angle":29.77,"curve":[0.25,0,0.75,1]},{"time":1.8,"angle":26.65,"curve":[0.25,0,0.75,1]},{"time":1.8667,"angle":29.77,"curve":[0.25,0,0.75,1]},{"time":1.9,"angle":26.65,"curve":[0.25,0,0.75,1]},{"time":1.9333,"angle":29.77,"curve":[0.25,0,0.75,1]},{"time":1.9667,"angle":26.65,"curve":[0.25,0,0.75,1]},{"time":2.0333,"angle":29.77,"curve":[0.25,0,0.75,1]},{"time":2.0667,"angle":26.65,"curve":[0.25,0,0.75,1]},{"time":2.1,"angle":29.77,"curve":[0.25,0,0.75,1]},{"time":2.1667,"angle":26.65,"curve":[0.25,0,0.75,1]},{"time":2.2,"angle":29.77,"curve":[0.25,0,0.75,1]},{"time":2.2333,"angle":26.65,"curve":[0.25,0,0.75,1]},{"time":2.3,"angle":29.77,"curve":[0.25,0,0.75,1]},{"time":2.3333,"angle":26.65,"curve":[0.25,0,0.75,1]},{"time":3.3333,"angle":0}]},"Layer 90":{"rotate":[{"time":0,"angle":0,"curve":[0.25,0,0.75,1]},{"time":1,"angle":11.39,"curve":"stepped"},{"time":2.3333,"angle":11.39,"curve":[0.25,0,0.75,1]},{"time":3.3333,"angle":0}],"translate":[{"time":0,"x":0,"y":0,"curve":[0.25,0,0.75,1]},{"time":1,"x":-5.14,"y":0.04,"curve":"stepped"},{"time":2.3333,"x":-5.14,"y":0.04,"curve":[0.25,0,0.75,1]},{"time":3.3333,"x":0,"y":0}]},"Layer 96":{"rotate":[{"time":0,"angle":0,"curve":[0.25,0,0.75,1]},{"time":1,"angle":11.12,"curve":"stepped"},{"time":2.3333,"angle":11.12,"curve":[0.25,0,0.75,1]},{"time":3.3333,"angle":0}]},"Layer 100":{"rotate":[{"time":0,"angle":0,"curve":[0.25,0,0.75,1]},{"time":1.3333,"angle":10.83,"curve":[0.25,0,0.75,1]},{"time":1.4333,"angle":6.58,"curve":[0.25,0,0.75,1]},{"time":1.5,"angle":10.83,"curve":[0.25,0,0.75,1]},{"time":1.5667,"angle":6.58,"curve":[0.25,0,0.75,1]},{"time":1.7,"angle":10.83,"curve":[0.25,0,0.75,1]},{"time":1.7667,"angle":6.58,"curve":[0.25,0,0.75,1]},{"time":1.8333,"angle":10.83,"curve":[0.25,0,0.75,1]},{"time":1.9667,"angle":6.58,"curve":[0.25,0,0.75,1]},{"time":2.0333,"angle":10.83,"curve":[0.25,0,0.75,1]},{"time":2.1,"angle":6.58,"curve":[0.25,0,0.75,1]},{"time":2.2333,"angle":10.83,"curve":[0.25,0,0.75,1]},{"time":2.3333,"angle":6.58,"curve":[0.25,0,0.75,1]},{"time":3.3333,"angle":0}]}}}}},"_atlasText":"\ncharacter.png\nsize: 2048,1024\nformat: RGBA8888\nfilter: Linear,Linear\nrepeat: none\nLayer 100\n  rotate: false\n  xy: 1731, 817\n  size: 255, 203\n  orig: 255, 203\n  offset: 0, 0\n  index: -1\nLayer 101\n  rotate: false\n  xy: 1473, 798\n  size: 256, 222\n  orig: 256, 222\n  offset: 0, 0\n  index: -1\nLayer 102\n  rotate: false\n  xy: 414, 822\n  size: 279, 198\n  orig: 279, 198\n  offset: 0, 0\n  index: -1\nLayer 103\n  rotate: false\n  xy: 112, 625\n  size: 246, 194\n  orig: 246, 194\n  offset: 0, 0\n  index: -1\nLayer 104\n  rotate: true\n  xy: 493, 399\n  size: 241, 182\n  orig: 241, 182\n  offset: 0, 0\n  index: -1\nLayer 67\n  rotate: false\n  xy: 962, 782\n  size: 259, 238\n  orig: 259, 238\n  offset: 0, 0\n  index: -1\nLayer 68\n  rotate: true\n  xy: 106, 13\n  size: 139, 249\n  orig: 139, 249\n  offset: 0, 0\n  index: -1\nLayer 69\n  rotate: false\n  xy: 677, 463\n  size: 104, 243\n  orig: 104, 243\n  offset: 0, 0\n  index: -1\nLayer 70\n  rotate: false\n  xy: 783, 565\n  size: 116, 141\n  orig: 116, 141\n  offset: 0, 0\n  index: -1\nLayer 71\n  rotate: false\n  xy: 945, 599\n  size: 88, 83\n  orig: 88, 83\n  offset: 0, 0\n  index: -1\nLayer 72\n  rotate: false\n  xy: 1035, 619\n  size: 83, 63\n  orig: 83, 63\n  offset: 0, 0\n  index: -1\nLayer 73\n  rotate: true\n  xy: 677, 405\n  size: 56, 80\n  orig: 56, 80\n  offset: 0, 0\n  index: -1\nLayer 74\n  rotate: false\n  xy: 1988, 952\n  size: 58, 68\n  orig: 58, 68\n  offset: 0, 0\n  index: -1\nLayer 75\n  rotate: false\n  xy: 1988, 882\n  size: 58, 68\n  orig: 58, 68\n  offset: 0, 0\n  index: -1\nLayer 76\n  rotate: false\n  xy: 945, 684\n  size: 258, 96\n  orig: 258, 96\n  offset: 0, 0\n  index: -1\nLayer 77\n  rotate: false\n  xy: 783, 480\n  size: 101, 83\n  orig: 101, 83\n  offset: 0, 0\n  index: -1\nLayer 78\n  rotate: false\n  xy: 360, 625\n  size: 92, 194\n  orig: 92, 194\n  offset: 0, 0\n  index: -1\nLayer 79\n  rotate: false\n  xy: 357, 23\n  size: 70, 144\n  orig: 70, 144\n  offset: 0, 0\n  index: -1\nLayer 80\n  rotate: false\n  xy: 429, 54\n  size: 68, 113\n  orig: 68, 113\n  offset: 0, 0\n  index: -1\nLayer 81\n  rotate: false\n  xy: 683, 343\n  size: 63, 60\n  orig: 63, 60\n  offset: 0, 0\n  index: -1\nLayer 82\n  rotate: true\n  xy: 1120, 628\n  size: 54, 71\n  orig: 54, 71\n  offset: 0, 0\n  index: -1\nLayer 83\n  rotate: true\n  xy: 2, 2\n  size: 32, 95\n  orig: 32, 95\n  offset: 0, 0\n  index: -1\nLayer 84\n  rotate: false\n  xy: 683, 248\n  size: 30, 93\n  orig: 30, 93\n  offset: 0, 0\n  index: -1\nLayer 85\n  rotate: false\n  xy: 901, 615\n  size: 42, 91\n  orig: 42, 91\n  offset: 0, 0\n  index: -1\nLayer 87\n  rotate: true\n  xy: 671, 708\n  size: 92, 272\n  orig: 92, 272\n  offset: 0, 0\n  index: -1\nLayer 88\n  rotate: false\n  xy: 2, 328\n  size: 96, 298\n  orig: 96, 298\n  offset: 0, 0\n  index: -1\nLayer 89\n  rotate: false\n  xy: 2, 36\n  size: 102, 290\n  orig: 102, 290\n  offset: 0, 0\n  index: -1\nLayer 90\n  rotate: false\n  xy: 2, 628\n  size: 108, 392\n  orig: 108, 392\n  offset: 0, 0\n  index: -1\nLayer 91\n  rotate: true\n  xy: 316, 169\n  size: 225, 198\n  orig: 225, 198\n  offset: 0, 0\n  index: -1\nLayer 92\n  rotate: true\n  xy: 516, 183\n  size: 214, 165\n  orig: 214, 165\n  offset: 0, 0\n  index: -1\nLayer 93\n  rotate: true\n  xy: 106, 154\n  size: 229, 208\n  orig: 229, 208\n  offset: 0, 0\n  index: -1\nLayer 94\n  rotate: false\n  xy: 454, 642\n  size: 215, 178\n  orig: 215, 178\n  offset: 0, 0\n  index: -1\nLayer 95\n  rotate: false\n  xy: 695, 802\n  size: 265, 218\n  orig: 265, 218\n  offset: 0, 0\n  index: -1\nLayer 96\n  rotate: false\n  xy: 1223, 787\n  size: 248, 233\n  orig: 248, 233\n  offset: 0, 0\n  index: -1\nLayer 97\n  rotate: false\n  xy: 308, 396\n  size: 183, 227\n  orig: 183, 227\n  offset: 0, 0\n  index: -1\nLayer 98\n  rotate: false\n  xy: 100, 385\n  size: 206, 238\n  orig: 206, 238\n  offset: 0, 0\n  index: -1\nLayer 99\n  rotate: false\n  xy: 112, 821\n  size: 300, 199\n  orig: 300, 199\n  offset: 0, 0\n  index: -1\n","textures":[{"__uuid__":"48J3gxNIJHvKk4OVaddM5H"}],"textureNames":["character.png"]}