{"__type__":"dragonBones.DragonBonesAsset","_name":"kyby_paotai5_ske","_dragonBonesJson":"{\"frameRate\":24,\"name\":\"kyby_paotai5\",\"version\":\"5.5\",\"compatibleVersion\":\"5.5\",\"armature\":[{\"type\":\"Armature\",\"frameRate\":24,\"name\":\"kyby_paotai5\",\"aabb\":{\"x\":-127.68,\"y\":-256.53,\"width\":273,\"height\":436},\"bone\":[{\"name\":\"root\",\"transform\":{\"y\":68.0633}},{\"name\":\"paotai5_paoshen\",\"parent\":\"root\",\"transform\":{\"y\":-30.15,\"scX\":0.36,\"scY\":0.36}},{\"length\":91,\"name\":\"paotai5_paoshen1\",\"parent\":\"paotai5_paoshen\",\"transform\":{\"y\":-25,\"skX\":-89.4669,\"skY\":-89.4669}},{\"length\":25,\"name\":\"paotai5_R-2\",\"parent\":\"paotai5_paoshen\",\"transform\":{\"x\":81,\"y\":-214.6,\"skX\":-92.0618,\"skY\":-92.0618}},{\"length\":120,\"name\":\"paotai5_paotong\",\"parent\":\"paotai5_paoshen\",\"transform\":{\"y\":-226.65,\"skX\":-89.5963,\"skY\":-89.5963}},{\"length\":42,\"name\":\"paotai5_L-1\",\"parent\":\"paotai5_paoshen\",\"transform\":{\"x\":-77,\"y\":-263.1,\"skX\":-85.9727,\"skY\":-85.9727}},{\"length\":41,\"name\":\"paotai5_R-1\",\"parent\":\"paotai5_paoshen\",\"transform\":{\"x\":80.1,\"y\":-266.3,\"skX\":-90,\"skY\":-90}},{\"length\":74,\"name\":\"paotai5_R-3\",\"parent\":\"paotai5_paoshen\",\"transform\":{\"x\":99.8909,\"y\":-137.4145,\"skX\":-76.1353,\"skY\":-76.1353}},{\"length\":67,\"name\":\"paotai5_L-3\",\"parent\":\"paotai5_paoshen\",\"transform\":{\"x\":-96.3214,\"y\":-137.0735,\"skX\":-105.2115,\"skY\":-105.2115}},{\"length\":33,\"name\":\"paotai5_R-4\",\"parent\":\"paotai5_paoshen\",\"transform\":{\"x\":76.5,\"y\":-48.6,\"skX\":59.9667,\"skY\":59.9667}},{\"length\":39,\"name\":\"paotai5_L-4\",\"parent\":\"paotai5_paoshen\",\"transform\":{\"x\":-73.5,\"y\":-53.15,\"skX\":127.2714,\"skY\":127.2714}},{\"length\":25,\"name\":\"paotai5_L-2\",\"parent\":\"paotai5_paoshen\",\"transform\":{\"x\":-82.8,\"y\":-212.45,\"skX\":-81.2538,\"skY\":-81.2538}},{\"name\":\"number\",\"parent\":\"paotai5_paoshen\",\"transform\":{\"y\":-110.4835,\"scX\":2.3,\"scY\":2.3}},{\"name\":\"pao0001\",\"parent\":\"paotai5_paotong\",\"transform\":{\"x\":160.6414,\"y\":-1.2918,\"skX\":90,\"skY\":90,\"scX\":2.8,\"scY\":2.8}}],\"slot\":[{\"displayIndex\":2,\"name\":\"pao0001\",\"parent\":\"pao0001\"},{\"name\":\"paotai5_paotong\",\"parent\":\"paotai5_paotong\"},{\"name\":\"paotai5_R-4\",\"parent\":\"paotai5_R-4\"},{\"name\":\"paotai5_R-3\",\"parent\":\"paotai5_R-3\"},{\"name\":\"paotai5_L-4\",\"parent\":\"paotai5_L-4\"},{\"name\":\"paotai5_L-3\",\"parent\":\"paotai5_L-3\"},{\"name\":\"paotai5_paoshen\",\"parent\":\"paotai5_paoshen1\"},{\"name\":\"paotai5_R-2\",\"parent\":\"paotai5_R-2\"},{\"name\":\"paotai5_R-1\",\"parent\":\"paotai5_R-1\"},{\"name\":\"paotai5_L-2\",\"parent\":\"paotai5_L-2\"},{\"name\":\"paotai5_L-1\",\"parent\":\"paotai5_L-1\"},{\"displayIndex\":-1,\"name\":\"number\",\"parent\":\"number\"}],\"skin\":[{\"slot\":[{\"name\":\"paotai5_R-4\",\"display\":[{\"name\":\"paotai5_R-4\",\"transform\":{\"x\":-1.69,\"y\":-9.31,\"skX\":-59.97,\"skY\":-59.97},\"path\":\"R-4\"}]},{\"name\":\"paotai5_L-1\",\"display\":[{\"name\":\"paotai5_L-1\",\"transform\":{\"x\":25.72,\"y\":-1.31,\"skX\":85.97,\"skY\":85.97},\"path\":\"L-1\"}]},{\"name\":\"paotai5_R-3\",\"display\":[{\"name\":\"paotai5_R-3\",\"transform\":{\"x\":10.24,\"y\":14.01,\"skX\":76.14,\"skY\":76.14},\"path\":\"R-3\"}]},{\"name\":\"paotai5_L-4\",\"display\":[{\"name\":\"paotai5_L-4\",\"transform\":{\"x\":3.93,\"y\":6.94,\"skX\":-127.27,\"skY\":-127.27},\"path\":\"L-4\"}]},{\"name\":\"paotai5_L-3\",\"display\":[{\"name\":\"paotai5_L-3\",\"transform\":{\"x\":11.11,\"y\":-14.44,\"skX\":105.21,\"skY\":105.21},\"path\":\"L-3_\"}]},{\"name\":\"paotai5_paoshen\",\"display\":[{\"name\":\"paotai5_paoshen\",\"transform\":{\"x\":91.86,\"y\":1.15,\"skX\":89.47,\"skY\":89.47},\"path\":\"paoshen\"}]},{\"name\":\"paotai5_paotong\",\"display\":[{\"name\":\"paotai5_paotong\",\"transform\":{\"x\":-14.13,\"y\":24.6,\"skX\":89.6,\"skY\":89.6},\"path\":\"paotong\"}]},{\"name\":\"paotai5_R-2\",\"display\":[{\"name\":\"paotai5_R-2\",\"transform\":{\"x\":9.8,\"y\":-1.15,\"skX\":92.06,\"skY\":92.06},\"path\":\"R-2\"}]},{\"name\":\"paotai5_R-1\",\"display\":[{\"name\":\"paotai5_R-1\",\"transform\":{\"x\":23.05,\"y\":-0.1,\"skX\":90,\"skY\":90},\"path\":\"R-1\"}]},{\"name\":\"paotai5_L-2\",\"display\":[{\"name\":\"paotai5_L-2\",\"transform\":{\"x\":12.23,\"y\":4.49,\"skX\":81.25,\"skY\":81.25},\"path\":\"L-2\"}]},{\"name\":\"pao0001\",\"display\":[{\"name\":\"pao0003\",\"transform\":{\"x\":-0.3,\"y\":-26}},{\"name\":\"pao0002\",\"transform\":{\"x\":-0.3,\"y\":-26}},{\"name\":\"pao0001\",\"transform\":{\"x\":-0.3,\"y\":-26}}]}]}],\"animation\":[{\"duration\":4,\"name\":\"fire\",\"bone\":[{\"name\":\"paotai5_paoshen\",\"translateFrame\":[{\"tweenEasing\":0},{\"duration\":2,\"tweenEasing\":0,\"y\":29.99},{}]},{\"name\":\"paotai5_paotong\",\"translateFrame\":[{\"tweenEasing\":0},{\"duration\":2,\"tweenEasing\":0,\"y\":63.12},{}]},{\"name\":\"paotai5_R-2\",\"translateFrame\":[{\"tweenEasing\":0},{\"tweenEasing\":0,\"x\":6,\"y\":3},{\"tweenEasing\":0,\"x\":-4,\"y\":-1},{}]},{\"name\":\"paotai5_R-1\",\"translateFrame\":[{\"tweenEasing\":0,\"x\":-2.4,\"y\":1.2},{\"tweenEasing\":0},{\"tweenEasing\":0,\"x\":9,\"y\":2},{\"tweenEasing\":0,\"x\":-6,\"y\":0.38},{\"duration\":0,\"x\":-2.4,\"y\":1.2}]},{\"name\":\"paotai5_L-2\",\"translateFrame\":[{\"tweenEasing\":0},{\"tweenEasing\":0,\"x\":-8,\"y\":5},{\"tweenEasing\":0,\"x\":4},{}]},{\"name\":\"paotai5_L-1\",\"translateFrame\":[{\"tweenEasing\":0,\"x\":2,\"y\":2},{\"tweenEasing\":0},{\"tweenEasing\":0,\"x\":-11,\"y\":3},{\"tweenEasing\":0,\"x\":5,\"y\":0.63},{\"duration\":0,\"x\":2,\"y\":2}]},{\"name\":\"paotai5_R-3\",\"rotateFrame\":[{},{\"duration\":2,\"tweenEasing\":0,\"rotate\":-21},{}]},{\"name\":\"paotai5_L-3\",\"rotateFrame\":[{},{\"duration\":2,\"tweenEasing\":0,\"rotate\":19},{}]},{\"name\":\"paotai5_R-4\",\"translateFrame\":[{},{\"duration\":2,\"tweenEasing\":0,\"x\":-7.45,\"y\":-15.85},{}]},{\"name\":\"paotai5_L-4\",\"translateFrame\":[{},{\"duration\":2,\"tweenEasing\":0,\"x\":8.62,\"y\":-16.48},{}]}],\"slot\":[{\"name\":\"pao0001\",\"displayFrame\":[{\"value\":2},{\"duration\":2,\"value\":1},{},{\"duration\":0,\"value\":-1}]}]},{\"duration\":0,\"playTimes\":0,\"name\":\"stand\",\"slot\":[{\"name\":\"pao0001\",\"displayFrame\":[{\"duration\":0,\"value\":-1}]}]},{\"duration\":6,\"name\":\"appear\",\"bone\":[{\"name\":\"paotai5_paoshen\",\"scaleFrame\":[{\"duration\":4,\"tweenEasing\":0,\"x\":0.83,\"y\":0.83},{\"duration\":2}]},{\"name\":\"paotai5_R-1\",\"translateFrame\":[{\"duration\":6,\"curve\":[0.5,0,0.5,1],\"y\":97.13},{\"duration\":0,\"x\":-2.4,\"y\":1.2}]},{\"name\":\"paotai5_R-2\",\"translateFrame\":[{\"duration\":6,\"curve\":[0.5,0,0.5,1],\"y\":45.86},{\"duration\":0}]},{\"name\":\"paotai5_paotong\",\"translateFrame\":[{\"duration\":2,\"curve\":[0.5,0,0.5,1],\"y\":110.66},{\"duration\":4,\"curve\":[0.5,0,0.5,1],\"y\":110.66},{\"duration\":0}],\"scaleFrame\":[{\"duration\":4,\"tweenEasing\":0,\"x\":0.7,\"y\":0.7},{\"duration\":2}]},{\"name\":\"paotai5_L-2\",\"translateFrame\":[{\"duration\":6,\"curve\":[0.5,0,0.5,1],\"y\":46.95},{\"duration\":0}]},{\"name\":\"paotai5_L-1\",\"translateFrame\":[{\"duration\":6,\"curve\":[0.5,0,0.5,1],\"y\":99.42},{\"duration\":0,\"x\":2,\"y\":2}]},{\"name\":\"paotai5_R-3\",\"translateFrame\":[{\"duration\":4,\"tweenEasing\":0,\"x\":-52.93},{\"duration\":2}],\"rotateFrame\":[{\"duration\":4,\"tweenEasing\":0,\"rotate\":-92},{\"duration\":2}]},{\"name\":\"paotai5_L-3\",\"translateFrame\":[{\"duration\":4,\"tweenEasing\":0,\"x\":64.38},{\"duration\":2}],\"rotateFrame\":[{\"duration\":4,\"tweenEasing\":0,\"rotate\":87},{\"duration\":2}]},{\"name\":\"paotai5_R-4\",\"translateFrame\":[{\"duration\":4,\"tweenEasing\":0,\"x\":-28.12,\"y\":-40.94},{\"duration\":2}]},{\"name\":\"paotai5_L-4\",\"translateFrame\":[{\"duration\":4,\"tweenEasing\":0,\"x\":27.33,\"y\":-45.33},{\"duration\":2}]}],\"slot\":[{\"name\":\"paotai5_paotong\",\"colorFrame\":[{\"duration\":3,\"tweenEasing\":0,\"value\":{\"aM\":0}},{\"duration\":3}]},{\"name\":\"paotai5_R-4\",\"colorFrame\":[{\"duration\":4,\"tweenEasing\":0,\"value\":{\"aM\":0}},{\"duration\":2}]},{\"name\":\"paotai5_R-3\",\"colorFrame\":[{\"duration\":4,\"tweenEasing\":0,\"value\":{\"aM\":0}},{\"duration\":2}]},{\"name\":\"paotai5_L-4\",\"colorFrame\":[{\"duration\":4,\"tweenEasing\":0,\"value\":{\"aM\":0}},{\"duration\":2}]},{\"name\":\"paotai5_L-3\",\"colorFrame\":[{\"duration\":4,\"tweenEasing\":0,\"value\":{\"aM\":0}},{\"duration\":2}]},{\"name\":\"paotai5_paoshen\",\"colorFrame\":[{\"duration\":3,\"tweenEasing\":0,\"value\":{\"aM\":0}},{\"duration\":3}]},{\"name\":\"paotai5_R-2\",\"colorFrame\":[{\"duration\":3,\"tweenEasing\":0,\"value\":{\"aM\":0}},{\"duration\":3}]},{\"name\":\"paotai5_R-1\",\"colorFrame\":[{\"duration\":3,\"tweenEasing\":0,\"value\":{\"aM\":0}},{\"duration\":3}]},{\"name\":\"paotai5_L-2\",\"colorFrame\":[{\"duration\":3,\"tweenEasing\":0,\"value\":{\"aM\":0}},{\"duration\":3}]},{\"name\":\"paotai5_L-1\",\"colorFrame\":[{\"duration\":3,\"tweenEasing\":0,\"value\":{\"aM\":0}},{\"duration\":3}]},{\"name\":\"pao0001\",\"displayFrame\":[{\"duration\":6,\"value\":-1}]}]},{\"duration\":6,\"name\":\"disappear\",\"bone\":[{\"name\":\"paotai5_paoshen\",\"scaleFrame\":[{\"duration\":2},{\"duration\":4,\"tweenEasing\":0},{\"duration\":0,\"x\":0.83,\"y\":0.83}]},{\"name\":\"paotai5_R-1\",\"translateFrame\":[{\"duration\":6,\"curve\":[0.5,0,0.5,1],\"x\":-2.4,\"y\":1.2},{\"duration\":0,\"y\":97.13}]},{\"name\":\"paotai5_R-2\",\"translateFrame\":[{\"duration\":6,\"curve\":[0.5,0,0.5,1]},{\"duration\":0,\"y\":45.86}]},{\"name\":\"paotai5_paotong\",\"translateFrame\":[{\"duration\":4,\"curve\":[0.5,0,0.5,1]},{\"duration\":2,\"y\":110.66}],\"scaleFrame\":[{\"duration\":2},{\"duration\":4,\"tweenEasing\":0},{\"duration\":0,\"x\":0.7,\"y\":0.7}]},{\"name\":\"paotai5_L-2\",\"translateFrame\":[{\"duration\":6,\"curve\":[0.5,0,0.5,1]},{\"duration\":0,\"y\":46.95}]},{\"name\":\"paotai5_L-1\",\"translateFrame\":[{\"duration\":6,\"curve\":[0.5,0,0.5,1],\"x\":2,\"y\":2},{\"duration\":0,\"y\":99.42}]},{\"name\":\"paotai5_R-3\",\"translateFrame\":[{\"duration\":2},{\"duration\":4,\"tweenEasing\":0},{\"duration\":0,\"x\":-52.93}],\"rotateFrame\":[{\"duration\":2},{\"duration\":4,\"tweenEasing\":0},{\"duration\":0,\"rotate\":-92}]},{\"name\":\"paotai5_L-3\",\"translateFrame\":[{\"duration\":2,\"tweenEasing\":0},{\"duration\":4,\"tweenEasing\":0},{\"duration\":0,\"x\":64.38}],\"rotateFrame\":[{\"duration\":2},{\"duration\":4,\"tweenEasing\":0},{\"duration\":0,\"rotate\":87}]},{\"name\":\"paotai5_R-4\",\"translateFrame\":[{\"duration\":2},{\"duration\":4,\"tweenEasing\":0},{\"duration\":0,\"x\":-28.12,\"y\":-40.94}]},{\"name\":\"paotai5_L-4\",\"translateFrame\":[{\"duration\":2},{\"duration\":4,\"tweenEasing\":0},{\"duration\":0,\"x\":27.33,\"y\":-45.33}]}],\"slot\":[{\"name\":\"paotai5_paotong\",\"colorFrame\":[{\"duration\":3},{\"duration\":3,\"tweenEasing\":0},{\"duration\":0,\"value\":{\"aM\":0}}]},{\"name\":\"paotai5_R-4\",\"colorFrame\":[{\"duration\":2},{\"duration\":4,\"tweenEasing\":0},{\"duration\":0,\"value\":{\"aM\":0}}]},{\"name\":\"paotai5_R-3\",\"colorFrame\":[{\"duration\":2},{\"duration\":4,\"tweenEasing\":0},{\"duration\":0,\"value\":{\"aM\":0}}]},{\"name\":\"paotai5_L-4\",\"colorFrame\":[{\"duration\":2},{\"duration\":4,\"tweenEasing\":0},{\"duration\":0,\"value\":{\"aM\":0}}]},{\"name\":\"paotai5_L-3\",\"colorFrame\":[{\"duration\":2},{\"duration\":4,\"tweenEasing\":0},{\"duration\":0,\"value\":{\"aM\":0}}]},{\"name\":\"paotai5_paoshen\",\"colorFrame\":[{\"duration\":3},{\"duration\":3,\"tweenEasing\":0},{\"duration\":0,\"value\":{\"aM\":0}}]},{\"name\":\"paotai5_R-2\",\"colorFrame\":[{\"duration\":3},{\"duration\":3,\"tweenEasing\":0},{\"duration\":0,\"value\":{\"aM\":0}}]},{\"name\":\"paotai5_R-1\",\"colorFrame\":[{\"duration\":3},{\"duration\":3,\"tweenEasing\":0},{\"duration\":0,\"value\":{\"aM\":0}}]},{\"name\":\"paotai5_L-2\",\"colorFrame\":[{\"duration\":3},{\"duration\":3,\"tweenEasing\":0},{\"duration\":0,\"value\":{\"aM\":0}}]},{\"name\":\"paotai5_L-1\",\"colorFrame\":[{\"duration\":3},{\"duration\":3,\"tweenEasing\":0},{\"duration\":0,\"value\":{\"aM\":0}}]},{\"name\":\"pao0001\",\"displayFrame\":[{\"duration\":6,\"value\":-1}]}]}],\"defaultActions\":[{\"gotoAndPlay\":\"fire\"}]}]}"}