[{"__type__":"cc.SpriteFrame","content":{"name":"avenger_bg","texture":"c2+WSZnvpBVpQK9sW1HBEQ","rect":[1,1,1559,720],"offset":[0,0],"originalSize":[1559,720],"capInsets":[0,0,0,0]}},{"__type__":"cc.SpriteAtlas","_name":"slots_avenger_bgs.plist","_spriteFrames":{"avenger_bg":{"__uuid__":"5cc43Wnk1A66BckhanSOBG"},"avenger_bg_1":{"__uuid__":"fe+DxUILBCT4xASYNo8YIR"}}},{"__type__":"cc.SpriteFrame","content":{"name":"avenger_bg_1","texture":"c2+WSZnvpBVpQK9sW1HBEQ","rect":[1,723,1559,720],"offset":[0,0],"originalSize":[1559,720],"capInsets":[0,0,0,0]}}]