[[{"__type__":"cc.Prefab","_name":"x8","data":{"__id__":1}},{"__type__":"cc.Node","_name":"x8","_children":[{"__id__":2},{"__id__":4},{"__id__":6},{"__id__":7},{"__id__":8},{"__id__":9}],"_components":[{"__type__":"655c6/MZdJNZo/YxgAvEk8A","node":{"__id__":1},"fish":{"__id__":5},"shadow":{"__id__":3},"collider":{"__id__":10},"anim":{"__id__":11},"head":{"__id__":6},"end":{"__id__":7},"suoMe":{"__id__":9},"suoOther":{"__id__":8},"speed":1.25},{"__id__":11},{"__id__":10}],"_prefab":{"__type__":"cc.PrefabInfo","root":{"__id__":1},"asset":{"__uuid__":"4eMRd75YtEPaCrNDGiK0Tq"},"fileId":"fep0dRmJlJGKAzNjUhI7jq"},"_trs":{"__type__":"TypedArray","ctor":"Float64Array","array":[0,0,0,0,0,0,1,1,1,1]},"_groupIndex":6,"groupIndex":6},{"__type__":"cc.Node","_name":"shadow","_parent":{"__id__":1},"_components":[{"__id__":3}],"_prefab":{"__type__":"cc.PrefabInfo","root":{"__id__":1},"asset":{"__uuid__":"4eMRd75YtEPaCrNDGiK0Tq"},"fileId":"88a0NpbzNJSp47UX0Xfjza"},"_trs":{"__type__":"TypedArray","ctor":"Float64Array","array":[-12,-12,0,0,0,0,1,1,1,1]},"_groupIndex":6,"groupIndex":6},{"__type__":"dragonBones.ArmatureDisplay","node":{"__id__":2},"_materials":[{"__uuid__":"ecpdLyjvZBwrvm+cedCcQy"}],"_armatureName":"hetun_shadow","_animationName":"hetun_shadow","_preCacheMode":0,"_armatureKey":"d0bbb9ad-528c-41d0-9f6e-1f1cda52eef6#822e3804-d684-4573-a18a-de0201f844e9","_N$dragonAsset":{"__uuid__":"d0u7mtUoxB0J9uHxzaUu72"},"_N$dragonAtlasAsset":{"__uuid__":"82LjgE1oRFc6GK3gIB+ETp"},"_N$timeScale":0.5},{"__type__":"cc.Node","_name":"fish","_parent":{"__id__":1},"_components":[{"__id__":5}],"_prefab":{"__type__":"cc.PrefabInfo","root":{"__id__":1},"asset":{"__uuid__":"4eMRd75YtEPaCrNDGiK0Tq"},"fileId":"9bkn1LAPRAbYifFvzf8hE2"},"_trs":{"__type__":"TypedArray","ctor":"Float64Array","array":[0,0,0,0,0,0,1,1,1,1]}},{"__type__":"dragonBones.ArmatureDisplay","node":{"__id__":4},"_materials":[{"__uuid__":"ecpdLyjvZBwrvm+cedCcQy"}],"_armatureName":"hetun","_animationName":"hetun","_preCacheMode":0,"_armatureKey":"6c446f5f-695d-48b9-935c-4aba0854cd42#621239d4-6b2b-41dd-a09c-7a470b096537","_N$dragonAsset":{"__uuid__":"6cRG9faV1IuZNcSroIVM1C"},"_N$dragonAtlasAsset":{"__uuid__":"62EjnUaytB3aCcekcLCWU3"},"_N$timeScale":0.5},{"__type__":"cc.Node","_name":"head","_parent":{"__id__":1},"_prefab":{"__type__":"cc.PrefabInfo","root":{"__id__":1},"asset":{"__uuid__":"4eMRd75YtEPaCrNDGiK0Tq"},"fileId":"d6WAJ78ZhNeK6QhyduZulF"},"_trs":{"__type__":"TypedArray","ctor":"Float64Array","array":[-41.858,-2,0,0,0,0,1,1,1,1]}},{"__type__":"cc.Node","_name":"end","_parent":{"__id__":1},"_prefab":{"__type__":"cc.PrefabInfo","root":{"__id__":1},"asset":{"__uuid__":"4eMRd75YtEPaCrNDGiK0Tq"},"fileId":"f8LMBG6FFLQojmGFaizEB3"},"_trs":{"__type__":"TypedArray","ctor":"Float64Array","array":[6.096,-2.312,0,0,0,0,1,1,1,1]}},{"__type__":"cc.Node","_name":"fish_suoding_other","_parent":{"__id__":1},"_active":false,"_components":[{"__type__":"cc.Sprite","node":{"__id__":8},"_materials":[{"__uuid__":"ecpdLyjvZBwrvm+cedCcQy"}],"_spriteFrame":{"__uuid__":"d6GNvieS9K8pqo+oyuZNkc"}},{"__type__":"cc.Animation","node":{"__id__":8},"_defaultClip":{"__uuid__":"41C/GXlRNOjLlgy6YN7juw"},"_clips":[{"__uuid__":"41C/GXlRNOjLlgy6YN7juw"}],"playOnLoad":true}],"_prefab":{"__type__":"cc.PrefabInfo","root":{"__id__":1},"asset":{"__uuid__":"4eMRd75YtEPaCrNDGiK0Tq"},"fileId":"23eZqOe3BHD7JCUljQWnXR"},"_opacity":97,"_contentSize":{"__type__":"cc.Size","width":169,"height":169},"_trs":{"__type__":"TypedArray","ctor":"Float64Array","array":[1.355,10.355,0,0,0,0,1,0.85,0.85,1]}},{"__type__":"cc.Node","_name":"fish_suoding_me","_parent":{"__id__":1},"_active":false,"_components":[{"__type__":"cc.Sprite","node":{"__id__":9},"_materials":[{"__uuid__":"ecpdLyjvZBwrvm+cedCcQy"}],"_spriteFrame":{"__uuid__":"d6GNvieS9K8pqo+oyuZNkc"}},{"__type__":"cc.Animation","node":{"__id__":9},"_defaultClip":{"__uuid__":"41C/GXlRNOjLlgy6YN7juw"},"_clips":[{"__uuid__":"41C/GXlRNOjLlgy6YN7juw"}],"playOnLoad":true}],"_prefab":{"__type__":"cc.PrefabInfo","root":{"__id__":1},"asset":{"__uuid__":"4eMRd75YtEPaCrNDGiK0Tq"},"fileId":"4ejKz876lKIJHBQSvRKexV"},"_contentSize":{"__type__":"cc.Size","width":169,"height":169},"_trs":{"__type__":"TypedArray","ctor":"Float64Array","array":[1.355,10.355,0,0,0,0,1,1,1,1]}},{"__type__":"cc.PolygonCollider","node":{"__id__":1},"points":[{"__type__":"cc.Vec2","x":14.7,"y":-27},{"__type__":"cc.Vec2","x":43,"y":-8.1},{"__type__":"cc.Vec2","x":23.1,"y":18.3},{"__type__":"cc.Vec2","x":2.1,"y":40.1},{"__type__":"cc.Vec2","x":-24,"y":36.9},{"__type__":"cc.Vec2","x":-38.2,"y":25},{"__type__":"cc.Vec2","x":-34.4,"y":-25.8},{"__type__":"cc.Vec2","x":-17.1,"y":-35.7}]},{"__type__":"cc.Animation","node":{"__id__":1},"_clips":[{"__uuid__":"a2uj14PmZK2qR1qc4M16Wh"},{"__uuid__":"5ak/Jp0tpLJo8i3ppQg2Ht"},{"__uuid__":"5bOXJB0vdM1b2POlW2S6cd"},{"__uuid__":"5e2pqRy6pHWI1A7H3M4LgW"},{"__uuid__":"6ckG3/NjBMiIeK25O6v4xf"},{"__uuid__":"48LPTdX7ZC97zqY3q/slQC"},{"__uuid__":"2dzf/b09NK6LRPiFhWlwZR"},{"__uuid__":"d2GKY+Wk9Ca4Hy+M7+jvQW"},{"__uuid__":"fcaoDY8RlPtZqFYdLSRuKY"},{"__uuid__":"c6oPxDO+BCw5F2tEuLmCR7"},{"__uuid__":"74yBVnhc1Kp64BwNKQRQCF"},{"__uuid__":"b0PutUKbdFZYncPeoBtb8d"},{"__uuid__":"11kHRlmAtO5KHZqs6zswjQ"},{"__uuid__":"55Z3ewAfpMQadHueU9ZTMu"},{"__uuid__":"a3AV4GRFtJQIqjYs2L7Wpt"},{"__uuid__":"221RkekctBB55PIPH9Q8FV"},{"__uuid__":"8c1VgeiPNLHp9ONKU0mvgI"},{"__uuid__":"4cJZnk2QpKN4IiHWw3coBp"}]}],{"__type__":"cc.SpriteFrame","content":{"name":"fish_game_pic_suoding1","texture":"bclyb1CdFAXZK7vE6k7C0V","rect":[0,0,169,169],"offset":[-0.5,0.5],"originalSize":[170,170],"capInsets":[0,0,0,0]}}]