[{"__type__":"cc.SpriteFrame","content":{"name":"line2","texture":"15BC4TvhtGUrTbd8iFKc63","rect":[300,0,300,237],"offset":[0,0],"originalSize":[300,237],"capInsets":[0,0,0,0]}},{"__type__":"cc.SpriteFrame","content":{"name":"line4","texture":"15BC4TvhtGUrTbd8iFKc63","rect":[900,0,300,237],"offset":[0,0],"originalSize":[300,237],"capInsets":[0,0,0,0]}},{"__type__":"cc.SpriteAtlas","_name":"ARB_line.plist","_spriteFrames":{"line1":{"__uuid__":"ebrvNFRq5Ffa4WiLReZB1g"},"line10":{"__uuid__":"32YUE5xNBCr4ffuL7hAGoI"},"line11":{"__uuid__":"8fZ0rDjh9Ksq7jSXeR58JP"},"line12":{"__uuid__":"e67SUR+X1B0Y5kCmXXAbZZ"},"line13":{"__uuid__":"2f/akfP1pPWrx1lvY6wxTu"},"line14":{"__uuid__":"c7okZmy7VARb6I89xYUaO/"},"line15":{"__uuid__":"6cHb6L2qpP4LTSSCgF1pqS"},"line16":{"__uuid__":"1eOtOfZEFHYoPigv1zJn7+"},"line17":{"__uuid__":"42v+MkxD5C+5lwfoanNKfC"},"line18":{"__uuid__":"f5otsP4PtPvbQ3H4I/5O5x"},"line19":{"__uuid__":"72SQ92RNVE47H7/mM8MZMD"},"line2":{"__uuid__":"009eVaR4JGa7v7LSww+v4D"},"line20":{"__uuid__":"1bFbphUXdLYKj8WSjlvChP"},"line21":{"__uuid__":"85dYoBfnNGJISAvPS+rEEf"},"line22":{"__uuid__":"a2NIHWpAZDEp1xysAetQT4"},"line23":{"__uuid__":"a3AKoKUHdP371tlohzc2FY"},"line24":{"__uuid__":"22Qfu0g7BFWoFwsvjUjTK/"},"line25":{"__uuid__":"59pllLOfBHQZR2RGYyg3+h"},"line26":{"__uuid__":"e9BfYwrAhMooWlTTdZGaWI"},"line27":{"__uuid__":"1b26+U225MJ4Cx8SEShCBR"},"line3":{"__uuid__":"7foreGTHVAZI5hIq4a9y1T"},"line4":{"__uuid__":"080YxDYz9EgK7dclelmeQa"},"line5":{"__uuid__":"e7cjcJfMtNpKTV7g2VYYg/"},"line6":{"__uuid__":"6f1y0MR1FD9KUhZdTWlCui"},"line7":{"__uuid__":"89xmttkrpE5osvSVe7D0xI"},"line8":{"__uuid__":"e3ku681VhKKKelZSYm6xNR"},"line9":{"__uuid__":"78MUJ2szBHpL7uNOaSggoE"}}},{"__type__":"cc.SpriteFrame","content":{"name":"line20","texture":"15BC4TvhtGUrTbd8iFKc63","rect":[900,948,300,237],"offset":[0,0],"originalSize":[300,237],"capInsets":[0,0,0,0]}},{"__type__":"cc.SpriteFrame","content":{"name":"line27","texture":"15BC4TvhtGUrTbd8iFKc63","rect":[600,1422,300,237],"offset":[0,0],"originalSize":[300,237],"capInsets":[0,0,0,0]}},{"__type__":"cc.SpriteFrame","content":{"name":"line16","texture":"15BC4TvhtGUrTbd8iFKc63","rect":[900,711,300,237],"offset":[0,0],"originalSize":[300,237],"capInsets":[0,0,0,0]}},{"__type__":"cc.SpriteFrame","content":{"name":"line24","texture":"15BC4TvhtGUrTbd8iFKc63","rect":[900,1185,300,237],"offset":[0,0],"originalSize":[300,237],"capInsets":[0,0,0,0]}},{"__type__":"cc.SpriteFrame","content":{"name":"line13","texture":"15BC4TvhtGUrTbd8iFKc63","rect":[0,711,300,237],"offset":[0,0],"originalSize":[300,237],"capInsets":[0,0,0,0]}},{"__type__":"cc.SpriteFrame","content":{"name":"line10","texture":"15BC4TvhtGUrTbd8iFKc63","rect":[300,474,300,237],"offset":[0,0],"originalSize":[300,237],"capInsets":[0,0,0,0]}},{"__type__":"cc.SpriteFrame","content":{"name":"line17","texture":"15BC4TvhtGUrTbd8iFKc63","rect":[0,948,300,237],"offset":[0,0],"originalSize":[300,237],"capInsets":[0,0,0,0]}},{"__type__":"cc.SpriteFrame","content":{"name":"line25","texture":"15BC4TvhtGUrTbd8iFKc63","rect":[0,1422,300,237],"offset":[0,0],"originalSize":[300,237],"capInsets":[0,0,0,0]}},{"__type__":"cc.SpriteFrame","content":{"name":"line15","texture":"15BC4TvhtGUrTbd8iFKc63","rect":[600,711,300,237],"offset":[0,0],"originalSize":[300,237],"capInsets":[0,0,0,0]}},{"__type__":"cc.SpriteFrame","content":{"name":"line6","texture":"15BC4TvhtGUrTbd8iFKc63","rect":[300,237,300,237],"offset":[0,0],"originalSize":[300,237],"capInsets":[0,0,0,0]}},{"__type__":"cc.SpriteFrame","content":{"name":"line19","texture":"15BC4TvhtGUrTbd8iFKc63","rect":[600,948,300,237],"offset":[0,0],"originalSize":[300,237],"capInsets":[0,0,0,0]}},{"__type__":"cc.SpriteFrame","content":{"name":"line9","texture":"15BC4TvhtGUrTbd8iFKc63","rect":[0,474,300,237],"offset":[0,0],"originalSize":[300,237],"capInsets":[0,0,0,0]}},{"__type__":"cc.SpriteFrame","content":{"name":"line3","texture":"15BC4TvhtGUrTbd8iFKc63","rect":[600,0,300,237],"offset":[0,0],"originalSize":[300,237],"capInsets":[0,0,0,0]}},{"__type__":"cc.SpriteFrame","content":{"name":"line21","texture":"15BC4TvhtGUrTbd8iFKc63","rect":[0,1185,300,237],"offset":[0,0],"originalSize":[300,237],"capInsets":[0,0,0,0]}},{"__type__":"cc.SpriteFrame","content":{"name":"line7","texture":"15BC4TvhtGUrTbd8iFKc63","rect":[600,237,300,237],"offset":[0,0],"originalSize":[300,237],"capInsets":[0,0,0,0]}},{"__type__":"cc.SpriteFrame","content":{"name":"line11","texture":"15BC4TvhtGUrTbd8iFKc63","rect":[600,474,300,237],"offset":[0,0],"originalSize":[300,237],"capInsets":[0,0,0,0]}},{"__type__":"cc.SpriteFrame","content":{"name":"line22","texture":"15BC4TvhtGUrTbd8iFKc63","rect":[300,1185,300,237],"offset":[0,0],"originalSize":[300,237],"capInsets":[0,0,0,0]}},{"__type__":"cc.SpriteFrame","content":{"name":"line23","texture":"15BC4TvhtGUrTbd8iFKc63","rect":[600,1185,300,237],"offset":[0,0],"originalSize":[300,237],"capInsets":[0,0,0,0]}},{"__type__":"cc.SpriteFrame","content":{"name":"line14","texture":"15BC4TvhtGUrTbd8iFKc63","rect":[300,711,300,237],"offset":[0,0],"originalSize":[300,237],"capInsets":[0,0,0,0]}},{"__type__":"cc.SpriteFrame","content":{"name":"line8","texture":"15BC4TvhtGUrTbd8iFKc63","rect":[900,237,300,237],"offset":[0,0],"originalSize":[300,237],"capInsets":[0,0,0,0]}},{"__type__":"cc.SpriteFrame","content":{"name":"line12","texture":"15BC4TvhtGUrTbd8iFKc63","rect":[900,474,300,237],"offset":[0,0],"originalSize":[300,237],"capInsets":[0,0,0,0]}},{"__type__":"cc.SpriteFrame","content":{"name":"line5","texture":"15BC4TvhtGUrTbd8iFKc63","rect":[0,237,300,237],"offset":[0,0],"originalSize":[300,237],"capInsets":[0,0,0,0]}},{"__type__":"cc.SpriteFrame","content":{"name":"line26","texture":"15BC4TvhtGUrTbd8iFKc63","rect":[300,1422,300,237],"offset":[0,0],"originalSize":[300,237],"capInsets":[0,0,0,0]}},{"__type__":"cc.SpriteFrame","content":{"name":"line1","texture":"15BC4TvhtGUrTbd8iFKc63","rect":[0,0,300,237],"offset":[0,0],"originalSize":[300,237],"capInsets":[0,0,0,0]}},{"__type__":"cc.SpriteFrame","content":{"name":"line18","texture":"15BC4TvhtGUrTbd8iFKc63","rect":[300,948,300,237],"offset":[0,0],"originalSize":[300,237],"capInsets":[0,0,0,0]}}]