{"__type__":"sp.SkeletonData","_name":"ICON","_skeletonJson":{"skeleton":{"hash":"Awsuyu32PhdE78q9EpU6drKB9Oo","spine":"3.6.53","width":224,"height":463.64,"images":"../Images/"},"bones":[{"name":"root"},{"name":"bone","parent":"root","length":68.78,"rotation":92.7,"x":-41.94,"y":199.98},{"name":"bone2","parent":"root","length":80.83,"rotation":85.78,"x":-1.36,"y":201.06},{"name":"bone3","parent":"root","length":71.65,"rotation":76.91,"x":66.8,"y":191.33},{"name":"bone4","parent":"root","length":47.44,"rotation":82.79,"x":33.26,"y":-64.57},{"name":"bone5","parent":"root","length":65.03,"rotation":93.34,"x":-45.18,"y":-49.96},{"name":"bone6","parent":"root","length":124.23,"rotation":131.12,"x":-68.45,"y":5.22},{"name":"bone7","parent":"root","length":68.05,"rotation":96.39,"x":-70.61,"y":138.85},{"name":"bone8","parent":"root","length":62.22,"rotation":91,"x":-5.15,"y":-144.09}],"slots":[{"name":"BG2","bone":"bone7","attachment":"BG"},{"name":"BG","bone":"root"},{"name":"AS1","bone":"bone6"},{"name":"AS2","bone":"bone6"},{"name":"AS3","bone":"bone6"},{"name":"AS4","bone":"bone6"},{"name":"AS5","bone":"bone6"},{"name":"AS6","bone":"bone6"},{"name":"AS7","bone":"bone6"},{"name":"AS8","bone":"bone6"},{"name":"AS9","bone":"bone6"},{"name":"AS10","bone":"bone6"},{"name":"AS11","bone":"bone6"},{"name":"AS12","bone":"bone6"},{"name":"AS13","bone":"bone6"},{"name":"AS14","bone":"bone6"},{"name":"AS15","bone":"bone6"},{"name":"AS16","bone":"bone6"},{"name":"AS17","bone":"bone6"},{"name":"AS18","bone":"bone6"},{"name":"AS19","bone":"bone6"},{"name":"AS20","bone":"bone6"},{"name":"AS21","bone":"bone6"},{"name":"AS22","bone":"bone6"},{"name":"AS23","bone":"bone6"},{"name":"AS24","bone":"bone6"},{"name":"AS25","bone":"bone6"},{"name":"AS26","bone":"bone6"},{"name":"AS27","bone":"bone6"},{"name":"AS28","bone":"bone6"},{"name":"AS29","bone":"bone6"},{"name":"AS30","bone":"bone6"},{"name":"AS31","bone":"bone6"},{"name":"AS32","bone":"bone6"},{"name":"AS33","bone":"bone6"},{"name":"AS34","bone":"bone6"},{"name":"AS35","bone":"bone6"},{"name":"AS36","bone":"bone6"},{"name":"AS37","bone":"bone6"},{"name":"AS38","bone":"bone6"},{"name":"AS39","bone":"bone6"},{"name":"AS40","bone":"bone6"},{"name":"AS41","bone":"bone6"},{"name":"AS42","bone":"bone6"},{"name":"AS43","bone":"bone6"},{"name":"AS44","bone":"bone6"},{"name":"AS45","bone":"bone6"},{"name":"AS46","bone":"bone6"},{"name":"4","bone":"bone","attachment":"1"},{"name":"1","bone":"root"},{"name":"6","bone":"bone3","attachment":"2"},{"name":"2","bone":"root"},{"name":"5","bone":"bone2","attachment":"3"},{"name":"3","bone":"root"},{"name":"T2","bone":"bone5","attachment":"T"},{"name":"T","bone":"root"},{"name":"X2","bone":"bone4","attachment":"X"},{"name":"X","bone":"root"},{"name":"FRAME1","bone":"bone8","attachment":"FRAME1"},{"name":"FRAME2","bone":"bone8","attachment":"FRAME2"}],"skins":{"default":{"4":{"1":{"x":16.13,"y":0.57,"rotation":-92.7,"width":95,"height":96}},"5":{"3":{"x":19.82,"y":-2.53,"rotation":-85.78,"width":105,"height":108}},"6":{"2":{"x":16.65,"y":3.83,"rotation":-76.91,"width":67,"height":72}},"AS1":{"AS1":{"x":-12.27,"y":-66.97,"scaleX":0.943,"scaleY":0.943,"rotation":-131.12,"width":110,"height":249}},"AS10":{"AS10":{"x":-7.09,"y":-70.16,"scaleX":0.943,"scaleY":0.943,"rotation":-131.12,"width":194,"height":251}},"AS11":{"AS11":{"x":-5.87,"y":-67.24,"scaleX":0.943,"scaleY":0.943,"rotation":-131.12,"width":200,"height":249}},"AS12":{"AS12":{"x":-5.54,"y":-66.87,"scaleX":0.943,"scaleY":0.943,"rotation":-131.12,"width":209,"height":249}},"AS13":{"AS13":{"x":-7.18,"y":-68.75,"scaleX":0.943,"scaleY":0.943,"rotation":-131.12,"width":218,"height":249}},"AS14":{"AS14":{"x":-7.18,"y":-68.75,"scaleX":0.943,"scaleY":0.943,"rotation":-131.12,"width":222,"height":245}},"AS15":{"AS15":{"x":-5.54,"y":-66.87,"scaleX":0.943,"scaleY":0.943,"rotation":-131.12,"width":227,"height":245}},"AS16":{"AS16":{"x":-5.54,"y":-66.87,"scaleX":0.943,"scaleY":0.943,"rotation":-131.12,"width":231,"height":245}},"AS17":{"AS17":{"x":-5.87,"y":-67.24,"scaleX":0.943,"scaleY":0.943,"rotation":-131.12,"width":236,"height":245}},"AS18":{"AS18":{"x":-5.54,"y":-66.87,"scaleX":0.943,"scaleY":0.943,"rotation":-131.12,"width":241,"height":245}},"AS19":{"AS19":{"x":-7.42,"y":-65.22,"scaleX":0.943,"scaleY":0.943,"rotation":-131.12,"width":241,"height":244}},"AS2":{"AS2":{"x":-11.14,"y":-67.96,"scaleX":0.943,"scaleY":0.943,"rotation":-131.12,"width":124,"height":252}},"AS20":{"AS20":{"x":-6.77,"y":-64.47,"scaleX":0.943,"scaleY":0.943,"rotation":-131.12,"width":247,"height":244}},"AS21":{"AS21":{"x":-7.75,"y":-65.6,"scaleX":0.943,"scaleY":0.943,"rotation":-131.12,"width":254,"height":244}},"AS22":{"AS22":{"x":-8.88,"y":-64.61,"scaleX":0.943,"scaleY":0.943,"rotation":-131.12,"width":254,"height":247}},"AS23":{"AS23":{"x":-7.75,"y":-65.6,"scaleX":0.943,"scaleY":0.943,"rotation":-131.12,"width":254,"height":244}},"AS24":{"AS24":{"x":-5.12,"y":-67.9,"scaleX":0.943,"scaleY":0.943,"rotation":-131.12,"width":254,"height":243}},"AS25":{"AS25":{"x":-6.2,"y":-67.62,"scaleX":0.943,"scaleY":0.943,"rotation":-131.12,"width":261,"height":245}},"AS26":{"AS26":{"x":-5.54,"y":-66.87,"scaleX":0.943,"scaleY":0.943,"rotation":-131.12,"width":259,"height":245}},"AS27":{"AS27":{"x":-4.88,"y":-66.11,"scaleX":0.943,"scaleY":0.943,"rotation":-131.12,"width":261,"height":245}},"AS28":{"AS28":{"x":-6.01,"y":-65.13,"scaleX":0.943,"scaleY":0.943,"rotation":-131.12,"width":261,"height":242}},"AS29":{"AS29":{"x":-7.42,"y":-65.22,"scaleX":0.943,"scaleY":0.943,"rotation":-131.12,"width":263,"height":244}},"AS3":{"AS3":{"x":-9.63,"y":-69.27,"scaleX":0.943,"scaleY":0.943,"rotation":-131.12,"width":132,"height":252}},"AS30":{"AS30":{"x":-6.77,"y":-64.47,"scaleX":0.943,"scaleY":0.943,"rotation":-131.12,"width":261,"height":244}},"AS31":{"AS31":{"x":-7.33,"y":-66.63,"scaleX":0.943,"scaleY":0.943,"rotation":-131.12,"width":261,"height":242}},"AS32":{"AS32":{"x":-7.42,"y":-65.22,"scaleX":0.943,"scaleY":0.943,"rotation":-131.12,"width":263,"height":244}},"AS33":{"AS33":{"x":-6.67,"y":-65.88,"scaleX":0.943,"scaleY":0.943,"rotation":-131.12,"width":263,"height":242}},"AS34":{"AS34":{"x":-6.67,"y":-65.88,"scaleX":0.943,"scaleY":0.943,"rotation":-131.12,"width":263,"height":242}},"AS35":{"AS35":{"x":-7.42,"y":-65.22,"scaleX":0.943,"scaleY":0.943,"rotation":-131.12,"width":263,"height":244}},"AS36":{"AS36":{"x":-9.31,"y":-63.58,"scaleX":0.943,"scaleY":0.943,"rotation":-131.12,"width":259,"height":245}},"AS37":{"AS37":{"x":-10.72,"y":-63.68,"scaleX":0.943,"scaleY":0.943,"rotation":-131.12,"width":261,"height":243}},"AS38":{"AS38":{"x":-11.47,"y":-63.02,"scaleX":0.943,"scaleY":0.943,"rotation":-131.12,"width":261,"height":245}},"AS39":{"AS39":{"x":-13.45,"y":-59.96,"scaleX":0.943,"scaleY":0.943,"rotation":-131.12,"width":259,"height":252}},"AS4":{"AS4":{"x":-10.38,"y":-68.61,"scaleX":0.943,"scaleY":0.943,"rotation":-131.12,"width":142,"height":254}},"AS40":{"AS40":{"x":-14.3,"y":-57.89,"scaleX":0.943,"scaleY":0.943,"rotation":-131.12,"width":257,"height":252}},"AS41":{"AS41":{"x":-15.29,"y":-59.02,"scaleX":0.943,"scaleY":0.943,"rotation":-131.12,"width":254,"height":252}},"AS42":{"AS42":{"x":-16.42,"y":-58.04,"scaleX":0.943,"scaleY":0.943,"rotation":-131.12,"width":254,"height":249}},"AS43":{"AS43":{"x":-17.17,"y":-57.38,"scaleX":0.943,"scaleY":0.943,"rotation":-131.12,"width":254,"height":247}},"AS44":{"AS44":{"x":-19.1,"y":-55.03,"scaleX":0.943,"scaleY":0.943,"rotation":-131.12,"width":249,"height":245}},"AS45":{"AS45":{"x":-19.38,"y":-56.11,"scaleX":0.943,"scaleY":0.943,"rotation":-131.12,"width":243,"height":238}},"AS46":{"AS46":{"x":-22.16,"y":-57.01,"scaleX":0.943,"scaleY":0.943,"rotation":-131.12,"width":230,"height":229}},"AS5":{"AS5":{"x":-12.03,"y":-70.5,"scaleX":0.943,"scaleY":0.943,"rotation":-131.12,"width":151,"height":254}},"AS6":{"AS6":{"x":-12.03,"y":-70.5,"scaleX":0.943,"scaleY":0.943,"rotation":-131.12,"width":159,"height":254}},"AS7":{"AS7":{"x":-10.38,"y":-68.61,"scaleX":0.943,"scaleY":0.943,"rotation":-131.12,"width":168,"height":254}},"AS8":{"AS8":{"x":-8.97,"y":-68.52,"scaleX":0.943,"scaleY":0.943,"rotation":-131.12,"width":176,"height":252}},"AS9":{"AS9":{"x":-7.09,"y":-70.16,"scaleX":0.943,"scaleY":0.943,"rotation":-131.12,"width":188,"height":251}},"BG2":{"BG":{"x":-145.85,"y":-54.72,"rotation":-96.39,"width":224,"height":378}},"FRAME1":{"FRAME1":{"x":41.94,"y":-5.65,"rotation":-91,"width":183,"height":41}},"FRAME2":{"FRAME2":{"x":-0.16,"y":-5.13,"rotation":-91,"width":183,"height":41}},"T2":{"T":{"x":8.5,"y":0.42,"rotation":-93.34,"width":108,"height":83}},"X2":{"X":{"x":9.52,"y":-2.73,"rotation":-82.79,"width":87,"height":56}}}},"animations":{"animation":{"slots":{"4":{"color":[{"time":0,"color":"ffffff00","curve":"stepped"},{"time":0.1,"color":"ffffff00","curve":[0.25,0,0.75,1]},{"time":0.3333,"color":"ffffffff"}]},"5":{"color":[{"time":0,"color":"ffffff00","curve":"stepped"},{"time":0.1333,"color":"ffffff00","curve":"stepped"},{"time":0.2,"color":"ffffff00"},{"time":0.5,"color":"ffffffff"}]},"6":{"color":[{"time":0,"color":"ffffff00","curve":"stepped"},{"time":0.2,"color":"ffffff00"},{"time":0.6667,"color":"ffffffff"}]},"AS1":{"attachment":[{"time":1.0667,"name":"AS1"},{"time":1.1,"name":null}]},"AS2":{"attachment":[{"time":1.1,"name":"AS2"},{"time":1.1333,"name":null}]},"AS3":{"attachment":[{"time":1.1333,"name":"AS3"},{"time":1.1667,"name":null}]},"AS4":{"attachment":[{"time":1.1667,"name":"AS4"},{"time":1.2,"name":null}]},"AS5":{"attachment":[{"time":1.2,"name":"AS5"},{"time":1.2333,"name":null}]},"AS6":{"attachment":[{"time":1.2333,"name":"AS6"},{"time":1.2667,"name":null}]},"AS7":{"attachment":[{"time":1.2667,"name":"AS7"},{"time":1.3,"name":null}]},"AS8":{"attachment":[{"time":1.3,"name":"AS8"},{"time":1.3333,"name":null}]},"AS9":{"attachment":[{"time":1.3333,"name":"AS9"},{"time":1.3667,"name":null}]},"AS10":{"attachment":[{"time":1.3667,"name":"AS10"},{"time":1.4,"name":null}]},"AS11":{"attachment":[{"time":1.4,"name":"AS11"},{"time":1.4333,"name":null}]},"AS12":{"attachment":[{"time":1.4333,"name":"AS12"},{"time":1.4667,"name":null}]},"AS13":{"attachment":[{"time":1.4667,"name":"AS13"},{"time":1.5,"name":null}]},"AS14":{"attachment":[{"time":1.5,"name":"AS14"},{"time":1.5333,"name":null}]},"AS15":{"attachment":[{"time":1.5333,"name":"AS15"},{"time":1.5667,"name":null}]},"AS16":{"attachment":[{"time":1.5667,"name":"AS16"},{"time":1.6,"name":null}]},"AS17":{"attachment":[{"time":1.6,"name":"AS17"},{"time":1.6333,"name":null}]},"AS18":{"attachment":[{"time":1.6333,"name":"AS18"},{"time":1.6667,"name":null}]},"AS19":{"attachment":[{"time":1.6667,"name":"AS19"},{"time":1.7,"name":null}]},"AS20":{"attachment":[{"time":1.7,"name":"AS20"},{"time":1.7333,"name":null}]},"AS21":{"attachment":[{"time":1.7333,"name":"AS21"},{"time":1.7667,"name":null}]},"AS22":{"attachment":[{"time":1.7667,"name":"AS22"},{"time":1.8,"name":null}]},"AS23":{"attachment":[{"time":1.8,"name":"AS23"},{"time":1.8333,"name":null}]},"AS24":{"attachment":[{"time":1.8333,"name":"AS24"},{"time":1.8667,"name":null}]},"AS25":{"attachment":[{"time":1.8667,"name":"AS25"},{"time":1.9,"name":null}]},"AS26":{"attachment":[{"time":1.9,"name":"AS26"},{"time":1.9333,"name":null}]},"AS27":{"attachment":[{"time":1.9333,"name":"AS27"},{"time":1.9667,"name":null}]},"AS28":{"attachment":[{"time":1.9667,"name":"AS28"},{"time":2,"name":null}]},"AS29":{"attachment":[{"time":2,"name":"AS29"},{"time":2.0333,"name":null}]},"AS30":{"attachment":[{"time":2.0333,"name":"AS30"},{"time":2.0667,"name":null}]},"AS31":{"attachment":[{"time":2.0667,"name":"AS31"},{"time":2.1,"name":null}]},"AS32":{"attachment":[{"time":2.1,"name":"AS32"},{"time":2.1333,"name":null}]},"AS33":{"attachment":[{"time":2.1333,"name":"AS33"},{"time":2.1667,"name":null}]},"AS34":{"attachment":[{"time":2.1667,"name":"AS34"},{"time":2.2,"name":null}]},"AS35":{"attachment":[{"time":2.2,"name":"AS35"},{"time":2.2333,"name":null}]},"AS36":{"attachment":[{"time":2.2333,"name":"AS36"},{"time":2.2667,"name":null}]},"AS37":{"attachment":[{"time":2.2667,"name":"AS37"},{"time":2.3,"name":null}]},"AS38":{"attachment":[{"time":2.3,"name":"AS38"},{"time":2.3333,"name":null}]},"AS39":{"attachment":[{"time":2.3333,"name":"AS39"},{"time":2.3667,"name":null}]},"AS40":{"attachment":[{"time":2.3667,"name":"AS40"},{"time":2.4,"name":null}]},"AS41":{"attachment":[{"time":2.4,"name":"AS41"},{"time":2.4333,"name":null}]},"AS42":{"attachment":[{"time":2.4333,"name":"AS42"},{"time":2.4667,"name":null}]},"AS43":{"attachment":[{"time":2.4667,"name":"AS43"},{"time":2.5,"name":null}]},"AS44":{"attachment":[{"time":2.5,"name":"AS44"},{"time":2.5333,"name":null}]},"AS45":{"attachment":[{"time":2.5333,"name":"AS45"},{"time":2.5667,"name":null}]},"AS46":{"attachment":[{"time":2.5667,"name":"AS46"},{"time":2.6,"name":null}]}},"bones":{"root":{"rotate":[{"time":0,"angle":0}],"translate":[{"time":0,"x":0,"y":0}],"scale":[{"time":0,"x":1,"y":1}]},"bone":{"rotate":[{"time":0,"angle":0,"curve":[0.25,0,0.75,1]},{"time":0.3333,"angle":61.34},{"time":0.5,"angle":18.12},{"time":0.6667,"angle":-29.16},{"time":0.8333,"angle":4.97,"curve":"stepped"},{"time":2.6667,"angle":4.97}],"translate":[{"time":0,"x":0,"y":0,"curve":[0.25,0,0.75,1]},{"time":0.3333,"x":1.5,"y":-199.72},{"time":0.5,"x":18.53,"y":-180.18},{"time":0.6667,"x":8.01,"y":-157.63},{"time":0.8333,"x":-10.25,"y":-147.61,"curve":"stepped"},{"time":2.6667,"x":-10.25,"y":-147.61}],"scale":[{"time":0,"x":1,"y":1,"curve":"stepped"},{"time":0.8333,"x":1,"y":1},{"time":1.7667,"x":1.088,"y":1.088,"curve":[0.25,0,0.75,1]},{"time":2.6667,"x":1,"y":1}]},"bone2":{"rotate":[{"time":0,"angle":0,"curve":[0.25,0,0.75,1]},{"time":0.5,"angle":-50.47},{"time":0.6667,"angle":-98.38},{"time":0.8333,"angle":-30.5},{"time":1,"angle":8.23,"curve":"stepped"},{"time":2.6667,"angle":8.23}],"translate":[{"time":0,"x":0,"y":0,"curve":[0.25,0,0.75,1]},{"time":0.5,"x":-4.96,"y":-219.48},{"time":0.6667,"x":31.15,"y":-179.12},{"time":0.8333,"x":25.49,"y":-164.26},{"time":1,"x":43.9,"y":-118.24,"curve":"stepped"},{"time":2.6667,"x":43.9,"y":-118.24}],"scale":[{"time":0,"x":1,"y":1,"curve":"stepped"},{"time":1,"x":1,"y":1},{"time":1.9,"x":0.898,"y":0.898,"curve":[0.25,0,0.75,1]},{"time":2.6667,"x":1,"y":1}]},"bone3":{"rotate":[{"time":0,"angle":0,"curve":[0.25,0,0.75,1]},{"time":0.8333,"angle":-92.84},{"time":1,"angle":-139.54},{"time":1.1667,"angle":-179.53},{"time":2.6667,"angle":-147.81}],"translate":[{"time":0,"x":-65.14,"y":0,"curve":[0.25,0,0.75,1]},{"time":0.6667,"x":-86.38,"y":-216.65},{"time":0.8333,"x":-100.54,"y":-188.33},{"time":1,"x":-75.76,"y":-162.13},{"time":1.1667,"x":-47.44,"y":-165.67,"curve":"stepped"},{"time":2.6667,"x":-47.44,"y":-165.67}],"scale":[{"time":0,"x":1,"y":1,"curve":"stepped"},{"time":1.1667,"x":1,"y":1},{"time":1.9,"x":1.128,"y":1.128,"curve":[0.25,0,0.75,1]},{"time":2.6667,"x":1,"y":1}]},"bone4":{"rotate":[{"time":0,"angle":0,"curve":"stepped"},{"time":2.6667,"angle":0}],"translate":[{"time":0,"x":0,"y":17.5,"curve":[0.25,0,0.625,0.5]},{"time":1.3333,"x":0,"y":0.95,"curve":[0.375,0.5,0.75,1]},{"time":2.6667,"x":0,"y":17.5}],"scale":[{"time":0,"x":1,"y":1,"curve":[0.25,0,0.75,1]},{"time":1.3333,"x":0.762,"y":0.762,"curve":[0.25,0,0.75,1]},{"time":2.6667,"x":1,"y":1}]},"bone5":{"rotate":[{"time":0,"angle":0,"curve":"stepped"},{"time":2.6667,"angle":0}],"translate":[{"time":0,"x":0,"y":-18.92,"curve":[0.25,0,0.625,0.5]},{"time":1.3333,"x":0,"y":10.88,"curve":[0.375,0.5,0.75,1]},{"time":2.6667,"x":0,"y":-18.92}],"scale":[{"time":0,"x":1,"y":1,"curve":[0.25,0,0.75,1]},{"time":1.3333,"x":1.202,"y":1.202,"curve":[0.25,0,0.75,1]},{"time":2.6667,"x":1,"y":1}]},"bone6":{"rotate":[{"time":0,"angle":0}],"translate":[{"time":0,"x":0,"y":0}],"scale":[{"time":0,"x":1,"y":1}]},"bone7":{"rotate":[{"time":0,"angle":0}],"translate":[{"time":0,"x":0,"y":0}],"scale":[{"time":0,"x":1,"y":1}]},"bone8":{"rotate":[{"time":0,"angle":0}],"translate":[{"time":0,"x":0,"y":0}],"scale":[{"time":0,"x":1,"y":1}]}}}}},"_atlasText":"\nICON.png\nsize: 2048,2048\nformat: RGBA8888\nfilter: Linear,Linear\nrepeat: none\n1\n  rotate: true\n  xy: 1216, 669\n  size: 95, 96\n  orig: 95, 96\n  offset: 0, 0\n  index: -1\n2\n  rotate: false\n  xy: 1403, 692\n  size: 67, 72\n  orig: 67, 72\n  offset: 0, 0\n  index: -1\n3\n  rotate: true\n  xy: 745, 581\n  size: 105, 108\n  orig: 105, 108\n  offset: 0, 0\n  index: -1\nAS1\n  rotate: true\n  xy: 1216, 766\n  size: 110, 249\n  orig: 110, 249\n  offset: 0, 0\n  index: -1\nAS10\n  rotate: true\n  xy: 1000, 912\n  size: 194, 251\n  orig: 194, 251\n  offset: 0, 0\n  index: -1\nAS11\n  rotate: true\n  xy: 965, 710\n  size: 200, 249\n  orig: 200, 249\n  offset: 0, 0\n  index: -1\nAS12\n  rotate: true\n  xy: 1500, 888\n  size: 209, 249\n  orig: 209, 249\n  offset: 0, 0\n  index: -1\nAS13\n  rotate: false\n  xy: 745, 731\n  size: 218, 249\n  orig: 218, 249\n  offset: 0, 0\n  index: -1\nAS14\n  rotate: true\n  xy: 1253, 878\n  size: 222, 245\n  orig: 222, 245\n  offset: 0, 0\n  index: -1\nAS15\n  rotate: true\n  xy: 1745, 1108\n  size: 227, 245\n  orig: 227, 245\n  offset: 0, 0\n  index: -1\nAS16\n  rotate: true\n  xy: 1753, 1337\n  size: 231, 245\n  orig: 231, 245\n  offset: 0, 0\n  index: -1\nAS17\n  rotate: false\n  xy: 1806, 1760\n  size: 236, 245\n  orig: 236, 245\n  offset: 0, 0\n  index: -1\nAS18\n  rotate: true\n  xy: 1253, 1102\n  size: 241, 245\n  orig: 241, 245\n  offset: 0, 0\n  index: -1\nAS19\n  rotate: true\n  xy: 1507, 1339\n  size: 241, 244\n  orig: 241, 244\n  offset: 0, 0\n  index: -1\nAS2\n  rotate: true\n  xy: 228, 1627\n  size: 124, 252\n  orig: 124, 252\n  offset: 0, 0\n  index: -1\nAS20\n  rotate: false\n  xy: 1258, 1345\n  size: 247, 244\n  orig: 247, 244\n  offset: 0, 0\n  index: -1\nAS21\n  rotate: false\n  xy: 746, 1362\n  size: 254, 244\n  orig: 254, 244\n  offset: 0, 0\n  index: -1\nAS22\n  rotate: true\n  xy: 496, 848\n  size: 254, 247\n  orig: 254, 247\n  offset: 0, 0\n  index: -1\nAS23\n  rotate: false\n  xy: 746, 1116\n  size: 254, 244\n  orig: 254, 244\n  offset: 0, 0\n  index: -1\nAS24\n  rotate: false\n  xy: 1002, 1355\n  size: 254, 243\n  orig: 254, 243\n  offset: 0, 0\n  index: -1\nAS25\n  rotate: false\n  xy: 1543, 1760\n  size: 261, 245\n  orig: 261, 245\n  offset: 0, 0\n  index: -1\nAS26\n  rotate: true\n  xy: 249, 840\n  size: 259, 245\n  orig: 259, 245\n  offset: 0, 0\n  index: -1\nAS27\n  rotate: true\n  xy: 2, 834\n  size: 261, 245\n  orig: 261, 245\n  offset: 0, 0\n  index: -1\nAS28\n  rotate: true\n  xy: 246, 1364\n  size: 261, 242\n  orig: 261, 242\n  offset: 0, 0\n  index: -1\nAS29\n  rotate: false\n  xy: 748, 1761\n  size: 263, 244\n  orig: 263, 244\n  offset: 0, 0\n  index: -1\nAS3\n  rotate: true\n  xy: 746, 982\n  size: 132, 252\n  orig: 132, 252\n  offset: 0, 0\n  index: -1\nAS30\n  rotate: true\n  xy: 2, 308\n  size: 261, 244\n  orig: 261, 244\n  offset: 0, 0\n  index: -1\nAS31\n  rotate: true\n  xy: 246, 1101\n  size: 261, 242\n  orig: 261, 242\n  offset: 0, 0\n  index: -1\nAS32\n  rotate: false\n  xy: 1013, 1761\n  size: 263, 244\n  orig: 263, 244\n  offset: 0, 0\n  index: -1\nAS33\n  rotate: true\n  xy: 2, 1362\n  size: 263, 242\n  orig: 263, 242\n  offset: 0, 0\n  index: -1\nAS34\n  rotate: true\n  xy: 2, 1097\n  size: 263, 242\n  orig: 263, 242\n  offset: 0, 0\n  index: -1\nAS35\n  rotate: false\n  xy: 1278, 1761\n  size: 263, 244\n  orig: 263, 244\n  offset: 0, 0\n  index: -1\nAS36\n  rotate: true\n  xy: 249, 579\n  size: 259, 245\n  orig: 259, 245\n  offset: 0, 0\n  index: -1\nAS37\n  rotate: true\n  xy: 2, 45\n  size: 261, 243\n  orig: 261, 243\n  offset: 0, 0\n  index: -1\nAS38\n  rotate: true\n  xy: 2, 571\n  size: 261, 245\n  orig: 261, 245\n  offset: 0, 0\n  index: -1\nAS39\n  rotate: false\n  xy: 228, 1753\n  size: 259, 252\n  orig: 259, 252\n  offset: 0, 0\n  index: -1\nAS4\n  rotate: true\n  xy: 490, 1104\n  size: 142, 254\n  orig: 142, 254\n  offset: 0, 0\n  index: -1\nAS40\n  rotate: false\n  xy: 489, 1753\n  size: 257, 252\n  orig: 257, 252\n  offset: 0, 0\n  index: -1\nAS41\n  rotate: false\n  xy: 490, 1499\n  size: 254, 252\n  orig: 254, 252\n  offset: 0, 0\n  index: -1\nAS42\n  rotate: false\n  xy: 490, 1248\n  size: 254, 249\n  orig: 254, 249\n  offset: 0, 0\n  index: -1\nAS43\n  rotate: true\n  xy: 496, 592\n  size: 254, 247\n  orig: 254, 247\n  offset: 0, 0\n  index: -1\nAS44\n  rotate: false\n  xy: 1002, 1108\n  size: 249, 245\n  orig: 249, 245\n  offset: 0, 0\n  index: -1\nAS45\n  rotate: false\n  xy: 1500, 1099\n  size: 243, 238\n  orig: 243, 238\n  offset: 0, 0\n  index: -1\nAS46\n  rotate: false\n  xy: 1751, 877\n  size: 230, 229\n  orig: 230, 229\n  offset: 0, 0\n  index: -1\nAS5\n  rotate: true\n  xy: 748, 1608\n  size: 151, 254\n  orig: 151, 254\n  offset: 0, 0\n  index: -1\nAS6\n  rotate: true\n  xy: 1004, 1600\n  size: 159, 254\n  orig: 159, 254\n  offset: 0, 0\n  index: -1\nAS7\n  rotate: true\n  xy: 1260, 1591\n  size: 168, 254\n  orig: 168, 254\n  offset: 0, 0\n  index: -1\nAS8\n  rotate: true\n  xy: 1516, 1582\n  size: 176, 252\n  orig: 176, 252\n  offset: 0, 0\n  index: -1\nAS9\n  rotate: true\n  xy: 1770, 1570\n  size: 188, 251\n  orig: 188, 251\n  offset: 0, 0\n  index: -1\nBG\n  rotate: false\n  xy: 2, 1627\n  size: 224, 378\n  orig: 224, 378\n  offset: 0, 0\n  index: -1\nFRAME1\n  rotate: false\n  xy: 2, 2\n  size: 183, 41\n  orig: 183, 41\n  offset: 0, 0\n  index: -1\nFRAME2\n  rotate: false\n  xy: 745, 688\n  size: 183, 41\n  orig: 183, 41\n  offset: 0, 0\n  index: -1\nT\n  rotate: true\n  xy: 855, 578\n  size: 108, 83\n  orig: 108, 83\n  offset: 0, 0\n  index: -1\nX\n  rotate: false\n  xy: 1314, 708\n  size: 87, 56\n  orig: 87, 56\n  offset: 0, 0\n  index: -1\n","textures":[{"__uuid__":"41ie7gHh1P0pK+SgxEGUMa"}],"textureNames":["ICON.png"]}