{"__type__":"sp.SkeletonData","_name":"ICON","_skeletonJson":{"skeleton":{"hash":"3SnbUEkRDRjFslDnpSJORDvWT3s","spine":"3.6.53","width":261,"height":378,"images":"../Images/"},"bones":[{"name":"root"},{"name":"bone","parent":"root","length":45.01,"rotation":91.51,"x":-24.39,"y":-28.31},{"name":"bone2","parent":"root","length":33.17,"rotation":92.05,"x":6.99,"y":-63.83},{"name":"bone3","parent":"root","length":62.17,"rotation":88.91,"x":21.79,"y":-89.29},{"name":"bone4","parent":"bone3","length":94.44,"rotation":5.77,"x":62.17},{"name":"bone5","parent":"bone4","length":56.44,"rotation":162.6,"x":77.29,"y":88.12},{"name":"bone6","parent":"bone5","length":51.08,"rotation":-33.21,"x":29.93,"y":-22.37},{"name":"bone7","parent":"bone4","length":65.93,"rotation":-9.31,"x":135.53,"y":8.52},{"name":"bone8","parent":"root","length":81.14,"rotation":97.35,"x":-70.17,"y":132.86}],"slots":[{"name":"BG2","bone":"bone8","attachment":"BG"},{"name":"BG","bone":"root"},{"name":"COWBOY6","bone":"bone6","attachment":"COWBOY2"},{"name":"COWBOY2","bone":"root"},{"name":"COWBOY1","bone":"root","attachment":"COWBOY1"},{"name":"COWBOY5","bone":"bone5","attachment":"COWBOY3"},{"name":"COWBOY3","bone":"root"},{"name":"COWBOY7","bone":"bone7","attachment":"COWBOY4"},{"name":"COWBOY4","bone":"root"},{"name":"HD2","bone":"bone2","attachment":"HD"},{"name":"HD","bone":"root"},{"name":"MT2","bone":"bone","attachment":"MT"},{"name":"MT","bone":"root"}],"skins":{"default":{"BG2":{"BG":{"x":-140.75,"y":-52.59,"rotation":-97.35,"width":224,"height":378}},"COWBOY1":{"COWBOY1":{"type":"mesh","uvs":[1,0.12364,1,0.35317,1,0.5906,1,0.80166,1,1,0.76874,1,0.53466,1,0.22466,1,0,1,0,0.79111,0,0.54048,0,0.3347,0,0.13156,0,0,1,0,0.53466,0.80425,0.48405,0.53206,0.46191,0.33043,0.43976,0.15401,0.17405,0.13637,0.19303,0.36571,0.21834,0.54214,0.22466,0.72612,0.76242,0.80425,0.74027,0.53206,0.67068,0.32539,0.68017,0.12124],"triangles":[5,3,4,5,6,23,6,15,23,5,23,3,6,7,15,7,22,15,22,7,9,7,8,9,22,16,15,15,24,23,15,16,24,3,23,2,23,24,2,22,10,21,22,9,10,22,21,16,24,1,2,10,20,21,16,21,17,10,11,20,16,25,24,24,25,1,21,20,17,16,17,25,11,19,20,20,18,17,20,19,18,1,25,0,25,26,0,11,12,19,17,18,25,25,18,26,26,18,13,13,18,19,19,12,13,26,14,0,26,13,14],"vertices":[1,4,123.57,-101.48,1,2,3,138.86,-89.63,0.02048,4,67.3,-96.88,0.97952,2,3,80.46,-90.74,0.30373,4,9.08,-92.12,0.69627,2,3,28.55,-91.73,0.78334,4,-42.66,-87.89,0.21666,2,3,-20.23,-92.66,0.96148,4,-91.29,-83.91,0.03852,2,3,-21.09,-47.34,0.99017,4,-87.6,-38.74,0.00983,1,3,-21.97,-1.47,1,2,3,-23.12,59.28,0.94485,4,-78.91,67.55,0.05515,2,3,-23.96,103.3,0.90056,4,-75.32,111.43,0.09944,2,3,27.42,104.28,0.71478,4,-24.1,107.25,0.28522,2,3,89.06,105.46,0.22924,4,37.35,102.22,0.77076,2,3,139.67,106.42,0.03015,4,87.8,98.1,0.96985,2,3,189.64,107.37,0.00009,4,137.61,94.02,0.99991,1,4,169.86,91.39,1,1,4,153.89,-103.96,1,1,3,26.18,-0.55,1,2,3,92.94,10.64,0.00191,4,31.68,7.5,0.99809,1,4,81.47,7.78,1,1,4,125.08,8.57,1,1,4,133.65,60.12,1,2,3,132.76,68.45,0.02705,4,77.11,61.01,0.97295,2,3,89.47,62.66,0.18243,4,33.45,59.6,0.81757,2,3,44.24,60.56,0.62637,4,-11.76,62.06,0.37363,2,3,27.03,-45.19,0.87028,4,-39.5,-41.43,0.12972,2,3,93.89,-39.57,0.09868,4,27.59,-42.56,0.90132,1,4,79.37,-33.11,1,1,4,129.27,-39.05,1],"hull":15,"edges":[26,28,12,14,14,16,8,10,10,12,0,28,0,2,2,4,4,6,6,8,16,18,18,20,20,22,22,24,24,26],"width":196,"height":246}},"COWBOY5":{"COWBOY3":{"x":24.98,"y":12,"rotation":102.72,"width":106,"height":250}},"COWBOY6":{"COWBOY2":{"x":31.43,"y":7.48,"rotation":135.94,"width":60,"height":65}},"COWBOY7":{"COWBOY4":{"x":32.44,"y":-4.5,"rotation":-85.36,"width":123,"height":99}},"HD2":{"HD":{"x":10.56,"y":0.06,"rotation":-92.05,"width":207,"height":70}},"MT2":{"MT":{"x":10.99,"y":-1.72,"rotation":-91.51,"width":182,"height":76}}}},"animations":{"animation":{"slots":{"MT2":{"color":[{"time":1.1667,"color":"ffffff72"},{"time":1.8333,"color":"ffffff00"}]}},"bones":{"root":{"rotate":[{"time":0,"angle":0}],"translate":[{"time":0,"x":0,"y":0}],"scale":[{"time":0,"x":1,"y":1}]},"bone":{"rotate":[{"time":0,"angle":0,"curve":"stepped"},{"time":1,"angle":0},{"time":1.8333,"angle":28.15}],"translate":[{"time":0,"x":0,"y":0,"curve":"stepped"},{"time":1,"x":0,"y":0},{"time":1.8333,"x":0,"y":-66.74}],"scale":[{"time":0,"x":1,"y":1},{"time":0.5,"x":1.044,"y":1.044},{"time":1,"x":1,"y":1}]},"bone2":{"rotate":[{"time":0,"angle":0,"curve":"stepped"},{"time":1,"angle":0,"curve":"stepped"},{"time":2.6667,"angle":0}],"translate":[{"time":0,"x":0,"y":0,"curve":"stepped"},{"time":1,"x":0,"y":0,"curve":"stepped"},{"time":2.6667,"x":0,"y":0}],"scale":[{"time":0,"x":0.915,"y":0.915},{"time":0.5,"x":1.127,"y":1.127},{"time":1,"x":0.915,"y":0.915},{"time":1.8333,"x":1.127,"y":1.127},{"time":2.6667,"x":0.915,"y":0.915}]},"bone3":{"rotate":[{"time":0,"angle":0,"curve":[0.25,0,0.75,1]},{"time":1.3333,"angle":1.99,"curve":[0.25,0,0.75,1]},{"time":2.6667,"angle":0}],"translate":[{"time":0,"x":0,"y":0,"curve":"stepped"},{"time":2.6667,"x":0,"y":0}],"scale":[{"time":0,"x":1,"y":1,"curve":"stepped"},{"time":2.6667,"x":1,"y":1}]},"bone4":{"rotate":[{"time":0,"angle":0,"curve":[0.25,0,0.75,1]},{"time":1.3333,"angle":-1.6,"curve":[0.25,0,0.75,1]},{"time":2.6667,"angle":0}],"translate":[{"time":0,"x":0,"y":0,"curve":"stepped"},{"time":2.6667,"x":0,"y":0}],"scale":[{"time":0,"x":1,"y":1,"curve":"stepped"},{"time":2.6667,"x":1,"y":1}]},"bone5":{"rotate":[{"time":0,"angle":0,"curve":[0.25,0,0.75,1]},{"time":1.3333,"angle":5.13,"curve":[0.25,0,0.75,1]},{"time":2.6667,"angle":0}],"translate":[{"time":0,"x":0,"y":0,"curve":[0.25,0,0.75,1]},{"time":1.3333,"x":-3.17,"y":-1.83,"curve":[0.25,0,0.75,1]},{"time":2.6667,"x":0,"y":0}],"scale":[{"time":0,"x":1,"y":1,"curve":"stepped"},{"time":2.6667,"x":1,"y":1}]},"bone6":{"rotate":[{"time":0,"angle":0,"curve":[0.25,0,0.75,1]},{"time":1.3333,"angle":-23.71,"curve":[0.25,0,0.75,1]},{"time":2.6667,"angle":0}],"translate":[{"time":0,"x":0,"y":0,"curve":"stepped"},{"time":2.6667,"x":0,"y":0}],"scale":[{"time":0,"x":1,"y":1,"curve":"stepped"},{"time":2.6667,"x":1,"y":1}]},"bone7":{"rotate":[{"time":0,"angle":0,"curve":[0.25,0,0.75,1]},{"time":1.3333,"angle":3.96,"curve":[0.25,0,0.75,1]},{"time":2.6667,"angle":0}],"translate":[{"time":0,"x":0,"y":0,"curve":"stepped"},{"time":2.6667,"x":0,"y":0}],"scale":[{"time":0,"x":1,"y":1,"curve":"stepped"},{"time":2.6667,"x":1,"y":1}]},"bone8":{"rotate":[{"time":0,"angle":0}],"translate":[{"time":0,"x":0,"y":0}],"scale":[{"time":0,"x":1,"y":1}]}}}}},"_atlasText":"\nICON.png\nsize: 1024,256\nformat: RGBA8888\nfilter: Linear,Linear\nrepeat: none\nBG\n  rotate: true\n  xy: 2, 18\n  size: 224, 378\n  orig: 224, 378\n  offset: 0, 0\n  index: -1\nCOWBOY1\n  rotate: true\n  xy: 382, 46\n  size: 196, 246\n  orig: 196, 246\n  offset: 0, 0\n  index: -1\nCOWBOY2\n  rotate: true\n  xy: 630, 2\n  size: 60, 65\n  orig: 60, 65\n  offset: 0, 0\n  index: -1\nCOWBOY3\n  rotate: true\n  xy: 630, 136\n  size: 106, 250\n  orig: 106, 250\n  offset: 0, 0\n  index: -1\nCOWBOY4\n  rotate: false\n  xy: 882, 143\n  size: 123, 99\n  orig: 123, 99\n  offset: 0, 0\n  index: -1\nHD\n  rotate: false\n  xy: 630, 64\n  size: 207, 70\n  orig: 207, 70\n  offset: 0, 0\n  index: -1\nMT\n  rotate: false\n  xy: 839, 58\n  size: 182, 76\n  orig: 182, 76\n  offset: 0, 0\n  index: -1\n","textures":[{"__uuid__":"18Rn+CZ11DYp+1UYfShw36"}],"textureNames":["ICON.png"]}