{"__type__":"dragonBones.DragonBonesAsset","_name":"kyby_eff_sw_dg_ske","_dragonBonesJson":"{\"frameRate\":30,\"name\":\"kyby_eff_sw_dg\",\"version\":\"5.5\",\"compatibleVersion\":\"5.5\",\"armature\":[{\"type\":\"Armature\",\"frameRate\":30,\"name\":\"armatureName\",\"bone\":[{\"name\":\"root\"},{\"name\":\"sw\",\"parent\":\"root\"}],\"slot\":[{\"blendMode\":\"add\",\"displayIndex\":-1,\"name\":\"eff_sw01\",\"parent\":\"sw\"}],\"skin\":[{\"slot\":[{\"name\":\"eff_sw01\",\"display\":[{\"name\":\"eff_sw01\"},{\"name\":\"eff_sw02\"},{\"name\":\"eff_sw03\"},{\"name\":\"eff_sw04\"},{\"name\":\"eff_sw05\"},{\"name\":\"eff_sw06\"},{\"name\":\"eff_sw07\"},{\"name\":\"eff_sw08\"},{\"name\":\"eff_sw09\"},{\"name\":\"eff_sw10\"},{\"name\":\"eff_sw11\"},{\"name\":\"eff_sw12\"}]}]}],\"animation\":[{\"duration\":30,\"playTimes\":0,\"name\":\"animation\",\"bone\":[{\"name\":\"sw\",\"scaleFrame\":[{\"duration\":30,\"x\":1.25,\"y\":1.25}]}],\"slot\":[{\"name\":\"eff_sw01\",\"displayFrame\":[{\"duration\":2},{\"duration\":3,\"value\":1},{\"duration\":2,\"value\":2},{\"duration\":3,\"value\":3},{\"duration\":2,\"value\":4},{\"duration\":3,\"value\":5},{\"duration\":2,\"value\":6},{\"duration\":3,\"value\":7},{\"duration\":2,\"value\":8},{\"duration\":3,\"value\":9},{\"duration\":2,\"value\":10},{\"duration\":3,\"value\":11},{\"duration\":0}]}]}],\"defaultActions\":[{\"gotoAndPlay\":\"animation\"}],\"canvas\":{\"width\":1280,\"height\":720}}]}"}