{"__type__":"sp.SkeletonData","_name":"avenger_bg_thongTin","_skeletonJson":{"skeleton":{"hash":"Ea/dym9I6uJff1JgOWApjvHWsZI","spine":"3.6.53","width":362,"height":85,"images":"./ANIM/"},"bones":[{"name":"root"},{"name":"EFFECT","parent":"root","y":-10.52},{"name":"EFFECT2","parent":"root","y":-10.52},{"name":"EFFECT3","parent":"root","y":-10.52},{"name":"EFFECT4","parent":"root","y":-10.52},{"name":"EFFECT5","parent":"root","y":-10.52}],"slots":[{"name":"EFFECT","bone":"root","color":"ffffff00","attachment":"EFFECT","blend":"additive"},{"name":"EFFECT2","bone":"root","color":"ffffff00","attachment":"EFFECT","blend":"additive"},{"name":"EFFECT3","bone":"root","color":"ffffff00","attachment":"EFFECT","blend":"additive"},{"name":"EFFECT4","bone":"root","color":"ffffff00","attachment":"EFFECT","blend":"additive"},{"name":"EFFECT5","bone":"root","color":"ffffff00","attachment":"EFFECT","blend":"additive"}],"skins":{"default":{"EFFECT":{"EFFECT":{"type":"mesh","uvs":[1,1,0,1,0,0,1,0],"triangles":[1,2,3,1,3,0],"vertices":[1,1,181,-51.5,1,1,1,-181,-51.5,1,1,1,-181,33.5,1,1,1,181,33.5,1],"hull":4,"edges":[0,2,2,4,4,6,0,6],"width":362,"height":85}},"EFFECT2":{"EFFECT":{"type":"mesh","uvs":[1,1,0,1,0,0,1,0],"triangles":[1,2,3,1,3,0],"vertices":[1,2,181,-51.5,1,1,2,-181,-51.5,1,1,2,-181,33.5,1,1,2,181,33.5,1],"hull":4,"edges":[0,2,2,4,4,6,0,6],"width":362,"height":85}},"EFFECT3":{"EFFECT":{"type":"mesh","uvs":[1,1,0,1,0,0,1,0],"triangles":[1,2,3,1,3,0],"vertices":[1,3,181,-51.5,1,1,3,-181,-51.5,1,1,3,-181,33.5,1,1,3,181,33.5,1],"hull":4,"edges":[0,2,2,4,4,6,0,6],"width":362,"height":85}},"EFFECT4":{"EFFECT":{"type":"mesh","uvs":[1,1,0,1,0,0,1,0],"triangles":[1,2,3,1,3,0],"vertices":[1,4,181,-51.5,1,1,4,-181,-51.5,1,1,4,-181,33.5,1,1,4,181,33.5,1],"hull":4,"edges":[0,2,2,4,4,6,0,6],"width":362,"height":85}},"EFFECT5":{"EFFECT":{"type":"mesh","uvs":[1,1,0,1,0,0,1,0],"triangles":[1,2,3,1,3,0],"vertices":[1,5,181,-51.5,1,1,5,-181,-51.5,1,1,5,-181,33.5,1,1,5,181,33.5,1],"hull":4,"edges":[0,2,2,4,4,6,0,6],"width":362,"height":85}}}},"animations":{"avenger_bg_thongTin":{"slots":{"EFFECT":{"color":[{"time":0,"color":"ffffff00","curve":[0,0.54,0.665,0.65]},{"time":0.1,"color":"ffffffff","curve":"stepped"},{"time":0.4,"color":"ffffffff","curve":[0,0.54,0.665,0.65]},{"time":0.5,"color":"ffffff00"}]},"EFFECT2":{"color":[{"time":0.1,"color":"ffffff00","curve":[0,0.54,0.665,0.65]},{"time":0.2,"color":"ffffffff","curve":"stepped"},{"time":0.5,"color":"ffffffff","curve":[0,0.54,0.665,0.65]},{"time":0.6,"color":"ffffff00"}]},"EFFECT3":{"color":[{"time":0.2,"color":"ffffff00","curve":[0,0.54,0.665,0.65]},{"time":0.3,"color":"ffffffff","curve":"stepped"},{"time":0.6,"color":"ffffffff","curve":[0,0.54,0.665,0.65]},{"time":0.7,"color":"ffffff00"}]},"EFFECT4":{"color":[{"time":0.3,"color":"ffffff00","curve":[0,0.54,0.665,0.65]},{"time":0.4,"color":"ffffffff","curve":"stepped"},{"time":0.7,"color":"ffffffff","curve":[0,0.54,0.665,0.65]},{"time":0.8,"color":"ffffff00"}]},"EFFECT5":{"color":[{"time":0.4,"color":"ffffff00","curve":[0,0.54,0.665,0.65]},{"time":0.5,"color":"ffffffff","curve":"stepped"},{"time":0.8,"color":"ffffffff","curve":[0,0.54,0.665,0.65]},{"time":0.9,"color":"ffffff00"}]}},"bones":{"EFFECT5":{"translate":[{"time":0,"x":0,"y":0,"curve":"stepped"},{"time":0.4,"x":0,"y":0,"curve":[0,0.36,0.692,0.69]},{"time":0.9,"x":0,"y":70.52}]},"EFFECT4":{"translate":[{"time":0,"x":0,"y":0,"curve":"stepped"},{"time":0.3,"x":0,"y":0,"curve":[0,0.36,0.692,0.69]},{"time":0.8,"x":0,"y":70.52}]},"EFFECT3":{"translate":[{"time":0,"x":0,"y":0,"curve":"stepped"},{"time":0.2,"x":0,"y":0,"curve":[0,0.36,0.692,0.69]},{"time":0.7,"x":0,"y":70.52}]},"EFFECT2":{"translate":[{"time":0,"x":0,"y":0,"curve":"stepped"},{"time":0.1,"x":0,"y":0,"curve":[0,0.35,0.569,0.69]},{"time":0.6,"x":0,"y":70.52}]},"EFFECT":{"translate":[{"time":0,"x":0,"y":0,"curve":[0,0.36,0.692,0.69]},{"time":0.5,"x":0,"y":70.52}]}}}}},"_atlasText":"\nWIN MONEY SLOT AVENGERS.png\nsize: 512,128\nformat: RGBA8888\nfilter: Linear,Linear\nrepeat: none\nEFFECT\n  rotate: false\n  xy: 2, 2\n  size: 362, 85\n  orig: 362, 85\n  offset: 0, 0\n  index: -1\n","textures":[{"__uuid__":"c9lDKUj9VIcbcM3SSv1yFa"}],"textureNames":["WIN MONEY SLOT AVENGERS.png"]}