{"__type__":"sp.SkeletonData","_name":"tai xiu","_skeletonJson":{"skeleton":{"hash":"1sl52e0EUcLrMk6IGhk/klAYfeU","spine":"3.7.94","width":269,"height":401,"images":"./images/","audio":"C:/Users/Toanp/OneDrive/Máy tính/2m/spine/tai xiu"},"bones":[{"name":"root"},{"name":"Taøi","parent":"root","x":-78.68,"y":-71.08},{"name":"Xæu","parent":"root","x":76.21,"y":-125.25},{"name":"xx1","parent":"root","x":-56.55,"y":54.82},{"name":"xx3","parent":"root","x":49.51,"y":25.06},{"name":"xx2","parent":"root","x":48.74,"y":124.25},{"name":"coin","parent":"root","length":69.61,"rotation":64,"x":-84.78,"y":-66.5}],"slots":[{"name":"bg","bone":"root","attachment":"bg"},{"name":"khung","bone":"root","attachment":"khung"},{"name":"fx1","bone":"root","attachment":"fx1","blend":"screen"},{"name":"xx3","bone":"xx3","attachment":"xx3"},{"name":"xx2","bone":"xx2","attachment":"xx2"},{"name":"xx1","bone":"xx1","attachment":"xx1"},{"name":"fx2","bone":"root","attachment":"fx2","blend":"additive"},{"name":"coin","bone":"coin","attachment":"coin"},{"name":"bg2","bone":"root","attachment":"bg2"},{"name":"bg1","bone":"root","attachment":"bg1"},{"name":"Taøi","bone":"Taøi","attachment":"Taøi"},{"name":"Xæu","bone":"Xæu","attachment":"Xæu"}],"skins":{"default":{"Taøi":{"Taøi":{"x":-4.77,"y":4.44,"width":96,"height":59}},"Xæu":{"Xæu":{"x":-6.66,"y":5.61,"width":100,"height":59}},"bg":{"bg":{"x":-4.95,"y":0.36,"width":237,"height":375}},"bg1":{"bg1":{"x":-12.45,"y":-125.14,"width":200,"height":40}},"bg2":{"bg2":{"x":1.55,"y":-69.14,"width":208,"height":42}},"coin":{"coin":{"x":29.01,"y":-8.47,"rotation":-64,"width":128,"height":146}},"fx1":{"fx1":{"x":-9.45,"y":30.36,"width":220,"height":261}},"fx2":{"fx2":{"x":-1.45,"y":56.36,"width":230,"height":265}},"khung":{"khung":{"x":-0.95,"y":-0.64,"width":269,"height":401}},"xx1":{"xx1":{"x":-2.9,"y":1.54,"width":104,"height":113}},"xx2":{"xx2":{"x":-0.69,"y":-0.89,"width":97,"height":100}},"xx3":{"xx3":{"x":-0.46,"y":2.3,"width":81,"height":98}}}},"animations":{"animation":{"slots":{"fx1":{"color":[{"time":0,"color":"ffffff00","curve":[0.25,0,0.75,1]},{"time":0.1667,"color":"ffffffff","curve":[0.25,0,0.75,1]},{"time":1.6667,"color":"ffffff00"}]},"fx2":{"color":[{"time":0,"color":"ffffff00","curve":[0.25,0,0.75,1]},{"time":0.1667,"color":"ffffffff","curve":[0.25,0,0.75,1]},{"time":0.3333,"color":"ffffff00","curve":[0.25,0,0.75,1]},{"time":0.5,"color":"ffffffff","curve":"stepped"},{"time":1.1667,"color":"ffffffff","curve":[0.25,0,0.75,1]},{"time":1.3333,"color":"ffffff00","curve":[0.25,0,0.75,1]},{"time":1.5,"color":"ffffffff","curve":[0.25,0,0.75,1]},{"time":1.6667,"color":"ffffff00"}]}},"bones":{"Taøi":{"scale":[{"time":0,"x":0.822,"y":0.822,"curve":[0.25,0,0.75,1]},{"time":0.1,"x":1,"y":1,"curve":[0.25,0,0.75,1]},{"time":0.1667,"x":0.822,"y":0.822,"curve":[0.25,0,0.75,1]},{"time":0.2333,"x":1,"y":1,"curve":[0.25,0,0.75,1]},{"time":0.3333,"x":0.822,"y":0.822,"curve":[0.25,0,0.75,1]},{"time":1.5,"x":1,"y":1}]},"Xæu":{"scale":[{"time":0,"x":0.822,"y":0.822,"curve":"stepped"},{"time":0.3333,"x":0.822,"y":0.822,"curve":[0.25,0,0.75,1]},{"time":0.4333,"x":1,"y":1,"curve":[0.25,0,0.75,1]},{"time":0.5,"x":0.822,"y":0.822,"curve":[0.25,0,0.75,1]},{"time":0.5667,"x":1,"y":1,"curve":[0.25,0,0.75,1]},{"time":0.6667,"x":0.822,"y":0.822,"curve":[0.25,0,0.75,1]},{"time":1.5,"x":1,"y":1,"curve":[0.25,0,0.75,1]},{"time":1.6667,"x":0.822,"y":0.822}]},"xx1":{"rotate":[{"time":0,"angle":0,"curve":[0.25,0,0.75,1]},{"time":0.6667,"angle":33.43,"curve":[0.25,0,0.75,1]},{"time":1.6667,"angle":0}],"translate":[{"time":0,"x":0,"y":0,"curve":[0.25,0,0.75,1]},{"time":0.6667,"x":0,"y":-21.83,"curve":[0.25,0,0.75,1]},{"time":1.6667,"x":0,"y":0}],"scale":[{"time":0,"x":1,"y":1,"curve":[0.25,0,0.75,1]},{"time":0.6667,"x":0.9,"y":0.9,"curve":[0.25,0,0.75,1]},{"time":1.6667,"x":1,"y":1}]},"xx3":{"rotate":[{"time":0,"angle":0,"curve":[0.25,0,0.75,1]},{"time":0.8333,"angle":58.95,"curve":[0.25,0,0.75,1]},{"time":1.6667,"angle":0}],"translate":[{"time":0,"x":0,"y":0,"curve":[0.25,0,0.75,1]},{"time":0.8333,"x":0,"y":-18.38,"curve":[0.25,0,0.75,1]},{"time":1.6667,"x":0,"y":0}]},"xx2":{"rotate":[{"time":0,"angle":0,"curve":[0.25,0,0.75,1]},{"time":1,"angle":25.24,"curve":[0.25,0,0.75,1]},{"time":1.6667,"angle":0}],"translate":[{"time":0,"x":0,"y":0,"curve":[0.25,0,0.75,1]},{"time":1,"x":-29.87,"y":0,"curve":[0.25,0,0.75,1]},{"time":1.6667,"x":0,"y":0}],"scale":[{"time":0,"x":1,"y":1,"curve":[0.25,0,0.75,1]},{"time":1,"x":1.255,"y":1.255,"curve":[0.25,0,0.75,1]},{"time":1.6667,"x":1,"y":1}]}}}}},"_atlasText":"\ntai xiu.png\nsize: 1024,512\nformat: RGBA8888\nfilter: Linear,Linear\nrepeat: none\nTaøi\n  rotate: false\n  xy: 104, 2\n  size: 96, 59\n  orig: 96, 59\n  offset: 0, 0\n  index: -1\nXæu\n  rotate: false\n  xy: 2, 2\n  size: 100, 59\n  orig: 100, 59\n  offset: 0, 0\n  index: -1\nbg\n  rotate: false\n  xy: 273, 133\n  size: 237, 375\n  orig: 237, 375\n  offset: 0, 0\n  index: -1\nbg1\n  rotate: true\n  xy: 966, 308\n  size: 200, 40\n  orig: 200, 40\n  offset: 0, 0\n  index: -1\nbg2\n  rotate: false\n  xy: 2, 63\n  size: 208, 42\n  orig: 208, 42\n  offset: 0, 0\n  index: -1\ncoin\n  rotate: true\n  xy: 512, 113\n  size: 128, 146\n  orig: 128, 146\n  offset: 0, 0\n  index: -1\nfx1\n  rotate: false\n  xy: 744, 247\n  size: 220, 261\n  orig: 220, 261\n  offset: 0, 0\n  index: -1\nfx2\n  rotate: false\n  xy: 512, 243\n  size: 230, 265\n  orig: 230, 265\n  offset: 0, 0\n  index: -1\nkhung\n  rotate: false\n  xy: 2, 107\n  size: 269, 401\n  orig: 269, 401\n  offset: 0, 0\n  index: -1\nxx1\n  rotate: false\n  xy: 660, 128\n  size: 104, 113\n  orig: 104, 113\n  offset: 0, 0\n  index: -1\nxx2\n  rotate: false\n  xy: 766, 145\n  size: 97, 100\n  orig: 97, 100\n  offset: 0, 0\n  index: -1\nxx3\n  rotate: false\n  xy: 865, 147\n  size: 81, 98\n  orig: 81, 98\n  offset: 0, 0\n  index: -1\n","textures":[{"__uuid__":"d0CAljhCdPhad/kbSUQb9I"}],"textureNames":["tai xiu.png"]}