{"__type__":"sp.SkeletonData","_name":"nohuthanglon","_skeletonJson":{"skeleton":{"hash":"bEhVhnxfrDuNdTbPCXXcVLGBy0U","spine":"3.6.53","width":1174,"height":703.89,"images":"./images/"},"bones":[{"name":"root"},{"name":"hu","parent":"root","x":26.07},{"name":"sao1","parent":"root","x":247.52,"y":18.17},{"name":"sao2","parent":"root","x":-72.83,"y":26.12},{"name":"set1","parent":"root","x":195.07,"y":329.12},{"name":"thanglon","parent":"root","x":18.05,"y":21.57},{"name":"xoay","parent":"root","x":34.5,"y":-6}],"slots":[{"name":"tim","bone":"root","attachment":"tim"},{"name":"xoay","bone":"xoay","attachment":"xoay"},{"name":"set1","bone":"set1","attachment":"set3"},{"name":"hu","bone":"hu","attachment":"hu"},{"name":"backtext","bone":"root","attachment":"backtext"},{"name":"thanglon","bone":"thanglon","attachment":"thanglon"},{"name":"sao2","bone":"sao2","attachment":"sao2"},{"name":"sao1","bone":"sao1","attachment":"sao1"}],"skins":{"default":{"backtext":{"backtext":{"x":52,"y":-60,"width":980,"height":250},"backtext1":{"x":52,"y":-34,"width":980,"height":302}},"hu":{"hu":{"x":21.93,"y":11.5,"width":576,"height":405},"rong":{"x":-122.57,"y":27,"width":605,"height":608}},"sao1":{"sao1":{"x":0.98,"y":-2.67,"width":339,"height":211}},"sao2":{"sao2":{"x":-7.17,"y":2.38,"width":336,"height":211}},"set1":{"set1":{"x":-88.07,"y":-287.12,"width":492,"height":638},"set2":{"x":59.43,"y":-280.62,"width":345,"height":625},"set3":{"x":-36.61,"y":-303.74,"width":351,"height":671}},"thanglon":{"nohu":{"x":36.45,"y":11.93,"width":521,"height":151},"thanglon":{"x":29.95,"y":-14.07,"width":764,"height":143}},"tim":{"tim":{"x":-7,"y":-12.5,"width":1174,"height":661}},"xoay":{"xoay":{"width":613,"height":618}}}},"animations":{"nohu":{"slots":{"backtext":{"attachment":[{"time":0,"name":null},{"time":0.4333,"name":"backtext1"}]},"hu":{"attachment":[{"time":0,"name":null},{"time":0.4333,"name":"rong"}]},"sao1":{"attachment":[{"time":0,"name":null},{"time":0.4333,"name":"sao1"}]},"sao2":{"attachment":[{"time":0,"name":null},{"time":0.4333,"name":"sao2"}]},"set1":{"attachment":[{"time":0,"name":null},{"time":0.0667,"name":"set1"},{"time":0.1667,"name":"set2"},{"time":0.3,"name":"set3"},{"time":0.4333,"name":null}]},"thanglon":{"attachment":[{"time":0,"name":null},{"time":0.4333,"name":"nohu"}]},"tim":{"attachment":[{"time":0,"name":null},{"time":0.4333,"name":"tim"}]},"xoay":{"attachment":[{"time":0,"name":null},{"time":0.4333,"name":"xoay"}]}},"bones":{"thanglon":{"rotate":[{"time":0,"angle":0}],"translate":[{"time":0,"x":0,"y":0}],"scale":[{"time":0,"x":0,"y":0,"curve":"stepped"},{"time":0.4333,"x":0,"y":0,"curve":[0.08,0.28,0.75,1]},{"time":0.7333,"x":1.1,"y":1.1,"curve":[0.25,0,0.75,1]},{"time":0.8333,"x":1,"y":1,"curve":[0.25,0,0.75,1]},{"time":0.9333,"x":1.1,"y":1.1,"curve":[0.25,0,0.75,1]},{"time":1.0333,"x":1,"y":1,"curve":[0.25,0,0.75,1]},{"time":1.1333,"x":1.1,"y":1.1,"curve":[0.25,0,0.75,1]},{"time":1.2333,"x":1,"y":1,"curve":[0.25,0,0.75,1]},{"time":1.3333,"x":1.1,"y":1.1,"curve":[0.25,0,0.75,1]},{"time":1.4333,"x":1,"y":1,"curve":[0.25,0,0.75,1]},{"time":1.5333,"x":1.1,"y":1.1,"curve":[0.25,0,0.75,1]},{"time":1.6333,"x":1,"y":1,"curve":[0.25,0,0.75,1]},{"time":1.7333,"x":1.1,"y":1.1,"curve":[0.25,0,0.75,1]},{"time":1.8333,"x":1,"y":1,"curve":[0.25,0,0.75,1]},{"time":1.9333,"x":1.1,"y":1.1,"curve":[0.25,0,0.75,1]},{"time":2.0333,"x":1,"y":1,"curve":[0.25,0,0.75,1]},{"time":2.1333,"x":1.1,"y":1.1,"curve":[0.25,0,0.75,1]},{"time":2.2333,"x":1,"y":1,"curve":[0.25,0,0.75,1]},{"time":2.3333,"x":1.1,"y":1.1,"curve":[0.25,0,0.75,1]},{"time":2.4333,"x":1,"y":1,"curve":[0.25,0,0.75,1]},{"time":2.5333,"x":1.1,"y":1.1,"curve":[0.25,0,0.75,1]},{"time":2.6333,"x":1,"y":1,"curve":[0.25,0,0.75,1]},{"time":2.7333,"x":1.1,"y":1.1,"curve":[0.25,0,0.75,1]},{"time":2.8333,"x":1,"y":1,"curve":[0.25,0,0.75,1]},{"time":2.9333,"x":1.1,"y":1.1,"curve":[0.25,0,0.75,1]},{"time":3.0333,"x":1,"y":1,"curve":[0.25,0,0.75,1]},{"time":3.1333,"x":1.1,"y":1.1,"curve":[0.25,0,0.75,1]},{"time":3.2333,"x":1,"y":1,"curve":[0.25,0,0.75,1]},{"time":3.3333,"x":1.1,"y":1.1,"curve":[0.25,0,0.75,1]},{"time":3.4333,"x":1,"y":1,"curve":[0.25,0,0.75,1]},{"time":3.5333,"x":1.1,"y":1.1,"curve":[0.25,0,0.75,1]},{"time":3.6333,"x":1,"y":1,"curve":[0.25,0,0.75,1]},{"time":3.7333,"x":1.1,"y":1.1,"curve":[0.25,0,0.75,1]},{"time":3.8333,"x":1,"y":1,"curve":[0.25,0,0.75,1]},{"time":3.9333,"x":1.1,"y":1.1,"curve":[0.25,0,0.75,1]},{"time":4.0333,"x":1,"y":1,"curve":[0.25,0,0.75,1]},{"time":4.1333,"x":1.1,"y":1.1,"curve":[0.25,0,0.75,1]},{"time":4.2333,"x":1,"y":1,"curve":[0.25,0,0.75,1]},{"time":4.3333,"x":1.1,"y":1.1}]},"sao2":{"rotate":[{"time":0,"angle":0}],"translate":[{"time":0,"x":0,"y":0}],"scale":[{"time":0,"x":1,"y":1}]},"sao1":{"rotate":[{"time":0,"angle":0}],"translate":[{"time":0,"x":0,"y":0}],"scale":[{"time":0,"x":1,"y":1}]},"hu":{"rotate":[{"time":0,"angle":0}],"translate":[{"time":0,"x":0,"y":0}],"scale":[{"time":0.4333,"x":0,"y":0,"curve":[0.08,0.28,0.75,1]},{"time":0.9667,"x":1,"y":1,"curve":[0.25,0,0.75,1]},{"time":1.5333,"x":0.9,"y":0.9,"curve":[0.25,0,0.75,1]},{"time":2.1,"x":1,"y":1,"curve":[0.25,0,0.75,1]},{"time":2.6667,"x":0.9,"y":0.9,"curve":[0.25,0,0.75,1]},{"time":3.2,"x":1,"y":1,"curve":[0.25,0,0.75,1]},{"time":3.7667,"x":0.9,"y":0.9,"curve":[0.25,0,0.75,1]},{"time":4.3333,"x":1,"y":1}]},"set1":{"rotate":[{"time":0,"angle":0}],"translate":[{"time":0,"x":0,"y":0}],"scale":[{"time":0,"x":1,"y":1}]},"xoay":{"rotate":[{"time":0.3,"angle":0},{"time":1,"angle":-120},{"time":1.6667,"angle":120},{"time":2.3333,"angle":0},{"time":3.0333,"angle":-120},{"time":3.7,"angle":120},{"time":4.3333,"angle":0}],"scale":[{"time":0.3,"x":0,"y":0},{"time":0.9,"x":1,"y":1}]}}},"thanglon":{"slots":{"backtext":{"attachment":[{"time":0,"name":null},{"time":0.4333,"name":"backtext"}]},"hu":{"attachment":[{"time":0,"name":null},{"time":0.4333,"name":"hu"}]},"sao1":{"attachment":[{"time":0,"name":null},{"time":0.4333,"name":"sao1"}]},"sao2":{"attachment":[{"time":0,"name":null},{"time":0.4333,"name":"sao2"}]},"set1":{"attachment":[{"time":0,"name":null},{"time":0.0667,"name":"set1"},{"time":0.1667,"name":"set2"},{"time":0.3,"name":"set3"},{"time":0.4333,"name":null}]},"thanglon":{"attachment":[{"time":0,"name":null},{"time":0.4333,"name":"thanglon"}]},"tim":{"attachment":[{"time":0,"name":null},{"time":0.4333,"name":"tim"}]},"xoay":{"attachment":[{"time":0,"name":null},{"time":0.4333,"name":"xoay"}]}},"bones":{"thanglon":{"rotate":[{"time":0,"angle":0}],"translate":[{"time":0,"x":0,"y":0}],"scale":[{"time":0,"x":0,"y":0,"curve":"stepped"},{"time":0.4333,"x":0,"y":0,"curve":[0.08,0.28,0.75,1]},{"time":0.7333,"x":1.1,"y":1.1,"curve":[0.25,0,0.75,1]},{"time":0.8333,"x":1,"y":1,"curve":[0.25,0,0.75,1]},{"time":0.9333,"x":1.1,"y":1.1,"curve":[0.25,0,0.75,1]},{"time":1.0333,"x":1,"y":1,"curve":[0.25,0,0.75,1]},{"time":1.1333,"x":1.1,"y":1.1,"curve":[0.25,0,0.75,1]},{"time":1.2333,"x":1,"y":1,"curve":[0.25,0,0.75,1]},{"time":1.3333,"x":1.1,"y":1.1,"curve":[0.25,0,0.75,1]},{"time":1.4333,"x":1,"y":1,"curve":[0.25,0,0.75,1]},{"time":1.5333,"x":1.1,"y":1.1,"curve":[0.25,0,0.75,1]},{"time":1.6333,"x":1,"y":1,"curve":[0.25,0,0.75,1]},{"time":1.7333,"x":1.1,"y":1.1,"curve":[0.25,0,0.75,1]},{"time":1.8333,"x":1,"y":1,"curve":[0.25,0,0.75,1]},{"time":1.9333,"x":1.1,"y":1.1,"curve":[0.25,0,0.75,1]},{"time":2.0333,"x":1,"y":1,"curve":[0.25,0,0.75,1]},{"time":2.1333,"x":1.1,"y":1.1,"curve":[0.25,0,0.75,1]},{"time":2.2333,"x":1,"y":1,"curve":[0.25,0,0.75,1]},{"time":2.3333,"x":1.1,"y":1.1,"curve":[0.25,0,0.75,1]},{"time":2.4333,"x":1,"y":1,"curve":[0.25,0,0.75,1]},{"time":2.5333,"x":1.1,"y":1.1,"curve":[0.25,0,0.75,1]},{"time":2.6333,"x":1,"y":1,"curve":[0.25,0,0.75,1]},{"time":2.7333,"x":1.1,"y":1.1,"curve":[0.25,0,0.75,1]},{"time":2.8333,"x":1,"y":1,"curve":[0.25,0,0.75,1]},{"time":2.9333,"x":1.1,"y":1.1,"curve":[0.25,0,0.75,1]},{"time":3.0333,"x":1,"y":1,"curve":[0.25,0,0.75,1]},{"time":3.1333,"x":1.1,"y":1.1,"curve":[0.25,0,0.75,1]},{"time":3.2333,"x":1,"y":1,"curve":[0.25,0,0.75,1]},{"time":3.3333,"x":1.1,"y":1.1,"curve":[0.25,0,0.75,1]},{"time":3.4333,"x":1,"y":1,"curve":[0.25,0,0.75,1]},{"time":3.5333,"x":1.1,"y":1.1,"curve":[0.25,0,0.75,1]},{"time":3.6333,"x":1,"y":1,"curve":[0.25,0,0.75,1]},{"time":3.7333,"x":1.1,"y":1.1,"curve":[0.25,0,0.75,1]},{"time":3.8333,"x":1,"y":1,"curve":[0.25,0,0.75,1]},{"time":3.9333,"x":1.1,"y":1.1,"curve":[0.25,0,0.75,1]},{"time":4.0333,"x":1,"y":1,"curve":[0.25,0,0.75,1]},{"time":4.1333,"x":1.1,"y":1.1,"curve":[0.25,0,0.75,1]},{"time":4.2333,"x":1,"y":1,"curve":[0.25,0,0.75,1]},{"time":4.3333,"x":1.1,"y":1.1}]},"sao2":{"rotate":[{"time":0,"angle":0}],"translate":[{"time":0,"x":0,"y":0}],"scale":[{"time":0,"x":1,"y":1}]},"sao1":{"rotate":[{"time":0,"angle":0}],"translate":[{"time":0,"x":0,"y":0}],"scale":[{"time":0,"x":1,"y":1}]},"hu":{"rotate":[{"time":0,"angle":0}],"translate":[{"time":0,"x":0,"y":0}],"scale":[{"time":0.4333,"x":0,"y":0,"curve":[0.08,0.28,0.75,1]},{"time":0.9667,"x":1,"y":1,"curve":[0.25,0,0.75,1]},{"time":1.5333,"x":0.9,"y":0.9,"curve":[0.25,0,0.75,1]},{"time":2.1,"x":1,"y":1,"curve":[0.25,0,0.75,1]},{"time":2.6667,"x":0.9,"y":0.9,"curve":[0.25,0,0.75,1]},{"time":3.2,"x":1,"y":1,"curve":[0.25,0,0.75,1]},{"time":3.7667,"x":0.9,"y":0.9,"curve":[0.25,0,0.75,1]},{"time":4.3333,"x":1,"y":1}]},"set1":{"rotate":[{"time":0,"angle":0}],"translate":[{"time":0,"x":0,"y":0}],"scale":[{"time":0,"x":1,"y":1}]},"xoay":{"rotate":[{"time":0.3,"angle":0},{"time":1,"angle":-120},{"time":1.6667,"angle":120},{"time":2.3333,"angle":0},{"time":3.0333,"angle":-120},{"time":3.7,"angle":120},{"time":4.3333,"angle":0}],"scale":[{"time":0.3,"x":0,"y":0},{"time":0.9,"x":1,"y":1}]}}}}},"_atlasText":"\r\nnohuthanglon.png\r\nsize: 2048,2048\r\nformat: RGBA8888\r\nfilter: Linear,Linear\r\nrepeat: none\r\nbacktext\r\n  rotate: false\r\n  xy: 2, 765\r\n  size: 980, 250\r\n  orig: 980, 250\r\n  offset: 0, 0\r\n  index: -1\r\nbacktext1\r\n  rotate: false\r\n  xy: 2, 1017\r\n  size: 980, 302\r\n  orig: 980, 302\r\n  offset: 0, 0\r\n  index: -1\r\nhu\r\n  rotate: false\r\n  xy: 1178, 957\r\n  size: 576, 405\r\n  orig: 576, 405\r\n  offset: 0, 0\r\n  index: -1\r\nnohu\r\n  rotate: false\r\n  xy: 2, 2\r\n  size: 521, 151\r\n  orig: 521, 151\r\n  offset: 0, 0\r\n  index: -1\r\nrong\r\n  rotate: false\r\n  xy: 2, 155\r\n  size: 605, 608\r\n  orig: 605, 608\r\n  offset: 0, 0\r\n  index: -1\r\nsao1\r\n  rotate: false\r\n  xy: 1103, 71\r\n  size: 339, 211\r\n  orig: 339, 211\r\n  offset: 0, 0\r\n  index: -1\r\nsao2\r\n  rotate: false\r\n  xy: 1456, 117\r\n  size: 336, 211\r\n  orig: 336, 211\r\n  offset: 0, 0\r\n  index: -1\r\nset1\r\n  rotate: false\r\n  xy: 609, 125\r\n  size: 492, 638\r\n  orig: 492, 638\r\n  offset: 0, 0\r\n  index: -1\r\nset2\r\n  rotate: false\r\n  xy: 1456, 330\r\n  size: 345, 625\r\n  orig: 345, 625\r\n  offset: 0, 0\r\n  index: -1\r\nset3\r\n  rotate: false\r\n  xy: 1103, 284\r\n  size: 351, 671\r\n  orig: 351, 671\r\n  offset: 0, 0\r\n  index: -1\r\nthanglon\r\n  rotate: true\r\n  xy: 1793, 1218\r\n  size: 764, 143\r\n  orig: 764, 143\r\n  offset: 0, 0\r\n  index: -1\r\ntim\r\n  rotate: false\r\n  xy: 2, 1321\r\n  size: 1174, 661\r\n  orig: 1174, 661\r\n  offset: 0, 0\r\n  index: -1\r\nxoay\r\n  rotate: false\r\n  xy: 1178, 1364\r\n  size: 613, 618\r\n  orig: 613, 618\r\n  offset: 0, 0\r\n  index: -1\r\n","textures":[{"__uuid__":"16Kh0Td51PA5Lh5KzypjTS"}],"textureNames":["nohuthanglon.png"]}