{"__type__":"sp.SkeletonData","_name":"ICON","_skeletonJson":{"skeleton":{"hash":"0Xf2P6S+fMFBPW2f+Mr9l8yeoZQ","spine":"3.6.53","width":224,"height":378,"images":"../Images/"},"bones":[{"name":"root"},{"name":"bone","parent":"root","length":79.14,"rotation":55.04,"x":22.12,"y":35.21,"scaleX":1.201,"scaleY":1.201},{"name":"bone2","parent":"root","length":100.82,"rotation":121.97,"x":-34.7,"y":-23.92,"scaleX":1.201,"scaleY":1.201},{"name":"bone3","parent":"root","length":29.22,"rotation":114.11,"x":-30.74,"y":-8.3,"scaleX":1.201,"scaleY":1.201},{"name":"bone4","parent":"root","length":36.32,"rotation":90,"x":-21.85,"y":9.99,"scaleX":1.201,"scaleY":1.201},{"name":"bone5","parent":"root","length":29.48,"rotation":88.03,"x":14.98,"y":6.44,"scaleX":1.201,"scaleY":1.201},{"name":"bone6","parent":"root","length":32.33,"rotation":81.87,"x":14.47,"y":-26.33,"scaleX":1.201,"scaleY":1.201},{"name":"bone7","parent":"root","length":57.02,"rotation":87.2,"x":2.12,"y":-128.55,"scaleX":1.156,"scaleY":1.156},{"name":"bone8","parent":"root","length":155.73,"rotation":87.02,"x":-29.67,"y":121.16}],"slots":[{"name":"BG2","bone":"bone8","attachment":"BG"},{"name":"BG","bone":"root"},{"name":"DIA2","bone":"bone2","attachment":"DIA"},{"name":"DIA","bone":"root"},{"name":"5","bone":"bone3","attachment":"4"},{"name":"4","bone":"root"},{"name":"8","bone":"bone6","attachment":"3"},{"name":"3","bone":"root"},{"name":"7","bone":"bone5","attachment":"2"},{"name":"2","bone":"root"},{"name":"6","bone":"bone4","attachment":"1"},{"name":"1","bone":"root"},{"name":"BAT2","bone":"bone","attachment":"BAT"},{"name":"BAT","bone":"root"},{"name":"TEXT2","bone":"bone7","attachment":"TEXT"},{"name":"TEXT","bone":"root"}],"skins":{"default":{"5":{"4":{"x":-1.38,"y":5.2,"rotation":-114.11,"width":31,"height":25}},"6":{"1":{"x":0.82,"y":0.07,"rotation":-90,"width":29,"height":22}},"7":{"2":{"x":1.95,"y":-2.03,"rotation":-88.03,"width":27,"height":21}},"8":{"3":{"x":6.24,"y":3.31,"rotation":-81.87,"width":29,"height":21}},"BAT2":{"BAT":{"x":23.16,"y":-3.27,"rotation":-55.04,"width":111,"height":111}},"BG2":{"BG":{"x":-119.45,"y":-35.93,"rotation":-87.02,"width":224,"height":378}},"DIA2":{"DIA":{"x":5.16,"y":-41.27,"rotation":-121.97,"width":180,"height":93}},"TEXT2":{"TEXT":{"x":17.91,"y":1.65,"rotation":-87.2,"width":182,"height":89}}}},"animations":{"animation":{"bones":{"root":{"rotate":[{"time":0,"angle":0}],"translate":[{"time":0,"x":0,"y":0}],"scale":[{"time":0,"x":1,"y":1}]},"bone":{"rotate":[{"time":0,"angle":35.83,"curve":"stepped"},{"time":0.3333,"angle":35.83,"curve":"stepped"},{"time":0.6667,"angle":35.83,"curve":"stepped"},{"time":1,"angle":35.83},{"time":1.5,"angle":-8.08}],"translate":[{"time":0,"x":-27.83,"y":-48.58},{"time":0.1667,"x":-27.83,"y":-30.87},{"time":0.3333,"x":-27.83,"y":-48.58},{"time":0.5,"x":-27.83,"y":-30.87},{"time":0.6667,"x":-27.83,"y":-48.58},{"time":0.8333,"x":-27.83,"y":-30.87},{"time":1,"x":-27.83,"y":-48.58},{"time":1.5,"x":1.19,"y":9.83}],"scale":[{"time":0,"x":1,"y":1,"curve":"stepped"},{"time":0.3333,"x":1,"y":1,"curve":"stepped"},{"time":0.6667,"x":1,"y":1,"curve":"stepped"},{"time":1,"x":1,"y":1}]},"bone2":{"rotate":[{"time":0,"angle":0,"curve":"stepped"},{"time":0.3333,"angle":0,"curve":"stepped"},{"time":0.6667,"angle":0,"curve":"stepped"},{"time":1,"angle":0},{"time":1.5,"angle":-8.26}],"translate":[{"time":0,"x":0,"y":0},{"time":0.1667,"x":0,"y":17.71},{"time":0.3333,"x":0,"y":0},{"time":0.5,"x":0,"y":17.71},{"time":0.6667,"x":0,"y":0},{"time":0.8333,"x":0,"y":17.71},{"time":1,"x":0,"y":0},{"time":1.5,"x":-7.81,"y":-14.51}],"scale":[{"time":0,"x":1,"y":1,"curve":"stepped"},{"time":0.3333,"x":1,"y":1,"curve":"stepped"},{"time":0.6667,"x":1,"y":1,"curve":"stepped"},{"time":1,"x":1,"y":1}]},"bone3":{"rotate":[{"time":0,"angle":0,"curve":"stepped"},{"time":0.3333,"angle":0,"curve":"stepped"},{"time":0.6667,"angle":0,"curve":"stepped"},{"time":1,"angle":0}],"translate":[{"time":0,"x":0,"y":0},{"time":0.1667,"x":0,"y":17.71},{"time":0.3333,"x":0,"y":0},{"time":0.5,"x":0,"y":17.71},{"time":0.6667,"x":0,"y":0},{"time":0.8333,"x":0,"y":17.71},{"time":1,"x":0,"y":0},{"time":1.1667,"x":24.92,"y":27.9},{"time":1.3333,"x":-13.76,"y":-5.95}],"scale":[{"time":0,"x":1,"y":1,"curve":"stepped"},{"time":0.3333,"x":1,"y":1,"curve":"stepped"},{"time":0.6667,"x":1,"y":1,"curve":"stepped"},{"time":1,"x":1,"y":1}]},"bone4":{"rotate":[{"time":0,"angle":0,"curve":"stepped"},{"time":0.3333,"angle":0,"curve":"stepped"},{"time":0.6667,"angle":0,"curve":"stepped"},{"time":1,"angle":0}],"translate":[{"time":0,"x":0,"y":0},{"time":0.1667,"x":0,"y":17.71},{"time":0.3333,"x":0,"y":0},{"time":0.5,"x":0,"y":17.71},{"time":0.6667,"x":0,"y":0},{"time":0.8333,"x":0,"y":17.71},{"time":1,"x":0,"y":0},{"time":1.1667,"x":24.92,"y":27.9},{"time":1.3333,"x":25.85,"y":28.09},{"time":1.5,"x":-5.21,"y":-2.98}],"scale":[{"time":0,"x":1,"y":1,"curve":"stepped"},{"time":0.3333,"x":1,"y":1,"curve":"stepped"},{"time":0.6667,"x":1,"y":1,"curve":"stepped"},{"time":1,"x":1,"y":1}]},"bone5":{"rotate":[{"time":0,"angle":0,"curve":"stepped"},{"time":0.3333,"angle":0,"curve":"stepped"},{"time":0.6667,"angle":0,"curve":"stepped"},{"time":1,"angle":0}],"translate":[{"time":0,"x":0,"y":0},{"time":0.1667,"x":0,"y":17.71},{"time":0.3333,"x":0,"y":0},{"time":0.5,"x":0,"y":17.71},{"time":0.6667,"x":0,"y":0},{"time":0.8333,"x":0,"y":17.71},{"time":1,"x":0,"y":0},{"time":1.1667,"x":24.92,"y":27.9},{"time":1.8333,"x":-0.37,"y":-13.02}],"scale":[{"time":0,"x":1,"y":1,"curve":"stepped"},{"time":0.3333,"x":1,"y":1,"curve":"stepped"},{"time":0.6667,"x":1,"y":1,"curve":"stepped"},{"time":1,"x":1,"y":1}]},"bone6":{"rotate":[{"time":0,"angle":0,"curve":"stepped"},{"time":0.3333,"angle":0,"curve":"stepped"},{"time":0.6667,"angle":0,"curve":"stepped"},{"time":1,"angle":0}],"translate":[{"time":0,"x":0,"y":0},{"time":0.1667,"x":0,"y":17.71},{"time":0.3333,"x":0,"y":0},{"time":0.5,"x":0,"y":17.71},{"time":0.6667,"x":0,"y":0},{"time":0.8333,"x":0,"y":17.71},{"time":1,"x":0,"y":0},{"time":1.1667,"x":24.92,"y":27.9},{"time":1.3333,"x":26.41,"y":38.19},{"time":1.6667,"x":-16.37,"y":-13.76}],"scale":[{"time":0,"x":1,"y":1,"curve":"stepped"},{"time":0.3333,"x":1,"y":1,"curve":"stepped"},{"time":0.6667,"x":1,"y":1,"curve":"stepped"},{"time":1,"x":1,"y":1}]},"bone7":{"rotate":[{"time":0,"angle":0,"curve":"stepped"},{"time":1,"angle":0,"curve":"stepped"},{"time":2.6667,"angle":0}],"translate":[{"time":0,"x":-4.18,"y":-13.13,"curve":[0.25,0,0.75,1]},{"time":0.5,"x":-2.98,"y":-6.57,"curve":[0.25,0,0.75,1]},{"time":1,"x":-4.18,"y":-13.13,"curve":[0.25,0,0.75,1]},{"time":1.8333,"x":-2.98,"y":-6.57,"curve":[0.25,0,0.75,1]},{"time":2.6667,"x":-4.18,"y":-13.13}],"scale":[{"time":0,"x":1,"y":1,"curve":[0.25,0,0.75,1]},{"time":0.5,"x":1.156,"y":1.156,"curve":[0.25,0,0.75,1]},{"time":1,"x":1,"y":1,"curve":[0.25,0,0.75,1]},{"time":1.8333,"x":1.156,"y":1.156,"curve":[0.25,0,0.75,1]},{"time":2.6667,"x":1,"y":1}]},"bone8":{"rotate":[{"time":0,"angle":0}],"translate":[{"time":0,"x":0,"y":0}],"scale":[{"time":0,"x":1,"y":1}]}}}}},"_atlasText":"\nICON.png\nsize: 1024,256\nformat: RGBA8888\nfilter: Linear,Linear\nrepeat: none\n1\n  rotate: false\n  xy: 748, 231\n  size: 29, 22\n  orig: 29, 22\n  offset: 0, 0\n  index: -1\n2\n  rotate: false\n  xy: 35, 6\n  size: 27, 21\n  orig: 27, 21\n  offset: 0, 0\n  index: -1\n3\n  rotate: false\n  xy: 495, 137\n  size: 29, 21\n  orig: 29, 21\n  offset: 0, 0\n  index: -1\n4\n  rotate: false\n  xy: 2, 2\n  size: 31, 25\n  orig: 31, 25\n  offset: 0, 0\n  index: -1\nBAT\n  rotate: false\n  xy: 382, 47\n  size: 111, 111\n  orig: 111, 111\n  offset: 0, 0\n  index: -1\nBG\n  rotate: true\n  xy: 2, 29\n  size: 224, 378\n  orig: 224, 378\n  offset: 0, 0\n  index: -1\nDIA\n  rotate: false\n  xy: 382, 160\n  size: 180, 93\n  orig: 180, 93\n  offset: 0, 0\n  index: -1\nTEXT\n  rotate: false\n  xy: 564, 164\n  size: 182, 89\n  orig: 182, 89\n  offset: 0, 0\n  index: -1\n","textures":[{"__uuid__":"65jwbvPPFOmphPMiUdY/2t"}],"textureNames":["ICON.png"]}