{"__type__":"sp.SkeletonData","_name":"ICON","_skeletonJson":{"skeleton":{"hash":"g9SyTP/1co2woyZQ+MrIaaF5/3Y","spine":"3.6.53","width":171,"height":171,"images":"../Images/"},"bones":[{"name":"root"},{"name":"bone","parent":"root","length":67.94,"rotation":116.43,"x":-34.85,"y":-4.33},{"name":"bone2","parent":"root","length":58.07,"rotation":103.26,"x":-12.53,"y":10.79},{"name":"bone3","parent":"root","length":36.64,"rotation":79.24,"x":3.31,"y":25.91},{"name":"bone4","parent":"root","length":59.08,"rotation":59.22,"x":27.79,"y":10.07},{"name":"bone5","parent":"root","length":102.68,"rotation":127.59,"x":-40.97,"y":-25.93},{"name":"bone6","parent":"root","length":44.32,"rotation":87.67,"x":7.63,"y":-63.73}],"slots":[{"name":"BG2","bone":"bone5","attachment":"BG"},{"name":"BG","bone":"root"},{"name":"J2","bone":"bone","attachment":"J"},{"name":"J","bone":"root"},{"name":"Q2","bone":"bone2","attachment":"Q"},{"name":"Q","bone":"root"},{"name":"K2","bone":"bone3","attachment":"K"},{"name":"K","bone":"root"},{"name":"A2","bone":"bone4","attachment":"A"},{"name":"A","bone":"root"},{"name":"2","bone":"bone6","attachment":"1"},{"name":"1","bone":"root"}],"skins":{"default":{"2":{"1":{"x":15.74,"y":8.1,"rotation":-87.67,"width":138,"height":54}},"A2":{"A":{"x":1.69,"y":-2.34,"rotation":-59.22,"width":89,"height":96}},"BG2":{"BG":{"x":-4.45,"y":-48.28,"rotation":-127.59,"width":171,"height":171}},"J2":{"J":{"x":11.34,"y":-14.6,"rotation":-116.43,"width":82,"height":96}},"K2":{"K":{"x":-6.31,"y":-12.76,"rotation":-79.24,"width":65,"height":90}},"Q2":{"Q":{"x":6.66,"y":-8.97,"rotation":-103.26,"width":73,"height":94}}}},"animations":{"animation":{"bones":{"root":{"rotate":[{"time":0,"angle":0}],"translate":[{"time":0,"x":0,"y":0}],"scale":[{"time":0,"x":1,"y":1}]},"bone":{"rotate":[{"time":0,"angle":-26.11,"curve":[0.25,0,0.75,1]},{"time":0.6667,"angle":0,"curve":"stepped"},{"time":2,"angle":0,"curve":[0.25,0,0.75,1]},{"time":2.6667,"angle":-26.11}],"translate":[{"time":0,"x":17.82,"y":-12.38,"curve":[0.25,0,0.75,1]},{"time":0.6667,"x":0,"y":0,"curve":"stepped"},{"time":2,"x":0,"y":0,"curve":[0.25,0,0.75,1]},{"time":2.6667,"x":17.82,"y":-12.38}],"scale":[{"time":0,"x":1,"y":1,"curve":"stepped"},{"time":0.6667,"x":1,"y":1,"curve":"stepped"},{"time":2,"x":1,"y":1,"curve":"stepped"},{"time":2.6667,"x":1,"y":1}]},"bone2":{"rotate":[{"time":0,"angle":-15.96,"curve":[0.25,0,0.75,1]},{"time":0.6667,"angle":0,"curve":"stepped"},{"time":2,"angle":0,"curve":[0.25,0,0.75,1]},{"time":2.6667,"angle":-15.96}],"translate":[{"time":0,"x":1.21,"y":-22.65,"curve":[0.25,0,0.75,1]},{"time":0.6667,"x":0,"y":0,"curve":"stepped"},{"time":2,"x":0,"y":0,"curve":[0.25,0,0.75,1]},{"time":2.6667,"x":1.21,"y":-22.65}],"scale":[{"time":0,"x":1,"y":1,"curve":"stepped"},{"time":0.6667,"x":1,"y":1,"curve":"stepped"},{"time":2,"x":1,"y":1,"curve":"stepped"},{"time":2.6667,"x":1,"y":1}]},"bone3":{"rotate":[{"time":0,"angle":4.46,"curve":[0.25,0,0.75,1]},{"time":0.6667,"angle":0,"curve":"stepped"},{"time":2,"angle":0,"curve":[0.25,0,0.75,1]},{"time":2.6667,"angle":4.46}],"translate":[{"time":0,"x":-19.33,"y":-22.65,"curve":[0.25,0,0.75,1]},{"time":0.6667,"x":0,"y":0,"curve":"stepped"},{"time":2,"x":0,"y":0,"curve":[0.25,0,0.75,1]},{"time":2.6667,"x":-19.33,"y":-22.65}],"scale":[{"time":0,"x":1,"y":1,"curve":"stepped"},{"time":0.6667,"x":1,"y":1,"curve":"stepped"},{"time":2,"x":1,"y":1,"curve":"stepped"},{"time":2.6667,"x":1,"y":1}]},"bone4":{"rotate":[{"time":0,"angle":34.93,"curve":[0.25,0,0.75,1]},{"time":0.6667,"angle":0,"curve":"stepped"},{"time":2,"angle":0,"curve":[0.25,0,0.75,1]},{"time":2.6667,"angle":34.93}],"translate":[{"time":0,"x":-32.31,"y":-15.7,"curve":[0.25,0,0.75,1]},{"time":0.6667,"x":0,"y":0,"curve":"stepped"},{"time":2,"x":0,"y":0,"curve":[0.25,0,0.75,1]},{"time":2.6667,"x":-32.31,"y":-15.7}],"scale":[{"time":0,"x":1,"y":1,"curve":"stepped"},{"time":0.6667,"x":1,"y":1,"curve":"stepped"},{"time":2,"x":1,"y":1,"curve":"stepped"},{"time":2.6667,"x":1,"y":1}]},"bone5":{"rotate":[{"time":0,"angle":0}],"translate":[{"time":0,"x":0,"y":0}],"scale":[{"time":0,"x":1,"y":1}]},"bone6":{"rotate":[{"time":0,"angle":0,"curve":"stepped"},{"time":1,"angle":0,"curve":"stepped"},{"time":2.6667,"angle":0}],"translate":[{"time":0,"x":0,"y":0,"curve":[0.25,0,0.75,1]},{"time":0.5,"x":0,"y":10.27,"curve":[0.25,0,0.75,1]},{"time":1,"x":0,"y":0,"curve":[0.25,0,0.75,1]},{"time":1.8333,"x":0,"y":10.27,"curve":[0.25,0,0.75,1]},{"time":2.6667,"x":0,"y":0}],"scale":[{"time":0,"x":1,"y":1,"curve":[0.25,0,0.75,1]},{"time":0.5,"x":1.126,"y":1.126,"curve":[0.25,0,0.75,1]},{"time":1,"x":1,"y":1,"curve":[0.25,0,0.75,1]},{"time":1.8333,"x":1.126,"y":1.126,"curve":[0.25,0,0.75,1]},{"time":2.6667,"x":1,"y":1}]}}}}},"_atlasText":"\nICON.png\nsize: 512,256\nformat: RGBA8888\nfilter: Linear,Linear\nrepeat: none\n1\n  rotate: false\n  xy: 2, 2\n  size: 138, 54\n  orig: 138, 54\n  offset: 0, 0\n  index: -1\nA\n  rotate: false\n  xy: 175, 133\n  size: 89, 96\n  orig: 89, 96\n  offset: 0, 0\n  index: -1\nBG\n  rotate: false\n  xy: 2, 58\n  size: 171, 171\n  orig: 171, 171\n  offset: 0, 0\n  index: -1\nJ\n  rotate: false\n  xy: 266, 133\n  size: 82, 96\n  orig: 82, 96\n  offset: 0, 0\n  index: -1\nK\n  rotate: false\n  xy: 350, 139\n  size: 65, 90\n  orig: 65, 90\n  offset: 0, 0\n  index: -1\nQ\n  rotate: true\n  xy: 175, 58\n  size: 73, 94\n  orig: 73, 94\n  offset: 0, 0\n  index: -1\n","textures":[{"__uuid__":"1fBdvtbx1Lg4ZvMC7su0ri"}],"textureNames":["ICON.png"]}