[{"__type__":"cc.SpriteFrame","content":{"name":"page.select","texture":"e5L2SZH9tD5ZmJVB+/CgwD","rect":[1,85,55,40],"offset":[0,0],"originalSize":[55,40],"capInsets":[0,0,0,0]}},{"__type__":"cc.SpriteFrame","content":{"name":"page.previous","texture":"e5L2SZH9tD5ZmJVB+/CgwD","rect":[1,43,55,40],"offset":[0,0],"originalSize":[55,40],"capInsets":[0,0,0,0]}},[{"__type__":"cc.Prefab","_name":"Pagination","data":{"__id__":1}},{"__type__":"cc.Node","_name":"pagination","_children":[{"__id__":2},{"__id__":3},{"__id__":4},{"__id__":9},{"__id__":14},{"__id__":19},{"__id__":24},{"__id__":29},{"__id__":30}],"_components":[{"__type__":"a2298FO/xFF7KY+FwgkX4E6","node":{"__id__":1},"nodeFirst":{"__id__":2},"nodePrevious":{"__id__":3},"nodePage1":{"__id__":4},"nodePage2":{"__id__":9},"nodePage3":{"__id__":14},"nodePage4":{"__id__":19},"nodePage5":{"__id__":24},"nodeNext":{"__id__":29},"nodeLast":{"__id__":30}},{"__type__":"cc.Layout","node":{"__id__":1},"_layoutSize":{"__type__":"cc.Size","width":511,"height":40},"_resize":1,"_N$layoutType":1,"_N$spacingX":2}],"_prefab":{"__type__":"cc.PrefabInfo","root":{"__id__":1},"asset":{"__uuid__":"88+CnXz65Ck5io1vQoi7Lm"},"fileId":"5aEtpZrRxCJZq7urwYh+mM"},"_contentSize":{"__type__":"cc.Size","width":511,"height":40},"_trs":{"__type__":"TypedArray","ctor":"Float64Array","array":[0,0,0,0,0,0,1,1,1,1]}},{"__type__":"cc.Node","_name":"page.first","_parent":{"__id__":1},"_components":[{"__type__":"cc.Sprite","node":{"__id__":2},"_materials":[{"__uuid__":"ecpdLyjvZBwrvm+cedCcQy"}],"_spriteFrame":{"__uuid__":"f3wSwNKW1Aaah5HarVe2Df"}},{"__type__":"cc.Button","node":{"__id__":2},"zoomScale":1.1,"clickEvents":[{"__type__":"cc.ClickEvent","target":{"__id__":1},"_componentId":"a2298FO/xFF7KY+FwgkX4E6","handler":"onClickFirst"}],"_N$transition":3,"transition":3,"_N$normalColor":{"__type__":"cc.Color","r":214,"g":214,"b":214}}],"_prefab":{"__type__":"cc.PrefabInfo","root":{"__id__":1},"asset":{"__uuid__":"88+CnXz65Ck5io1vQoi7Lm"},"fileId":"a8jW75KD5Bsa1f5TLBFkM4"},"_contentSize":{"__type__":"cc.Size","width":55,"height":40},"_trs":{"__type__":"TypedArray","ctor":"Float64Array","array":[-228,0,0,0,0,0,1,1,1,1]}},{"__type__":"cc.Node","_name":"page.previous","_parent":{"__id__":1},"_components":[{"__type__":"cc.Sprite","node":{"__id__":3},"_materials":[{"__uuid__":"ecpdLyjvZBwrvm+cedCcQy"}],"_spriteFrame":{"__uuid__":"82jHrWpg1KfKtbLWjUzi6t"}},{"__type__":"cc.Button","node":{"__id__":3},"zoomScale":1.1,"clickEvents":[{"__type__":"cc.ClickEvent","target":{"__id__":1},"_componentId":"a2298FO/xFF7KY+FwgkX4E6","handler":"onClickPrevious"}],"_N$transition":3,"transition":3,"_N$normalColor":{"__type__":"cc.Color","r":214,"g":214,"b":214}}],"_prefab":{"__type__":"cc.PrefabInfo","root":{"__id__":1},"asset":{"__uuid__":"88+CnXz65Ck5io1vQoi7Lm"},"fileId":"06/gxmU1BHtbFTWr3oTEtP"},"_contentSize":{"__type__":"cc.Size","width":55,"height":40},"_trs":{"__type__":"TypedArray","ctor":"Float64Array","array":[-171,0,0,0,0,0,1,1,1,1]}},{"__type__":"cc.Node","_name":"page1","_parent":{"__id__":1},"_children":[{"__id__":5},{"__id__":6},{"__id__":7}],"_components":[{"__type__":"7edb4K7i4tECqx8snl3/cVz","node":{"__id__":4},"bg":{"__id__":6},"bg_select":{"__id__":5},"number":{"__id__":8}},{"__type__":"cc.Button","node":{"__id__":4},"zoomScale":1.1,"clickEvents":[{"__type__":"cc.ClickEvent","target":{"__id__":1},"_componentId":"a2298FO/xFF7KY+FwgkX4E6","handler":"onClickPage"}],"_N$transition":3,"transition":3,"_N$normalColor":{"__type__":"cc.Color","r":214,"g":214,"b":214}}],"_prefab":{"__type__":"cc.PrefabInfo","root":{"__id__":1},"asset":{"__uuid__":"88+CnXz65Ck5io1vQoi7Lm"},"fileId":"14vpH8UkJEQrmjCiSdIvFw"},"_contentSize":{"__type__":"cc.Size","width":55,"height":40},"_trs":{"__type__":"TypedArray","ctor":"Float64Array","array":[-114,0,0,0,0,0,1,1,1,1]}},{"__type__":"cc.Node","_name":"page.select","_parent":{"__id__":4},"_active":false,"_components":[{"__type__":"cc.Sprite","node":{"__id__":5},"_spriteFrame":{"__uuid__":"2btpnzgYxHooO7fS6nQTqm"}}],"_prefab":{"__type__":"cc.PrefabInfo","root":{"__id__":1},"asset":{"__uuid__":"88+CnXz65Ck5io1vQoi7Lm"},"fileId":"8czZFmQ0VPqpajiCDpgNe6"},"_contentSize":{"__type__":"cc.Size","width":55,"height":40},"_trs":{"__type__":"TypedArray","ctor":"Float64Array","array":[0,0,0,0,0,0,1,1,1,1]}},{"__type__":"cc.Node","_name":"page.number","_parent":{"__id__":4},"_components":[{"__type__":"cc.Sprite","node":{"__id__":6},"_materials":[{"__uuid__":"ecpdLyjvZBwrvm+cedCcQy"}],"_spriteFrame":{"__uuid__":"f4NpXN57NIXrSYd2fuWUqf"},"_sizeMode":0}],"_prefab":{"__type__":"cc.PrefabInfo","root":{"__id__":1},"asset":{"__uuid__":"88+CnXz65Ck5io1vQoi7Lm"},"fileId":"a40DD76GxFzpx3LKVNlo9t"},"_contentSize":{"__type__":"cc.Size","width":60,"height":52},"_trs":{"__type__":"TypedArray","ctor":"Float64Array","array":[0,0,0,0,0,0,1,1,1,1]}},{"__type__":"cc.Node","_name":"label","_parent":{"__id__":4},"_components":[{"__id__":8}],"_prefab":{"__type__":"cc.PrefabInfo","root":{"__id__":1},"asset":{"__uuid__":"88+CnXz65Ck5io1vQoi7Lm"},"fileId":"dbxbuqmsdM9biKxNDAfejj"},"_contentSize":{"__type__":"cc.Size","height":23.5},"_trs":{"__type__":"TypedArray","ctor":"Float64Array","array":[-1,0,0,0,0,0,1,1,1,1]}},{"__type__":"cc.Label","node":{"__id__":7},"_materials":[{"__uuid__":"ecpdLyjvZBwrvm+cedCcQy"}],"_useOriginalSize":false,"_fontSize":20,"_lineHeight":47,"_N$file":{"__uuid__":"3f/j3m06dBSKpjksQB+doY"},"_isSystemFontUsed":false,"_N$horizontalAlign":1,"_N$verticalAlign":1},{"__type__":"cc.Node","_name":"page2","_parent":{"__id__":1},"_children":[{"__id__":10},{"__id__":11},{"__id__":12}],"_components":[{"__type__":"7edb4K7i4tECqx8snl3/cVz","node":{"__id__":9},"bg":{"__id__":11},"bg_select":{"__id__":10},"number":{"__id__":13}},{"__type__":"cc.Button","node":{"__id__":9},"zoomScale":1.1,"clickEvents":[{"__type__":"cc.ClickEvent","target":{"__id__":1},"_componentId":"a2298FO/xFF7KY+FwgkX4E6","handler":"onClickPage"}],"_N$transition":3,"transition":3,"_N$normalColor":{"__type__":"cc.Color","r":214,"g":214,"b":214}}],"_prefab":{"__type__":"cc.PrefabInfo","root":{"__id__":1},"asset":{"__uuid__":"88+CnXz65Ck5io1vQoi7Lm"},"fileId":"4fHWxGurZN3Z0Dq19O6J9D"},"_contentSize":{"__type__":"cc.Size","width":55,"height":40},"_trs":{"__type__":"TypedArray","ctor":"Float64Array","array":[-57,0,0,0,0,0,1,1,1,1]}},{"__type__":"cc.Node","_name":"page.select","_parent":{"__id__":9},"_active":false,"_components":[{"__type__":"cc.Sprite","node":{"__id__":10},"_spriteFrame":{"__uuid__":"2btpnzgYxHooO7fS6nQTqm"}}],"_prefab":{"__type__":"cc.PrefabInfo","root":{"__id__":1},"asset":{"__uuid__":"88+CnXz65Ck5io1vQoi7Lm"},"fileId":"39Vu/z51NFl5HGf83+aniB"},"_contentSize":{"__type__":"cc.Size","width":55,"height":40},"_trs":{"__type__":"TypedArray","ctor":"Float64Array","array":[0,0,0,0,0,0,1,1,1,1]}},{"__type__":"cc.Node","_name":"page.number","_parent":{"__id__":9},"_components":[{"__type__":"cc.Sprite","node":{"__id__":11},"_materials":[{"__uuid__":"ecpdLyjvZBwrvm+cedCcQy"}],"_spriteFrame":{"__uuid__":"f4NpXN57NIXrSYd2fuWUqf"},"_sizeMode":0}],"_prefab":{"__type__":"cc.PrefabInfo","root":{"__id__":1},"asset":{"__uuid__":"88+CnXz65Ck5io1vQoi7Lm"},"fileId":"b1vCCVsSVMQKu+SucMKHxO"},"_contentSize":{"__type__":"cc.Size","width":60,"height":52},"_trs":{"__type__":"TypedArray","ctor":"Float64Array","array":[0,0,0,0,0,0,1,1,1,1]}},{"__type__":"cc.Node","_name":"label","_parent":{"__id__":9},"_components":[{"__id__":13}],"_prefab":{"__type__":"cc.PrefabInfo","root":{"__id__":1},"asset":{"__uuid__":"88+CnXz65Ck5io1vQoi7Lm"},"fileId":"11p9tNOnxKYKOh3y3+yW8v"},"_contentSize":{"__type__":"cc.Size","height":23.5},"_trs":{"__type__":"TypedArray","ctor":"Float64Array","array":[-1,0,0,0,0,0,1,1,1,1]}},{"__type__":"cc.Label","node":{"__id__":12},"_materials":[{"__uuid__":"ecpdLyjvZBwrvm+cedCcQy"}],"_useOriginalSize":false,"_fontSize":20,"_lineHeight":47,"_N$file":{"__uuid__":"3f/j3m06dBSKpjksQB+doY"},"_isSystemFontUsed":false,"_N$horizontalAlign":1,"_N$verticalAlign":1},{"__type__":"cc.Node","_name":"page3","_parent":{"__id__":1},"_children":[{"__id__":15},{"__id__":16},{"__id__":17}],"_components":[{"__type__":"7edb4K7i4tECqx8snl3/cVz","node":{"__id__":14},"bg":{"__id__":16},"bg_select":{"__id__":15},"number":{"__id__":18}},{"__type__":"cc.Button","node":{"__id__":14},"zoomScale":1.1,"clickEvents":[{"__type__":"cc.ClickEvent","target":{"__id__":1},"_componentId":"a2298FO/xFF7KY+FwgkX4E6","handler":"onClickPage"}],"_N$transition":3,"transition":3,"_N$normalColor":{"__type__":"cc.Color","r":214,"g":214,"b":214}}],"_prefab":{"__type__":"cc.PrefabInfo","root":{"__id__":1},"asset":{"__uuid__":"88+CnXz65Ck5io1vQoi7Lm"},"fileId":"4eb3NbGztIApEAW2by0Fkj"},"_contentSize":{"__type__":"cc.Size","width":55,"height":40},"_trs":{"__type__":"TypedArray","ctor":"Float64Array","array":[0,0,0,0,0,0,1,1,1,1]}},{"__type__":"cc.Node","_name":"page.select","_parent":{"__id__":14},"_active":false,"_components":[{"__type__":"cc.Sprite","node":{"__id__":15},"_spriteFrame":{"__uuid__":"2btpnzgYxHooO7fS6nQTqm"}}],"_prefab":{"__type__":"cc.PrefabInfo","root":{"__id__":1},"asset":{"__uuid__":"88+CnXz65Ck5io1vQoi7Lm"},"fileId":"3fOMshQetPdr8DzZdn1cUF"},"_contentSize":{"__type__":"cc.Size","width":55,"height":40},"_trs":{"__type__":"TypedArray","ctor":"Float64Array","array":[0,0,0,0,0,0,1,1,1,1]}},{"__type__":"cc.Node","_name":"page.number","_parent":{"__id__":14},"_components":[{"__type__":"cc.Sprite","node":{"__id__":16},"_materials":[{"__uuid__":"ecpdLyjvZBwrvm+cedCcQy"}],"_spriteFrame":{"__uuid__":"f4NpXN57NIXrSYd2fuWUqf"},"_sizeMode":0}],"_prefab":{"__type__":"cc.PrefabInfo","root":{"__id__":1},"asset":{"__uuid__":"88+CnXz65Ck5io1vQoi7Lm"},"fileId":"e6gokPYppASI6CSZ+db4Ln"},"_contentSize":{"__type__":"cc.Size","width":60,"height":52},"_trs":{"__type__":"TypedArray","ctor":"Float64Array","array":[0,0,0,0,0,0,1,1,1,1]}},{"__type__":"cc.Node","_name":"label","_parent":{"__id__":14},"_components":[{"__id__":18}],"_prefab":{"__type__":"cc.PrefabInfo","root":{"__id__":1},"asset":{"__uuid__":"88+CnXz65Ck5io1vQoi7Lm"},"fileId":"44MTip2UZJtImsXRVL6HLP"},"_contentSize":{"__type__":"cc.Size","height":23.5},"_trs":{"__type__":"TypedArray","ctor":"Float64Array","array":[-1,0,0,0,0,0,1,1,1,1]}},{"__type__":"cc.Label","node":{"__id__":17},"_materials":[{"__uuid__":"ecpdLyjvZBwrvm+cedCcQy"}],"_useOriginalSize":false,"_fontSize":20,"_lineHeight":47,"_N$file":{"__uuid__":"3f/j3m06dBSKpjksQB+doY"},"_isSystemFontUsed":false,"_N$horizontalAlign":1,"_N$verticalAlign":1},{"__type__":"cc.Node","_name":"page4","_parent":{"__id__":1},"_children":[{"__id__":20},{"__id__":21},{"__id__":22}],"_components":[{"__type__":"7edb4K7i4tECqx8snl3/cVz","node":{"__id__":19},"bg":{"__id__":21},"bg_select":{"__id__":20},"number":{"__id__":23}},{"__type__":"cc.Button","node":{"__id__":19},"zoomScale":1.1,"clickEvents":[{"__type__":"cc.ClickEvent","target":{"__id__":1},"_componentId":"a2298FO/xFF7KY+FwgkX4E6","handler":"onClickPage"}],"_N$transition":3,"transition":3,"_N$normalColor":{"__type__":"cc.Color","r":214,"g":214,"b":214}}],"_prefab":{"__type__":"cc.PrefabInfo","root":{"__id__":1},"asset":{"__uuid__":"88+CnXz65Ck5io1vQoi7Lm"},"fileId":"18tOdwbRtMu4CdCaVuKHbM"},"_contentSize":{"__type__":"cc.Size","width":55,"height":40},"_trs":{"__type__":"TypedArray","ctor":"Float64Array","array":[57,0,0,0,0,0,1,1,1,1]}},{"__type__":"cc.Node","_name":"page.select","_parent":{"__id__":19},"_active":false,"_components":[{"__type__":"cc.Sprite","node":{"__id__":20},"_spriteFrame":{"__uuid__":"2btpnzgYxHooO7fS6nQTqm"}}],"_prefab":{"__type__":"cc.PrefabInfo","root":{"__id__":1},"asset":{"__uuid__":"88+CnXz65Ck5io1vQoi7Lm"},"fileId":"3dpFBedCJCbI/tRpJ1vYw1"},"_contentSize":{"__type__":"cc.Size","width":55,"height":40},"_trs":{"__type__":"TypedArray","ctor":"Float64Array","array":[0,0,0,0,0,0,1,1,1,1]}},{"__type__":"cc.Node","_name":"page.number","_parent":{"__id__":19},"_components":[{"__type__":"cc.Sprite","node":{"__id__":21},"_materials":[{"__uuid__":"ecpdLyjvZBwrvm+cedCcQy"}],"_spriteFrame":{"__uuid__":"f4NpXN57NIXrSYd2fuWUqf"},"_sizeMode":0}],"_prefab":{"__type__":"cc.PrefabInfo","root":{"__id__":1},"asset":{"__uuid__":"88+CnXz65Ck5io1vQoi7Lm"},"fileId":"5azCjPkt5KvKiPeQ5pw7Mr"},"_contentSize":{"__type__":"cc.Size","width":60,"height":52},"_trs":{"__type__":"TypedArray","ctor":"Float64Array","array":[0,0,0,0,0,0,1,1,1,1]}},{"__type__":"cc.Node","_name":"label","_parent":{"__id__":19},"_components":[{"__id__":23}],"_prefab":{"__type__":"cc.PrefabInfo","root":{"__id__":1},"asset":{"__uuid__":"88+CnXz65Ck5io1vQoi7Lm"},"fileId":"99mb7Se6xLR4xbzd/zS7qv"},"_contentSize":{"__type__":"cc.Size","height":23.5},"_trs":{"__type__":"TypedArray","ctor":"Float64Array","array":[-1,0,0,0,0,0,1,1,1,1]}},{"__type__":"cc.Label","node":{"__id__":22},"_materials":[{"__uuid__":"ecpdLyjvZBwrvm+cedCcQy"}],"_useOriginalSize":false,"_fontSize":20,"_lineHeight":47,"_N$file":{"__uuid__":"3f/j3m06dBSKpjksQB+doY"},"_isSystemFontUsed":false,"_N$horizontalAlign":1,"_N$verticalAlign":1},{"__type__":"cc.Node","_name":"page5","_parent":{"__id__":1},"_children":[{"__id__":25},{"__id__":26},{"__id__":27}],"_components":[{"__type__":"7edb4K7i4tECqx8snl3/cVz","node":{"__id__":24},"bg":{"__id__":26},"bg_select":{"__id__":25},"number":{"__id__":28}},{"__type__":"cc.Button","node":{"__id__":24},"zoomScale":1.1,"clickEvents":[{"__type__":"cc.ClickEvent","target":{"__id__":1},"_componentId":"a2298FO/xFF7KY+FwgkX4E6","handler":"onClickPage"}],"_N$transition":3,"transition":3,"_N$normalColor":{"__type__":"cc.Color","r":214,"g":214,"b":214}}],"_prefab":{"__type__":"cc.PrefabInfo","root":{"__id__":1},"asset":{"__uuid__":"88+CnXz65Ck5io1vQoi7Lm"},"fileId":"92zEVOwV1P9Jf2wItz40vy"},"_contentSize":{"__type__":"cc.Size","width":55,"height":40},"_trs":{"__type__":"TypedArray","ctor":"Float64Array","array":[114,0,0,0,0,0,1,1,1,1]}},{"__type__":"cc.Node","_name":"page.select","_parent":{"__id__":24},"_active":false,"_components":[{"__type__":"cc.Sprite","node":{"__id__":25},"_spriteFrame":{"__uuid__":"2btpnzgYxHooO7fS6nQTqm"}}],"_prefab":{"__type__":"cc.PrefabInfo","root":{"__id__":1},"asset":{"__uuid__":"88+CnXz65Ck5io1vQoi7Lm"},"fileId":"02oHVvJ3ZJwpI/EN9UwI8s"},"_contentSize":{"__type__":"cc.Size","width":55,"height":40},"_trs":{"__type__":"TypedArray","ctor":"Float64Array","array":[0,0,0,0,0,0,1,1,1,1]}},{"__type__":"cc.Node","_name":"page.number","_parent":{"__id__":24},"_components":[{"__type__":"cc.Sprite","node":{"__id__":26},"_materials":[{"__uuid__":"ecpdLyjvZBwrvm+cedCcQy"}],"_spriteFrame":{"__uuid__":"f4NpXN57NIXrSYd2fuWUqf"},"_sizeMode":0}],"_prefab":{"__type__":"cc.PrefabInfo","root":{"__id__":1},"asset":{"__uuid__":"88+CnXz65Ck5io1vQoi7Lm"},"fileId":"99QWUX0OVMZoXPLSfA+9/e"},"_contentSize":{"__type__":"cc.Size","width":60,"height":52},"_trs":{"__type__":"TypedArray","ctor":"Float64Array","array":[0,0,0,0,0,0,1,1,1,1]}},{"__type__":"cc.Node","_name":"label","_parent":{"__id__":24},"_components":[{"__id__":28}],"_prefab":{"__type__":"cc.PrefabInfo","root":{"__id__":1},"asset":{"__uuid__":"88+CnXz65Ck5io1vQoi7Lm"},"fileId":"17iwmH1KNMForKx7F2cY1c"},"_contentSize":{"__type__":"cc.Size","height":23.5},"_trs":{"__type__":"TypedArray","ctor":"Float64Array","array":[-1,0,0,0,0,0,1,1,1,1]}},{"__type__":"cc.Label","node":{"__id__":27},"_materials":[{"__uuid__":"ecpdLyjvZBwrvm+cedCcQy"}],"_useOriginalSize":false,"_fontSize":20,"_lineHeight":47,"_N$file":{"__uuid__":"3f/j3m06dBSKpjksQB+doY"},"_isSystemFontUsed":false,"_N$horizontalAlign":1,"_N$verticalAlign":1},{"__type__":"cc.Node","_name":"page.next","_parent":{"__id__":1},"_components":[{"__type__":"cc.Sprite","node":{"__id__":29},"_materials":[{"__uuid__":"ecpdLyjvZBwrvm+cedCcQy"}],"_spriteFrame":{"__uuid__":"82jHrWpg1KfKtbLWjUzi6t"}},{"__type__":"cc.Button","node":{"__id__":29},"zoomScale":1.1,"clickEvents":[{"__type__":"cc.ClickEvent","target":{"__id__":1},"_componentId":"a2298FO/xFF7KY+FwgkX4E6","handler":"onClickNext"}],"_N$normalColor":{"__type__":"cc.Color","r":214,"g":214,"b":214}}],"_prefab":{"__type__":"cc.PrefabInfo","root":{"__id__":1},"asset":{"__uuid__":"88+CnXz65Ck5io1vQoi7Lm"},"fileId":"abDHv5vq9BFKeP3nfy5CKA"},"_contentSize":{"__type__":"cc.Size","width":55,"height":40},"_trs":{"__type__":"TypedArray","ctor":"Float64Array","array":[171,0,0,0,0,0,1,-1,1,1]}},{"__type__":"cc.Node","_name":"page.last","_parent":{"__id__":1},"_components":[{"__type__":"cc.Sprite","node":{"__id__":30},"_materials":[{"__uuid__":"ecpdLyjvZBwrvm+cedCcQy"}],"_spriteFrame":{"__uuid__":"f3wSwNKW1Aaah5HarVe2Df"}},{"__type__":"cc.Button","node":{"__id__":30},"zoomScale":1.1,"clickEvents":[{"__type__":"cc.ClickEvent","target":{"__id__":1},"_componentId":"a2298FO/xFF7KY+FwgkX4E6","handler":"onClickLast"}],"_N$normalColor":{"__type__":"cc.Color","r":214,"g":214,"b":214}}],"_prefab":{"__type__":"cc.PrefabInfo","root":{"__id__":1},"asset":{"__uuid__":"88+CnXz65Ck5io1vQoi7Lm"},"fileId":"3aVJrNwhdE05DWmmIxHFHK"},"_contentSize":{"__type__":"cc.Size","width":55,"height":40},"_trs":{"__type__":"TypedArray","ctor":"Float64Array","array":[228,0,0,0,0,0,1,-1,1,1]}}],{"__type__":"cc.SpriteFrame","content":{"name":"page.last","texture":"e5L2SZH9tD5ZmJVB+/CgwD","rect":[1,1,55,40],"offset":[0,0],"originalSize":[55,40],"capInsets":[0,0,0,0]}},{"__type__":"cc.SpriteFrame","content":{"name":"page.number","texture":"e5L2SZH9tD5ZmJVB+/CgwD","rect":[1,127,87,52],"offset":[0,0],"originalSize":[87,52],"rotated":1,"capInsets":[0,0,0,0]}}]