[{"__type__":"cc.SpriteFrame","content":{"name":"avenger_bg","texture":"39fJAgWsNOP6IRHPYcdIuY","rect":[1,1,1559,720],"offset":[0,0],"originalSize":[1559,720],"capInsets":[0,0,0,0]}},{"__type__":"cc.SpriteAtlas","_name":"slots_avenger_bgs.plist","_spriteFrames":{"avenger_bg":{"__uuid__":"0ewJ/dGy9LpIjyRtE2O0/T"},"avenger_bg_1":{"__uuid__":"e05zK0QQNF37dxaRwTCg6L"}}},{"__type__":"cc.SpriteFrame","content":{"name":"avenger_bg_1","texture":"39fJAgWsNOP6IRHPYcdIuY","rect":[1,723,1559,720],"offset":[0,0],"originalSize":[1559,720],"capInsets":[0,0,0,0]}}]