[{"__type__":"cc.SpriteFrame","content":{"name":"khungspin_top","texture":"22h0Ism4RFAohWQM66DxQj","rect":[972,1,439,87],"offset":[0,0],"originalSize":[439,87],"capInsets":[0,0,0,0]}},{"__type__":"cc.SpriteFrame","content":{"name":"symbol_blur_1_6","texture":"22h0Ism4RFAohWQM66DxQj","rect":[1686,1,108,241],"offset":[0,0],"originalSize":[108,241],"capInsets":[0,0,0,0]}},{"__type__":"cc.SpriteFrame","content":{"name":"symbol_1_1","texture":"22h0Ism4RFAohWQM66DxQj","rect":[1324,934,150,150],"offset":[0,0],"originalSize":[150,150],"capInsets":[0,0,0,0]}},{"__type__":"cc.SpriteFrame","content":{"name":"box_money","texture":"22h0Ism4RFAohWQM66DxQj","rect":[678,1078,173,67],"offset":[0,0],"originalSize":[173,67],"capInsets":[0,0,0,0]}},{"__type__":"cc.SpriteFrame","content":{"name":"free","texture":"22h0Ism4RFAohWQM66DxQj","rect":[1273,153,144,165],"offset":[0,0],"originalSize":[144,165],"rotated":1,"capInsets":[0,0,0,0]}},{"__type__":"cc.SpriteFrame","content":{"name":"symbol_blur_1_12","texture":"22h0Ism4RFAohWQM66DxQj","rect":[1421,322,133,237],"offset":[0,0],"originalSize":[133,237],"rotated":1,"capInsets":[0,0,0,0]}},{"__type__":"cc.SpriteFrame","content":{"name":"symbol_blur_1_11","texture":"22h0Ism4RFAohWQM66DxQj","rect":[965,1029,105,237],"offset":[0,0],"originalSize":[105,237],"rotated":1,"capInsets":[0,0,0,0]}},{"__type__":"cc.SpriteFrame","content":{"name":"maingame15","texture":"22h0Ism4RFAohWQM66DxQj","rect":[1413,1,271,91],"offset":[0,0],"originalSize":[271,91],"capInsets":[0,0,0,0]}},{"__type__":"cc.SpriteFrame","content":{"name":"thanhchiacot","texture":"22h0Ism4RFAohWQM66DxQj","rect":[972,128,23,466],"offset":[0,0],"originalSize":[23,466],"rotated":1,"capInsets":[0,0,0,0]}},{"__type__":"cc.SpriteFrame","content":{"name":"khungspin_bot","texture":"22h0Ism4RFAohWQM66DxQj","rect":[972,90,439,36],"offset":[0,0],"originalSize":[439,36],"capInsets":[0,0,0,0]}},{"__type__":"cc.SpriteFrame","content":{"name":"symbol_1_5","texture":"22h0Ism4RFAohWQM66DxQj","rect":[1645,613,149,149],"offset":[0,0],"originalSize":[149,149],"capInsets":[0,0,0,0]}},{"__type__":"cc.SpriteFrame","content":{"name":"symbol_1_6","texture":"22h0Ism4RFAohWQM66DxQj","rect":[1674,764,111,111],"offset":[0,0],"originalSize":[111,111],"capInsets":[0,0,0,0]}},{"__type__":"cc.SpriteFrame","content":{"name":"boxthongbao0","texture":"22h0Ism4RFAohWQM66DxQj","rect":[1,743,400,208],"offset":[0,0],"originalSize":[400,208],"capInsets":[0,0,0,0]}},{"__type__":"cc.SpriteFrame","content":{"name":"symbol_1_7","texture":"22h0Ism4RFAohWQM66DxQj","rect":[1476,947,128,91],"offset":[0,0],"originalSize":[128,91],"capInsets":[0,0,0,0]}},{"__type__":"cc.SpriteFrame","content":{"name":"symbol_blur_1_3","texture":"22h0Ism4RFAohWQM66DxQj","rect":[1412,679,121,208],"offset":[0,0],"originalSize":[121,208],"rotated":1,"capInsets":[0,0,0,0]}},{"__type__":"cc.SpriteFrame","content":{"name":"symbol_blur_1_8","texture":"22h0Ism4RFAohWQM66DxQj","rect":[1440,94,113,244],"offset":[0,0],"originalSize":[113,244],"rotated":1,"capInsets":[0,0,0,0]}},{"__type__":"cc.SpriteFrame","content":{"name":"otienthang","texture":"22h0Ism4RFAohWQM66DxQj","rect":[972,153,299,145],"offset":[0,0],"originalSize":[299,145],"capInsets":[0,0,0,0]}},{"__type__":"cc.SpriteFrame","content":{"name":"symbol_blur_1_9","texture":"22h0Ism4RFAohWQM66DxQj","rect":[1440,209,111,243],"offset":[0,0],"originalSize":[111,243],"rotated":1,"capInsets":[0,0,0,0]}},{"__type__":"cc.SpriteFrame","content":{"name":"symbol_1_3","texture":"22h0Ism4RFAohWQM66DxQj","rect":[1312,1086,121,74],"offset":[0,0],"originalSize":[121,74],"capInsets":[0,0,0,0]}},{"__type__":"cc.SpriteFrame","content":{"name":"maingame14","texture":"22h0Ism4RFAohWQM66DxQj","rect":[1230,770,173,92],"offset":[0,0],"originalSize":[173,92],"rotated":1,"capInsets":[0,0,0,0]}},{"__type__":"cc.SpriteFrame","content":{"name":"symbol_1_14","texture":"22h0Ism4RFAohWQM66DxQj","rect":[1259,455,151,151],"offset":[0,0],"originalSize":[151,151],"capInsets":[0,0,0,0]}},{"__type__":"cc.SpriteFrame","content":{"name":"button_caidat","texture":"22h0Ism4RFAohWQM66DxQj","rect":[853,1078,78,78],"offset":[0,0],"originalSize":[78,78],"capInsets":[0,0,0,0]}},{"__type__":"cc.SpriteFrame","content":{"name":"symbol_blur_1_1","texture":"22h0Ism4RFAohWQM66DxQj","rect":[972,469,148,285],"offset":[0,0],"originalSize":[148,285],"rotated":1,"capInsets":[0,0,0,0]}},{"__type__":"cc.SpriteFrame","content":{"name":"Vi","texture":"22h0Ism4RFAohWQM66DxQj","rect":[1412,586,231,91],"offset":[0,0],"originalSize":[231,91],"capInsets":[0,0,0,0]}},{"__type__":"cc.SpriteFrame","content":{"name":"symbol_1_4","texture":"22h0Ism4RFAohWQM66DxQj","rect":[1645,462,149,149],"offset":[0,0],"originalSize":[149,149],"capInsets":[0,0,0,0]}},{"__type__":"cc.SpriteFrame","content":{"name":"symbol_blur_1_5","texture":"22h0Ism4RFAohWQM66DxQj","rect":[979,770,149,249],"offset":[0,0],"originalSize":[149,249],"rotated":1,"capInsets":[0,0,0,0]}},{"__type__":"cc.SpriteFrame","content":{"name":"symbol_1_12","texture":"22h0Ism4RFAohWQM66DxQj","rect":[1660,359,133,101],"offset":[0,0],"originalSize":[133,101],"capInsets":[0,0,0,0]}},{"__type__":"cc.SpriteFrame","content":{"name":"buttonquay","texture":"22h0Ism4RFAohWQM66DxQj","rect":[803,561,213,163],"offset":[0,0],"originalSize":[213,163],"rotated":1,"capInsets":[0,0,0,0]}},{"__type__":"cc.SpriteFrame","content":{"name":"symbol_1_8","texture":"22h0Ism4RFAohWQM66DxQj","rect":[1685,244,113,108],"offset":[0,0],"originalSize":[113,108],"rotated":1,"capInsets":[0,0,0,0]}},{"__type__":"cc.SpriteFrame","content":{"name":"symbol_blur_1_10","texture":"22h0Ism4RFAohWQM66DxQj","rect":[979,921,106,238],"offset":[0,0],"originalSize":[106,238],"rotated":1,"capInsets":[0,0,0,0]}},{"__type__":"cc.SpriteFrame","content":{"name":"maingame_BG","texture":"22h0Ism4RFAohWQM66DxQj","rect":[1,1,800,369],"offset":[0,0],"originalSize":[800,369],"capInsets":[0,0,0,0]}},{"__type__":"cc.SpriteFrame","content":{"name":"buttonsieutoc_disable","texture":"22h0Ism4RFAohWQM66DxQj","rect":[1583,1040,103,103],"offset":[0,0],"originalSize":[103,103],"capInsets":[0,0,0,0]}},{"__type__":"cc.SpriteFrame","content":{"name":"buttondung","texture":"22h0Ism4RFAohWQM66DxQj","rect":[463,915,213,163],"offset":[0,0],"originalSize":[213,163],"capInsets":[0,0,0,0]}},{"__type__":"cc.SpriteFrame","content":{"name":"symbol_blur_1_4","texture":"22h0Ism4RFAohWQM66DxQj","rect":[968,619,149,285],"offset":[0,0],"originalSize":[149,285],"rotated":1,"capInsets":[0,0,0,0]}},{"__type__":"cc.SpriteFrame","content":{"name":"khungspin_left","texture":"22h0Ism4RFAohWQM66DxQj","rect":[803,1,126,558],"offset":[0,0],"originalSize":[126,558],"capInsets":[0,0,0,0]}},{"__type__":"cc.SpriteFrame","content":{"name":"button_quaylai","texture":"22h0Ism4RFAohWQM66DxQj","rect":[1688,1066,78,78],"offset":[0,0],"originalSize":[78,78],"capInsets":[0,0,0,0]}},{"__type__":"cc.SpriteFrame","content":{"name":"symbol_blur_1_7","texture":"22h0Ism4RFAohWQM66DxQj","rect":[1412,457,127,224],"offset":[0,0],"originalSize":[127,224],"rotated":1,"capInsets":[0,0,0,0]}},{"__type__":"cc.SpriteFrame","content":{"name":"BGspin","texture":"22h0Ism4RFAohWQM66DxQj","rect":[931,1,39,488],"offset":[0,0],"originalSize":[39,488],"capInsets":[0,0,0,0]}},{"__type__":"cc.SpriteFrame","content":{"name":"tayduky_bonusgame_BG0","texture":"22h0Ism4RFAohWQM66DxQj","rect":[1,372,800,369],"offset":[0,0],"originalSize":[800,369],"capInsets":[0,0,0,0]}},{"__type__":"cc.SpriteFrame","content":{"name":"maingame9","texture":"22h0Ism4RFAohWQM66DxQj","rect":[263,953,198,199],"offset":[0,0],"originalSize":[198,199],"capInsets":[0,0,0,0]}},{"__type__":"cc.SpriteAtlas","_name":"tayduky.plist","_spriteFrames":{"BGspin":{"__uuid__":"c7ooRSanBNCqINH/usim+g"},"Vi":{"__uuid__":"737btLBlVC1LTbWZ5XKaZu"},"box_money":{"__uuid__":"0eX18SnCJChJkow8/+46mM"},"boxthongbao0":{"__uuid__":"4dnfmW6wtLAIziZ4vGvyCI"},"button_caidat":{"__uuid__":"6bjVB4eM1JParkHq0yoY7T"},"button_info":{"__uuid__":"ebv4ezh9VCs6zbH/yaXWLt"},"button_quaylai":{"__uuid__":"c1ARPNpkhPGbuEHD0JkOMh"},"buttondung":{"__uuid__":"b10JGdBrFCEIz4B9WKcbsE"},"buttonquay":{"__uuid__":"7dwWyKpgBDO7ZmZSl0IM5t"},"buttonsieutoc":{"__uuid__":"fap0fF49ZJpZf9j77j6Wjt"},"buttonsieutoc_disable":{"__uuid__":"a7+Vy2CypOHKrEZQvGhMLv"},"free":{"__uuid__":"17YWrDyxpPoav9eq9H79Zf"},"ketthucsau":{"__uuid__":"efaDdp9PxCG4ueBbQwnvBP"},"khung_jackpot":{"__uuid__":"f5j+ssFA9Oc7VwBbcXID2f"},"khungspin_bot":{"__uuid__":"382529D6xNrbxM3JBrKKwO"},"khungspin_left":{"__uuid__":"bb3uiazghDe4aF5yqzhyke"},"khungspin_top":{"__uuid__":"00XUB5RHhNNaMgy1QQi2ST"},"maingame10":{"__uuid__":"dbvWM07alP6oKGHzYwAH+J"},"maingame14":{"__uuid__":"63HDcpupFMtqEKQh8JR8we"},"maingame15":{"__uuid__":"23esSAivhGnqEIAxxllgKj"},"maingame9":{"__uuid__":"d3243bCHRK3a07uFfheTB+"},"maingame_BG":{"__uuid__":"a5cWO4rHlL073NhZjwbFe7"},"otienthang":{"__uuid__":"5ao0IiDGFBqq44pPRzEL9T"},"symbol_1_0":{"__uuid__":"fa9qWg17NJO7IrtVYK8w04"},"symbol_1_1":{"__uuid__":"0645AkQEdDWIE9iJmRKnXe"},"symbol_1_10":{"__uuid__":"f0CZMdZPJII4yIcBpySLdb"},"symbol_1_11":{"__uuid__":"e7NX9fSwBGIojWnGXudSrS"},"symbol_1_12":{"__uuid__":"7c4vw+fkpLsb0vY90IdYfk"},"symbol_1_13":{"__uuid__":"dd2LY7IktMKpxzPfxm+IQL"},"symbol_1_14":{"__uuid__":"64FEwz3WtJ2oQBzCRyQjr2"},"symbol_1_2":{"__uuid__":"fae77XQsVN3ZRHeoDkyqnS"},"symbol_1_3":{"__uuid__":"5eCO2B+7JLsq0eLr+doluQ"},"symbol_1_4":{"__uuid__":"76ck+TttVD7YU++OTniulB"},"symbol_1_5":{"__uuid__":"40UGcSXTVMFrvmglms6weN"},"symbol_1_6":{"__uuid__":"432DCH/jZGAa4BX5iuwffQ"},"symbol_1_7":{"__uuid__":"4fnaJKX/1GK4wxWu4KRv8C"},"symbol_1_8":{"__uuid__":"95jecYiAtFNJDsYhejaka6"},"symbol_1_9":{"__uuid__":"dcjxEdmgtF345DfAZ7cKlD"},"symbol_blur_1_0":{"__uuid__":"fb9/CP/plOWoRumzAGqg/w"},"symbol_blur_1_1":{"__uuid__":"6d7R0dAOlHEIiwzc3PVPhk"},"symbol_blur_1_10":{"__uuid__":"9fydtw7VxHjY5hGofa/Xdj"},"symbol_blur_1_11":{"__uuid__":"1esGLenPRG2adHSStS/zdf"},"symbol_blur_1_12":{"__uuid__":"1dSKa/c/lNZ7H0Fv+hqPp5"},"symbol_blur_1_13":{"__uuid__":"fdK66saAlIl7blR7cSFA9R"},"symbol_blur_1_14":{"__uuid__":"e1aavqVIFIhrNzqQx2Sj/V"},"symbol_blur_1_2":{"__uuid__":"e8Px7g1ONBn5/STGuR56bN"},"symbol_blur_1_3":{"__uuid__":"52HjUozcxK8ZmSLeA7hYED"},"symbol_blur_1_4":{"__uuid__":"b8XBAsmgJJJbIP7lIGjKWD"},"symbol_blur_1_5":{"__uuid__":"79IaOMwPJDYYejMDdKpi4Y"},"symbol_blur_1_6":{"__uuid__":"04iyn7HX5BDIcPbqgkkuab"},"symbol_blur_1_7":{"__uuid__":"c4/EmGSoVOtLF+F4oDTvtg"},"symbol_blur_1_8":{"__uuid__":"57iNUvbupH/4PJBlugxTlI"},"symbol_blur_1_9":{"__uuid__":"5b2iyZTwJCFru0OWdz4xec"},"tayduky_bonusgame_BG0":{"__uuid__":"cfdjcYi7xEB5Emw3F2kMhz"},"thanhchiacot":{"__uuid__":"38cVboWnpEAJIaR9vunUUV"}}},{"__type__":"cc.SpriteFrame","content":{"name":"maingame10","texture":"22h0Ism4RFAohWQM66DxQj","rect":[1532,802,140,143],"offset":[0,0],"originalSize":[140,143],"capInsets":[0,0,0,0]}},{"__type__":"cc.SpriteFrame","content":{"name":"symbol_1_9","texture":"22h0Ism4RFAohWQM66DxQj","rect":[1674,877,111,107],"offset":[0,0],"originalSize":[111,107],"capInsets":[0,0,0,0]}},{"__type__":"cc.SpriteFrame","content":{"name":"symbol_1_13","texture":"22h0Ism4RFAohWQM66DxQj","rect":[1247,300,172,153],"offset":[0,0],"originalSize":[172,153],"capInsets":[0,0,0,0]}},{"__type__":"cc.SpriteFrame","content":{"name":"symbol_blur_1_14","texture":"22h0Ism4RFAohWQM66DxQj","rect":[678,927,149,285],"offset":[0,0],"originalSize":[149,285],"rotated":1,"capInsets":[0,0,0,0]}},{"__type__":"cc.SpriteFrame","content":{"name":"symbol_1_11","texture":"22h0Ism4RFAohWQM66DxQj","rect":[1476,1040,105,101],"offset":[0,0],"originalSize":[105,101],"capInsets":[0,0,0,0]}},{"__type__":"cc.SpriteFrame","content":{"name":"symbol_blur_1_2","texture":"22h0Ism4RFAohWQM66DxQj","rect":[1,953,205,260],"offset":[0,0],"originalSize":[205,260],"rotated":1,"capInsets":[0,0,0,0]}},{"__type__":"cc.SpriteFrame","content":{"name":"button_info","texture":"22h0Ism4RFAohWQM66DxQj","rect":[1688,986,78,78],"offset":[0,0],"originalSize":[78,78],"capInsets":[0,0,0,0]}},{"__type__":"cc.SpriteFrame","content":{"name":"ketthucsau","texture":"22h0Ism4RFAohWQM66DxQj","rect":[463,1080,210,35],"offset":[0,0],"originalSize":[210,35],"capInsets":[0,0,0,0]}},{"__type__":"cc.SpriteFrame","content":{"name":"symbol_1_10","texture":"22h0Ism4RFAohWQM66DxQj","rect":[1204,1050,106,102],"offset":[0,0],"originalSize":[106,102],"capInsets":[0,0,0,0]}},{"__type__":"cc.SpriteFrame","content":{"name":"khung_jackpot","texture":"22h0Ism4RFAohWQM66DxQj","rect":[972,300,273,167],"offset":[0,0],"originalSize":[273,167],"capInsets":[0,0,0,0]}},{"__type__":"cc.SpriteFrame","content":{"name":"symbol_1_2","texture":"22h0Ism4RFAohWQM66DxQj","rect":[1324,802,206,130],"offset":[0,0],"originalSize":[206,130],"capInsets":[0,0,0,0]}},{"__type__":"cc.SpriteFrame","content":{"name":"buttonsieutoc","texture":"22h0Ism4RFAohWQM66DxQj","rect":[1219,945,103,103],"offset":[0,0],"originalSize":[103,103],"capInsets":[0,0,0,0]}},{"__type__":"cc.SpriteFrame","content":{"name":"symbol_1_0","texture":"22h0Ism4RFAohWQM66DxQj","rect":[1259,608,150,151],"offset":[0,0],"originalSize":[150,151],"rotated":1,"capInsets":[0,0,0,0]}},{"__type__":"cc.SpriteFrame","content":{"name":"symbol_blur_1_0","texture":"22h0Ism4RFAohWQM66DxQj","rect":[692,776,149,285],"offset":[0,0],"originalSize":[149,285],"rotated":1,"capInsets":[0,0,0,0]}},{"__type__":"cc.SpriteFrame","content":{"name":"symbol_blur_1_13","texture":"22h0Ism4RFAohWQM66DxQj","rect":[403,743,170,287],"offset":[0,0],"originalSize":[170,287],"rotated":1,"capInsets":[0,0,0,0]}}]