{"__type__":"sp.SkeletonData","_name":"777luckyicon","_skeletonJson":{"skeleton":{"hash":"TwrdtwDd2G+CJ8wUM2PAFEFl7Hs","spine":"3.6.52","width":199,"height":206,"images":"./777lucky/"},"bones":[{"name":"root"},{"name":"bone14","parent":"root"},{"name":"bone","parent":"bone14","x":-2.61,"y":-16.78},{"name":"bone2","parent":"bone","x":-53.82,"y":20.7},{"name":"bone3","parent":"bone","x":5.06,"y":45.08},{"name":"bone4","parent":"bone","x":57.04,"y":13.8},{"name":"bone8","parent":"bone","x":0.78,"y":-50.14},{"name":"bone9","parent":"bone8","x":-66.1,"y":1.38},{"name":"bone10","parent":"bone8","x":-32.98,"y":0.46},{"name":"bone11","parent":"bone8","x":0.02,"y":-0.09},{"name":"bone12","parent":"bone8","x":28.66},{"name":"bone13","parent":"bone8","x":63.62,"y":-0.46}],"slots":[{"name":"Layer 96","bone":"bone","attachment":"Layer 96"},{"name":"73","bone":"bone4","attachment":"73"},{"name":"76","bone":"bone4","attachment":"73","blend":"additive"},{"name":"71","bone":"bone2","attachment":"71"},{"name":"74","bone":"bone2","attachment":"71","blend":"additive"},{"name":"72","bone":"bone3","attachment":"72"},{"name":"75","bone":"bone3","attachment":"72","blend":"additive"},{"name":"Y","bone":"bone13","attachment":"Y"},{"name":"K","bone":"bone12","attachment":"K"},{"name":"C","bone":"bone11","attachment":"C"},{"name":"U","bone":"bone10","attachment":"U"},{"name":"L","bone":"bone9","attachment":"L"},{"name":"Light 1","bone":"bone8","attachment":"Light 2","blend":"additive"}],"skins":{"default":{"71":{"71":{"x":0.93,"y":-3.57,"width":68,"height":80}},"72":{"72":{"x":4.55,"y":-4.95,"width":87,"height":102}},"73":{"73":{"x":3.07,"y":-0.67,"width":68,"height":80}},"74":{"71":{"x":0.93,"y":-3.57,"width":68,"height":80}},"75":{"72":{"x":4.55,"y":-4.95,"width":87,"height":102}},"76":{"73":{"x":3.07,"y":-0.67,"width":68,"height":80}},"C":{"C":{"x":-0.69,"y":-2.15,"width":38,"height":47}},"K":{"K":{"x":3.17,"y":-2.23,"width":43,"height":47}},"L":{"L":{"x":1.93,"y":-3.61,"width":33,"height":47}},"Layer 96":{"Layer 96":{"x":1.61,"y":12.13,"width":185,"height":96}},"Light 1":{"Light 1":{"x":-4.17,"y":1.27,"width":147,"height":42},"Light 2":{"x":1.33,"y":1.77,"width":154,"height":43}},"U":{"U":{"x":0.81,"y":-3.19,"width":39,"height":48}},"Y":{"Y":{"x":2.71,"y":-1.77,"width":38,"height":47}}}},"animations":{"Idle":{"slots":{"74":{"color":[{"time":0,"color":"ffffff00","curve":"stepped"},{"time":1,"color":"ffffff00"},{"time":1.0667,"color":"ffffffff"},{"time":1.1333,"color":"ffffff00"},{"time":1.2,"color":"ffffffff"},{"time":1.2667,"color":"ffffff00"},{"time":1.3333,"color":"ffffffff"},{"time":1.4,"color":"ffffff00"},{"time":1.4667,"color":"ffffffff"},{"time":1.5333,"color":"ffffff00"},{"time":1.6,"color":"ffffffff"},{"time":1.6667,"color":"ffffff00"},{"time":1.7333,"color":"ffffffff"},{"time":1.8,"color":"ffffff00"},{"time":1.8667,"color":"ffffffff"},{"time":2,"color":"ffffff00","curve":"stepped"},{"time":3,"color":"ffffff00"},{"time":3.0667,"color":"ffffffff"},{"time":3.1333,"color":"ffffff00"},{"time":3.2,"color":"ffffffff"},{"time":3.2667,"color":"ffffff00"},{"time":3.3333,"color":"ffffffff"},{"time":3.4,"color":"ffffff00"},{"time":3.4667,"color":"ffffffff"},{"time":3.5333,"color":"ffffff00"},{"time":3.6,"color":"ffffffff"},{"time":3.6667,"color":"ffffff00"},{"time":3.7333,"color":"ffffffff"},{"time":3.8,"color":"ffffff00"},{"time":3.8667,"color":"ffffffff"},{"time":4,"color":"ffffff00"}]},"75":{"color":[{"time":0,"color":"ffffff00","curve":"stepped"},{"time":1,"color":"ffffff00"},{"time":1.0667,"color":"ffffffff"},{"time":1.1333,"color":"ffffff00"},{"time":1.2,"color":"ffffffff"},{"time":1.2667,"color":"ffffff00"},{"time":1.3333,"color":"ffffffff"},{"time":1.4,"color":"ffffff00"},{"time":1.4667,"color":"ffffffff"},{"time":1.5333,"color":"ffffff00"},{"time":1.6,"color":"ffffffff"},{"time":1.6667,"color":"ffffff00"},{"time":1.7333,"color":"ffffffff"},{"time":1.8,"color":"ffffff00"},{"time":1.8667,"color":"ffffffff"},{"time":2,"color":"ffffff00","curve":"stepped"},{"time":3,"color":"ffffff00"},{"time":3.0667,"color":"ffffffff"},{"time":3.1333,"color":"ffffff00"},{"time":3.2,"color":"ffffffff"},{"time":3.2667,"color":"ffffff00"},{"time":3.3333,"color":"ffffffff"},{"time":3.4,"color":"ffffff00"},{"time":3.4667,"color":"ffffffff"},{"time":3.5333,"color":"ffffff00"},{"time":3.6,"color":"ffffffff"},{"time":3.6667,"color":"ffffff00"},{"time":3.7333,"color":"ffffffff"},{"time":3.8,"color":"ffffff00"},{"time":3.8667,"color":"ffffffff"},{"time":4,"color":"ffffff00"}]},"76":{"color":[{"time":0,"color":"ffffff00","curve":"stepped"},{"time":1,"color":"ffffff00"},{"time":1.0667,"color":"ffffffff"},{"time":1.1333,"color":"ffffff00"},{"time":1.2,"color":"ffffffff"},{"time":1.2667,"color":"ffffff00"},{"time":1.3333,"color":"ffffffff"},{"time":1.4,"color":"ffffff00"},{"time":1.4667,"color":"ffffffff"},{"time":1.5333,"color":"ffffff00"},{"time":1.6,"color":"ffffffff"},{"time":1.6667,"color":"ffffff00"},{"time":1.7333,"color":"ffffffff"},{"time":1.8,"color":"ffffff00"},{"time":1.8667,"color":"ffffffff"},{"time":2,"color":"ffffff00","curve":"stepped"},{"time":3,"color":"ffffff00"},{"time":3.0667,"color":"ffffffff"},{"time":3.1333,"color":"ffffff00"},{"time":3.2,"color":"ffffffff"},{"time":3.2667,"color":"ffffff00"},{"time":3.3333,"color":"ffffffff"},{"time":3.4,"color":"ffffff00"},{"time":3.4667,"color":"ffffffff"},{"time":3.5333,"color":"ffffff00"},{"time":3.6,"color":"ffffffff"},{"time":3.6667,"color":"ffffff00"},{"time":3.7333,"color":"ffffffff"},{"time":3.8,"color":"ffffff00"},{"time":3.8667,"color":"ffffffff"},{"time":4,"color":"ffffff00"}]},"Light 1":{"attachment":[{"time":0,"name":null},{"time":1,"name":null},{"time":1.0667,"name":"Light 1"},{"time":1.1333,"name":"Light 2"},{"time":1.2,"name":"Light 1"},{"time":1.2667,"name":"Light 2"},{"time":1.3333,"name":"Light 1"},{"time":1.4,"name":"Light 2"},{"time":1.4667,"name":"Light 1"},{"time":1.5333,"name":"Light 2"},{"time":1.6,"name":"Light 1"},{"time":1.6667,"name":"Light 2"},{"time":1.7333,"name":"Light 1"},{"time":1.8,"name":"Light 2"},{"time":1.8667,"name":"Light 1"},{"time":1.9333,"name":"Light 2"},{"time":2,"name":null},{"time":3,"name":null},{"time":3.0667,"name":"Light 1"},{"time":3.1333,"name":"Light 2"},{"time":3.2,"name":"Light 1"},{"time":3.2667,"name":"Light 2"},{"time":3.3333,"name":"Light 1"},{"time":3.4,"name":"Light 2"},{"time":3.4667,"name":"Light 1"},{"time":3.5333,"name":"Light 2"},{"time":3.6,"name":"Light 1"},{"time":3.6667,"name":"Light 2"},{"time":3.7333,"name":"Light 1"},{"time":3.8,"name":"Light 2"},{"time":3.8667,"name":"Light 1"},{"time":3.9333,"name":"Light 2"},{"time":4,"name":null}]}},"bones":{"bone":{"translate":[{"time":0,"x":0,"y":0,"curve":[0.25,0,0.75,1]},{"time":1,"x":0,"y":3.54,"curve":[0.25,0,0.75,1]},{"time":2,"x":0,"y":0,"curve":[0.25,0,0.75,1]},{"time":3,"x":0,"y":3.54,"curve":[0.25,0,0.75,1]},{"time":4,"x":0,"y":0}]},"bone3":{"rotate":[{"time":0,"angle":1.2,"curve":[0.25,0,0.75,1]},{"time":1,"angle":-1.2,"curve":[0.25,0,0.75,1]},{"time":2,"angle":1.2,"curve":[0.25,0,0.75,1]},{"time":3,"angle":-1.2,"curve":[0.25,0,0.75,1]},{"time":4,"angle":1.2}],"scale":[{"time":0,"x":1,"y":1,"curve":[0.25,0,0.633,1.48]},{"time":1,"x":1.1,"y":1.1,"curve":[0.25,0,0.633,1.48]},{"time":2,"x":1,"y":1,"curve":[0.25,0,0.633,1.48]},{"time":3,"x":1.1,"y":1.1,"curve":[0.25,0,0.633,1.48]},{"time":4,"x":1,"y":1}]},"bone2":{"rotate":[{"time":0,"angle":0.97,"curve":[0.371,0.62,0.71,1]},{"time":0.1667,"angle":1.2,"curve":[0.25,0,0.75,1]},{"time":1.1667,"angle":-1.2,"curve":[0.25,0,0.75,1]},{"time":2.1667,"angle":1.2,"curve":[0.25,0,0.75,1]},{"time":3.1667,"angle":-1.2,"curve":[0.243,0,0.689,0.75]},{"time":4,"angle":0.97}],"scale":[{"time":0,"x":1.017,"y":1.017,"curve":[0.25,0,0.633,1.48]},{"time":0.1667,"x":1,"y":1,"curve":[0.25,0,0.633,1.48]},{"time":1.1667,"x":1.1,"y":1.1,"curve":[0.25,0,0.633,1.48]},{"time":2.1667,"x":1,"y":1,"curve":[0.25,0,0.633,1.48]},{"time":3.1667,"x":1.1,"y":1.1,"curve":[0.25,0,0.633,1.48]},{"time":4,"x":1.017,"y":1.017}]},"bone4":{"rotate":[{"time":0,"angle":0.52,"curve":[0.382,0.57,0.735,1]},{"time":0.3333,"angle":1.2,"curve":[0.25,0,0.75,1]},{"time":1.3333,"angle":-1.2,"curve":[0.25,0,0.75,1]},{"time":2.3333,"angle":1.2,"curve":[0.25,0,0.75,1]},{"time":3.3333,"angle":-1.2,"curve":[0.243,0,0.649,0.6]},{"time":4,"angle":0.52}],"scale":[{"time":0,"x":1.033,"y":1.033,"curve":[0.25,0,0.633,1.48]},{"time":0.3333,"x":1,"y":1,"curve":[0.25,0,0.633,1.48]},{"time":1.3333,"x":1.1,"y":1.1,"curve":[0.25,0,0.633,1.48]},{"time":2.3333,"x":1,"y":1,"curve":[0.25,0,0.633,1.48]},{"time":3.3333,"x":1.1,"y":1.1,"curve":[0.25,0,0.633,1.48]},{"time":4,"x":1.033,"y":1.033}]},"bone9":{"translate":[{"time":0,"x":0,"y":0,"curve":[0.25,0,0.633,1.48]},{"time":0.1667,"x":0,"y":7.5,"curve":[0.25,0,0.633,1.48]},{"time":0.3333,"x":0,"y":0.47,"curve":"stepped"},{"time":2,"x":0,"y":0,"curve":[0.25,0,0.633,1.48]},{"time":2.1667,"x":0,"y":7.5,"curve":[0.25,0,0.633,1.48]},{"time":2.3333,"x":0,"y":0.47,"curve":"stepped"},{"time":4,"x":0,"y":0}]},"bone10":{"translate":[{"time":0,"x":0,"y":0,"curve":"stepped"},{"time":0.1667,"x":0,"y":0,"curve":[0.25,0,0.633,1.48]},{"time":0.3333,"x":0,"y":7.5,"curve":[0.25,0,0.633,1.48]},{"time":0.5,"x":0,"y":0.47,"curve":"stepped"},{"time":2,"x":0,"y":0,"curve":"stepped"},{"time":2.1667,"x":0,"y":0,"curve":[0.25,0,0.633,1.48]},{"time":2.3333,"x":0,"y":7.5,"curve":[0.25,0,0.633,1.48]},{"time":2.5,"x":0,"y":0.47,"curve":"stepped"},{"time":4,"x":0,"y":0}]},"bone11":{"translate":[{"time":0,"x":0,"y":0,"curve":"stepped"},{"time":0.3333,"x":0,"y":0,"curve":[0.25,0,0.633,1.48]},{"time":0.5,"x":0,"y":7.5,"curve":[0.25,0,0.633,1.48]},{"time":0.6667,"x":0,"y":0.47,"curve":"stepped"},{"time":2,"x":0,"y":0,"curve":"stepped"},{"time":2.3333,"x":0,"y":0,"curve":[0.25,0,0.633,1.48]},{"time":2.5,"x":0,"y":7.5,"curve":[0.25,0,0.633,1.48]},{"time":2.6667,"x":0,"y":0.47,"curve":"stepped"},{"time":4,"x":0,"y":0}]},"bone12":{"translate":[{"time":0,"x":0,"y":0,"curve":"stepped"},{"time":0.5,"x":0,"y":0,"curve":[0.25,0,0.633,1.48]},{"time":0.6667,"x":0,"y":7.5,"curve":[0.25,0,0.633,1.48]},{"time":0.8333,"x":0,"y":0.47,"curve":"stepped"},{"time":2,"x":0,"y":0,"curve":"stepped"},{"time":2.5,"x":0,"y":0,"curve":[0.25,0,0.633,1.48]},{"time":2.6667,"x":0,"y":7.5,"curve":[0.25,0,0.633,1.48]},{"time":2.8333,"x":0,"y":0.47,"curve":"stepped"},{"time":4,"x":0,"y":0}]},"bone13":{"translate":[{"time":0,"x":0,"y":0,"curve":"stepped"},{"time":0.6667,"x":0,"y":0,"curve":[0.25,0,0.633,1.48]},{"time":0.8333,"x":0,"y":7.5,"curve":[0.25,0,0.633,1.48]},{"time":1,"x":0,"y":0.47,"curve":"stepped"},{"time":2,"x":0,"y":0,"curve":"stepped"},{"time":2.6667,"x":0,"y":0,"curve":[0.25,0,0.633,1.48]},{"time":2.8333,"x":0,"y":7.5,"curve":[0.25,0,0.633,1.48]},{"time":3,"x":0,"y":0.47,"curve":"stepped"},{"time":4,"x":0,"y":0}]},"bone8":{"translate":[{"time":0,"x":0,"y":0,"curve":[0.25,0,0.75,1]},{"time":1,"x":0,"y":6.35,"curve":[0.25,0,0.75,1]},{"time":2,"x":0,"y":0,"curve":[0.25,0,0.75,1]},{"time":3,"x":0,"y":6.35,"curve":[0.25,0,0.75,1]},{"time":4,"x":0,"y":0}]}}}}},"_atlasText":"\r\n777luckyicon.png\r\nsize: 256,256\r\nformat: RGBA8888\r\nfilter: Linear,Linear\r\nrepeat: none\r\n71\r\n  rotate: false\r\n  xy: 180, 76\r\n  size: 68, 80\r\n  orig: 68, 80\r\n  offset: 0, 0\r\n  index: -1\r\n73\r\n  rotate: false\r\n  xy: 180, 76\r\n  size: 68, 80\r\n  orig: 68, 80\r\n  offset: 0, 0\r\n  index: -1\r\n72\r\n  rotate: false\r\n  xy: 47, 54\r\n  size: 87, 102\r\n  orig: 87, 102\r\n  offset: 0, 0\r\n  index: -1\r\nC\r\n  rotate: false\r\n  xy: 189, 158\r\n  size: 38, 47\r\n  orig: 38, 47\r\n  offset: 0, 0\r\n  index: -1\r\nK\r\n  rotate: false\r\n  xy: 189, 207\r\n  size: 43, 47\r\n  orig: 43, 47\r\n  offset: 0, 0\r\n  index: -1\r\nL\r\n  rotate: false\r\n  xy: 88, 5\r\n  size: 33, 47\r\n  orig: 33, 47\r\n  offset: 0, 0\r\n  index: -1\r\nLayer 96\r\n  rotate: false\r\n  xy: 2, 158\r\n  size: 185, 96\r\n  orig: 185, 96\r\n  offset: 0, 0\r\n  index: -1\r\nLight 1\r\n  rotate: true\r\n  xy: 136, 9\r\n  size: 147, 42\r\n  orig: 147, 42\r\n  offset: 0, 0\r\n  index: -1\r\nLight 2\r\n  rotate: true\r\n  xy: 2, 2\r\n  size: 154, 43\r\n  orig: 154, 43\r\n  offset: 0, 0\r\n  index: -1\r\nU\r\n  rotate: false\r\n  xy: 47, 4\r\n  size: 39, 48\r\n  orig: 39, 48\r\n  offset: 0, 0\r\n  index: -1\r\nY\r\n  rotate: false\r\n  xy: 180, 27\r\n  size: 38, 47\r\n  orig: 38, 47\r\n  offset: 0, 0\r\n  index: -1","textures":[{"__uuid__":"71UilVGtVCcZaV/aeYGTae"}],"textureNames":["777luckyicon.png"]}