[[{"__type__":"cc.Prefab","_name":"x15_2","data":{"__id__":1}},{"__type__":"cc.Node","_name":"x15_2","_children":[{"__id__":2},{"__id__":4},{"__id__":6},{"__id__":7},{"__id__":8},{"__id__":9}],"_components":[{"__type__":"655c6/MZdJNZo/YxgAvEk8A","node":{"__id__":1},"fish":{"__id__":5},"shadow":{"__id__":3},"collider":{"__id__":10},"anim":{"__id__":11},"head":{"__id__":6},"end":{"__id__":7},"suoMe":{"__id__":9},"suoOther":{"__id__":8}},{"__id__":11},{"__id__":10}],"_prefab":{"__type__":"cc.PrefabInfo","root":{"__id__":1},"asset":{"__uuid__":"31Ct01771OFY+l3M7lEi54"},"fileId":"f004VPxYdDULq31p9tohT7"},"_trs":{"__type__":"TypedArray","ctor":"Float64Array","array":[0,0,0,0,0,0,1,1,1,1]},"_groupIndex":6,"groupIndex":6},{"__type__":"cc.Node","_name":"shadow","_parent":{"__id__":1},"_components":[{"__id__":3}],"_prefab":{"__type__":"cc.PrefabInfo","root":{"__id__":1},"asset":{"__uuid__":"31Ct01771OFY+l3M7lEi54"},"fileId":"05M3LuHR5HtbDBCDGBjOFZ"},"_trs":{"__type__":"TypedArray","ctor":"Float64Array","array":[-23,-24.678,0,0,0,0,1,0.9,0.9,1]},"_groupIndex":6,"groupIndex":6},{"__type__":"dragonBones.ArmatureDisplay","node":{"__id__":2},"_materials":[{"__uuid__":"ecpdLyjvZBwrvm+cedCcQy"}],"_armatureName":"Sprite","_animationName":"Sprite","_preCacheMode":0,"_armatureKey":"01e7bcc1-bf9a-4df5-8d7e-f7cd208e3dc8#3b107d93-7e48-4007-b75f-15bfac907596","_N$dragonAsset":{"__uuid__":"0157zBv5pN9Y1+980gjj3I"},"_N$dragonAtlasAsset":{"__uuid__":"3bEH2TfkhAB7dfFb+skHWW"},"_N$timeScale":0.5},{"__type__":"cc.Node","_name":"fish","_parent":{"__id__":1},"_components":[{"__id__":5}],"_prefab":{"__type__":"cc.PrefabInfo","root":{"__id__":1},"asset":{"__uuid__":"31Ct01771OFY+l3M7lEi54"},"fileId":"410EeDWpNIcLc/MGYRWkV8"},"_trs":{"__type__":"TypedArray","ctor":"Float64Array","array":[0,0,0,0,0,0,1,0.9,0.9,1]}},{"__type__":"dragonBones.ArmatureDisplay","node":{"__id__":4},"_materials":[{"__uuid__":"ecpdLyjvZBwrvm+cedCcQy"}],"_armatureName":"jinlongyu","_animationName":"jinlongyu","_preCacheMode":0,"_armatureKey":"ff8e54a5-efd2-4655-8749-09df0e988132#148cf8e9-4c35-4a81-841f-c43855614d3b","_N$dragonAsset":{"__uuid__":"ffjlSl79JGVYdJCd8OmIEy"},"_N$dragonAtlasAsset":{"__uuid__":"14jPjpTDVKgYQfxDhVYU07"},"_N$timeScale":0.5},{"__type__":"cc.Node","_name":"head","_parent":{"__id__":1},"_prefab":{"__type__":"cc.PrefabInfo","root":{"__id__":1},"asset":{"__uuid__":"31Ct01771OFY+l3M7lEi54"},"fileId":"c1JYibrvBKO5O7lF8R6bYP"},"_trs":{"__type__":"TypedArray","ctor":"Float64Array","array":[-82.19,0.571,0,0,0,0,1,1,1,1]}},{"__type__":"cc.Node","_name":"end","_parent":{"__id__":1},"_prefab":{"__type__":"cc.PrefabInfo","root":{"__id__":1},"asset":{"__uuid__":"31Ct01771OFY+l3M7lEi54"},"fileId":"a5QiuULtdJPp+oFZit8mJO"},"_trs":{"__type__":"TypedArray","ctor":"Float64Array","array":[39.569,5.448,0,0,0,0,1,1,1,1]}},{"__type__":"cc.Node","_name":"fish_suoding_other","_parent":{"__id__":1},"_active":false,"_components":[{"__type__":"cc.Sprite","node":{"__id__":8},"_materials":[{"__uuid__":"ecpdLyjvZBwrvm+cedCcQy"}],"_spriteFrame":{"__uuid__":"d6GNvieS9K8pqo+oyuZNkc"}},{"__type__":"cc.Animation","node":{"__id__":8},"_defaultClip":{"__uuid__":"41C/GXlRNOjLlgy6YN7juw"},"_clips":[{"__uuid__":"41C/GXlRNOjLlgy6YN7juw"}],"playOnLoad":true}],"_prefab":{"__type__":"cc.PrefabInfo","root":{"__id__":1},"asset":{"__uuid__":"31Ct01771OFY+l3M7lEi54"},"fileId":"b3NI5tqDNOwoXq1H9oVCdk"},"_opacity":97,"_contentSize":{"__type__":"cc.Size","width":169,"height":169},"_trs":{"__type__":"TypedArray","ctor":"Float64Array","array":[0,0,0,0,0,0,1,0.85,0.85,1]}},{"__type__":"cc.Node","_name":"fish_suoding_me","_parent":{"__id__":1},"_active":false,"_components":[{"__type__":"cc.Sprite","node":{"__id__":9},"_materials":[{"__uuid__":"ecpdLyjvZBwrvm+cedCcQy"}],"_spriteFrame":{"__uuid__":"d6GNvieS9K8pqo+oyuZNkc"}},{"__type__":"cc.Animation","node":{"__id__":9},"_defaultClip":{"__uuid__":"41C/GXlRNOjLlgy6YN7juw"},"_clips":[{"__uuid__":"41C/GXlRNOjLlgy6YN7juw"}],"playOnLoad":true}],"_prefab":{"__type__":"cc.PrefabInfo","root":{"__id__":1},"asset":{"__uuid__":"31Ct01771OFY+l3M7lEi54"},"fileId":"5eSVbECiZMDbxY4HyX04O/"},"_contentSize":{"__type__":"cc.Size","width":169,"height":169},"_trs":{"__type__":"TypedArray","ctor":"Float64Array","array":[0,0,0,0,0,0,1,1,1,1]}},{"__type__":"cc.PolygonCollider","node":{"__id__":1},"points":[{"__type__":"cc.Vec2","x":31.4,"y":-15.8},{"__type__":"cc.Vec2","x":75.9,"y":-10.3},{"__type__":"cc.Vec2","x":105.4,"y":12},{"__type__":"cc.Vec2","x":73,"y":12.6},{"__type__":"cc.Vec2","x":86.1,"y":24.4},{"__type__":"cc.Vec2","x":-72.5,"y":21.9},{"__type__":"cc.Vec2","x":-99.2,"y":8.8},{"__type__":"cc.Vec2","x":-100.1,"y":-0.5},{"__type__":"cc.Vec2","x":-76.9,"y":-17.7}]},{"__type__":"cc.Animation","node":{"__id__":1},"_clips":[{"__uuid__":"a2uj14PmZK2qR1qc4M16Wh"},{"__uuid__":"5ak/Jp0tpLJo8i3ppQg2Ht"},{"__uuid__":"5bOXJB0vdM1b2POlW2S6cd"},{"__uuid__":"5e2pqRy6pHWI1A7H3M4LgW"},{"__uuid__":"6ckG3/NjBMiIeK25O6v4xf"},{"__uuid__":"48LPTdX7ZC97zqY3q/slQC"},{"__uuid__":"2dzf/b09NK6LRPiFhWlwZR"},{"__uuid__":"d2GKY+Wk9Ca4Hy+M7+jvQW"},{"__uuid__":"fcaoDY8RlPtZqFYdLSRuKY"},{"__uuid__":"c6oPxDO+BCw5F2tEuLmCR7"},{"__uuid__":"74yBVnhc1Kp64BwNKQRQCF"},{"__uuid__":"b0PutUKbdFZYncPeoBtb8d"},{"__uuid__":"11kHRlmAtO5KHZqs6zswjQ"},{"__uuid__":"55Z3ewAfpMQadHueU9ZTMu"}]}],{"__type__":"cc.SpriteFrame","content":{"name":"fish_game_pic_suoding1","texture":"bclyb1CdFAXZK7vE6k7C0V","rect":[0,0,169,169],"offset":[-0.5,0.5],"originalSize":[170,170],"capInsets":[0,0,0,0]}}]