[{"__type__":"cc.BitmapFont","_name":"font-minigame-export","spriteFrame":{"__uuid__":"fceJAxq9BJ3plIgKllfqsO"},"fontSize":32,"_fntConfig":{"commonHeight":180,"fontSize":32,"atlasName":"font-minigame-export.png","fontDefDictionary":{"9":{"rect":{"x":0,"y":0,"width":0,"height":0},"xOffset":0,"yOffset":0,"xAdvance":0},"32":{"rect":{"x":0,"y":0,"width":0,"height":0},"xOffset":0,"yOffset":0,"xAdvance":0},"46":{"rect":{"x":27,"y":76,"width":11,"height":11},"xOffset":0,"yOffset":168,"xAdvance":12},"48":{"rect":{"x":27,"y":38,"width":26,"height":37},"xOffset":0,"yOffset":143,"xAdvance":27},"49":{"rect":{"x":79,"y":38,"width":17,"height":35},"xOffset":0,"yOffset":144,"xAdvance":18},"50":{"rect":{"x":0,"y":0,"width":26,"height":36},"xOffset":0,"yOffset":143,"xAdvance":27},"51":{"rect":{"x":79,"y":0,"width":23,"height":37},"xOffset":0,"yOffset":143,"xAdvance":24},"52":{"rect":{"x":0,"y":75,"width":26,"height":35},"xOffset":0,"yOffset":144,"xAdvance":27},"53":{"rect":{"x":54,"y":74,"width":24,"height":36},"xOffset":0,"yOffset":144,"xAdvance":25},"54":{"rect":{"x":27,"y":0,"width":26,"height":37},"xOffset":0,"yOffset":143,"xAdvance":27},"55":{"rect":{"x":54,"y":38,"width":24,"height":35},"xOffset":0,"yOffset":144,"xAdvance":25},"56":{"rect":{"x":54,"y":0,"width":24,"height":37},"xOffset":0,"yOffset":143,"xAdvance":25},"57":{"rect":{"x":0,"y":37,"width":26,"height":37},"xOffset":0,"yOffset":143,"xAdvance":27}},"kerningDict":{}}},{"__type__":"cc.SpriteFrame","content":{"name":"font-minigame-export","texture":"fbk6kib4BLKYVz8Zj++xzn","rect":[0,0,102,110],"offset":[-0.5,0.5],"originalSize":[103,111],"capInsets":[0,0,0,0]}}]