[{"__type__":"cc.BitmapFont","_name":"tx_font","spriteFrame":{"__uuid__":"29u+oOE99JEYiuUmfT3bcz"},"fontSize":32,"_fntConfig":{"commonHeight":40,"fontSize":32,"atlasName":"tx_font.png","fontDefDictionary":{"9":{"rect":{"x":0,"y":0,"width":0,"height":0},"xOffset":0,"yOffset":0,"xAdvance":160},"32":{"rect":{"x":0,"y":0,"width":0,"height":0},"xOffset":0,"yOffset":0,"xAdvance":20},"48":{"rect":{"x":90,"y":109,"width":87,"height":110},"xOffset":2,"yOffset":-69,"xAdvance":88},"49":{"rect":{"x":264,"y":0,"width":62,"height":108},"xOffset":14,"yOffset":-68,"xAdvance":63},"50":{"rect":{"x":178,"y":0,"width":85,"height":109},"xOffset":3,"yOffset":-68,"xAdvance":86},"51":{"rect":{"x":178,"y":110,"width":85,"height":110},"xOffset":3,"yOffset":-69,"xAdvance":86},"52":{"rect":{"x":0,"y":0,"width":91,"height":108},"xOffset":0,"yOffset":-68,"xAdvance":92},"53":{"rect":{"x":90,"y":220,"width":87,"height":109},"xOffset":2,"yOffset":-69,"xAdvance":88},"54":{"rect":{"x":0,"y":219,"width":89,"height":109},"xOffset":1,"yOffset":-69,"xAdvance":90},"55":{"rect":{"x":92,"y":0,"width":80,"height":108},"xOffset":5,"yOffset":-68,"xAdvance":81},"56":{"rect":{"x":178,"y":221,"width":85,"height":110},"xOffset":3,"yOffset":-69,"xAdvance":86},"57":{"rect":{"x":0,"y":109,"width":89,"height":109},"xOffset":1,"yOffset":-69,"xAdvance":90}},"kerningDict":{}}},{"__type__":"cc.SpriteFrame","content":{"name":"tx_font","texture":"2duZngtNVPNaeaRcczJI+V","rect":[0,0,326,331],"offset":[-0.5,0.5],"originalSize":[327,332],"capInsets":[0,0,0,0]}}]