[{"__type__":"cc.BitmapFont","_name":"fish_game_conCost","spriteFrame":{"__uuid__":"e0wW6a26JPP6rCki9/sAX3"},"fontSize":18,"_fntConfig":{"commonHeight":18,"fontSize":18,"atlasName":"fish_game_conCost.png","fontDefDictionary":{"46":{"rect":{"x":57,"y":0,"width":3,"height":4},"xOffset":0,"yOffset":13,"xAdvance":3},"48":{"rect":{"x":13,"y":20,"width":12,"height":18},"xOffset":-1,"yOffset":0,"xAdvance":12},"49":{"rect":{"x":28,"y":39,"width":8,"height":17},"xOffset":-1,"yOffset":0,"xAdvance":8},"50":{"rect":{"x":28,"y":20,"width":12,"height":17},"xOffset":0,"yOffset":0,"xAdvance":12},"51":{"rect":{"x":42,"y":20,"width":11,"height":18},"xOffset":0,"yOffset":0,"xAdvance":11},"52":{"rect":{"x":0,"y":0,"width":13,"height":17},"xOffset":0,"yOffset":0,"xAdvance":13},"53":{"rect":{"x":29,"y":0,"width":12,"height":18},"xOffset":0,"yOffset":0,"xAdvance":12},"54":{"rect":{"x":15,"y":0,"width":12,"height":18},"xOffset":0,"yOffset":0,"xAdvance":12},"55":{"rect":{"x":0,"y":39,"width":11,"height":17},"xOffset":0,"yOffset":0,"xAdvance":11},"56":{"rect":{"x":43,"y":0,"width":12,"height":18},"xOffset":0,"yOffset":0,"xAdvance":12},"57":{"rect":{"x":0,"y":19,"width":12,"height":18},"xOffset":0,"yOffset":0,"xAdvance":12}},"kerningDict":{}}},{"__type__":"cc.SpriteFrame","content":{"name":"fish_game_conCost","texture":"4bYjdjkjRFi76wiaE7Dc8N","rect":[0,0,60,56],"offset":[-1,1],"originalSize":[62,58],"capInsets":[0,0,0,0]}}]