[{"__type__":"cc.SpriteFrame","content":{"name":"mini_warning","texture":"33xwg+9dZHdYGaZLud+LXz","rect":[0,0,1102,117],"offset":[-0.5,0],"originalSize":[1103,117],"capInsets":[0,0,0,0]}},[{"__type__":"cc.Prefab","_name":"mini_warning","data":{"__id__":1}},{"__type__":"cc.Node","_name":"mini_warning","_children":[{"__id__":2}],"_components":[{"__type__":"cc.Sprite","node":{"__id__":1},"_materials":[{"__uuid__":"ecpdLyjvZBwrvm+cedCcQy"}],"_spriteFrame":{"__uuid__":"00f1PHmrdM6aOejkxuxPBV"},"_sizeMode":0},{"__type__":"c832drPwXtFyrxiOXSF7olJ","node":{"__id__":1},"text":{"__id__":3}}],"_prefab":{"__type__":"cc.PrefabInfo","root":{"__id__":1},"asset":{"__uuid__":"33sOvqM5JL+KqMfqYUJSWX"},"fileId":"432rFMRKtIiLSiSAYBxCx4"},"_opacity":0,"_contentSize":{"__type__":"cc.Size","width":661.2,"height":58.5},"_trs":{"__type__":"TypedArray","ctor":"Float64Array","array":[0,0,0,0,0,0,1,1.5,1.5,1]}},{"__type__":"cc.Node","_name":"text","_parent":{"__id__":1},"_components":[{"__id__":3}],"_prefab":{"__type__":"cc.PrefabInfo","root":{"__id__":1},"asset":{"__uuid__":"33sOvqM5JL+KqMfqYUJSWX"},"fileId":"472YavBM1OCYINQ8ZRfcYJ"},"_contentSize":{"__type__":"cc.Size","height":28.13},"_trs":{"__type__":"TypedArray","ctor":"Float64Array","array":[0,27.925,0,0,0,0,1,1,1,1]}},{"__type__":"cc.Label","node":{"__id__":2},"_materials":[{"__uuid__":"ecpdLyjvZBwrvm+cedCcQy"}],"_useOriginalSize":false,"_fontSize":20,"_lineHeight":45,"_N$file":{"__uuid__":"009CPp7gNHQb/iJjJ9OTtQ"},"_isSystemFontUsed":false,"_N$horizontalAlign":1,"_N$verticalAlign":1}]]