[{"__type__":"cc.SpriteFrame","content":{"name":"button.4","texture":"b6Y08e8mJFDq2NpliaAAvY","rect":[1,520,219,65],"offset":[0,0],"originalSize":[219,65],"capInsets":[0,0,0,0]}},[{"__type__":"cc.SceneAsset","_name":"Splash","scene":{"__id__":1},"asyncLoadAssets":{}},{"__type__":"cc.Scene","_name":"New Node","_children":[{"__id__":2}],"_anchorPoint":{"__type__":"cc.Vec2"},"_trs":{"__type__":"TypedArray","ctor":"Float64Array","array":[0,0,0,0,0,0,1,1,1,1]},"autoReleaseAssets":false},{"__type__":"cc.Node","_name":"Canvas","_parent":{"__id__":1},"_children":[{"__id__":3},{"__id__":4},{"__id__":9}],"_components":[{"__type__":"cc.Canvas","node":{"__id__":2},"_designResolution":{"__type__":"cc.Size","width":1398,"height":786}},{"__type__":"75b79AEMXNJqYRJtb538JJ4","node":{"__id__":2},"messageLabel":{"__id__":17},"manifestUrl":{"__uuid__":"4eNbF8WAtAyokrqz8dUDsg"},"retryButtonNode":{"__id__":14},"updateProgressBar":{"__id__":10},"star":{"__id__":13}},{"__type__":"cc.Widget","node":{"__id__":2},"_alignFlags":45}],"_contentSize":{"__type__":"cc.Size","width":1398,"height":786},"_trs":{"__type__":"TypedArray","ctor":"Float64Array","array":[699,393,0,0,0,0,1,1,1,1]},"_id":"e4U3Ba6utI4rRj1065IrE9"},{"__type__":"cc.Node","_name":"Main Camera","_parent":{"__id__":2},"_components":[{"__type__":"cc.Camera","node":{"__id__":3},"_clearFlags":7,"_depth":-1,"_nearClip":0.1}],"_trs":{"__type__":"TypedArray","ctor":"Float64Array","array":[0,0,497.96460717605225,0,0,0,1,1,1,1]}},{"__type__":"cc.Node","_name":"background","_parent":{"__id__":2},"_children":[{"__id__":5},{"__id__":6},{"__id__":7},{"__id__":8}],"_components":[{"__type__":"cc.Sprite","node":{"__id__":4},"_materials":[{"__uuid__":"ecpdLyjvZBwrvm+cedCcQy"}],"_spriteFrame":{"__uuid__":"deAWqS5wZHJZ2xutmA/iiD"},"_sizeMode":0},{"__type__":"cc.Widget","node":{"__id__":4},"_alignFlags":45}],"_contentSize":{"__type__":"cc.Size","width":1398,"height":786},"_trs":{"__type__":"TypedArray","ctor":"Float64Array","array":[0,0,0,0,0,0,1,1,1,1]}},{"__type__":"cc.Node","_name":"LOADING","_parent":{"__id__":4},"_components":[{"__type__":"sp.Skeleton","node":{"__id__":5},"_materials":[{"__uuid__":"7a/QZLET9IDreTiBfRn2PD"}],"defaultAnimation":"animation","_preCacheMode":0,"_animationName":"animation","_N$skeletonData":{"__uuid__":"73w91fSxdDUIBf/7cmB2ZP"}}],"_contentSize":{"__type__":"cc.Size","width":1200,"height":396},"_anchorPoint":{"__type__":"cc.Vec2","x":0.4965856828634273,"y":0.24663503999596254},"_trs":{"__type__":"TypedArray","ctor":"Float64Array","array":[-47,8.602,0,0,0,0,1,1,1,1]}},{"__type__":"cc.Node","_name":"Logo","_parent":{"__id__":4},"_active":false,"_components":[{"__type__":"cc.Sprite","node":{"__id__":6},"_materials":[{"__uuid__":"ecpdLyjvZBwrvm+cedCcQy"}],"_spriteFrame":{"__uuid__":"e5dX3WNqRCMLRKHNx0A3Mg"},"_sizeMode":0}],"_contentSize":{"__type__":"cc.Size","width":320,"height":320},"_anchorPoint":{"__type__":"cc.Vec2","x":0.4865910209541829,"y":0.2729412881574946},"_trs":{"__type__":"TypedArray","ctor":"Float64Array","array":[-6.497,-14.182,0,0,0,0,1,1,1,1]}},{"__type__":"cc.Node","_name":"right","_parent":{"__id__":4},"_active":false,"_components":[{"__type__":"cc.Sprite","node":{"__id__":7},"_materials":[{"__uuid__":"ecpdLyjvZBwrvm+cedCcQy"}],"_spriteFrame":{"__uuid__":"b9sA1LnpJEDqx3JHWiDLXD"},"_sizeMode":0}],"_contentSize":{"__type__":"cc.Size","width":562.840625,"height":402.653125},"_trs":{"__type__":"TypedArray","ctor":"Float64Array","array":[343,32,0,0,0,0,1,1,1,1]}},{"__type__":"cc.Node","_name":"text","_parent":{"__id__":4},"_active":false,"_components":[{"__type__":"cc.Sprite","node":{"__id__":8},"_enabled":false,"_materials":[{"__uuid__":"ecpdLyjvZBwrvm+cedCcQy"}],"_spriteFrame":{"__uuid__":"a7VXHJG/ZGPZ0kIlNscRKj"},"_sizeMode":0}],"_contentSize":{"__type__":"cc.Size","width":470.36875,"height":150.721875},"_trs":{"__type__":"TypedArray","ctor":"Float64Array","array":[0,-83,0,0,0,0,1,1,1,1]}},{"__type__":"cc.Node","_name":"HotUpdate","_parent":{"__id__":2},"_children":[{"__id__":10},{"__id__":12},{"__id__":14},{"__id__":16}],"_components":[{"__type__":"cc.Sprite","node":{"__id__":9},"_materials":[{"__uuid__":"ecpdLyjvZBwrvm+cedCcQy"}],"_spriteFrame":{"__uuid__":"6ataQ/fMpKxrRMNCQIyezT"}},{"__type__":"cc.Widget","node":{"__id__":9},"_alignFlags":4,"_bottom":134.5}],"_contentSize":{"__type__":"cc.Size","width":868,"height":53},"_trs":{"__type__":"TypedArray","ctor":"Float64Array","array":[0,-232,0,0,0,0,1,1,1,1]}},{"__type__":"cc.Node","_name":"mask","_parent":{"__id__":9},"_children":[{"__id__":11}],"_components":[{"__type__":"cc.Mask","node":{"__id__":10},"_materials":[{"__uuid__":"ecpdLyjvZBwrvm+cedCcQy"}],"_N$alphaThreshold":0}],"_contentSize":{"__type__":"cc.Size","height":30},"_anchorPoint":{"__type__":"cc.Vec2","y":0.5},"_trs":{"__type__":"TypedArray","ctor":"Float64Array","array":[-419,1,0,0,0,0,1,1,1,1]}},{"__type__":"cc.Node","_name":"progress-bar","_parent":{"__id__":10},"_components":[{"__type__":"cc.Sprite","node":{"__id__":11},"_materials":[{"__uuid__":"ecpdLyjvZBwrvm+cedCcQy"}],"_spriteFrame":{"__uuid__":"4fYWlVRCZDU5FROmmGP7ev"},"_sizeMode":0}],"_contentSize":{"__type__":"cc.Size","width":838,"height":27},"_anchorPoint":{"__type__":"cc.Vec2","y":0.5},"_trs":{"__type__":"TypedArray","ctor":"Float64Array","array":[0,0,0,0,0,0,1,1,1,1]}},{"__type__":"cc.Node","_name":"c","_parent":{"__id__":9},"_children":[{"__id__":13}],"_trs":{"__type__":"TypedArray","ctor":"Float64Array","array":[-419,0,0,0,0,0,1,1,1,1]}},{"__type__":"cc.Node","_name":"coin","_parent":{"__id__":12},"_components":[{"__type__":"cc.Sprite","node":{"__id__":13},"_materials":[{"__uuid__":"ecpdLyjvZBwrvm+cedCcQy"}],"_spriteFrame":{"__uuid__":"30qq620aZLxINZ6DEqSh56"}}],"_opacity":250,"_contentSize":{"__type__":"cc.Size","width":47,"height":47},"_trs":{"__type__":"TypedArray","ctor":"Float64Array","array":[0,0,0,0,0,0,1,1,1,1]}},{"__type__":"cc.Node","_name":"buttonRetry","_parent":{"__id__":9},"_children":[{"__id__":15}],"_active":false,"_components":[{"__type__":"cc.Sprite","node":{"__id__":14},"_materials":[{"__uuid__":"ecpdLyjvZBwrvm+cedCcQy"}],"_spriteFrame":{"__uuid__":"20GQa5o1RCgL5IpJumvY9r"}},{"__type__":"cc.Button","node":{"__id__":14},"zoomScale":1.1,"clickEvents":[{"__type__":"cc.ClickEvent","target":{"__id__":9},"_componentId":"dff82xXmpRANIScT1UemSB8","handler":"onRetryClick"}],"_N$transition":3,"transition":3,"_N$normalColor":{"__type__":"cc.Color","r":214,"g":214,"b":214}}],"_contentSize":{"__type__":"cc.Size","width":219,"height":65},"_trs":{"__type__":"TypedArray","ctor":"Float64Array","array":[0,-103,0,0,0,0,1,1,1,1]}},{"__type__":"cc.Node","_name":"label","_parent":{"__id__":14},"_components":[{"__type__":"cc.Label","node":{"__id__":15},"_materials":[{"__uuid__":"ecpdLyjvZBwrvm+cedCcQy"}],"_useOriginalSize":false,"_string":"THỬ LẠI","_N$string":"THỬ LẠI","_fontSize":20,"_lineHeight":78,"_N$file":{"__uuid__":"cdcxQMSRVIb7r5lhP63hFG"},"_isSystemFontUsed":false,"_N$horizontalAlign":1}],"_contentSize":{"__type__":"cc.Size","width":101.88,"height":48.75},"_trs":{"__type__":"TypedArray","ctor":"Float64Array","array":[0,0,0,0,0,0,1,1,1,1]}},{"__type__":"cc.Node","_name":"Messenger","_parent":{"__id__":9},"_components":[{"__id__":17}],"_contentSize":{"__type__":"cc.Size","height":25.71},"_trs":{"__type__":"TypedArray","ctor":"Float64Array","array":[0,-45,0,0,0,0,1,1,1,1]}},{"__type__":"cc.Label","node":{"__id__":16},"_materials":[{"__uuid__":"ecpdLyjvZBwrvm+cedCcQy"}],"_useOriginalSize":false,"_fontSize":20,"_lineHeight":45,"_N$file":{"__uuid__":"ca/STOHexDCpBHB3XPtG62"},"_isSystemFontUsed":false,"_N$horizontalAlign":1,"_N$verticalAlign":1}],{"__type__":"cc.SpriteFrame","content":{"name":"coin","texture":"3e83KFMAZPhotR30W2rfBi","rect":[0,0,47,47],"offset":[0,0],"originalSize":[47,47],"capInsets":[0,0,0,0]}},{"__type__":"cc.SpriteFrame","content":{"name":"loading-line2","texture":"f9awGur1dA0I2GNmfYveGn","rect":[0,0,807,20],"offset":[0,0],"originalSize":[807,20],"capInsets":[0,0,0,0]}},{"__type__":"cc.SpriteFrame","content":{"name":"progress-bg","texture":"f1xDaVYaxMs5FxcUfqIrwG","rect":[0,0,868,53],"offset":[0,0],"originalSize":[868,53],"capInsets":[0,0,0,0]}},{"__type__":"cc.SpriteFrame","content":{"name":"text","texture":"c1F+Ik0QRCiLAx1sep1iSh","rect":[0,0,646,207],"offset":[0,0],"originalSize":[646,207],"capInsets":[0,0,0,0]}},{"__type__":"cc.SpriteFrame","content":{"name":"right","texture":"5fTdhIvmBJway6wvZJphne","rect":[0,0,773,553],"offset":[0,0],"originalSize":[773,553],"capInsets":[0,0,0,0]}},{"__type__":"cc.SpriteFrame","content":{"name":"bg_loading","texture":"49R9ia9lhBpJBnix9BsC12","rect":[0,0,1280,720],"offset":[0,0],"originalSize":[1280,720],"capInsets":[0,0,0,0]}},{"__type__":"cc.SpriteFrame","content":{"name":"logo","texture":"e2GYLjr75JIq21MhzwKqR5","rect":[10,20,512,494],"offset":[0.5,-1.5],"originalSize":[531,531],"capInsets":[0,0,0,0]}}]