{"__type__":"dragonBones.DragonBonesAtlasAsset","_name":"hudieyu_tex","_atlasJson":"{\"width\":256,\"imagePath\":\"hudieyu_tex.png\",\"height\":512,\"name\":\"hudieyu\",\"SubTexture\":[{\"y\":165,\"frameX\":-37,\"frameHeight\":200,\"frameY\":-66,\"width\":122,\"frameWidth\":200,\"height\":79,\"name\":\"kyby_hdy_09\",\"x\":1},{\"y\":242,\"frameX\":-37,\"frameHeight\":200,\"frameY\":-65,\"width\":121,\"frameWidth\":200,\"height\":71,\"name\":\"kyby_hdy_04\",\"x\":125},{\"y\":84,\"frameX\":-37,\"frameHeight\":200,\"frameY\":-60,\"width\":120,\"frameWidth\":200,\"height\":77,\"name\":\"kyby_hdy_05\",\"x\":1},{\"y\":1,\"frameX\":-37,\"frameHeight\":200,\"frameY\":-58,\"width\":120,\"frameWidth\":200,\"height\":81,\"name\":\"kyby_hdy_06\",\"x\":1},{\"y\":165,\"frameX\":-37,\"frameHeight\":200,\"frameY\":-69,\"width\":121,\"frameWidth\":200,\"height\":75,\"name\":\"kyby_hdy_10\",\"x\":125},{\"y\":246,\"frameX\":-37,\"frameHeight\":200,\"frameY\":-72,\"width\":121,\"frameWidth\":200,\"height\":69,\"name\":\"kyby_hdy_01\",\"x\":1},{\"y\":385,\"frameX\":-37,\"frameHeight\":200,\"frameY\":-71,\"width\":122,\"frameWidth\":200,\"height\":67,\"name\":\"kyby_hdy_02\",\"x\":1},{\"y\":83,\"frameX\":-37,\"frameHeight\":200,\"frameY\":-64,\"width\":121,\"frameWidth\":200,\"height\":80,\"name\":\"kyby_hdy_08\",\"x\":123},{\"y\":315,\"frameX\":-37,\"frameHeight\":200,\"frameY\":-68,\"width\":121,\"frameWidth\":200,\"height\":68,\"name\":\"kyby_hdy_03\",\"x\":124},{\"y\":1,\"frameX\":-37,\"frameHeight\":200,\"frameY\":-61,\"width\":121,\"frameWidth\":200,\"height\":80,\"name\":\"kyby_hdy_07\",\"x\":123}]}","_texture":{"__uuid__":"e2V/YGBolMKJPKBLy20N6K"},"texture":{"__uuid__":"e2V/YGBolMKJPKBLy20N6K"}}