{"__type__":"sp.SkeletonData","_name":"ICON","_skeletonJson":{"skeleton":{"hash":"GNgQQo9E9KCBaRwMDUVPIGHsG9Q","spine":"3.6.53","width":228.05,"height":378,"images":"../Images/"},"bones":[{"name":"root"},{"name":"bone","parent":"root","length":48.09,"rotation":99.11,"x":-40.19,"y":-30.68},{"name":"bone2","parent":"root","length":59.02,"rotation":74.59,"x":6.4,"y":-0.22},{"name":"bone3","parent":"root","length":54.57,"rotation":119.51,"x":-28.86,"y":69.84},{"name":"bone4","parent":"root","length":52.42,"rotation":127.36,"x":-11.6,"y":103.83},{"name":"bone5","parent":"root","length":45.11,"rotation":124.48,"x":-56.77,"y":24.87},{"name":"bone6","parent":"root","length":37.73,"rotation":70.05,"x":28.97,"y":67.83},{"name":"bone7","parent":"root","length":34.83,"rotation":93.08,"x":23.35,"y":-62.45,"scaleX":1.247,"scaleY":1.247},{"name":"bone8","parent":"root","length":38.52,"rotation":90,"x":-4.98,"y":-118.51,"scaleX":1.148,"scaleY":1.148},{"name":"bone9","parent":"root","length":138.73,"rotation":121.26,"x":-59.62,"y":-104.13}],"slots":[{"name":"BG","bone":"bone9","attachment":"BG"},{"name":"XOSO12","bone":"bone4","attachment":"XOSO1"},{"name":"XOSO1","bone":"root"},{"name":"XOSO9","bone":"bone6","attachment":"XOSO2"},{"name":"XOSO2","bone":"root"},{"name":"XOSO11","bone":"bone5","attachment":"XOSO3"},{"name":"XOSO3","bone":"root"},{"name":"XOSO10","bone":"bone3","attachment":"XOSO4"},{"name":"XOSO4","bone":"root"},{"name":"XOSO8","bone":"bone2","attachment":"XOSO5"},{"name":"XOSO5","bone":"root"},{"name":"XOSO7","bone":"bone","attachment":"XOSO6"},{"name":"XOSO6","bone":"root"},{"name":"TEXT4","bone":"bone7","attachment":"TEXT"},{"name":"TEXT","bone":"root"},{"name":"TEXT3","bone":"bone8","attachment":"TEXT2"},{"name":"TEXT2","bone":"root"}],"skins":{"default":{"BG":{"BG":{"x":58.08,"y":-104.99,"rotation":-121.26,"width":224,"height":378}},"TEXT3":{"TEXT2":{"x":13.37,"y":-7.03,"rotation":-90,"width":172,"height":62}},"TEXT4":{"TEXT":{"x":12.18,"y":15.03,"rotation":-93.08,"width":113,"height":58}},"XOSO10":{"XOSO4":{"x":15.27,"y":-3.42,"rotation":-119.51,"width":73,"height":74}},"XOSO11":{"XOSO3":{"x":4.31,"y":-1.4,"rotation":-124.48,"width":41,"height":47}},"XOSO12":{"XOSO1":{"x":-41.62,"y":-1.75,"rotation":-127.36,"width":202,"height":178}},"XOSO7":{"XOSO6":{"x":13.96,"y":-3.89,"rotation":-99.11,"width":54,"height":54}},"XOSO8":{"XOSO5":{"x":6,"y":0.57,"rotation":-74.59,"width":92,"height":96}},"XOSO9":{"XOSO2":{"x":0.99,"y":14.87,"rotation":-70.05,"width":63,"height":61}}}},"animations":{"animation":{"slots":{"XOSO7":{"color":[{"time":0,"color":"ffffff00","curve":"stepped"},{"time":0.1,"color":"ffffff00"},{"time":0.3333,"color":"ffffffff"}]},"XOSO8":{"color":[{"time":0,"color":"ffffff00","curve":"stepped"},{"time":0.3,"color":"ffffff00"},{"time":0.8333,"color":"ffffffff"}]},"XOSO9":{"color":[{"time":0,"color":"ffffff00","curve":"stepped"},{"time":0.3333,"color":"ffffff00"},{"time":0.9667,"color":"ffffffff"}],"attachment":[{"time":0,"name":"XOSO2"}]},"XOSO10":{"color":[{"time":0,"color":"ffffff00","curve":"stepped"},{"time":0.1667,"color":"ffffff00"},{"time":0.5333,"color":"ffffffff"}]},"XOSO11":{"color":[{"time":0,"color":"ffffff00"}]},"XOSO12":{"color":[{"time":0,"color":"ffffff00","curve":"stepped"},{"time":0.3,"color":"ffffff00","curve":"stepped"},{"time":0.3667,"color":"ffffff00"},{"time":0.6667,"color":"ffffffff"}]}},"bones":{"root":{"rotate":[{"time":0,"angle":0,"curve":"stepped"},{"time":0.6667,"angle":0,"curve":"stepped"},{"time":1.3333,"angle":0,"curve":"stepped"},{"time":2.6667,"angle":0}],"translate":[{"time":0,"x":0,"y":0,"curve":"stepped"},{"time":0.6667,"x":0,"y":0,"curve":"stepped"},{"time":1.3333,"x":0,"y":0,"curve":"stepped"},{"time":2.6667,"x":0,"y":0}],"scale":[{"time":0,"x":1,"y":1,"curve":"stepped"},{"time":0.6667,"x":1,"y":1,"curve":"stepped"},{"time":1.3333,"x":1,"y":1,"curve":"stepped"},{"time":2.6667,"x":1,"y":1}]},"bone":{"rotate":[{"time":0,"angle":0},{"time":0.3333,"angle":-73.15},{"time":0.5,"angle":23.41},{"time":0.6333,"angle":-17.68},{"time":0.8,"angle":17.05}],"translate":[{"time":0,"x":-14.63,"y":190.24},{"time":0.3333,"x":-20.5,"y":35.27},{"time":0.5,"x":-27.58,"y":48.78},{"time":0.6333,"x":-16,"y":34.63},{"time":0.8,"x":-18.58,"y":37.85}],"scale":[{"time":0,"x":1,"y":1}]},"bone2":{"rotate":[{"time":0,"angle":0},{"time":0.8333,"angle":49.3},{"time":1,"angle":-28.24},{"time":1.1667,"angle":32.48}],"translate":[{"time":0,"x":-11.84,"y":168.64},{"time":0.8333,"x":10.02,"y":-18.48},{"time":1,"x":21.59,"y":-3.69},{"time":1.1667,"x":7.45,"y":2.1}],"scale":[{"time":0,"x":1,"y":1}]},"bone3":{"rotate":[{"time":0,"angle":0},{"time":0.5333,"angle":-296.96},{"time":0.7,"angle":3.48},{"time":0.9333,"angle":49.4}],"translate":[{"time":0,"x":-29.33,"y":121.82},{"time":0.5333,"x":1.54,"y":-53.07},{"time":0.7,"x":1.54,"y":-40.86},{"time":0.9333,"x":19.54,"y":-28.64}],"scale":[{"time":0,"x":1,"y":1}]},"bone4":{"rotate":[{"time":0,"angle":0},{"time":1.0333,"angle":16.21},{"time":1.4333,"angle":2.74}],"translate":[{"time":0,"x":-8.46,"y":102.65},{"time":0.6667,"x":-3.32,"y":-24.67},{"time":1.0333,"x":-3.32,"y":-7.95},{"time":1.4333,"x":-3.32,"y":-4.73}],"scale":[{"time":0,"x":1,"y":1}]},"bone5":{"rotate":[{"time":0,"angle":0}],"translate":[{"time":0,"x":26.51,"y":135.36},{"time":0.6667,"x":43.23,"y":-32.46}],"scale":[{"time":0,"x":1,"y":1}]},"bone6":{"rotate":[{"time":0,"angle":0},{"time":0.9667,"angle":72.11},{"time":1.1667,"angle":-2.62},{"time":1.3667,"angle":74.71},{"time":1.5667,"angle":45.41}],"translate":[{"time":0,"x":25.38,"y":126.9},{"time":0.9667,"x":43.38,"y":-10.06},{"time":1.1667,"x":31.81,"y":-1.7},{"time":1.3667,"x":5.45,"y":5.37},{"time":1.5667,"x":31.17,"y":-7.49}],"scale":[{"time":0,"x":1,"y":1}]},"bone7":{"rotate":[{"time":0,"angle":0,"curve":"stepped"},{"time":0.6667,"angle":0,"curve":"stepped"},{"time":1.3333,"angle":0,"curve":"stepped"},{"time":2.6667,"angle":0}],"translate":[{"time":0,"x":0,"y":0,"curve":"stepped"},{"time":0.6667,"x":0,"y":0,"curve":"stepped"},{"time":1.3333,"x":0,"y":0,"curve":"stepped"},{"time":2.6667,"x":0,"y":0}],"scale":[{"time":0,"x":1,"y":1,"curve":[0.25,0,0.75,1]},{"time":0.3333,"x":1.189,"y":1.189,"curve":[0.25,0,0.75,1]},{"time":0.6667,"x":1,"y":1,"curve":[0.25,0,0.75,1]},{"time":1,"x":1.189,"y":1.189,"curve":[0.25,0,0.75,1]},{"time":1.3333,"x":1,"y":1,"curve":[0.25,0,0.75,1]},{"time":2,"x":1.189,"y":1.189,"curve":[0.25,0,0.75,1]},{"time":2.6667,"x":1,"y":1}]},"bone8":{"rotate":[{"time":0,"angle":0,"curve":"stepped"},{"time":0.6667,"angle":0,"curve":"stepped"},{"time":1.3333,"angle":0,"curve":"stepped"},{"time":2.6667,"angle":0}],"translate":[{"time":0,"x":0,"y":0,"curve":"stepped"},{"time":0.6667,"x":0,"y":0,"curve":"stepped"},{"time":1.3333,"x":0,"y":0,"curve":"stepped"},{"time":2.6667,"x":0,"y":0}],"scale":[{"time":0,"x":1.038,"y":1.038,"curve":[0.25,0,0.75,1]},{"time":0.3333,"x":0.773,"y":0.773,"curve":[0.25,0,0.75,1]},{"time":0.6667,"x":1.038,"y":1.038,"curve":[0.25,0,0.75,1]},{"time":1,"x":0.773,"y":0.773,"curve":[0.25,0,0.75,1]},{"time":1.3333,"x":1.038,"y":1.038,"curve":[0.25,0,0.75,1]},{"time":2,"x":0.773,"y":0.773,"curve":[0.25,0,0.75,1]},{"time":2.6667,"x":1.038,"y":1.038}]},"bone9":{"rotate":[{"time":0,"angle":0}],"translate":[{"time":0,"x":0,"y":0}],"scale":[{"time":0,"x":1,"y":1}]}}}}},"_atlasText":"\nICON.png\nsize: 1024,256\nformat: RGBA8888\nfilter: Linear,Linear\nrepeat: none\nBG\n  rotate: true\n  xy: 2, 2\n  size: 224, 378\n  orig: 224, 378\n  offset: 0, 0\n  index: -1\nTEXT\n  rotate: false\n  xy: 760, 168\n  size: 113, 58\n  orig: 113, 58\n  offset: 0, 0\n  index: -1\nTEXT2\n  rotate: false\n  xy: 586, 164\n  size: 172, 62\n  orig: 172, 62\n  offset: 0, 0\n  index: -1\nXOSO1\n  rotate: false\n  xy: 382, 48\n  size: 202, 178\n  orig: 202, 178\n  offset: 0, 0\n  index: -1\nXOSO2\n  rotate: false\n  xy: 875, 165\n  size: 63, 61\n  orig: 63, 61\n  offset: 0, 0\n  index: -1\nXOSO3\n  rotate: true\n  xy: 382, 5\n  size: 41, 47\n  orig: 41, 47\n  offset: 0, 0\n  index: -1\nXOSO4\n  rotate: false\n  xy: 680, 88\n  size: 73, 74\n  orig: 73, 74\n  offset: 0, 0\n  index: -1\nXOSO5\n  rotate: false\n  xy: 586, 66\n  size: 92, 96\n  orig: 92, 96\n  offset: 0, 0\n  index: -1\nXOSO6\n  rotate: false\n  xy: 940, 172\n  size: 54, 54\n  orig: 54, 54\n  offset: 0, 0\n  index: -1\n","textures":[{"__uuid__":"4bYNEDOu9Oa71piDYfjKyK"}],"textureNames":["ICON.png"]}