{"__type__":"sp.SkeletonData","_name":"NoHu_ani","_skeletonJson":{"skeleton":{"hash":"bGwGO/GSCj7fmu70xDVUiuzdWbM","spine":"3.6.53","width":946,"height":705},"bones":[{"name":"root"},{"name":"bg","parent":"root","length":253.96,"rotation":90,"x":1.1,"y":-150.61},{"name":"cr","parent":"bg","length":50.16,"x":391.62,"y":1.95},{"name":"l","parent":"root","length":447.01,"rotation":135.6,"x":-6.67,"y":16.85},{"name":"text","parent":"bg","length":270.53,"rotation":-89.66,"x":157.48,"y":17,"scaleX":0.935,"scaleY":0.935},{"name":"v","parent":"bg","length":53.24,"rotation":-1.19,"x":292.24,"y":98},{"name":"v2","parent":"bg","length":53.24,"rotation":-1.19,"x":294.99,"y":-76.63},{"name":"v3","parent":"bg","length":53.24,"rotation":-1.19,"x":298.43,"y":155.64},{"name":"v4","parent":"bg","length":53.24,"rotation":-1.19,"x":293.65,"y":-169.62},{"name":"v5","parent":"bg","length":53.24,"rotation":-1.19,"x":303.1,"y":15.13}],"slots":[{"name":"l","bone":"l","attachment":"l"},{"name":"v","bone":"v","attachment":"gg"},{"name":"v2","bone":"v2","attachment":"gg"},{"name":"v3","bone":"v3","attachment":"gg"},{"name":"v4","bone":"v4","attachment":"gg"},{"name":"v5","bone":"v5","attachment":"gg"},{"name":"bg","bone":"bg","attachment":"bg"},{"name":"text","bone":"text","attachment":"text"},{"name":"cr","bone":"cr","attachment":"cr"}],"skins":{"default":{"bg":{"bg":{"x":150.61,"y":1.1,"rotation":-90,"width":625,"height":438}},"cr":{"cr":{"x":32.39,"y":-5.25,"rotation":-90,"width":163,"height":74}},"l":{"l":{"x":-3.39,"y":14.66,"rotation":-135.6,"width":946,"height":705}},"text":{"text":{"x":13.3,"y":6.24,"rotation":-0.34,"width":416,"height":155}},"v":{"gg":{"x":18.09,"y":1,"rotation":-88.81,"width":245,"height":172}},"v2":{"gg":{"x":18.09,"y":1,"rotation":-88.81,"width":245,"height":172}},"v3":{"gg":{"x":18.09,"y":1,"rotation":-88.81,"width":245,"height":172}},"v4":{"gg":{"x":18.09,"y":1,"rotation":-88.81,"width":245,"height":172}},"v5":{"gg":{"x":18.09,"y":1,"rotation":-88.81,"width":245,"height":172}}}},"animations":{"animation":{"bones":{"root":{"rotate":[{"time":0,"angle":0,"curve":"stepped"},{"time":1,"angle":0}],"translate":[{"time":0,"x":0,"y":0,"curve":"stepped"},{"time":1,"x":0,"y":0}],"scale":[{"time":0,"x":1,"y":1,"curve":"stepped"},{"time":1,"x":1,"y":1}]},"l":{"rotate":[{"time":0,"angle":0,"curve":"stepped"},{"time":1,"angle":0}],"translate":[{"time":0,"x":0,"y":0,"curve":"stepped"},{"time":1,"x":0,"y":0}],"scale":[{"time":0,"x":1,"y":1},{"time":0.5,"x":1.262,"y":1.262},{"time":1,"x":1,"y":1}]},"bg":{"rotate":[{"time":0,"angle":0,"curve":"stepped"},{"time":1,"angle":0}],"translate":[{"time":0,"x":0,"y":0},{"time":0.5,"x":0,"y":11.51},{"time":1,"x":0,"y":0}],"scale":[{"time":0,"x":1,"y":1,"curve":"stepped"},{"time":1,"x":1,"y":1}]},"text":{"rotate":[{"time":0,"angle":0,"curve":"stepped"},{"time":1,"angle":0}],"translate":[{"time":0,"x":0,"y":0},{"time":0.5,"x":0,"y":1.35},{"time":1,"x":0,"y":0}],"scale":[{"time":0,"x":1,"y":1},{"time":0.5,"x":1.11,"y":1.11},{"time":1,"x":1,"y":1}]},"v":{"rotate":[{"time":0,"angle":0,"curve":"stepped"},{"time":1,"angle":0}],"translate":[{"time":0,"x":0,"y":0},{"time":0.3333,"x":5.48,"y":-13.69},{"time":1,"x":0,"y":0}],"scale":[{"time":0,"x":1,"y":1,"curve":"stepped"},{"time":1,"x":1,"y":1}]},"v2":{"rotate":[{"time":0,"angle":0,"curve":"stepped"},{"time":1,"angle":0}],"translate":[{"time":0,"x":0,"y":0},{"time":0.3333,"x":-2.74,"y":5.48},{"time":1,"x":0,"y":0}],"scale":[{"time":0,"x":1,"y":1,"curve":"stepped"},{"time":1,"x":1,"y":1}]},"v3":{"rotate":[{"time":0,"angle":0,"curve":"stepped"},{"time":1,"angle":0}],"translate":[{"time":0,"x":0,"y":0},{"time":0.3333,"x":-8.32,"y":-9.86},{"time":1,"x":0,"y":0}],"scale":[{"time":0,"x":1,"y":1,"curve":"stepped"},{"time":1,"x":1,"y":1}]},"v4":{"rotate":[{"time":0,"angle":0,"curve":"stepped"},{"time":1,"angle":0}],"translate":[{"time":0,"x":0,"y":0},{"time":0.3333,"x":-6.84,"y":15.06},{"time":1,"x":0,"y":0}],"scale":[{"time":0,"x":1,"y":1,"curve":"stepped"},{"time":1,"x":1,"y":1}]},"v5":{"rotate":[{"time":0,"angle":0,"curve":"stepped"},{"time":1,"angle":0}],"translate":[{"time":0,"x":0,"y":0},{"time":0.3333,"x":6.85,"y":-4.11},{"time":1,"x":0,"y":0}],"scale":[{"time":0,"x":1,"y":1,"curve":"stepped"},{"time":1,"x":1,"y":1}]},"cr":{"rotate":[{"time":0,"angle":0},{"time":0.3333,"angle":11.15},{"time":0.6667,"angle":-8.47},{"time":1,"angle":0}],"translate":[{"time":0,"x":0,"y":0},{"time":0.3333,"x":23.3,"y":9.02},{"time":0.6667,"x":22.9,"y":-14.67},{"time":1,"x":0,"y":0}],"scale":[{"time":0,"x":1,"y":1,"curve":"stepped"},{"time":1,"x":1,"y":1}]}}}}},"_atlasText":"\nNoHu_ani.png\nsize: 948,947\nformat: RGBA8888\nfilter: Linear,Linear\nrepeat: none\nl\n  rotate: false\n  xy: 1, 241\n  size: 946, 705\n  orig: 946, 705\n  offset: 0, 0\n  index: -1\n\nNoHu_ani2.png\nsize: 671,671\nformat: RGBA8888\nfilter: Linear,Linear\nrepeat: none\nbg\n  rotate: false\n  xy: 1, 232\n  size: 625, 438\n  orig: 625, 438\n  offset: 0, 0\n  index: -1\ncr\n  rotate: false\n  xy: 1, 1\n  size: 163, 74\n  orig: 163, 74\n  offset: 0, 0\n  index: -1\ngg\n  rotate: false\n  xy: 418, 59\n  size: 245, 172\n  orig: 245, 172\n  offset: 0, 0\n  index: -1\ntext\n  rotate: false\n  xy: 1, 76\n  size: 416, 155\n  orig: 416, 155\n  offset: 0, 0\n  index: -1\n","textures":[{"__uuid__":"01/wPaYBdPEIdyQZIvmNKN"},{"__uuid__":"f45hWlyYdDdbjyD7DrDWNO"}],"textureNames":["NoHu_ani.png","NoHu_ani2.png"]}