{"__type__":"sp.SkeletonData","_name":"monster","_skeletonJson":{"skeleton":{"hash":"SbOlbTiGJTbWw/l8drUpoUMcjJE","spine":"3.7.94","width":316,"height":327.4,"images":"./images/","audio":"C:/Users/Toanp/OneDrive/Máy tính/Zeus/SPINE/monster"},"bones":[{"name":"root","x":1.38,"y":17.97},{"name":"bone","parent":"root","x":26.3,"y":7.95},{"name":"Layer 106","parent":"root","x":-9.44,"y":-7.13},{"name":"Layer 108","parent":"Layer 106","length":27.3,"rotation":-32.47,"x":9.42,"y":-6.63},{"name":"Layer 110","parent":"Layer 108","x":31.37,"y":4.66},{"name":"Layer 109","parent":"Layer 110","length":30.93,"rotation":-16.65,"x":12.15,"y":-6.75},{"name":"Layer 112","parent":"Layer 109","length":50.54,"rotation":62.29,"x":36.52,"y":4.86},{"name":"Layer 111","parent":"Layer 106","length":24.15,"rotation":127.37,"x":-7.68,"y":6.28},{"name":"Layer 107","parent":"Layer 111","length":16.94,"rotation":-69.75,"x":24.06,"y":-10.47},{"name":"Layer 114","parent":"Layer 107","length":19.39,"rotation":92.12,"x":20.78,"y":2.43},{"name":"Layer 115","parent":"Layer 106","x":-5.23,"y":21.99},{"name":"Layer 113","parent":"Layer 115","length":24.12,"rotation":-86.68,"x":-4.54,"y":-3.84},{"name":"Layer 117","parent":"Layer 113","length":30.11,"rotation":-58.71,"x":30.99,"y":-2.15},{"name":"Layer 118","parent":"Layer 106","x":-22.34,"y":2.09},{"name":"Layer 116","parent":"Layer 118","length":23.04,"rotation":-125.13,"x":-5.24,"y":-4.19},{"name":"Layer 120","parent":"Layer 116","length":15.78,"rotation":0.04,"x":25.28,"y":-0.14},{"name":"Layer 121","parent":"Layer 106","length":19.22,"rotation":-105.8,"x":13.26,"y":-19.19},{"name":"Layer 119","parent":"Layer 121","length":27.99,"rotation":51.67,"x":14.26,"y":9.84},{"name":"Layer 123","parent":"Layer 106","x":20.94,"y":-7.68},{"name":"Layer 122","parent":"Layer 123","length":29.84,"rotation":-65.83,"x":2.44,"y":-13.61},{"name":"Layer 125","parent":"Layer 122","length":26.82,"rotation":14.49,"x":33.64,"y":2.5},{"name":"Layer 126","parent":"Layer 106","x":2.52,"y":11.46},{"name":"Layer 124","parent":"Layer 126","length":51.15,"rotation":60.58,"x":11.98,"y":10.9},{"name":"Layer 128","parent":"Layer 124","length":34.01,"rotation":-43.4,"x":54.53,"y":-4.63},{"name":"Layer 127","parent":"Layer 128","length":64.99,"rotation":-17.19,"x":42.33,"y":-2.57},{"name":"Layer 130","parent":"Layer 106","x":5.64,"y":47.17},{"name":"Layer 129","parent":"Layer 130","length":24.24,"rotation":64.77,"x":3.53,"y":7.31},{"name":"Layer 132","parent":"Layer 129","length":31.51,"rotation":-72.12,"x":33.91,"y":-1.01},{"name":"Layer 133","parent":"Layer 106","x":29.13,"y":-0.07}],"slots":[{"name":"Layer 110","bone":"Layer 132","attachment":"Layer 110"},{"name":"Layer 111","bone":"Layer 119","attachment":"Layer 111"},{"name":"Layer 112","bone":"Layer 125","attachment":"Layer 112"},{"name":"Layer 113","bone":"Layer 120","attachment":"Layer 113"},{"name":"Layer 106","bone":"Layer 114","attachment":"Layer 106"},{"name":"Layer 107","bone":"Layer 127","attachment":"Layer 107"},{"name":"Layer 108","bone":"Layer 117","attachment":"Layer 108"},{"name":"Layer 109","bone":"Layer 112","attachment":"Layer 109"},{"name":"Layer 114","bone":"Layer 133","attachment":"Layer 114"},{"name":"Layer 115","bone":"bone","attachment":"Layer 115","blend":"additive"},{"name":"Layer 116","bone":"bone","attachment":"Layer 116","blend":"additive"},{"name":"Layer 117","bone":"bone","attachment":"Layer 117","blend":"additive"},{"name":"Layer 118","bone":"bone","attachment":"Layer 118","blend":"additive"},{"name":"Layer 119","bone":"bone","attachment":"Layer 119","blend":"additive"},{"name":"Layer 120","bone":"bone","attachment":"Layer 120","blend":"additive"},{"name":"Layer 121","bone":"bone","attachment":"Layer 121","blend":"additive"},{"name":"Layer 122","bone":"bone","attachment":"Layer 122","blend":"additive"},{"name":"Layer 123","bone":"bone","attachment":"Layer 123","blend":"additive"},{"name":"Layer 124","bone":"bone","attachment":"Layer 124","blend":"additive"},{"name":"Layer 125","bone":"bone","attachment":"Layer 125","blend":"additive"},{"name":"Layer 126","bone":"bone","attachment":"Layer 126","blend":"additive"},{"name":"Layer 127","bone":"bone","attachment":"Layer 127","blend":"additive"}],"skins":{"default":{"Layer 106":{"Layer 106":{"type":"mesh","uvs":[0.05657,0.14882,0.11821,0.10409,0.17147,0.10193,0.19002,0.12403,0.24388,0.12187,0.31449,0.14505,0.36536,0.1747,0.41802,0.19518,0.43178,0.22698,0.43358,0.25069,0.46769,0.27764,0.49282,0.30406,0.51197,0.34017,0.51197,0.38652,0.48205,0.43072,0.46469,0.45983,0.5187,0.49496,0.55102,0.52245,0.57974,0.5591,0.60847,0.59521,0.64138,0.63025,0.67788,0.65773,0.72804,0.70523,0.79266,0.7532,0.82618,0.80872,0.84353,0.861,0.82737,0.89227,0.80762,0.92508,0.78608,0.94933,0.75137,0.9585,0.71128,0.96442,0.66759,0.95311,0.62092,0.93424,0.5503,0.89382,0.47023,0.84287,0.4439,0.81214,0.40081,0.79112,0.3679,0.8046,0.32421,0.80244,0.28053,0.80783,0.26497,0.80999,0.20944,0.79536,0.11788,0.77434,0.07479,0.73122,0.04607,0.68918,0.00478,0.63959,0,0.57234,0,0.51575,0.0029,0.47209,0.04899,0.39817,0.10105,0.37392,0.14115,0.35128,0.1579,0.32433,0.15611,0.30115,0.09738,0.30496,0.06088,0.3001,0.06088,0.27531,0.06447,0.25213,0.09678,0.24243,0.12192,0.24081,0.14107,0.22518,0.12132,0.19769,0.10576,0.18045,0.05669,0.195,0.03455,0.19069,0.04173,0.16104],"triangles":[62,0,1,63,0,62,65,0,63,64,65,63,1,3,62,3,1,2,61,62,3,60,61,3,54,55,56,53,60,3,59,60,53,54,58,59,54,59,53,56,57,58,58,54,56,15,52,53,14,11,12,14,10,11,13,14,12,14,15,9,14,9,10,49,46,47,48,49,47,44,45,46,46,50,44,49,50,46,51,43,44,50,51,44,41,42,43,3,9,15,8,6,7,9,6,8,9,3,6,36,15,16,36,16,17,36,17,18,36,18,19,35,36,19,3,15,53,5,3,4,6,3,5,15,38,41,15,51,52,41,51,15,41,43,51,36,38,15,37,38,36,39,41,38,40,41,39,20,35,19,34,35,20,26,24,25,21,33,34,21,34,20,33,21,22,23,31,32,27,24,26,32,33,22,32,22,23,23,24,31,24,27,31,27,29,31,28,29,27,30,31,29],"vertices":[37.45,3.34,33.87,-6.05,28.18,-9.72,24.58,-8.22,18.82,-11.93,9.43,-13.62,1.74,-13.27,-5.49,-14.14,-9.26,-11.15,-11.14,-8.38,-16.8,-7.28,-21.43,-5.67,-26.1,-2.5,-29.39,3.15,-29.25,10.45,-29.41,15.1,-37.83,15.92,-43.33,17.2,-49.09,19.83,-54.8,22.39,-60.9,24.55,-66.86,25.56,-75.74,28.14,-86.23,29.85,-93.85,34.46,-99.47,39.72,-99.92,44.56,-100.09,49.82,-99.45,54.15,-96.29,57.49,-92.31,60.78,-86.72,62.2,-80.26,62.89,-69.64,62.48,-57.23,61.4,-52.16,59.34,-45.94,59.54,-43.29,63.29,-38.34,65.82,-33.93,69.27,-32.38,70.53,-25.25,72.3,-13.71,75.6,-5.92,73.11,0.22,69.82,8.27,66.43,13.57,58.54,17.59,51.65,20.38,46.15,20.57,34.19,16.58,27.91,13.79,22.59,13.87,18.23,15.71,15.52,21.88,19.75,26.23,21.49,27.99,18.47,29.25,15.42,26.39,12.17,23.75,10.36,22.76,7.23,26.88,5.15,29.81,4.04,34.16,8.96,36.9,9.85,38.21,5.78],"hull":66,"edges":[0,2,2,4,4,6,6,8,8,10,10,12,12,14,14,16,16,18,18,20,20,22,22,24,24,26,26,28,28,30,30,32,32,34,34,36,36,38,38,40,40,42,42,44,44,46,46,48,48,50,50,52,52,54,54,56,56,58,58,60,60,62,62,64,64,66,66,68,68,70,70,72,72,74,74,76,76,78,78,80,80,82,82,84,84,86,86,88,88,90,90,92,92,94,94,96,96,98,98,100,100,102,102,104,104,106,106,108,108,110,110,112,112,114,114,116,116,118,118,120,120,122,122,124,124,126,126,128,128,130,0,130],"width":127,"height":141}},"Layer 107":{"Layer 107":{"type":"mesh","uvs":[0.01535,0.64455,0.05167,0.62066,0.05914,0.57851,0.0805,0.53494,0.11041,0.48295,0.08371,0.40707,0.07196,0.31291,0.08905,0.23281,0.12856,0.18082,0.14138,0.26935,0.16594,0.19487,0.21187,0.11196,0.2941,0.07121,0.24391,0.18082,0.3176,0.12039,0.38168,0.06559,0.5045,0.04872,0.58673,0.07964,0.638,0.10634,0.70449,0.12882,0.74721,0.10353,0.81663,0.05716,0.84333,0.00235,0.85935,0,0.88392,0,0.92664,0.03748,0.96081,0.08948,0.96402,0.19347,0.92023,0.32134,0.85935,0.41269,0.98217,0.41128,1,0.4436,0.99499,0.53635,0.96508,0.58834,0.78887,0.59396,0.69915,0.59256,0.63721,0.58132,0.62439,0.64596,0.61158,0.70639,0.56245,0.74152,0.4973,0.80335,0.43109,0.83848,0.34565,0.80194,0.32429,0.74854,0.31467,0.83567,0.27725,0.95209,0.25268,0.98722,0.22171,0.99143,0.17685,0.91414,0.12879,0.82983,0.06258,0.72022,0.02733,0.66401],"triangles":[46,47,45,45,47,48,45,48,44,48,49,44,41,42,40,44,49,43,49,50,43,39,40,43,40,42,43,3,43,2,3,4,43,37,43,4,13,4,9,9,10,13,39,43,37,38,39,37,51,1,50,43,50,1,2,43,1,4,13,37,37,13,14,36,37,14,17,14,16,14,15,16,51,0,1,18,36,14,33,34,29,29,34,35,35,36,29,31,32,29,32,33,29,36,19,29,36,18,19,18,14,17,31,29,30,4,5,9,29,19,28,28,19,20,28,20,21,27,28,22,22,28,21,23,27,22,5,6,9,27,25,26,24,25,23,27,23,25,6,7,9,8,9,7,13,10,11,13,11,12],"vertices":[2,21,-23.78,14.65,0.83983,22,-14.3,32.99,0.16017,2,21,-14.7,19.19,0.66514,22,-5.89,27.31,0.33486,2,21,-12.84,27.2,0.41029,22,2.01,29.62,0.58971,2,21,-7.5,35.48,0.20406,22,11.84,29.03,0.79594,2,21,-0.02,45.36,0.03994,22,24.12,27.37,0.96006,2,21,-6.69,59.77,0.00144,22,33.4,40.27,0.99856,2,22,47.54,51.61,0.99564,23,-43.72,36.06,0.00436,2,22,62.89,55.37,0.98789,23,-35.15,49.34,0.01211,2,22,76.35,51.61,0.99205,23,-22.79,55.86,0.00795,2,22,63.27,40.56,0.90999,23,-24.7,38.84,0.09001,2,22,78.62,42.16,0.67601,23,-14.65,50.55,0.32399,2,22,97.98,39.9,0.57147,23,0.97,62.21,0.42853,3,22,114.82,25.8,0.56304,23,22.9,63.53,0.43695,24,-38.1,57.41,0,3,22,90.51,26.5,0.50048,23,4.76,47.34,0.48816,24,-50.65,36.58,0.01136,3,22,109.56,16.09,0.15291,23,25.75,52.87,0.68707,24,-32.22,48.06,0.16002,3,22,126.5,7.25,0.04842,23,44.13,58.08,0.59581,24,-16.2,58.48,0.35577,3,22,144.38,-17.92,0.00178,23,74.41,52.07,0.31008,24,14.5,61.68,0.68814,2,23,92.32,40.38,0.13923,24,35.06,55.81,0.86077,2,23,103.07,31.75,0.06137,24,47.88,50.73,0.93863,2,23,117.68,22.76,0.01061,24,64.5,46.46,0.98939,2,23,129.31,24.19,0.00146,24,75.18,51.27,0.99854,1,24,92.54,60.08,1,1,24,99.21,70.49,1,1,24,103.22,70.94,1,1,24,109.36,70.94,1,1,24,120.04,63.82,1,1,24,128.58,53.94,1,1,24,129.38,34.18,1,1,24,118.44,9.88,1,1,24,103.22,-7.47,1,1,24,133.92,-7.2,1,1,24,138.38,-13.35,1,1,24,137.13,-30.97,1,1,24,129.65,-40.85,1,2,22,89.06,-130.73,0.00009,24,85.59,-41.91,0.99991,3,22,78.28,-111.06,0.00552,23,90.38,-61.03,0.00338,24,63.17,-41.65,0.9911,3,22,72.53,-96.53,0.0307,23,76.21,-54.41,0.03365,24,47.68,-39.51,0.93564,3,22,60.26,-99.77,0.07471,23,69.52,-65.2,0.08681,24,44.48,-51.79,0.83848,3,22,48.68,-102.62,0.10296,23,63.07,-75.22,0.11644,24,41.27,-63.27,0.7806,3,22,36.84,-95.2,0.14784,23,49.36,-77.97,0.15655,24,28.99,-69.95,0.69561,3,22,18.6,-86.78,0.24591,23,30.33,-84.38,0.21252,24,12.7,-81.7,0.54157,4,21,80.15,-22.2,0.00213,22,4.66,-75.64,0.32378,23,12.55,-85.86,0.23228,24,-3.85,-88.37,0.4418,4,21,58.79,-15.25,0.02584,22,0.21,-53.63,0.43487,23,-5.81,-72.92,0.22568,24,-25.21,-81.43,0.31361,4,21,53.45,-5.11,0.09572,22,6.43,-43.99,0.55013,23,-7.91,-61.65,0.17222,24,-30.55,-71.28,0.18193,4,21,51.05,-21.66,0.34695,22,-9.17,-50.03,0.55779,23,-15.1,-76.75,0.0506,24,-32.95,-87.84,0.04466,4,21,41.69,-43.78,0.54579,22,-33.04,-52.74,0.44543,23,-30.58,-95.12,0.00482,24,-42.31,-109.96,0.00396,4,21,35.55,-50.46,0.56998,22,-41.87,-50.67,0.42843,23,-38.41,-99.68,0.00089,24,-48.45,-116.63,0.0007,2,21,27.81,-51.26,0.57812,22,-46.37,-44.32,0.42188,4,21,16.59,-36.57,0.61195,22,-39.08,-27.34,0.38701,23,-52.42,-80.82,0.00061,24,-67.41,-102.75,0.00044,2,21,4.58,-20.55,0.7854,22,-31.03,-9.01,0.2146,2,21,-11.98,0.27,0.97447,22,-21.02,15.64,0.02553,2,21,-20.79,10.95,0.84487,22,-16.05,28.56,0.15513],"hull":52,"edges":[0,2,2,4,4,6,6,8,8,10,10,12,12,14,14,16,16,18,18,20,20,22,22,24,24,26,26,28,28,30,30,32,32,34,34,36,36,38,38,40,40,42,42,44,44,46,46,48,48,50,50,52,52,54,54,56,56,58,58,60,60,62,62,64,64,66,66,68,68,70,70,72,72,74,74,76,76,78,78,80,80,82,82,84,84,86,86,88,88,90,90,92,92,94,94,96,96,98,98,100,100,102,0,102],"width":250,"height":190}},"Layer 108":{"Layer 108":{"type":"mesh","uvs":[0.64745,0,0.53416,0.03723,0.42827,0.11476,0.41103,0.17242,0.43073,0.26585,0.47752,0.36326,0.52185,0.43284,0.5317,0.51633,0.50461,0.56205,0.40857,0.6038,0.34207,0.63561,0.23372,0.60778,0.11551,0.65151,0.04655,0.67735,0,0.73699,0.00005,0.86234,0.04684,0.89216,0.12072,0.91801,0.21923,0.92397,0.30789,0.89614,0.43102,0.81662,0.47781,0.7371,0.53445,0.70728,0.62311,0.67349,0.70438,0.62776,0.80289,0.64168,0.86692,0.62578,0.93095,0.57409,0.95065,0.46674,0.89893,0.35343,0.88169,0.30373,0.92602,0.25403,0.9802,0.20632,0.98512,0.12481,0.95557,0.05126,0.86692,0.00355,0.7758,0,0.69207,0],"triangles":[34,33,35,33,31,35,32,31,33,1,3,2,4,3,1,31,36,35,5,4,1,30,6,5,37,5,1,1,0,37,30,37,36,31,30,36,37,30,5,6,24,7,29,6,30,28,26,29,6,29,24,28,27,26,29,25,24,23,8,7,26,25,29,24,23,7,22,8,23,9,8,22,21,9,22,21,10,9,20,10,21,16,15,14,17,16,13,16,14,13,19,11,10,19,10,20,12,11,19,12,17,13,12,18,17,19,18,12],"vertices":[2,11,-11.58,-2.29,0.48009,10,-7.49,7.59,0.51991,2,11,-8.93,-10.04,0.88076,10,-15.08,4.5,0.11924,2,11,-2.92,-17.5,0.99836,10,-22.18,-1.94,0.00164,1,11,1.79,-18.93,1,2,12,2.49,-26.54,0.00759,11,9.61,-18.06,0.99241,2,12,4.51,-18.1,0.09806,11,17.86,-15.4,0.90194,2,12,5.34,-11.66,0.38215,11,23.8,-12.77,0.61785,2,12,8.74,-5.58,0.88786,11,30.76,-12.51,0.11214,2,12,12.38,-3.49,0.99368,11,34.44,-14.54,0.00632,1,12,19.65,-4.29,1,1,12,24.82,-4.65,1,1,12,29.48,-10.68,1,1,12,38.06,-12.19,1,1,12,43.08,-13.05,1,1,12,48.46,-10.74,1,1,12,54.36,-2.18,1,1,12,53.19,1.64,1,1,12,50.33,6.22,1,1,12,45.18,10.37,1,1,12,38.98,11.84,1,1,12,28.44,11.1,1,1,12,22.12,7.45,1,1,12,17.59,7.57,1,1,12,11.1,8.63,1,2,12,4.47,8.6,0.99649,11,40.66,-1.5,0.00351,2,12,-0.31,13.3,0.91665,11,42.19,5.03,0.08335,2,12,-4.59,14.65,0.83291,11,41.12,9.39,0.16709,2,12,-10.56,13.56,0.67814,11,37.09,13.92,0.32186,3,12,-16.7,6.97,0.35203,11,28.27,15.75,0.64732,10,12.82,-31.15,0.00065,3,12,-19.19,-2.74,0.04236,11,18.68,12.84,0.90679,10,9.36,-21.75,0.05085,3,12,-20.59,-6.79,0.00315,11,14.5,11.92,0.82314,10,8.2,-17.62,0.17371,2,11,10.55,15.12,0.53944,10,11.17,-13.5,0.46056,2,11,6.81,18.98,0.31556,10,14.8,-9.54,0.68444,2,11,0.07,19.7,0.12293,10,15.13,-2.77,0.87707,2,11,-6.14,18.08,0.01715,10,13.15,3.33,0.98285,1,10,7.21,7.29,1,2,11,-11.08,6.3,0.02453,10,1.11,7.59,0.97547,2,11,-11.41,0.7,0.29292,10,-4.5,7.59,0.70708],"hull":38,"edges":[0,2,2,4,4,6,6,8,8,10,10,12,12,14,14,16,16,18,18,20,20,22,22,24,24,26,26,28,28,30,30,32,32,34,34,36,36,38,38,40,40,42,42,44,44,46,46,48,48,50,50,52,52,54,54,56,56,58,58,60,60,62,62,64,64,66,66,68,68,70,70,72,72,74,0,74],"width":67,"height":83}},"Layer 109":{"Layer 109":{"type":"mesh","uvs":[0.03192,0.28725,0.10629,0.33691,0.15009,0.41077,0.21122,0.48208,0.29781,0.46425,0.35792,0.39676,0.40682,0.37257,0.49443,0.37384,0.54333,0.31908,0.61159,0.30253,0.67984,0.31781,0.85737,0.36344,0.99286,0.38509,1,0.49078,1,0.59266,0.96081,0.7877,0.88033,0.86283,0.75808,0.94433,0.69288,0.97617,0.60018,0.99399,0.34142,0.97235,0.20238,1,0.18201,0.8883,0.11172,0.84373,0.05059,0.81826,0.01901,0.69983,0,0.39803,0,0.34582,0,0.28979],"triangles":[21,22,20,19,20,7,7,4,5,18,19,17,17,19,7,16,17,7,10,7,9,7,8,9,20,22,4,22,3,4,7,20,4,16,10,11,10,16,7,16,11,15,5,6,7,14,15,13,13,15,11,13,11,12,22,23,3,3,23,25,23,24,25,25,2,3,2,25,26,2,26,1,26,27,1,27,0,1,27,28,0],"vertices":[2,4,-6.65,11.59,0.9992,5,-23.27,12.18,0.0008,3,4,6.8,12.62,0.7619,5,-10.68,17.02,0.23793,6,-11.18,47.43,0.00017,3,4,17.79,8.4,0.24791,5,1.06,16.13,0.72934,6,-6.51,36.63,0.02274,3,4,30.94,5.95,0.00956,5,14.36,17.55,0.70106,6,0.94,25.52,0.28938,2,5,21.7,29.52,0.18704,6,14.95,24.58,0.81296,2,5,21.47,42.44,0.03512,6,26.28,30.8,0.96488,2,5,24.25,50.39,0.01089,6,34.6,32.03,0.98911,2,5,33.54,60.88,0.00007,6,48.22,28.68,0.99993,1,6,57.43,33.72,1,1,6,68.55,33.3,1,1,6,78.74,28.9,1,1,6,105.06,16.74,1,1,6,125.54,9.1,1,1,6,123.57,-4.33,1,1,6,120.6,-17.03,1,1,6,108.8,-39.91,1,1,6,94.07,-46.33,1,1,6,72.65,-52.03,1,1,6,61.56,-53.63,1,1,6,46.6,-52.47,1,2,5,75.44,-7.77,0.04824,6,6.92,-40.33,0.95176,2,5,63.56,-26.91,0.1997,6,-15.55,-38.71,0.8003,2,5,50.62,-20.02,0.40901,6,-15.46,-24.05,0.59099,2,5,38.94,-24.78,0.83439,6,-25.11,-15.93,0.16561,2,5,30.07,-30.05,0.96876,6,-33.89,-10.53,0.03124,1,5,15.31,-23.94,1,2,4,-3.35,-3.11,0.94897,5,-15.89,-0.96,0.05103,1,4,-6.94,2.53,1,1,4,-10.79,8.58,1],"hull":29,"edges":[0,2,2,4,4,6,6,8,8,10,10,12,12,14,14,16,16,18,18,20,20,22,22,24,24,26,26,28,28,30,30,32,32,34,34,36,36,38,38,40,40,42,42,44,44,46,46,48,48,50,50,52,52,54,54,56,0,56],"width":160,"height":128}},"Layer 110":{"Layer 110":{"type":"mesh","uvs":[0.00658,0.60487,0.05449,0.64288,0.09872,0.69356,0.14909,0.74654,0.18349,0.80413,0.18963,0.8479,0.19578,0.91016,0.20069,0.98272,0.24615,1,0.29898,1,0.37515,0.97351,0.44518,0.86639,0.44886,0.73279,0.47466,0.82032,0.47466,0.89519,0.48326,0.97236,0.54592,1,0.58155,0.79268,0.6184,0.84566,0.63929,0.85948,0.69528,0.9073,0.76285,0.96373,0.78865,0.73683,0.77268,0.69537,0.84271,0.76217,0.88079,0.85086,0.93608,0.85086,0.94959,0.72071,0.80953,0.48805,0.86236,0.47423,0.93362,0.43507,1,0.37057,1,0.1998,0.93485,0.11803,0.55522,0.2263,0.42745,0.16986,0.36848,0.15258,0.42499,0.10651,0.48765,0.08347,0.57365,0.05007,0.50731,0.01206,0.41762,0.01552,0.25299,0.10651,0.23579,0.02819,0.16208,0.0374,0.09451,0.11803,0.08468,0.20441,0.07608,0.32189,0.07731,0.49236,0.05888,0.53037,0.01219,0.56607],"triangles":[38,41,40,38,40,39,37,41,38,36,42,41,37,36,41,30,33,32,34,33,28,32,31,30,30,29,33,29,28,33,44,48,47,1,50,49,0,50,1,44,46,45,46,44,47,3,2,48,49,48,2,1,49,2,28,12,34,12,35,34,23,12,28,27,23,28,3,48,36,44,43,42,42,48,44,27,24,23,17,12,23,17,23,22,4,3,12,42,36,48,36,12,3,35,12,36,13,12,17,18,17,22,11,5,4,12,11,4,26,25,24,27,26,24,19,18,22,14,13,17,16,14,17,20,19,22,10,6,5,22,21,20,16,15,14,11,10,5,8,7,6,6,9,8,10,9,6],"vertices":[2,25,-19.05,12.66,0.17876,26,-4.79,22.71,0.82124,2,25,-14.02,8.4,0.27214,26,-6.49,16.34,0.72786,2,25,-9.38,2.73,0.59603,26,-9.65,9.72,0.40397,2,25,-4.09,-3.21,0.99378,26,-12.76,2.41,0.00622,3,25,-0.48,-9.66,0.99775,26,-17.05,-3.61,0.002,27,-13.18,-49.3,0.00025,1,25,0.17,-14.56,1,1,25,0.81,-21.53,1,1,25,1.33,-29.66,1,2,25,6.1,-31.59,0.99909,26,-34.09,-18.91,0.00091,3,25,11.65,-31.59,0.99133,26,-31.73,-23.93,0.00858,27,1.66,-69.5,0.00009,3,25,19.65,-28.63,0.95872,26,-25.64,-29.9,0.03794,27,9.21,-65.54,0.00334,3,25,27,-16.63,0.79239,26,-11.65,-31.44,0.17185,27,14.97,-52.7,0.03575,3,25,27.39,-1.67,0.2307,26,2.05,-25.41,0.48192,27,13.44,-37.81,0.28738,3,25,30.1,-11.47,0.04404,26,-5.66,-32.04,0.48471,27,17.38,-47.18,0.47125,3,25,30.1,-19.86,0.01163,26,-13.25,-35.61,0.51318,27,18.45,-55.5,0.47518,3,25,31,-28.5,0.00132,26,-20.68,-40.11,0.52813,27,20.45,-63.96,0.47054,2,26,-20.68,-47.38,0.53016,27,27.37,-66.18,0.46984,3,25,41.32,-8.37,0.02432,26,1.92,-40.87,0.40623,27,28.11,-42.68,0.56945,3,25,45.19,-14.31,0.0062,26,-1.79,-46.9,0.33557,27,32.71,-48.07,0.65823,3,25,47.38,-15.86,0.00372,26,-2.26,-49.54,0.32503,27,35.08,-49.32,0.67126,3,25,53.26,-21.21,0.0003,26,-4.6,-57.14,0.30906,27,41.6,-53.88,0.69065,3,25,60.36,-27.53,0,26,-7.29,-66.26,0.30668,27,49.44,-59.24,0.69332,3,25,63.06,-2.12,0.00002,26,16.85,-57.87,0.24051,27,48.88,-33.69,0.75948,3,25,61.39,2.52,0.00011,26,20.34,-54.38,0.17445,27,46.62,-29.3,0.82544,2,26,16.7,-64.22,0.08738,27,54.87,-35.78,0.91262,2,26,9.42,-72.07,0.0705,27,60.11,-45.12,0.9295,2,26,11.9,-77.32,0.07004,27,65.86,-44.37,0.92996,2,26,25.69,-72.39,0.08045,27,65.41,-29.74,0.91955,2,26,42.99,-47.98,0.03015,27,47.49,-5.77,0.96985,2,26,46.76,-52.34,0.00646,27,52.79,-3.53,0.99354,2,26,53.91,-57.24,0.00018,27,59.65,1.78,0.99982,1,27,65.64,9.83,1,1,27,63.19,28.8,1,1,27,55.23,37.01,1,1,27,17.25,19.88,1,2,26,58.13,3.5,0.00086,27,3.14,24.44,0.99914,2,26,57.24,9.93,0.01082,27,-3.25,25.56,0.98918,2,26,64.43,6.76,0.00058,27,1.97,31.44,0.99942,1,27,8.17,34.84,1,1,27,16.64,39.71,1,1,27,9.19,43.04,1,1,27,-0.1,41.45,1,2,26,56.74,23.1,0.06599,27,-15.94,29.13,0.93401,2,26,63.9,28.47,0.07682,27,-18.85,37.6,0.92318,2,26,59.67,35.03,0.08683,27,-26.4,35.58,0.91317,2,26,48.47,37.6,0.13995,27,-32.28,25.72,0.86005,2,26,39.28,34.41,0.24594,27,-32.06,15.99,0.75406,2,26,27,29.62,0.53248,27,-31.27,2.83,0.46752,3,25,-11.63,25.26,0.03374,26,9.78,21.36,0.91989,27,-28.7,-16.09,0.04637,3,25,-13.56,21,0.09091,26,5.1,21.3,0.89817,27,-30.08,-20.56,0.01092,3,25,-18.46,17.01,0.15634,26,-0.6,24.03,0.84318,27,-34.43,-25.16,0.00048],"hull":51,"edges":[0,2,2,4,4,6,6,8,8,10,10,12,12,14,14,16,16,18,18,20,20,22,22,24,24,26,26,28,28,30,30,32,32,34,34,36,36,38,38,40,40,42,42,44,44,46,46,48,48,50,50,52,52,54,54,56,56,58,58,60,60,62,62,64,64,66,66,68,68,70,70,72,72,74,74,76,76,78,78,80,80,82,82,84,84,86,86,88,88,90,90,92,92,94,94,96,96,98,98,100,0,100],"width":105,"height":112}},"Layer 111":{"Layer 111":{"type":"mesh","uvs":[0.60452,0.15722,0.56869,0.22384,0.60708,0.26825,0.6378,0.33339,0.66595,0.41925,0.73505,0.42813,0.81183,0.43109,0.90396,0.48735,0.96027,0.5436,0.92444,0.61466,0.78112,0.60282,0.63268,0.56285,0.57125,0.49623,0.52774,0.42369,0.474,0.36596,0.36139,0.39852,0.2411,0.42961,0.12337,0.42221,0.03891,0.40741,0,0.34523,0,0.27121,0.04403,0.19127,0.07474,0.12909,0.02356,0.05803,0.06451,0.00918,0.16176,0,0.27437,0,0.35883,0,0.44841,0.02843,0.55846,0.08764],"triangles":[10,7,9,9,7,8,10,11,5,11,4,5,10,6,7,10,5,6,11,12,4,12,13,4,22,15,16,13,3,4,13,14,3,17,20,21,16,17,21,22,16,21,15,22,26,22,25,26,26,27,15,19,20,17,15,28,14,15,27,28,14,2,3,14,1,2,1,28,29,1,14,28,17,18,19,1,29,0,23,24,22,22,24,25],"vertices":[2,17,0.63,16.47,0.73292,16,1.74,20.55,0.26708,2,17,4.9,10.77,0.9377,16,8.85,20.37,0.0623,2,17,9.9,9.95,0.9975,16,12.59,23.78,0.0025,1,17,16.34,7.53,1,1,17,24.41,3.74,1,1,17,27.54,6.52,1,1,17,30.44,10.01,1,1,17,38.27,11.05,1,1,17,44.87,10.38,1,1,17,49.5,4.42,1,1,17,43.57,-1.72,1,1,17,35.13,-6.43,1,1,17,27.5,-5.38,1,1,17,20,-3.13,1,2,17,13.37,-2.25,0.98137,16,24.32,18.94,0.01863,2,17,12.17,-9.58,0.67344,16,29.33,13.45,0.32656,2,17,10.58,-17.19,0.33076,16,34.31,7.48,0.66924,2,17,5.9,-22.37,0.13183,16,35.47,0.59,0.86817,2,17,1.76,-25.53,0.05599,16,35.38,-4.61,0.94401,2,17,-4.73,-23.67,0.01102,16,29.9,-8.55,0.98898,1,16,22.64,-10.6,1,1,16,14.08,-10.32,1,1,16,7.49,-10.31,1,1,16,1.34,-15.19,1,1,16,-4.12,-14.22,1,1,16,-6.58,-8.95,1,2,17,-23.78,10.08,0.00429,16,-8.39,-2.56,0.99571,2,17,-20.86,14.12,0.04254,16,-9.75,2.23,0.95746,2,17,-15.41,16.7,0.16734,16,-8.4,8.11,0.83266,2,17,-6.71,18.42,0.48581,16,-4.35,16,0.51419],"hull":30,"edges":[0,2,2,4,4,6,6,8,8,10,10,12,12,14,14,16,16,18,18,20,20,22,22,24,24,26,26,28,28,30,30,32,32,34,34,36,36,38,38,40,40,42,42,44,44,46,46,48,48,50,50,52,52,54,54,56,56,58,0,58],"width":59,"height":102}},"Layer 112":{"Layer 112":{"type":"mesh","uvs":[0.20825,0.02268,0.26725,0.07344,0.32544,0.13244,0.36747,0.20448,0.39657,0.28475,0.41192,0.35815,0.42324,0.41921,0.43051,0.47341,0.49044,0.49406,0.55186,0.52288,0.59632,0.5757,0.6343,0.61412,0.65127,0.66489,0.69548,0.77016,0.76014,0.75918,0.81429,0.77702,0.84177,0.80652,0.84662,0.84768,0.8248,0.85866,0.85631,0.86689,0.89753,0.86346,0.92743,0.87581,0.9382,0.91407,0.93497,0.94631,0.88163,0.97513,0.83879,0.99022,0.76201,0.97238,0.69493,0.94837,0.63836,0.91475,0.60522,0.87016,0.56578,0.78279,0.5189,0.7334,0.48334,0.68194,0.39272,0.66663,0.303,0.65909,0.22541,0.62822,0.17126,0.56304,0.10248,0.43823,0.06046,0.36208,0.0257,0.29142,0.01924,0.22212,0.0257,0.1645,0.05884,0.09864,0.08309,0.04855,0.10243,0.01042,0.13719,0,0.16709,0],"triangles":[41,1,40,1,38,39,41,42,1,40,1,39,43,45,46,43,44,45,46,0,43,1,42,0,0,42,43,2,38,1,3,38,2,4,38,3,37,4,5,37,5,6,37,38,4,36,37,6,36,6,7,35,36,7,34,35,7,33,34,7,33,7,8,32,33,8,32,8,9,32,9,10,11,31,32,11,32,10,31,11,12,30,31,12,13,30,12,18,15,16,18,16,17,29,30,13,28,29,13,21,22,20,27,28,13,18,27,13,13,14,18,18,14,15,26,27,18,25,26,18,24,19,20,22,24,20,23,24,22,19,25,18,24,25,19],"vertices":[2,19,-15.14,7.58,0.013,18,3.16,3.3,0.987,2,19,-9.34,9.69,0.30517,18,7.46,-1.12,0.69483,2,19,-2.97,11.49,0.71749,18,11.71,-6.2,0.28251,2,19,3.94,11.76,0.94555,18,14.78,-12.39,0.05445,2,19,11.1,10.87,0.99907,18,16.9,-19.29,0.00093,2,20,-14.09,10.67,0.00017,19,17.32,9.31,0.99983,2,20,-9.48,8.03,0.03373,19,22.45,7.91,0.96627,2,20,-5.5,5.54,0.32016,19,26.92,6.49,0.67984,2,20,-1.38,7.84,0.86064,19,30.33,9.75,0.13936,2,20,3.35,9.8,0.99707,19,34.43,12.83,0.00293,1,20,8.93,9.49,1,1,20,13.24,9.59,1,1,20,17.42,7.83,1,1,20,26.51,4.7,1,1,20,28.72,8.97,1,1,20,32.39,11.1,1,1,20,35.62,11.08,1,1,20,38.61,9.15,1,1,20,38.35,7.32,1,1,20,40.34,8.67,1,1,20,41.99,11.2,1,1,20,44.18,12.24,1,1,20,47.24,10.8,1,1,20,49.26,8.89,1,1,20,48.76,4.3,1,1,20,47.82,1.05,1,1,20,43.12,-2.37,1,1,20,38.45,-4.91,1,1,20,33.61,-6.33,1,1,20,29.11,-5.82,1,1,20,21.44,-3.37,1,1,20,15.99,-3.39,1,2,20,10.91,-2.66,0.99884,19,44.86,2.66,0.00116,2,20,5.75,-7,0.82333,19,40.95,-2.83,0.17667,2,20,1.15,-11.71,0.36969,19,37.68,-8.54,0.63031,2,20,-4.46,-14.47,0.10428,19,32.94,-12.62,0.89572,2,20,-11.31,-14.06,0.00604,19,26.21,-13.94,0.99396,1,19,14.36,-14.12,1,2,19,7.13,-14.24,0.99925,18,-7.63,-25.94,0.00075,2,19,0.54,-14.07,0.96469,18,-10.17,-19.87,0.03531,2,19,-5.09,-12.06,0.84034,18,-10.64,-13.91,0.15966,2,19,-9.41,-9.6,0.64596,18,-10.17,-8.95,0.35404,2,19,-13.59,-5.07,0.28755,18,-7.75,-3.29,0.71245,2,19,-16.8,-1.7,0.05245,18,-5.98,1.02,0.94755,2,19,-19.21,0.94,0.00121,18,-4.57,4.3,0.99879,1,18,-2.03,5.19,1,1,18,0.15,5.19,1],"hull":47,"edges":[0,2,2,4,4,6,6,8,8,10,10,12,12,14,14,16,16,18,18,20,20,22,22,24,24,26,26,28,28,30,30,32,32,34,34,36,36,38,38,40,40,42,42,44,44,46,46,48,48,50,50,52,52,54,54,56,56,58,58,60,60,62,62,64,64,66,66,68,68,70,70,72,72,74,74,76,76,78,78,80,80,82,82,84,84,86,86,88,88,90,90,92,0,92],"width":73,"height":86}},"Layer 113":{"Layer 113":{"type":"mesh","uvs":[0.95385,0.18504,0.8789,0.27011,0.79859,0.34357,0.65404,0.43057,0.54339,0.5021,0.51841,0.53304,0.52911,0.5833,0.52019,0.62197,0.59336,0.65484,0.59693,0.7399,0.58622,0.8385,0.51662,0.87137,0.48807,0.8733,0.4613,0.89457,0.41847,0.92163,0.35779,0.93903,0.26856,0.95837,0.18826,0.9081,0.14364,0.83657,0.15792,0.7631,0.16506,0.6819,0.16327,0.62197,0.21324,0.56397,0.30425,0.55817,0.35065,0.5659,0.35065,0.50597,0.40062,0.42284,0.42382,0.3513,0.45952,0.23724,0.49521,0.13477,0.53625,0.04971,0.57373,0.01297,0.62905,0,0.69151,0.02457,0.76647,0.08064,0.81822,0.09997,0.89139,0.14057],"triangles":[1,35,36,1,36,0,2,34,35,2,35,1,33,31,32,33,30,31,2,29,34,30,33,34,34,29,30,29,2,28,3,28,2,27,28,3,4,26,27,3,4,27,5,26,4,25,26,5,24,25,5,6,24,5,7,24,6,20,21,22,12,7,9,9,7,8,7,12,24,10,11,9,9,11,12,13,24,12,20,23,19,23,17,19,18,19,17,22,23,20,24,17,23,24,15,17,13,14,24,14,15,24,16,17,15],"vertices":[1,13,15.23,-2.62,1,2,14,-6.15,14.88,0.11249,13,10.47,-7.73,0.88751,2,14,0.46,13.15,0.46748,13,5.25,-12.13,0.53252,2,14,10.14,8.47,0.96221,13,-4.14,-17.35,0.03779,2,15,-7.49,5.2,0.00954,14,17.79,5.06,0.99046,2,15,-5.03,4.94,0.12817,14,20.24,4.8,0.87183,2,15,-2.97,7.24,0.47048,14,22.3,7.1,0.52952,2,15,-0.73,8.1,0.75164,14,24.54,7.96,0.24836,2,15,-1.86,13.13,0.93536,14,23.41,12.99,0.06464,2,15,2.19,16.25,0.97754,14,27.45,16.12,0.02246,2,15,7.43,19.08,0.99917,14,32.69,18.95,0.00083,1,15,11.64,16.52,1,1,15,12.8,15.06,1,1,15,14.85,14.37,1,1,15,17.78,13.03,1,1,15,20.9,10.4,1,1,15,25.18,6.33,1,1,15,25.72,0.32,1,1,15,23.87,-4.52,1,1,15,19.73,-6.3,1,1,15,15.48,-8.72,1,1,15,12.6,-10.88,1,1,15,7.89,-10.22,1,1,15,4.2,-5.58,1,2,15,2.85,-2.85,0.98435,14,28.13,-2.98,0.01565,2,15,-0.09,-4.92,0.63439,14,25.19,-5.05,0.36561,2,15,-6.04,-5.13,0.02841,14,19.24,-5.27,0.97159,1,14,14.86,-6.5,1,2,14,7.93,-8.55,0.99935,13,-16.79,-5.75,0.00065,2,14,1.56,-10.19,0.90574,13,-14.47,0.39,0.09426,2,14,-4.15,-10.94,0.6489,13,-11.8,5.5,0.3511,2,14,-7.35,-10.22,0.50587,13,-9.36,7.7,0.49413,2,14,-10.06,-7.72,0.35251,13,-5.77,8.48,0.64749,2,14,-11.19,-3.56,0.15533,13,-1.71,7.01,0.84467,1,13,3.17,3.64,1,1,13,6.53,2.48,1,1,13,11.29,0.05,1],"hull":37,"edges":[0,2,2,4,4,6,6,8,8,10,10,12,12,14,14,16,16,18,18,20,20,22,22,24,24,26,26,28,28,30,30,32,32,34,34,36,36,38,38,40,40,42,42,44,44,46,46,48,48,50,50,52,52,54,54,56,56,58,58,60,60,62,62,64,64,66,66,68,68,70,70,72,0,72],"width":65,"height":60}},"Layer 114":{"Layer 114":{"type":"mesh","uvs":[1,1,0,1,0,0,1,0],"triangles":[1,2,3,1,3,0],"vertices":[115.77,-107.76,-120.23,-107.76,-120.23,88.24,115.77,88.24],"hull":4,"edges":[0,2,2,4,4,6,0,6],"width":236,"height":196}},"Layer 115":{"Layer 115":{"x":-3.35,"y":161.5,"width":47,"height":86}},"Layer 116":{"Layer 116":{"x":-0.85,"y":132,"width":44,"height":113}},"Layer 117":{"Layer 117":{"x":0.65,"y":119,"width":47,"height":113}},"Layer 118":{"Layer 118":{"x":4.65,"y":94,"width":47,"height":105}},"Layer 119":{"Layer 119":{"x":5.15,"y":49.5,"width":46,"height":112}},"Layer 120":{"Layer 120":{"x":5.15,"y":38,"width":46,"height":105}},"Layer 121":{"Layer 121":{"x":2.65,"y":56,"width":47,"height":125}},"Layer 122":{"Layer 122":{"x":2.15,"y":56.5,"width":50,"height":116}},"Layer 123":{"Layer 123":{"x":4.15,"y":46,"width":48,"height":119}},"Layer 124":{"Layer 124":{"x":1.65,"y":48.5,"width":45,"height":114}},"Layer 125":{"Layer 125":{"x":3.15,"y":42.5,"width":50,"height":116}},"Layer 126":{"Layer 126":{"x":5.15,"y":20,"width":50,"height":89}},"Layer 127":{"Layer 127":{"x":5.15,"y":25.5,"width":42,"height":54}}}},"animations":{"1":{"slots":{"Layer 115":{"attachment":[{"time":0,"name":null}]},"Layer 116":{"attachment":[{"time":0,"name":null}]},"Layer 117":{"attachment":[{"time":0,"name":null}]},"Layer 118":{"attachment":[{"time":0,"name":null}]},"Layer 119":{"attachment":[{"time":0,"name":null}]},"Layer 120":{"attachment":[{"time":0,"name":null}]},"Layer 121":{"attachment":[{"time":0,"name":null}]},"Layer 122":{"attachment":[{"time":0,"name":null}]},"Layer 123":{"attachment":[{"time":0,"name":null}]},"Layer 124":{"attachment":[{"time":0,"name":null}]},"Layer 125":{"attachment":[{"time":0,"name":null}]},"Layer 126":{"attachment":[{"time":0,"name":null}]},"Layer 127":{"attachment":[{"time":0,"name":null}]}},"bones":{"Layer 106":{"translate":[{"time":0,"x":0,"y":0,"curve":[0.25,0,0.75,1]},{"time":1,"x":0,"y":-19.17,"curve":[0.25,0,0.75,1]},{"time":2,"x":0,"y":0}]},"Layer 124":{"rotate":[{"time":0,"angle":0,"curve":[0.25,0,0.75,1]},{"time":0.9,"angle":-11.15,"curve":[0.25,0,0.75,1]},{"time":1.6667,"angle":0}]},"Layer 128":{"rotate":[{"time":0,"angle":0,"curve":[0.25,0,0.75,1]},{"time":0.8333,"angle":-11.15,"curve":[0.25,0,0.75,1]},{"time":1.6667,"angle":0}]},"Layer 127":{"rotate":[{"time":0,"angle":0,"curve":[0.25,0,0.75,1]},{"time":1,"angle":-11.15,"curve":[0.25,0,0.75,1]},{"time":1.6667,"angle":0}]},"Layer 129":{"rotate":[{"time":0,"angle":0,"curve":[0.25,0,0.75,1]},{"time":0.8333,"angle":29.36,"curve":[0.25,0,0.75,1]},{"time":1.6667,"angle":0}]},"Layer 132":{"rotate":[{"time":0,"angle":0,"curve":[0.25,0,0.75,1]},{"time":1,"angle":29.36,"curve":[0.25,0,0.75,1]},{"time":2,"angle":0}]},"Layer 109":{"rotate":[{"time":0,"angle":0,"curve":[0.25,0,0.75,1]},{"time":0.8333,"angle":-2.6,"curve":[0.25,0,0.75,1]},{"time":1.6667,"angle":0}]},"Layer 112":{"rotate":[{"time":0,"angle":0,"curve":[0.25,0,0.75,1]},{"time":1,"angle":-18.87,"curve":[0.25,0,0.75,1]},{"time":2,"angle":0}]},"Layer 117":{"rotate":[{"time":0,"angle":0,"curve":[0.25,0,0.75,1]},{"time":0.8333,"angle":24.92,"curve":[0.25,0,0.75,1]},{"time":1.6667,"angle":0}]},"Layer 116":{"rotate":[{"time":0,"angle":0,"curve":[0.25,0,0.75,1]},{"time":1,"angle":-19.3,"curve":[0.25,0,0.75,1]},{"time":2,"angle":0}]},"Layer 119":{"rotate":[{"time":0,"angle":0,"curve":[0.25,0,0.75,1]},{"time":1,"angle":-27.14,"curve":[0.25,0,0.75,1]},{"time":2,"angle":0}]},"Layer 125":{"rotate":[{"time":0,"angle":0,"curve":[0.25,0,0.75,1]},{"time":0.8333,"angle":-23.28,"curve":[0.25,0,0.75,1]},{"time":2,"angle":0}]}}},"2":{"slots":{"Layer 115":{"attachment":[{"time":0,"name":null},{"time":0.0333,"name":"Layer 115"},{"time":0.0667,"name":null}]},"Layer 116":{"attachment":[{"time":0,"name":null},{"time":0.0667,"name":"Layer 116"},{"time":0.1,"name":null}]},"Layer 117":{"attachment":[{"time":0,"name":null},{"time":0.1,"name":"Layer 117"},{"time":0.1333,"name":null}]},"Layer 118":{"attachment":[{"time":0,"name":null},{"time":0.1333,"name":"Layer 118"},{"time":0.1667,"name":null}]},"Layer 119":{"attachment":[{"time":0,"name":null},{"time":0.1667,"name":"Layer 119"},{"time":0.2,"name":null}]},"Layer 120":{"attachment":[{"time":0,"name":null},{"time":0.2,"name":"Layer 120"},{"time":0.2333,"name":null}]},"Layer 121":{"attachment":[{"time":0,"name":null},{"time":0.2333,"name":"Layer 121"},{"time":0.2667,"name":null}]},"Layer 122":{"attachment":[{"time":0,"name":null},{"time":0.2667,"name":"Layer 122"},{"time":0.3,"name":null}]},"Layer 123":{"attachment":[{"time":0,"name":null},{"time":0.3,"name":"Layer 123"},{"time":0.3333,"name":null}]},"Layer 124":{"attachment":[{"time":0,"name":null},{"time":0.3333,"name":"Layer 124"},{"time":0.3667,"name":null}]},"Layer 125":{"attachment":[{"time":0,"name":null},{"time":0.3667,"name":"Layer 125"},{"time":0.4,"name":null}]},"Layer 126":{"attachment":[{"time":0,"name":null},{"time":0.4,"name":"Layer 126"},{"time":0.4333,"name":null}]},"Layer 127":{"attachment":[{"time":0,"name":null},{"time":0.4333,"name":"Layer 127"},{"time":0.4667,"name":null}]}},"bones":{"bone":{"scale":[{"time":0,"x":3,"y":3}]},"Layer 106":{"translate":[{"time":0,"x":0,"y":0,"curve":[0.29,0,0.629,0.38]},{"time":0.1667,"x":0,"y":-1.85,"curve":[0.311,0.25,0.757,1]},{"time":0.2,"x":20.76,"y":0.75},{"time":0.2333,"x":20.76,"y":-14.82},{"time":0.2667,"x":-5.19,"y":-14.82},{"time":0.3,"x":-5.19,"y":0.75},{"time":0.3333,"x":7.78,"y":0.75}],"scale":[{"time":0.3,"x":1,"y":1},{"time":0.3333,"x":0,"y":0}]},"Layer 124":{"rotate":[{"time":0,"angle":0,"curve":[0.25,0,0.75,1]},{"time":0.9,"angle":-11.15,"curve":[0.25,0,0.75,1]},{"time":1.6667,"angle":0}]},"Layer 128":{"rotate":[{"time":0,"angle":0,"curve":[0.25,0,0.75,1]},{"time":0.8333,"angle":-11.15,"curve":[0.25,0,0.75,1]},{"time":1.6667,"angle":0}]},"Layer 127":{"rotate":[{"time":0,"angle":0,"curve":[0.25,0,0.75,1]},{"time":1,"angle":-11.15,"curve":[0.25,0,0.75,1]},{"time":1.6667,"angle":0}]},"Layer 129":{"rotate":[{"time":0,"angle":0,"curve":[0.25,0,0.75,1]},{"time":0.8333,"angle":29.36,"curve":[0.25,0,0.75,1]},{"time":1.6667,"angle":0}]},"Layer 132":{"rotate":[{"time":0,"angle":0,"curve":[0.25,0,0.75,1]},{"time":1,"angle":29.36,"curve":[0.25,0,0.75,1]},{"time":2,"angle":0}]},"Layer 109":{"rotate":[{"time":0,"angle":0,"curve":[0.25,0,0.75,1]},{"time":0.8333,"angle":-2.6,"curve":[0.25,0,0.75,1]},{"time":1.6667,"angle":0}]},"Layer 112":{"rotate":[{"time":0,"angle":0,"curve":[0.25,0,0.75,1]},{"time":1,"angle":-18.87,"curve":[0.25,0,0.75,1]},{"time":2,"angle":0}]},"Layer 117":{"rotate":[{"time":0,"angle":0,"curve":[0.25,0,0.75,1]},{"time":0.8333,"angle":24.92,"curve":[0.25,0,0.75,1]},{"time":1.6667,"angle":0}]},"Layer 116":{"rotate":[{"time":0,"angle":0,"curve":[0.25,0,0.75,1]},{"time":1,"angle":-19.3,"curve":[0.25,0,0.75,1]},{"time":2,"angle":0}]},"Layer 119":{"rotate":[{"time":0,"angle":0,"curve":[0.25,0,0.75,1]},{"time":1,"angle":-27.14,"curve":[0.25,0,0.75,1]},{"time":2,"angle":0}]},"Layer 125":{"rotate":[{"time":0,"angle":0,"curve":[0.25,0,0.75,1]},{"time":0.8333,"angle":-23.28,"curve":[0.25,0,0.75,1]},{"time":2,"angle":0}]},"Layer 133":{"scale":[{"time":0,"x":0,"y":0},{"time":0.5,"x":3,"y":3}]}}}}},"_atlasText":"\nmonster.png\nsize: 1024,256\nformat: RGBA8888\nfilter: Linear,Linear\nrepeat: none\nLayer 106\n  rotate: true\n  xy: 654, 127\n  size: 127, 141\n  orig: 127, 141\n  offset: 0, 0\n  index: -1\nLayer 107\n  rotate: false\n  xy: 2, 64\n  size: 250, 190\n  orig: 250, 190\n  offset: 0, 0\n  index: -1\nLayer 108\n  rotate: true\n  xy: 580, 8\n  size: 67, 83\n  orig: 67, 83\n  offset: 0, 0\n  index: -1\nLayer 109\n  rotate: false\n  xy: 492, 126\n  size: 160, 128\n  orig: 160, 128\n  offset: 0, 0\n  index: -1\nLayer 110\n  rotate: false\n  xy: 797, 142\n  size: 105, 112\n  orig: 105, 112\n  offset: 0, 0\n  index: -1\nLayer 111\n  rotate: true\n  xy: 665, 17\n  size: 59, 102\n  orig: 59, 102\n  offset: 0, 0\n  index: -1\nLayer 112\n  rotate: true\n  xy: 492, 2\n  size: 73, 86\n  orig: 73, 86\n  offset: 0, 0\n  index: -1\nLayer 113\n  rotate: false\n  xy: 2, 2\n  size: 65, 60\n  orig: 65, 60\n  offset: 0, 0\n  index: -1\nLayer 114\n  rotate: false\n  xy: 254, 58\n  size: 236, 196\n  orig: 236, 196\n  offset: 0, 0\n  index: -1\nLayer 115\n  rotate: false\n  xy: 821, 5\n  size: 47, 86\n  orig: 47, 86\n  offset: 0, 0\n  index: -1\nLayer 116\n  rotate: true\n  xy: 904, 59\n  size: 44, 113\n  orig: 44, 113\n  offset: 0, 0\n  index: -1\nLayer 117\n  rotate: true\n  xy: 654, 78\n  size: 47, 113\n  orig: 47, 113\n  offset: 0, 0\n  index: -1\nLayer 118\n  rotate: true\n  xy: 797, 93\n  size: 47, 105\n  orig: 47, 105\n  offset: 0, 0\n  index: -1\nLayer 119\n  rotate: true\n  xy: 870, 11\n  size: 46, 112\n  orig: 46, 112\n  offset: 0, 0\n  index: -1\nLayer 120\n  rotate: true\n  xy: 246, 10\n  size: 46, 105\n  orig: 46, 105\n  offset: 0, 0\n  index: -1\nLayer 121\n  rotate: true\n  xy: 492, 77\n  size: 47, 125\n  orig: 47, 125\n  offset: 0, 0\n  index: -1\nLayer 122\n  rotate: true\n  xy: 904, 204\n  size: 50, 116\n  orig: 50, 116\n  offset: 0, 0\n  index: -1\nLayer 123\n  rotate: true\n  xy: 69, 14\n  size: 48, 119\n  orig: 48, 119\n  offset: 0, 0\n  index: -1\nLayer 124\n  rotate: true\n  xy: 904, 105\n  size: 45, 114\n  orig: 45, 114\n  offset: 0, 0\n  index: -1\nLayer 125\n  rotate: true\n  xy: 904, 152\n  size: 50, 116\n  orig: 50, 116\n  offset: 0, 0\n  index: -1\nLayer 126\n  rotate: false\n  xy: 769, 2\n  size: 50, 89\n  orig: 50, 89\n  offset: 0, 0\n  index: -1\nLayer 127\n  rotate: true\n  xy: 190, 20\n  size: 42, 54\n  orig: 42, 54\n  offset: 0, 0\n  index: -1\n","textures":[{"__uuid__":"5eijczfUlO8roXTwB45Daq"}],"textureNames":["monster.png"]}