{"__type__":"sp.SkeletonData","_name":"minipoker","_skeletonJson":{"skeleton":{"hash":"GsOaCjDwrMzKAoOkHwCG13aX+XY","spine":"3.7.94","width":296,"height":252,"images":"./images/","audio":"C:/Users/Toanp/OneDrive/Máy tính/giao dien r79/spine/ic_minipoker"},"bones":[{"name":"root","x":5.33,"y":5.33},{"name":"bone","parent":"root","x":-5.33,"y":-5.33},{"name":"Layer 110","parent":"bone","x":0.01,"y":22.35},{"name":"Layer 113","parent":"bone","length":44.54,"rotation":113.5,"x":-66.59,"y":58.75},{"name":"Layer 111","parent":"bone","length":22.48,"rotation":80.91,"x":122.55,"y":33.89},{"name":"Layer 114","parent":"Layer 111","x":32.41,"y":-0.21},{"name":"Layer 115","parent":"bone","x":-59.49,"y":19.68},{"name":"Layer 116","parent":"bone","x":3.45,"y":18.19},{"name":"Layer 117","parent":"bone","x":58.43,"y":22.66},{"name":"Layer 118","parent":"root","x":-5.85,"y":-43.14},{"name":"poker","parent":"root","x":9.31,"y":-76.49}],"slots":[{"name":"Layer 78","bone":"root","attachment":"Layer 78"},{"name":"Layer 117","bone":"Layer 118","attachment":"Layer 117"},{"name":"poker","bone":"poker","attachment":"poker"},{"name":"Layer 111","bone":"Layer 111","attachment":"Layer 111"},{"name":"Layer 110","bone":"Layer 110","attachment":"Layer 110"},{"name":"Layer 112","bone":"Layer 114","attachment":"Layer 112"},{"name":"Layer 113","bone":"Layer 113","attachment":"Layer 113"},{"name":"Layer 114","bone":"Layer 115","attachment":"Layer 114"},{"name":"Layer 115","bone":"Layer 116","attachment":"Layer 115"},{"name":"Layer 116","bone":"Layer 117","attachment":"Layer 116"}],"skins":{"default":{"Layer 110":{"Layer 110":{"x":7.9,"y":3.19,"width":237,"height":129}},"Layer 111":{"Layer 111":{"x":10.97,"y":-1.14,"rotation":-80.91,"width":16,"height":39}},"Layer 112":{"Layer 112":{"x":2.81,"y":-0.59,"rotation":-80.91,"width":27,"height":27}},"Layer 113":{"Layer 113":{"x":30.38,"y":-2.31,"rotation":-113.5,"width":90,"height":83}},"Layer 114":{"Layer 114":{"x":1.4,"y":-4.14,"width":69,"height":97}},"Layer 115":{"Layer 115":{"x":-2.54,"y":-1.65,"width":67,"height":93}},"Layer 116":{"Layer 116":{"x":2.47,"y":-9.12,"width":67,"height":99}},"Layer 117":{"Layer 117":{"x":-2.57,"y":-3.15,"width":97,"height":42}},"Layer 78":{"Layer 78":{"x":-0.92,"y":-3.79,"width":296,"height":249}},"poker":{"poker":{"x":-2.23,"y":-0.8,"width":172,"height":46}}}},"animations":{"animation":{"bones":{"poker":{"scale":[{"time":0,"x":1.05,"y":1.05,"curve":"stepped"},{"time":0.5,"x":1.05,"y":1.05,"curve":[0.25,0,0.75,1]},{"time":0.6,"x":1.1,"y":1.1,"curve":[0.25,0,0.75,1]},{"time":0.6667,"x":1.05,"y":1.05,"curve":[0.25,0,0.75,1]},{"time":0.7333,"x":1.1,"y":1.1,"curve":[0.25,0,0.75,1]},{"time":0.8667,"x":1.05,"y":1.05,"curve":"stepped"},{"time":2,"x":1.05,"y":1.05,"curve":[0.25,0,0.75,1]},{"time":2.1,"x":1.1,"y":1.1,"curve":[0.25,0,0.75,1]},{"time":2.1667,"x":1.05,"y":1.05,"curve":[0.25,0,0.75,1]},{"time":2.2333,"x":1.1,"y":1.1,"curve":[0.25,0,0.75,1]},{"time":2.3667,"x":1.05,"y":1.05}]},"Layer 118":{"translate":[{"time":0,"x":0,"y":0,"curve":[0.25,0,0.75,1]},{"time":0.6667,"x":0,"y":-6.48,"curve":[0.25,0,0.75,1]},{"time":1.3333,"x":0,"y":0,"curve":[0.25,0,0.75,1]},{"time":2,"x":0,"y":-6.48,"curve":[0.25,0,0.75,1]},{"time":2.6667,"x":0,"y":0}]},"Layer 111":{"rotate":[{"time":1.1333,"angle":0,"curve":[0.25,0,0.75,1]},{"time":1.1667,"angle":29.01,"curve":"stepped"},{"time":1.3333,"angle":29.01,"curve":[0.25,0,0.75,1]},{"time":1.3667,"angle":0}],"scale":[{"time":1.1333,"x":1,"y":1,"curve":[0.25,0,0.75,1]},{"time":1.1667,"x":-1,"y":1,"curve":"stepped"},{"time":1.3333,"x":-1,"y":1,"curve":[0.25,0,0.75,1]},{"time":1.3667,"x":1,"y":1}]},"Layer 115":{"scale":[{"time":1.1667,"x":1,"y":1,"curve":[0.25,0,0.75,1]},{"time":1.3333,"x":0.5,"y":0.5,"curve":[0.25,0,0.75,1]},{"time":1.5,"x":1,"y":1}]},"Layer 116":{"scale":[{"time":1.3333,"x":1,"y":1,"curve":[0.25,0,0.75,1]},{"time":1.5,"x":0.5,"y":0.5,"curve":[0.25,0,0.75,1]},{"time":1.6667,"x":1,"y":1}]},"Layer 117":{"scale":[{"time":1.5,"x":1,"y":1,"curve":[0.25,0,0.75,1]},{"time":1.6667,"x":0.5,"y":0.5,"curve":[0.25,0,0.75,1]},{"time":1.8333,"x":1,"y":1}]},"bone":{"scale":[{"time":1.1667,"x":1,"y":1,"curve":[0.25,0,0.75,1]},{"time":1.2333,"x":0.94,"y":0.94,"curve":[0.25,0,0.75,1]},{"time":1.3333,"x":1,"y":1}]}}}}},"_atlasText":"\nminipoker.png\nsize: 1024,256\nformat: RGBA8888\nfilter: Linear,Linear\nrepeat: none\nLayer 110\n  rotate: false\n  xy: 300, 122\n  size: 237, 129\n  orig: 237, 129\n  offset: 0, 0\n  index: -1\nLayer 111\n  rotate: false\n  xy: 474, 81\n  size: 16, 39\n  orig: 16, 39\n  offset: 0, 0\n  index: -1\nLayer 112\n  rotate: false\n  xy: 539, 139\n  size: 27, 27\n  orig: 27, 27\n  offset: 0, 0\n  index: -1\nLayer 113\n  rotate: false\n  xy: 539, 168\n  size: 90, 83\n  orig: 90, 83\n  offset: 0, 0\n  index: -1\nLayer 114\n  rotate: true\n  xy: 300, 3\n  size: 69, 97\n  orig: 69, 97\n  offset: 0, 0\n  index: -1\nLayer 115\n  rotate: true\n  xy: 732, 184\n  size: 67, 93\n  orig: 67, 93\n  offset: 0, 0\n  index: -1\nLayer 116\n  rotate: true\n  xy: 631, 184\n  size: 67, 99\n  orig: 67, 99\n  offset: 0, 0\n  index: -1\nLayer 117\n  rotate: false\n  xy: 827, 209\n  size: 97, 42\n  orig: 97, 42\n  offset: 0, 0\n  index: -1\nLayer 78\n  rotate: false\n  xy: 2, 2\n  size: 296, 249\n  orig: 296, 249\n  offset: 0, 0\n  index: -1\npoker\n  rotate: false\n  xy: 300, 74\n  size: 172, 46\n  orig: 172, 46\n  offset: 0, 0\n  index: -1\n","textures":[{"__uuid__":"5540UZoiZB7r60Sz+cVxcA"}],"textureNames":["minipoker.png"]}