{"__type__":"dragonBones.DragonBonesAtlasAsset","_name":"shiziyu_shadow_tex","_atlasJson":"{\"width\":256,\"imagePath\":\"shiziyu_shadow_tex.png\",\"height\":512,\"name\":\"shiziyu_shadow\",\"SubTexture\":[{\"y\":382,\"frameX\":-506,\"frameHeight\":765,\"frameY\":-328,\"width\":98,\"frameWidth\":1020,\"height\":72,\"name\":\"00006\",\"x\":1},{\"y\":157,\"frameX\":-504,\"frameHeight\":765,\"frameY\":-326,\"width\":100,\"frameWidth\":1020,\"height\":70,\"name\":\"00010\",\"x\":104},{\"y\":82,\"frameX\":-505,\"frameHeight\":765,\"frameY\":-325,\"width\":101,\"frameWidth\":1020,\"height\":74,\"name\":\"00008\",\"x\":1},{\"y\":309,\"frameX\":-504,\"frameHeight\":765,\"frameY\":-326,\"width\":102,\"frameWidth\":1020,\"height\":71,\"name\":\"00009\",\"x\":1},{\"y\":1,\"frameX\":-504,\"frameHeight\":765,\"frameY\":-321,\"width\":102,\"frameWidth\":1020,\"height\":78,\"name\":\"00002\",\"x\":104},{\"y\":229,\"frameX\":-505,\"frameHeight\":765,\"frameY\":-330,\"width\":100,\"frameWidth\":1020,\"height\":70,\"name\":\"00004\",\"x\":104},{\"y\":81,\"frameX\":-504,\"frameHeight\":765,\"frameY\":-322,\"width\":100,\"frameWidth\":1020,\"height\":74,\"name\":\"00000\",\"x\":104},{\"y\":301,\"frameX\":-506,\"frameHeight\":765,\"frameY\":-329,\"width\":98,\"frameWidth\":1020,\"height\":70,\"name\":\"00005\",\"x\":105},{\"y\":1,\"frameX\":-504,\"frameHeight\":765,\"frameY\":-319,\"width\":101,\"frameWidth\":1020,\"height\":79,\"name\":\"00001\",\"x\":1},{\"y\":234,\"frameX\":-505,\"frameHeight\":765,\"frameY\":-327,\"width\":101,\"frameWidth\":1020,\"height\":73,\"name\":\"00003\",\"x\":1},{\"y\":158,\"frameX\":-505,\"frameHeight\":765,\"frameY\":-326,\"width\":100,\"frameWidth\":1020,\"height\":74,\"name\":\"00007\",\"x\":1}]}","_texture":{"__uuid__":"c9m+sZWDpI5o3WzvMkxL5l"},"texture":{"__uuid__":"c9m+sZWDpI5o3WzvMkxL5l"}}