{"__type__":"sp.SkeletonData","_name":"JackpotIcon_Animation","_skeletonJson":{"skeleton":{"hash":"g7bs0q28H0cDbFwq2VqAVsvjliY","spine":"3.7.93","width":152.09,"height":144.48,"images":"","audio":""},"bones":[{"name":"root"},{"name":"bone","parent":"root","length":6.72,"rotation":97.69,"x":15.47,"y":-14.52,"scaleX":0.55,"scaleY":0.55},{"name":"bone2","parent":"root","length":3.84,"rotation":90,"x":70.28,"y":-90.71,"scaleX":0.441,"scaleY":0.441},{"name":"bone3","parent":"bone2","length":3.85,"rotation":1.85,"x":3.84},{"name":"bone4","parent":"bone3","length":4.09,"rotation":-1.85,"x":3.85},{"name":"bone5","parent":"bone4","length":4.59,"x":4.09,"y":0.12},{"name":"bone6","parent":"bone5","length":4.09,"x":4.59},{"name":"bone7","parent":"bone6","length":5.21,"rotation":1.36,"x":4.22},{"name":"bone8","parent":"bone7","length":4.34,"rotation":-3,"x":5.21},{"name":"bone9","parent":"bone8","length":3.97,"rotation":-0.15,"x":4.34},{"name":"bone10","parent":"bone9","length":4.34,"rotation":0.15,"x":3.97},{"name":"bone11","parent":"bone10","length":3.72,"rotation":1.64,"x":4.34},{"name":"bone12","parent":"bone11","length":4.09,"x":3.84},{"name":"bone13","parent":"bone12","length":4.34,"x":4.09},{"name":"bone14","parent":"bone13","length":3.84,"x":4.34},{"name":"bone15","parent":"bone14","length":4.09,"rotation":1.74,"x":3.84},{"name":"bone16","parent":"bone15","length":4.09,"rotation":-3.47,"x":4.09},{"name":"bone17","parent":"bone16","length":4.34,"rotation":1.74,"x":4.09},{"name":"bone18","parent":"bone17","length":3.85,"rotation":1.85,"x":4.34},{"name":"bone19","parent":"bone18","length":3.97,"rotation":-3.64,"x":3.85},{"name":"bone20","parent":"bone19","length":4.34,"rotation":3.43,"x":3.85},{"name":"bone21","parent":"bone20","length":4.34,"rotation":-1.64,"x":4.34},{"name":"bone22","parent":"bone21","length":3.97,"x":4.34},{"name":"bone23","parent":"bone22","length":3.97,"rotation":1.79,"x":3.97},{"name":"bone24","parent":"bone23","length":3.84,"rotation":-1.79,"x":3.97},{"name":"bone25","parent":"bone24","length":4.22,"x":3.84},{"name":"bone26","parent":"bone25","length":3.97,"x":4.22},{"name":"bone27","parent":"bone26","length":3.97,"x":3.97},{"name":"bone28","parent":"bone27","length":3.72,"x":3.97},{"name":"bone29","parent":"bone28","length":3.97,"rotation":-1.79,"x":3.84},{"name":"bone30","parent":"bone29","length":2.6,"rotation":1.79,"x":3.97},{"name":"bone31","parent":"root","length":10.58,"rotation":90,"x":-3.44,"y":-35.75},{"name":"bone32","parent":"root","length":10.58,"rotation":89.52,"x":-0.22,"y":40.43},{"name":"bone33","parent":"root","length":6.72,"rotation":143.7,"x":5.73,"y":-19.74,"scaleX":0.788,"scaleY":0.788},{"name":"bone34","parent":"root","length":6.72,"rotation":104.97,"x":-4.91,"y":19.98,"scaleX":0.788,"scaleY":0.788},{"name":"bone35","parent":"root","length":6.72,"rotation":151.87,"x":6.55,"y":20.64,"scaleX":0.55,"scaleY":0.55},{"name":"bone36","parent":"root","length":6.72,"rotation":109.5,"x":-5.56,"y":-20.68,"scaleX":0.55,"scaleY":0.55},{"name":"bone37","parent":"root","length":6.72,"rotation":135.35,"x":-14.98,"y":14.49,"scaleX":0.55,"scaleY":0.55},{"name":"bone38","parent":"root","length":10.58,"rotation":90,"x":-50.46,"y":-4.92},{"name":"bone39","parent":"root","length":10.58,"rotation":90,"x":39.31,"y":12.57},{"name":"bone40","parent":"root","length":17.4,"rotation":90,"x":-2.42,"y":-3.04}],"slots":[{"name":"iconjackpot0","bone":"root","attachment":"iconjackpot0"},{"name":"phom8","bone":"root","blend":"additive"},{"name":"iconjackpot1","bone":"root","attachment":"iconjackpot1"},{"name":"iconjackpot3","bone":"root","attachment":"iconjackpot1","blend":"additive"},{"name":"iconjackpot10","bone":"root","attachment":"iconjackpot10","blend":"additive"},{"name":"iconjackpot11","bone":"root","attachment":"iconjackpot11","blend":"additive"},{"name":"iconjackpot12","bone":"root","attachment":"iconjackpot12","blend":"additive"},{"name":"iconjackpot13","bone":"root","attachment":"iconjackpot13","blend":"additive"},{"name":"iconjackpot14","bone":"root","attachment":"iconjackpot14","blend":"additive"},{"name":"iconjackpot15","bone":"root","attachment":"iconjackpot15","blend":"additive"},{"name":"iconjackpot16","bone":"root","attachment":"iconjackpot16","blend":"additive"},{"name":"iconjackpot17","bone":"root","attachment":"iconjackpot17","blend":"additive"},{"name":"iconjackpot18","bone":"root","attachment":"iconjackpot18","blend":"additive"},{"name":"iconjackpot19","bone":"root","attachment":"iconjackpot19","blend":"additive"},{"name":"iconjackpot2","bone":"root","attachment":"iconjackpot2","blend":"additive"},{"name":"iconjackpot20","bone":"root","attachment":"iconjackpot20","blend":"additive"},{"name":"iconjackpot21","bone":"root","attachment":"iconjackpot21","blend":"additive"},{"name":"iconjackpot22","bone":"root","attachment":"iconjackpot22","blend":"additive"},{"name":"iconjackpot23","bone":"root","attachment":"iconjackpot23","blend":"additive"},{"name":"iconjackpot24","bone":"root","attachment":"iconjackpot24","blend":"additive"},{"name":"iconjackpot4","bone":"bone","attachment":"iconjackpot4"},{"name":"iconjackpot28","bone":"bone36","attachment":"iconjackpot4"},{"name":"iconjackpot27","bone":"bone35","attachment":"iconjackpot4"},{"name":"iconjackpot29","bone":"bone37","attachment":"iconjackpot4"},{"name":"iconjackpot26","bone":"bone34","attachment":"iconjackpot4"},{"name":"iconjackpot25","bone":"bone33","attachment":"iconjackpot4"},{"name":"iconjackpot5","bone":"root","attachment":"iconjackpot5","blend":"additive"},{"name":"iconjackpot6","bone":"root","attachment":"iconjackpot6","blend":"additive"},{"name":"iconjackpot7","bone":"root","attachment":"iconjackpot7","blend":"additive"},{"name":"iconjackpot8","bone":"root","attachment":"iconjackpot8","blend":"additive"},{"name":"iconjackpot9","bone":"root","attachment":"iconjackpot9","blend":"additive"},{"name":"star1","bone":"bone31","attachment":"star1"},{"name":"star2","bone":"bone32","attachment":"star1"},{"name":"star3","bone":"bone38","attachment":"star1"},{"name":"star4","bone":"bone39","attachment":"star1"},{"name":"path1","bone":"root","attachment":"path1"},{"name":"sanhu","bone":"root","attachment":"sanhu"},{"name":"iconbox0","bone":"root"},{"name":"nhiemvu","bone":"root"},{"name":"nhiemvu2","bone":"root","blend":"additive"},{"name":"icon gift","bone":"root"},{"name":"arrow","bone":"root"},{"name":"arrow2","bone":"root"}],"path":[{"name":"path1","order":0,"bones":["bone2","bone3","bone4","bone5","bone6","bone7","bone8","bone9","bone10","bone11","bone12","bone13","bone14","bone15","bone16","bone17","bone18","bone19","bone20","bone21","bone22","bone23","bone24","bone25","bone26","bone27","bone28","bone29","bone30"],"target":"path1","rotateMode":"chainScale"}],"skins":{"default":{"arrow":{"arrow":{"y":-3.73,"width":34,"height":13}},"arrow2":{"arrow":{"y":4.77,"width":34,"height":13}},"icon gift":{"icon gift":{"type":"mesh","uvs":[1,1,0,1,0,0,1,0],"triangles":[1,2,3,1,3,0],"vertices":[-11.34,-44.19,-60.34,-44.19,-60.34,4.81,-11.34,4.81],"hull":4,"edges":[0,2,2,4,4,6,0,6],"width":49,"height":49}},"iconbox0":{"iconbox0":{"y":0.5,"width":38,"height":43},"iconbox1":{"y":0.5,"width":38,"height":43},"iconbox2":{"y":0.5,"width":38,"height":43},"iconbox3":{"y":0.5,"width":38,"height":43},"iconbox4":{"y":0.5,"width":38,"height":43},"iconbox5":{"y":0.5,"width":38,"height":43},"iconbox6":{"y":0.5,"width":38,"height":43}},"iconjackpot0":{"iconjackpot0":{"x":0.5,"width":87,"height":90}},"iconjackpot1":{"iconjackpot1":{"type":"mesh","uvs":[1,1,0,1,0,0,1,0],"triangles":[1,2,3,1,3,0],"vertices":[1,40,-22.81,-55.42,1,1,40,-22.81,50.58,1,1,40,25.19,50.58,1,1,40,25.19,-55.42,1],"hull":4,"edges":[0,2,2,4,4,6,0,6],"width":106,"height":48}},"iconjackpot10":{"iconjackpot10":{"x":-39.1,"y":-12.38,"width":17,"height":21}},"iconjackpot11":{"iconjackpot11":{"x":32.8,"y":-11,"width":12,"height":11}},"iconjackpot12":{"iconjackpot12":{"x":29.28,"y":-22,"width":12,"height":12}},"iconjackpot13":{"iconjackpot13":{"x":20.24,"y":-28.83,"width":11,"height":12}},"iconjackpot14":{"iconjackpot14":{"x":10.22,"y":-33.9,"width":14,"height":11}},"iconjackpot15":{"iconjackpot15":{"x":-3.68,"y":-34.81,"width":11,"height":10}},"iconjackpot16":{"iconjackpot16":{"x":-14.19,"y":-33.01,"width":11,"height":12}},"iconjackpot17":{"iconjackpot17":{"x":-22.28,"y":-28.22,"width":11,"height":10}},"iconjackpot18":{"iconjackpot18":{"type":"mesh","uvs":[1,1,0,1,0,0,1,0],"triangles":[1,2,3,1,3,0],"vertices":[29.02,21.5,17.02,21.5,17.02,34.5,29.02,34.5],"hull":4,"edges":[0,2,2,4,4,6,0,6],"width":12,"height":13}},"iconjackpot19":{"iconjackpot19":{"x":13.21,"y":33.49,"width":10,"height":13}},"iconjackpot2":{"iconjackpot2":{"x":36.78,"y":7.24,"width":17,"height":19}},"iconjackpot20":{"iconjackpot20":{"x":2.39,"y":36.9,"width":9,"height":10}},"iconjackpot21":{"iconjackpot21":{"x":-8.4,"y":34.56,"width":13,"height":12}},"iconjackpot22":{"iconjackpot22":{"x":-19.79,"y":30.83,"width":13,"height":12}},"iconjackpot23":{"iconjackpot23":{"x":-26.57,"y":20.93,"width":13,"height":11}},"iconjackpot24":{"iconjackpot24":{"x":-32.08,"y":12.91,"width":10,"height":10}},"iconjackpot25":{"iconjackpot4":{"type":"mesh","uvs":[1,1,0,1,0,0,1,0],"triangles":[1,2,3,1,3,0],"vertices":[1,33,-13.44,-13.84,1,1,33,-13.44,14.16,1,1,33,13.56,14.16,1,1,33,13.56,-13.84,1],"hull":4,"edges":[0,2,2,4,4,6,0,6],"width":28,"height":27}},"iconjackpot26":{"iconjackpot4":{"type":"mesh","uvs":[1,1,0,1,0,0,1,0],"triangles":[1,2,3,1,3,0],"vertices":[1,34,-13.38,-14.29,1,1,34,-13.38,13.71,1,1,34,13.62,13.71,1,1,34,13.62,-14.29,1],"hull":4,"edges":[0,2,2,4,4,6,0,6],"width":28,"height":27}},"iconjackpot27":{"iconjackpot4":{"type":"mesh","uvs":[1,1,0,1,0,0,1,0],"triangles":[1,2,3,1,3,0],"vertices":[1,35,-13.38,-14.29,1,1,35,-13.38,13.71,1,1,35,13.62,13.71,1,1,35,13.62,-14.29,1],"hull":4,"edges":[0,2,2,4,4,6,0,6],"width":28,"height":27}},"iconjackpot28":{"iconjackpot4":{"type":"mesh","uvs":[1,1,0,1,0,0,1,0],"triangles":[1,2,3,1,3,0],"vertices":[1,36,-13.38,-14.29,1,1,36,-13.38,13.71,1,1,36,13.62,13.71,1,1,36,13.62,-14.29,1],"hull":4,"edges":[0,2,2,4,4,6,0,6],"width":28,"height":27}},"iconjackpot29":{"iconjackpot4":{"type":"mesh","uvs":[1,1,0,1,0,0,1,0],"triangles":[1,2,3,1,3,0],"vertices":[1,37,-13.38,-14.29,1,1,37,-13.38,13.71,1,1,37,13.62,13.71,1,1,37,13.62,-14.29,1],"hull":4,"edges":[0,2,2,4,4,6,0,6],"width":28,"height":27}},"iconjackpot3":{"iconjackpot1":{"type":"mesh","uvs":[1,1,0,1,0,0,1,0],"triangles":[1,2,3,1,3,0],"vertices":[1,40,-22.81,-55.42,1,1,40,-22.81,50.58,1,1,40,25.19,50.58,1,1,40,25.19,-55.42,1],"hull":4,"edges":[0,2,2,4,4,6,0,6],"width":106,"height":48}},"iconjackpot4":{"iconjackpot4":{"type":"mesh","uvs":[1,1,0,1,0,0,1,0],"triangles":[1,2,3,1,3,0],"vertices":[1,1,-13.38,-14.29,1,1,1,-13.38,13.71,1,1,1,13.62,13.71,1,1,1,13.62,-14.29,1],"hull":4,"edges":[0,2,2,4,4,6,0,6],"width":28,"height":27}},"iconjackpot5":{"iconjackpot5":{"x":24.88,"y":2.9,"width":18,"height":18}},"iconjackpot6":{"iconjackpot6":{"x":12.3,"y":-0.19,"width":14,"height":20}},"iconjackpot7":{"iconjackpot7":{"x":-0.45,"y":-3.04,"width":20,"height":21}},"iconjackpot8":{"iconjackpot8":{"x":-14.79,"y":-7.23,"width":17,"height":17}},"iconjackpot9":{"iconjackpot9":{"x":-25.76,"y":-10.07,"width":19,"height":22}},"nhiemvu":{"nhiemvu":{"x":0.8,"y":-34.73,"width":90,"height":19}},"nhiemvu2":{"nhiemvu":{"x":0.8,"y":-34.73,"width":90,"height":19}},"path1":{"path1":{"type":"path","closed":true,"lengths":[66.86,133.51,197.94,247.59],"vertexCount":12,"vertices":[-41.66,-17.12,-41.99,0.22,-42.44,22.94,-25.06,43.51,0.12,43.27,28.49,43,42.44,18.47,42.23,0.03,41.99,-21.82,23.8,-40.48,0.12,-40.58,-26.9,-40.69]}},"phom8":{"phom8":{"type":"mesh","uvs":[1,1,0.8,1,0.6,1,0.4,1,0.2,1,0,1,0,0.97959,0,0.95918,0,0.93878,0,0.91837,0,0.89796,0,0.87755,0,0.85714,0,0.83673,0,0.81633,0,0.79592,0,0.77551,0,0.7551,0,0.73469,0,0.71429,0,0.69388,0,0.67347,0,0.65306,0,0.63265,0,0.61225,0,0.59184,0,0.57143,0,0.55102,0,0.53061,0,0.5102,0,0.4898,0,0.46939,0,0.44898,0,0.42857,0,0.40816,0,0.38776,0,0.36735,0,0.34694,0,0.32653,0,0.30612,0,0.28571,0,0.26531,0,0.2449,0,0.22449,0,0.20408,0,0.18367,0,0.16327,0,0.14286,0,0.12245,0,0.10204,0,0.08163,0,0.06122,0,0.04082,0,0.02041,0,0,0.2,0,0.4,0,0.6,0,0.8,0,1,0,1,0.02041,1,0.04082,1,0.06122,1,0.08163,1,0.10204,1,0.12245,1,0.14286,1,0.16327,1,0.18367,1,0.20408,1,0.22449,1,0.2449,1,0.26531,1,0.28571,1,0.30612,1,0.32653,1,0.34694,1,0.36735,1,0.38776,1,0.40816,1,0.42857,1,0.44898,1,0.46939,1,0.4898,1,0.5102,1,0.53061,1,0.55102,1,0.57143,1,0.59184,1,0.61224,1,0.63265,1,0.65306,1,0.67347,1,0.69388,1,0.71429,1,0.73469,1,0.7551,1,0.77551,1,0.79592,1,0.81633,1,0.83673,1,0.85714,1,0.87755,1,0.89796,1,0.91837,1,0.93878,1,0.95918,1,0.97959,0.8,0.97959,0.6,0.97959,0.4,0.97959,0.2,0.97959,0.8,0.95918,0.6,0.95918,0.4,0.95918,0.2,0.95918,0.8,0.93878,0.6,0.93878,0.4,0.93878,0.2,0.93878,0.8,0.91837,0.6,0.91837,0.4,0.91837,0.2,0.91837,0.8,0.89796,0.6,0.89796,0.4,0.89796,0.2,0.89796,0.8,0.87755,0.6,0.87755,0.4,0.87755,0.2,0.87755,0.8,0.85714,0.6,0.85714,0.4,0.85714,0.2,0.85714,0.8,0.83673,0.6,0.83673,0.4,0.83673,0.2,0.83673,0.8,0.81633,0.6,0.81633,0.4,0.81633,0.2,0.81633,0.8,0.79592,0.6,0.79592,0.4,0.79592,0.2,0.79592,0.8,0.77551,0.6,0.77551,0.4,0.77551,0.2,0.77551,0.8,0.7551,0.6,0.7551,0.4,0.7551,0.2,0.7551,0.8,0.73469,0.6,0.73469,0.4,0.73469,0.2,0.73469,0.8,0.71429,0.6,0.71429,0.4,0.71429,0.2,0.71429,0.8,0.69388,0.6,0.69388,0.4,0.69388,0.2,0.69388,0.8,0.67347,0.6,0.67347,0.4,0.67347,0.2,0.67347,0.8,0.65306,0.6,0.65306,0.4,0.65306,0.2,0.65306,0.8,0.63265,0.6,0.63265,0.4,0.63265,0.2,0.63265,0.8,0.61225,0.6,0.61225,0.4,0.61225,0.2,0.61225,0.8,0.59184,0.6,0.59184,0.4,0.59184,0.2,0.59184,0.8,0.57143,0.6,0.57143,0.4,0.57143,0.2,0.57143,0.8,0.55102,0.6,0.55102,0.4,0.55102,0.2,0.55102,0.8,0.53061,0.6,0.53061,0.4,0.53061,0.2,0.53061,0.8,0.5102,0.6,0.5102,0.4,0.5102,0.2,0.5102,0.8,0.4898,0.6,0.4898,0.4,0.4898,0.2,0.4898,0.8,0.46939,0.6,0.46939,0.4,0.46939,0.2,0.46939,0.8,0.44898,0.6,0.44898,0.4,0.44898,0.2,0.44898,0.8,0.42857,0.6,0.42857,0.4,0.42857,0.2,0.42857,0.8,0.40816,0.6,0.40816,0.4,0.40816,0.2,0.40816,0.8,0.38776,0.6,0.38776,0.4,0.38776,0.2,0.38776,0.8,0.36735,0.6,0.36735,0.4,0.36735,0.2,0.36735,0.8,0.34694,0.6,0.34694,0.4,0.34694,0.2,0.34694,0.8,0.32653,0.6,0.32653,0.4,0.32653,0.2,0.32653,0.8,0.30612,0.6,0.30612,0.4,0.30612,0.2,0.30612,0.8,0.28571,0.6,0.28571,0.4,0.28571,0.2,0.28571,0.8,0.26531,0.6,0.26531,0.4,0.26531,0.2,0.26531,0.8,0.2449,0.6,0.2449,0.4,0.2449,0.2,0.2449,0.8,0.22449,0.6,0.22449,0.4,0.22449,0.2,0.22449,0.8,0.20408,0.6,0.20408,0.4,0.20408,0.2,0.20408,0.8,0.18367,0.6,0.18367,0.4,0.18367,0.2,0.18367,0.8,0.16327,0.6,0.16327,0.4,0.16327,0.2,0.16327,0.8,0.14286,0.6,0.14286,0.4,0.14286,0.2,0.14286,0.8,0.12245,0.6,0.12245,0.4,0.12245,0.2,0.12245,0.8,0.10204,0.6,0.10204,0.4,0.10204,0.2,0.10204,0.8,0.08163,0.6,0.08163,0.4,0.08163,0.2,0.08163,0.8,0.06122,0.6,0.06122,0.4,0.06122,0.2,0.06122,0.8,0.04082,0.6,0.04082,0.4,0.04082,0.2,0.04082,0.8,0.02041,0.6,0.02041,0.4,0.02041,0.2,0.02041],"triangles":[61,60,292,292,60,296,60,59,296,296,59,58,292,296,293,293,296,297,296,58,297,297,58,57,294,297,298,297,57,298,298,57,56,294,298,295,295,298,299,298,56,299,299,56,55,295,299,52,52,299,53,299,55,53,53,55,54,284,62,288,62,61,288,288,61,292,288,292,289,289,292,293,286,289,290,289,293,290,290,293,294,293,297,294,287,290,291,290,294,291,291,294,295,50,291,51,291,295,51,51,295,52,276,64,280,64,63,280,280,63,284,63,62,284,280,284,281,281,284,285,284,288,285,285,288,289,281,285,282,282,285,286,285,289,286,282,286,283,283,286,287,286,290,287,283,287,49,49,287,50,287,291,50,276,280,277,277,280,281,274,277,278,277,281,278,278,281,282,275,278,279,278,282,279,279,282,283,275,279,47,47,279,48,279,283,48,48,283,49,67,66,268,268,66,272,66,65,272,272,65,276,65,64,276,268,272,269,269,272,273,272,276,273,273,276,277,269,273,270,270,273,274,273,277,274,270,274,271,271,274,275,274,278,275,271,275,46,46,275,47,69,68,260,260,68,264,68,67,264,264,67,268,261,264,265,264,268,265,265,268,269,262,265,266,265,269,266,266,269,270,263,266,267,266,270,267,267,270,271,263,267,44,44,267,45,267,271,45,45,271,46,70,69,256,256,69,260,256,260,257,257,260,261,260,264,261,257,261,258,258,261,262,261,265,262,255,258,259,258,262,259,259,262,263,262,266,263,42,259,43,259,263,43,43,263,44,244,72,248,72,71,248,248,71,252,71,70,252,252,70,256,248,252,249,249,252,253,252,256,253,253,256,257,249,253,250,250,253,254,253,257,254,254,257,258,250,254,251,251,254,255,254,258,255,251,255,41,41,255,42,255,259,42,244,248,245,245,248,249,242,245,246,245,249,246,246,249,250,243,246,247,246,250,247,247,250,251,243,247,39,39,247,40,247,251,40,40,251,41,232,75,236,75,74,236,236,74,240,74,73,240,240,73,244,73,72,244,236,240,237,237,240,241,240,244,241,241,244,245,237,241,238,238,241,242,241,245,242,235,238,239,238,242,239,239,242,243,242,246,243,239,243,38,38,243,39,77,76,228,228,76,232,76,75,232,228,232,229,229,232,233,232,236,233,233,236,237,229,233,230,230,233,234,233,237,234,234,237,238,230,234,231,231,234,235,234,238,235,231,235,36,36,235,37,235,239,37,37,239,38,216,79,220,79,78,220,220,78,224,78,77,224,224,77,228,220,224,221,221,224,225,224,228,225,225,228,229,222,225,226,225,229,226,226,229,230,223,226,227,226,230,227,227,230,231,34,227,35,227,231,35,35,231,36,217,220,221,217,221,218,218,221,222,221,225,222,215,218,219,218,222,219,219,222,223,222,226,223,32,219,33,219,223,33,33,223,34,223,227,34,82,81,208,208,81,212,81,80,212,212,80,216,80,79,216,208,212,209,209,212,213,212,216,213,213,216,217,216,220,217,210,213,214,213,217,214,214,217,218,211,214,215,214,218,215,215,219,32,192,85,196,85,84,196,196,84,200,84,83,200,200,83,204,196,200,197,197,200,201,200,204,201,201,204,205,197,201,198,198,201,202,201,205,202,198,202,199,199,202,203,202,206,203,199,203,28,28,203,29,86,85,192,189,192,193,192,196,193,193,196,197,190,193,194,193,197,194,194,197,198,191,194,195,194,198,195,195,198,199,26,195,27,195,199,27,27,199,28,88,87,184,184,87,188,87,86,188,188,86,192,184,188,185,185,188,189,188,192,189,182,185,186,185,189,186,186,189,190,189,193,190,183,186,187,186,190,187,187,190,191,190,194,191,24,187,25,187,191,25,25,191,26,191,195,26,172,90,176,90,89,176,176,89,180,89,88,180,180,88,184,176,180,177,177,180,181,180,184,181,181,184,185,177,181,178,178,181,182,181,185,182,178,182,179,179,182,183,182,186,183,179,183,23,23,183,24,183,187,24,83,82,204,204,82,208,204,208,205,205,208,209,202,205,206,205,209,206,206,209,210,209,213,210,203,206,207,206,210,207,207,210,211,210,214,211,203,207,29,29,207,30,207,211,30,30,211,31,211,215,31,31,215,32,93,92,164,164,92,168,92,91,168,164,168,165,165,168,169,168,172,169,165,169,166,166,169,170,169,173,170,163,166,167,166,170,167,167,170,171,170,174,171,19,167,20,167,171,20,20,171,21,171,175,21,156,94,160,94,93,160,160,93,164,157,160,161,160,164,161,161,164,165,158,161,162,161,165,162,162,165,166,158,162,159,159,162,163,162,166,163,159,163,18,18,163,19,163,167,19,97,96,148,148,96,152,96,95,152,152,95,156,95,94,156,149,152,153,152,156,153,153,156,157,156,160,157,150,153,154,153,157,154,154,157,158,157,161,158,151,154,155,154,158,155,155,158,159,16,155,17,155,159,17,17,159,18,99,98,140,140,98,144,98,97,144,144,97,148,141,144,145,144,148,145,145,148,149,148,152,149,142,145,146,145,149,146,146,149,150,149,153,150,143,146,147,146,150,147,147,150,151,150,154,151,143,147,14,14,147,15,147,151,15,15,151,16,151,155,16,136,99,140,136,140,137,137,140,141,140,144,141,134,137,138,137,141,138,138,141,142,141,145,142,135,138,139,138,142,139,139,142,143,142,146,143,135,139,12,12,139,13,139,143,13,13,143,14,124,102,128,102,101,128,128,101,132,101,100,132,132,100,136,100,99,136,128,132,129,129,132,133,132,136,133,133,136,137,129,133,130,130,133,134,133,137,134,127,130,131,130,134,131,131,134,135,134,138,135,131,135,11,11,135,12,168,91,172,91,90,172,169,172,173,172,176,173,173,176,177,170,173,174,173,177,174,174,177,178,171,174,175,174,178,175,175,178,179,21,175,22,175,179,22,22,179,23,104,103,120,120,103,124,103,102,124,120,124,121,121,124,125,124,128,125,125,128,129,121,125,122,122,125,126,125,129,126,126,129,130,122,126,123,123,126,127,126,130,127,123,127,9,9,127,10,127,131,10,10,131,11,116,104,120,116,120,117,117,120,121,114,117,118,117,121,118,118,121,122,115,118,119,118,122,119,119,122,123,7,119,8,119,123,8,8,123,9,0,107,1,1,107,108,107,106,108,108,106,112,106,105,112,112,105,116,105,104,116,1,108,2,2,108,109,108,112,109,109,112,113,112,116,113,113,116,117,2,109,3,3,109,110,109,113,110,110,113,114,113,117,114,3,110,4,4,110,111,110,114,111,111,114,115,114,118,115,4,111,5,5,111,6,111,115,6,6,115,7,115,119,7],"vertices":[3,2,-2.6,-8.45,0.91728,3,-6.71,-8.24,0.07734,4,-10.28,-8.58,0.00539,3,2,-2.6,-5.45,0.94794,3,-6.61,-5.24,0.05056,4,-10.28,-5.58,0.00151,2,2,-2.6,-2.45,0.99061,3,-6.52,-2.24,0.00939,1,2,-2.6,0.55,1,2,2,-2.6,3.55,0.98561,3,-6.32,3.75,0.01439,2,2,-2.6,6.55,0.9531,3,-6.22,6.75,0.0469,3,2,-0.11,6.55,0.8805,3,-3.74,6.67,0.11231,4,-7.79,6.42,0.0072,4,2,2.38,6.55,0.64667,3,-1.25,6.59,0.29877,4,-5.3,6.42,0.05452,5,-9.4,6.3,0.00004,5,2,4.87,6.55,0.3315,3,1.24,6.51,0.47186,4,-2.81,6.42,0.18834,5,-6.91,6.3,0.00818,6,-11.49,6.3,0.00012,5,2,7.36,6.55,0.1035,3,3.73,6.43,0.4245,4,-0.32,6.42,0.401,5,-4.42,6.3,0.06368,6,-9,6.3,0.00732,5,2,9.85,6.55,0.01408,3,6.22,6.35,0.2209,4,2.17,6.42,0.50342,5,-1.93,6.3,0.217,6,-6.51,6.3,0.0446,5,3,8.71,6.27,0.06977,4,4.66,6.42,0.3587,5,0.56,6.3,0.41372,6,-4.02,6.3,0.15466,7,-8.09,6.49,0.00314,5,3,11.19,6.19,0.01061,4,7.15,6.42,0.14604,5,3.05,6.3,0.45098,6,-1.53,6.3,0.35618,7,-5.6,6.43,0.0362,6,3,13.68,6.11,0.00019,4,9.63,6.42,0.03126,5,5.54,6.3,0.27385,6,0.95,6.3,0.54368,7,-3.11,6.38,0.15057,8,-8.64,5.93,0.00046,5,4,12.12,6.42,0.00186,5,8.03,6.3,0.09119,6,3.44,6.3,0.51495,7,-0.62,6.32,0.37403,8,-6.15,6,0.01798,5,5,10.52,6.3,0.01386,6,5.93,6.3,0.29956,7,1.87,6.26,0.57893,8,-3.66,6.07,0.1039,9,-8.02,6.05,0.00374,5,6,8.42,6.3,0.11593,7,4.36,6.2,0.54161,8,-1.18,6.14,0.2967,9,-5.53,6.13,0.04501,10,-9.49,6.16,0.00074,5,6,10.91,6.3,0.02747,7,6.85,6.14,0.32573,8,1.31,6.22,0.44808,9,-3.05,6.21,0.18146,10,-7,6.23,0.01726,6,11,-8.67,6.55,0.00021,6,13.4,6.3,0.00222,7,9.34,6.08,0.12745,8,3.8,6.29,0.37746,9,-0.56,6.29,0.4041,10,-4.51,6.3,0.08857,5,11,-6.18,6.55,0.01285,7,11.82,6.02,0.03355,8,6.29,6.36,0.18358,9,1.93,6.36,0.50468,10,-2.02,6.37,0.26534,6,11,-3.69,6.55,0.08282,7,14.31,5.96,0.00363,8,8.78,6.43,0.04993,9,4.42,6.44,0.38157,10,0.47,6.44,0.47519,12,-7.53,6.55,0.00688,6,11,-1.2,6.55,0.25422,8,11.27,6.5,0.00624,9,6.91,6.52,0.17732,10,2.96,6.51,0.50901,12,-5.04,6.55,0.05203,13,-9.13,6.55,0.00118,5,11,1.29,6.55,0.42233,9,9.4,6.6,0.05021,10,5.45,6.58,0.33265,12,-2.55,6.55,0.174,13,-6.64,6.55,0.02081,6,11,3.78,6.55,0.39324,9,11.89,6.67,0.00744,10,7.93,6.65,0.13229,12,-0.06,6.55,0.35891,13,-4.15,6.55,0.10611,14,-8.49,6.55,0.00201,5,11,6.27,6.55,0.21664,10,10.42,6.72,0.03197,12,2.43,6.55,0.42506,13,-1.67,6.55,0.29823,14,-6.01,6.55,0.0281,7,11,8.76,6.55,0.07262,10,12.91,6.8,0.00262,16,-11.64,6.07,0.00364,12,4.92,6.55,0.29333,13,0.82,6.55,0.50857,14,-3.52,6.55,0.11708,15,-7.16,6.77,0.00214,6,11,11.25,6.55,0.01456,16,-9.15,6.15,0.02471,12,7.41,6.55,0.11535,13,3.31,6.55,0.51649,14,-1.03,6.55,0.29578,15,-4.67,6.69,0.03312,6,11,13.74,6.55,0.00055,16,-6.66,6.22,0.0859,12,9.9,6.55,0.02355,13,5.8,6.55,0.31667,14,1.46,6.55,0.43935,15,-2.18,6.62,0.13399,7,16,-4.17,6.3,0.2235,12,12.39,6.55,0.00123,13,8.29,6.55,0.12153,14,3.95,6.55,0.36417,15,0.31,6.54,0.28873,17,-8.07,6.55,0.00023,18,-12.2,6.94,0.0006,6,16,-1.69,6.38,0.44704,13,10.78,6.55,0.02911,14,6.44,6.55,0.17411,15,2.8,6.47,0.32684,17,-5.58,6.55,0.01345,18,-9.71,6.86,0.00945,6,16,0.8,6.45,0.63106,13,13.27,6.55,0.00276,14,8.93,6.55,0.05029,15,5.29,6.39,0.19161,17,-3.09,6.55,0.08126,18,-7.22,6.78,0.04302,6,16,3.29,6.53,0.57479,14,11.42,6.55,0.00722,15,7.77,6.32,0.06287,17,-0.6,6.55,0.22425,18,-4.73,6.7,0.13017,19,-8.98,6.15,0.00069,5,16,5.78,6.6,0.35007,15,10.26,6.24,0.0098,17,1.89,6.55,0.33251,18,-2.24,6.62,0.29061,19,-6.5,6.22,0.01701,6,16,8.27,6.68,0.14915,15,12.75,6.16,0.00006,17,4.38,6.55,0.27585,18,0.25,6.54,0.48116,19,-4.01,6.3,0.0889,20,-7.46,6.76,0.00488,6,16,10.76,6.75,0.04537,17,6.86,6.55,0.12861,18,2.73,6.46,0.52307,19,-1.52,6.38,0.25981,20,-4.97,6.69,0.04314,21,-9.5,6.42,0.00001,7,16,13.25,6.83,0.00792,17,9.35,6.55,0.03313,18,5.22,6.38,0.35193,19,0.97,6.46,0.43594,20,-2.49,6.62,0.16393,21,-7.01,6.42,0.00671,22,-11.35,6.42,0.00044,7,16,15.73,6.9,0.00017,17,11.84,6.55,0.00281,18,7.71,6.3,0.15155,19,3.46,6.53,0.41265,20,0,6.55,0.36668,21,-4.52,6.42,0.05571,22,-8.86,6.42,0.01043,5,18,10.2,6.22,0.04384,19,5.95,6.61,0.23368,20,2.49,6.48,0.46988,21,-2.03,6.42,0.19642,22,-6.37,6.42,0.05618,6,18,12.69,6.14,0.00585,19,8.44,6.69,0.08276,20,4.98,6.41,0.35539,21,0.46,6.42,0.37579,22,-3.88,6.42,0.17641,23,-7.65,6.67,0.0038,7,18,15.18,6.06,0.00004,19,10.92,6.77,0.01756,20,7.47,6.34,0.15138,21,2.95,6.42,0.39925,22,-1.39,6.42,0.3916,23,-5.16,6.59,0.03848,24,-9.33,6.3,0.00169,6,19,13.41,6.85,0.00107,20,9.96,6.27,0.03502,21,5.44,6.42,0.23149,22,1.1,6.42,0.56159,23,-2.67,6.51,0.14885,24,-6.84,6.3,0.02197,6,20,12.45,6.19,0.00261,21,7.93,6.42,0.07079,22,3.59,6.42,0.49591,23,-0.18,6.43,0.33274,24,-4.35,6.3,0.09524,25,-8.19,6.3,0.00271,5,21,10.42,6.42,0.00962,22,6.08,6.42,0.26936,23,2.31,6.35,0.42977,24,-1.86,6.3,0.25767,25,-5.7,6.3,0.03358,7,21,12.91,6.42,0.00004,22,8.57,6.42,0.09366,23,4.8,6.28,0.32014,24,0.63,6.3,0.44626,25,-3.21,6.3,0.13776,26,-7.43,6.3,0.00165,27,-11.4,6.3,0.0005,6,22,11.05,6.42,0.01985,23,7.28,6.2,0.13437,24,3.12,6.3,0.45922,25,-0.73,6.3,0.34605,26,-4.94,6.3,0.03077,27,-8.91,6.3,0.00974,6,22,13.54,6.42,0.00127,23,9.77,6.12,0.03276,24,5.61,6.3,0.27066,25,1.76,6.3,0.49902,26,-2.45,6.3,0.14703,27,-6.42,6.3,0.04925,6,23,12.26,6.04,0.00241,24,8.1,6.3,0.0959,25,4.25,6.3,0.40824,26,0.04,6.3,0.33734,27,-3.93,6.3,0.14875,28,-7.9,6.3,0.00736,6,24,10.59,6.3,0.01963,25,6.74,6.3,0.18858,26,2.53,6.3,0.40807,27,-1.44,6.3,0.33096,28,-5.41,6.3,0.05247,29,-9.44,6.01,0.00029,6,24,13.08,6.3,0.00111,25,9.23,6.3,0.05438,26,5.02,6.3,0.26045,27,1.05,6.3,0.48388,28,-2.92,6.3,0.18453,29,-6.96,6.09,0.01565,6,25,11.72,6.3,0.00727,26,7.51,6.3,0.0945,27,3.54,6.3,0.41868,28,-0.43,6.3,0.39465,29,-4.47,6.16,0.0841,30,-8.24,6.42,0.0008,6,25,14.21,6.3,0.00005,26,10,6.3,0.01742,27,6.03,6.3,0.21257,28,2.06,6.3,0.49363,29,-1.98,6.24,0.25081,30,-5.75,6.42,0.02552,5,26,12.49,6.3,0.00043,27,8.52,6.3,0.06364,28,4.55,6.3,0.35239,29,0.51,6.32,0.43952,30,-3.26,6.42,0.14402,4,27,11.01,6.3,0.00869,28,7.04,6.3,0.14474,29,3,6.4,0.4336,30,-0.77,6.42,0.41297,3,28,9.53,6.3,0.03116,29,5.49,6.47,0.25752,30,1.72,6.42,0.71132,3,28,12.02,6.3,0.00086,29,7.98,6.55,0.15906,30,4.21,6.42,0.84008,2,29,8.07,3.55,0.07733,30,4.21,3.42,0.92267,1,30,4.21,0.42,1,3,28,12.02,-2.7,0.00144,29,8.26,-2.44,0.04196,30,4.21,-2.58,0.9566,3,28,12.02,-5.7,0.01894,29,8.35,-5.44,0.17976,30,4.21,-5.58,0.8013,3,28,12.02,-8.7,0.03382,29,8.44,-8.44,0.24112,30,4.21,-8.58,0.72506,5,26,17.47,-8.7,0.00183,27,13.5,-8.7,0.00229,28,9.53,-8.7,0.06617,29,5.96,-8.52,0.2942,30,1.72,-8.58,0.63551,5,26,14.98,-8.7,0.01242,27,11.01,-8.7,0.01837,28,7.04,-8.7,0.15883,29,3.47,-8.6,0.38319,30,-0.77,-8.58,0.42719,6,25,16.7,-8.7,0.00008,26,12.49,-8.7,0.04351,27,8.52,-8.7,0.06633,28,4.55,-8.7,0.28727,29,0.98,-8.67,0.38679,30,-3.26,-8.58,0.21601,6,25,14.21,-8.7,0.00539,26,10,-8.7,0.11103,27,6.03,-8.7,0.15361,28,2.06,-8.7,0.36595,29,-1.51,-8.75,0.28286,30,-5.75,-8.58,0.08116,7,24,15.57,-8.7,0.00141,25,11.72,-8.7,0.02952,26,7.51,-8.7,0.22529,27,3.54,-8.7,0.24399,28,-0.43,-8.7,0.32334,29,-4,-8.83,0.15654,30,-8.24,-8.58,0.01991,8,23,16.77,-9.1,0.00048,24,13.08,-8.7,0.01261,25,9.23,-8.7,0.09142,26,5.02,-8.7,0.36055,27,1.05,-8.7,0.26371,28,-2.92,-8.7,0.20192,29,-6.49,-8.91,0.06751,30,-10.73,-8.58,0.0018,7,23,14.28,-9.03,0.00746,24,10.59,-8.7,0.04752,25,6.74,-8.7,0.20166,26,2.53,-8.7,0.43622,27,-1.44,-8.7,0.19239,28,-5.41,-8.7,0.09266,29,-8.98,-8.98,0.02208,9,21,20.37,-8.58,0.00002,22,16.03,-8.58,0.00006,23,11.79,-8.95,0.03389,24,8.1,-8.7,0.12151,25,4.25,-8.7,0.32345,26,0.04,-8.7,0.38807,27,-3.93,-8.7,0.09691,28,-7.9,-8.7,0.03155,29,-11.46,-9.06,0.00454,9,21,17.88,-8.58,0.00228,22,13.54,-8.58,0.00394,23,9.3,-8.87,0.09918,24,5.61,-8.7,0.22978,25,1.76,-8.7,0.36883,26,-2.45,-8.7,0.25464,27,-6.42,-8.7,0.03435,28,-10.39,-8.7,0.00679,29,-13.95,-9.14,0.00022,8,21,15.39,-8.58,0.01428,22,11.05,-8.58,0.02358,23,6.82,-8.79,0.21689,24,3.12,-8.7,0.3134,25,-0.73,-8.7,0.29697,26,-4.94,-8.7,0.12696,27,-8.91,-8.7,0.00751,28,-12.88,-8.7,0.0004,8,20,17,-8.94,0.00061,21,12.91,-8.58,0.04904,22,8.57,-8.58,0.07576,23,4.33,-8.72,0.3563,24,0.63,-8.7,0.29708,25,-3.21,-8.7,0.17235,26,-7.43,-8.7,0.04837,27,-11.4,-8.7,0.00048,7,20,14.51,-8.87,0.008,21,10.42,-8.58,0.12481,22,6.08,-8.58,0.16381,23,1.84,-8.64,0.42379,24,-1.86,-8.7,0.19256,25,-5.7,-8.7,0.07421,26,-9.92,-8.7,0.01283,8,19,16.37,-8.07,0.00055,20,12.02,-8.8,0.03416,21,7.93,-8.58,0.25334,22,3.59,-8.58,0.24209,23,-0.65,-8.56,0.35814,24,-4.35,-8.7,0.08732,25,-8.19,-8.7,0.02286,26,-12.41,-8.7,0.00154,7,19,13.88,-8.15,0.00866,20,9.53,-8.73,0.09568,21,5.44,-8.58,0.4066,22,1.1,-8.58,0.23772,23,-3.14,-8.48,0.2201,24,-6.84,-8.7,0.02728,25,-10.68,-8.7,0.00396,8,18,14.69,-8.93,0.00032,19,11.39,-8.22,0.03898,20,7.04,-8.66,0.20276,21,2.95,-8.58,0.49746,22,-1.39,-8.58,0.15202,23,-5.63,-8.4,0.1036,24,-9.33,-8.7,0.00479,25,-13.17,-8.7,0.00006,8,17,16.82,-8.45,0.00028,18,12.21,-8.85,0.00659,19,8.9,-8.3,0.11216,20,4.55,-8.59,0.32715,21,0.46,-8.58,0.45233,22,-3.88,-8.58,0.06359,23,-8.12,-8.33,0.03779,24,-11.82,-8.7,0.0001,7,17,14.33,-8.45,0.0065,18,9.72,-8.77,0.03233,19,6.42,-8.38,0.24034,20,2.06,-8.51,0.38652,21,-2.03,-8.58,0.30881,22,-6.37,-8.58,0.01596,23,-10.6,-8.25,0.00954,8,16,16.19,-8.09,0.00002,17,11.84,-8.45,0.03301,18,7.23,-8.69,0.09325,19,3.93,-8.46,0.38248,20,-0.42,-8.44,0.32572,21,-4.52,-8.58,0.16325,22,-8.86,-8.58,0.00133,23,-13.09,-8.17,0.00095,7,16,13.7,-8.17,0.00321,15,17.27,-8.98,0.00098,17,9.35,-8.45,0.10252,18,4.74,-8.61,0.18656,19,1.44,-8.54,0.43926,20,-2.91,-8.37,0.19958,21,-7.01,-8.58,0.06787,7,16,11.21,-8.24,0.02408,15,14.79,-8.9,0.00937,17,6.86,-8.45,0.23048,18,2.25,-8.53,0.25726,19,-1.05,-8.61,0.36693,20,-5.4,-8.3,0.09087,21,-9.5,-8.58,0.02101,9,11,28.68,-8.45,0.00001,16,8.72,-8.32,0.08739,14,16.4,-8.45,0.00001,15,12.3,-8.83,0.03716,17,4.38,-8.45,0.3766,18,-0.24,-8.45,0.23169,19,-3.54,-8.69,0.23289,20,-7.89,-8.23,0.03054,21,-11.99,-8.58,0.00372,11,11,26.19,-8.45,0.00001,10,30.76,-7.7,0.00001,16,6.23,-8.39,0.20028,13,18.25,-8.45,0.00003,14,13.91,-8.45,0.00437,15,9.81,-8.75,0.09947,17,1.89,-8.45,0.43631,18,-2.73,-8.37,0.13545,19,-6.03,-8.77,0.11789,20,-10.38,-8.16,0.00617,21,-14.48,-8.58,0.00001,10,11,23.7,-8.45,0.00001,10,28.27,-7.77,0.00001,16,3.75,-8.47,0.31052,13,15.76,-8.45,0.00253,14,11.42,-8.45,0.02608,15,7.32,-8.68,0.21184,17,-0.6,-8.45,0.34869,18,-5.21,-8.29,0.0514,19,-8.52,-8.85,0.04859,20,-12.87,-8.09,0.00032,10,11,21.21,-8.45,0.00002,10,25.78,-7.84,0.00002,16,1.26,-8.54,0.32054,12,17.37,-8.45,0.00034,13,13.27,-8.45,0.01725,14,8.93,-8.45,0.0834,15,4.83,-8.6,0.35219,17,-3.09,-8.45,0.19924,18,-7.7,-8.21,0.01155,19,-11,-8.92,0.01545,12,11,18.72,-8.45,0.00004,7,36.36,-9.57,0.00001,8,31.61,-7.92,0.00001,10,23.3,-7.91,0.00002,16,-1.23,-8.62,0.2225,12,14.88,-8.45,0.00676,13,10.78,-8.45,0.06112,14,6.44,-8.45,0.18707,15,2.34,-8.53,0.43212,17,-5.58,-8.45,0.08636,18,-10.19,-8.13,0.00085,19,-13.49,-9,0.00315,9,7,33.87,-9.51,0.00001,8,29.12,-8,0.00001,16,-3.72,-8.69,0.10627,12,12.39,-8.45,0.03026,13,8.29,-8.45,0.14833,14,3.95,-8.45,0.30088,15,-0.15,-8.45,0.38841,17,-8.07,-8.45,0.02581,19,-15.98,-9.08,0.00003,9,11,13.74,-8.45,0.00159,7,31.38,-9.45,0.00002,8,26.63,-8.07,0.00002,16,-6.21,-8.77,0.03677,12,9.9,-8.45,0.09747,13,5.8,-8.45,0.27654,14,1.46,-8.45,0.33067,15,-2.63,-8.38,0.25219,17,-10.56,-8.45,0.00474,11,11,11.25,-8.45,0.01636,7,28.89,-9.39,0.00003,8,24.14,-8.14,0.00002,10,15.83,-8.13,0.00196,16,-8.7,-8.84,0.00783,12,7.41,-8.45,0.22143,13,3.31,-8.45,0.37307,14,-1.03,-8.45,0.2551,15,-5.12,-8.3,0.12398,17,-13.05,-8.45,0.00016,19,-20.96,-9.24,0.00005,9,11,8.76,-8.45,0.06234,7,26.4,-9.33,0.00005,10,13.34,-8.2,0.01421,16,-11.19,-8.92,0.00017,12,4.92,-8.45,0.38071,13,0.82,-8.45,0.35964,14,-3.52,-8.45,0.13872,15,-7.61,-8.23,0.04412,19,-23.45,-9.31,0.00004,10,11,6.27,-8.45,0.16307,5,32.93,-8.7,0.00001,7,23.91,-9.27,0.00007,9,14.84,-8.24,0.00358,10,10.85,-8.27,0.05629,12,2.43,-8.45,0.47296,13,-1.67,-8.45,0.23692,14,-6.01,-8.45,0.0559,15,-10.1,-8.15,0.01117,19,-25.94,-9.39,0.00003,12,11,3.78,-8.45,0.2865,5,30.44,-8.7,0.00001,7,21.42,-9.21,0.00008,8,16.67,-8.35,0.00176,9,12.35,-8.32,0.02113,10,8.36,-8.34,0.1409,16,-16.16,-9.07,0.00008,12,-0.06,-8.45,0.4235,13,-4.15,-8.45,0.10978,14,-8.49,-8.45,0.01512,15,-12.59,-8.07,0.00112,19,-28.42,-9.47,0.00002,10,11,1.29,-8.45,0.34558,5,27.95,-8.7,0.00002,8,14.19,-8.42,0.01327,9,9.87,-8.4,0.07007,10,5.87,-8.41,0.26356,16,-18.65,-9.15,0.00007,12,-2.55,-8.45,0.27137,13,-6.64,-8.45,0.0343,14,-10.98,-8.45,0.00175,19,-30.91,-9.55,0.00001,10,11,-1.2,-8.45,0.28561,5,25.46,-8.7,0.00002,7,16.45,-9.09,0.00019,8,11.7,-8.49,0.05238,9,7.38,-8.47,0.17103,10,3.39,-8.48,0.3519,16,-21.14,-9.22,0.00005,12,-5.04,-8.45,0.13269,13,-9.13,-8.45,0.00611,19,-33.4,-9.62,0.00001,11,2,34.75,-8.45,0.00001,11,-3.69,-8.45,0.17362,5,22.97,-8.7,0.00003,7,13.96,-9.04,0.00737,8,9.21,-8.56,0.1343,9,4.89,-8.55,0.30031,10,0.9,-8.55,0.33565,16,-23.63,-9.3,0.00004,12,-7.53,-8.45,0.04857,13,-11.62,-8.45,0.00009,15,-20.06,-7.85,0.00001,10,2,32.26,-8.45,0.00001,11,-6.18,-8.45,0.08076,6,15.89,-8.7,0.00035,7,11.47,-8.98,0.03716,8,6.72,-8.64,0.26625,9,2.4,-8.63,0.37889,10,-1.59,-8.63,0.22465,16,-26.12,-9.37,0.00002,12,-10.02,-8.45,0.01189,15,-22.54,-7.77,0.00001,12,2,29.77,-8.45,0.00003,3,25.64,-9.28,0.00001,11,-8.67,-8.45,0.02894,5,17.99,-8.7,0.00054,6,13.4,-8.7,0.00844,7,8.98,-8.92,0.11404,8,4.23,-8.71,0.40123,9,-0.09,-8.71,0.33712,10,-4.08,-8.7,0.10876,16,-28.61,-9.45,0.00001,12,-12.51,-8.45,0.00089,15,-25.03,-7.7,0.00001,10,2,27.28,-8.45,0.00004,3,23.15,-9.2,0.00001,11,-11.16,-8.45,0.00739,5,15.5,-8.7,0.00829,6,10.91,-8.7,0.03898,7,6.49,-8.86,0.24504,8,1.74,-8.78,0.44454,9,-2.58,-8.78,0.21754,10,-6.57,-8.77,0.03816,16,-31.1,-9.52,0.00001,9,2,24.79,-8.45,0.00007,4,17.1,-8.58,0.00011,11,-13.65,-8.45,0.00069,5,13.01,-8.7,0.0352,6,8.42,-8.7,0.10973,7,4,-8.8,0.37695,8,-0.75,-8.85,0.36275,9,-5.07,-8.86,0.10654,10,-9.06,-8.84,0.00797,8,2,22.3,-8.45,0.0001,4,14.61,-8.58,0.00627,5,10.52,-8.7,0.10609,6,5.93,-8.7,0.22305,7,1.51,-8.74,0.39739,8,-3.24,-8.92,0.22531,9,-7.55,-8.94,0.04143,10,-11.55,-8.91,0.00037,9,2,19.81,-8.45,0.00012,3,15.69,-8.96,0.00133,4,12.12,-8.58,0.02925,11,-18.63,-8.45,0.00001,5,8.03,-8.7,0.2325,6,3.44,-8.7,0.31687,7,-0.98,-8.68,0.29913,8,-5.72,-8.99,0.10928,9,-10.04,-9.02,0.01152,7,3,13.2,-8.88,0.01068,4,9.64,-8.58,0.08371,5,5.54,-8.7,0.39437,6,0.96,-8.7,0.30994,7,-3.47,-8.62,0.16043,8,-8.21,-9.06,0.03954,9,-12.53,-9.1,0.00133,7,2,14.83,-8.45,0.00081,3,10.71,-8.8,0.0421,4,7.15,-8.58,0.18446,5,3.05,-8.7,0.49985,6,-1.53,-8.7,0.20117,7,-5.96,-8.56,0.06182,8,-10.7,-9.13,0.00979,7,2,12.34,-8.45,0.01581,3,8.22,-8.72,0.11071,4,4.66,-8.58,0.30633,5,0.56,-8.7,0.46116,6,-4.02,-8.7,0.08862,7,-8.45,-8.5,0.01626,8,-13.19,-9.2,0.00112,6,2,9.85,-8.45,0.07104,3,5.73,-8.64,0.21603,4,2.17,-8.58,0.36982,5,-1.93,-8.7,0.31545,6,-6.51,-8.7,0.0259,7,-10.93,-8.44,0.00176,5,2,7.36,-8.45,0.20299,3,3.25,-8.56,0.31174,4,-0.32,-8.58,0.31527,5,-4.42,-8.7,0.16647,6,-9,-8.7,0.00353,4,2,4.87,-8.45,0.42516,3,0.76,-8.48,0.31281,4,-2.81,-8.58,0.19145,5,-6.91,-8.7,0.07058,4,2,2.38,-8.45,0.67465,3,-1.73,-8.4,0.2223,4,-5.3,-8.58,0.08186,5,-9.4,-8.7,0.02119,4,2,-0.11,-8.45,0.8535,3,-4.22,-8.32,0.12003,4,-7.79,-8.58,0.0231,5,-11.89,-8.7,0.00337,4,2,-0.11,-5.45,0.89018,3,-4.12,-5.32,0.09469,4,-7.79,-5.58,0.01362,5,-11.89,-5.7,0.0015,3,2,-0.11,-2.45,0.96781,3,-4.03,-2.32,0.03139,4,-7.79,-2.58,0.0008,1,2,-0.11,0.55,1,3,2,-0.11,3.55,0.94208,3,-3.83,3.67,0.056,4,-7.79,3.42,0.00191,4,2,2.38,-5.45,0.69859,3,-1.63,-5.4,0.22852,4,-5.3,-5.58,0.05975,5,-9.4,-5.7,0.01314,4,2,2.38,-2.45,0.80656,3,-1.54,-2.4,0.17638,4,-5.3,-2.58,0.01472,5,-9.4,-2.7,0.00233,3,2,2.38,0.55,0.9862,3,-1.44,0.59,0.01348,4,-5.3,0.42,0.00032,3,2,2.38,3.55,0.7049,3,-1.34,3.59,0.26663,4,-5.3,3.42,0.02847,4,2,4.87,-5.45,0.40384,3,0.85,-5.48,0.37431,4,-2.81,-5.58,0.17128,5,-6.91,-5.7,0.05057,4,2,4.87,-2.45,0.30058,3,0.95,-2.48,0.60305,4,-2.81,-2.58,0.08299,5,-6.91,-2.7,0.01338,3,2,4.87,0.55,0.01086,3,1.05,0.51,0.98541,4,-2.81,0.42,0.00372,4,2,4.87,3.55,0.29659,3,1.14,3.51,0.57565,4,-2.81,3.42,0.12587,5,-6.91,3.3,0.00188,5,2,7.36,-5.45,0.16177,3,3.34,-5.56,0.36466,4,-0.32,-5.58,0.33724,5,-4.42,-5.7,0.13511,6,-9,-5.7,0.00122,4,2,7.36,-2.45,0.04508,3,3.44,-2.56,0.52373,4,-0.32,-2.58,0.37921,5,-4.42,-2.7,0.05198,3,3,3.54,0.43,0.67088,4,-0.32,0.42,0.32907,6,-9,0.3,0.00005,5,2,7.36,3.55,0.06104,3,3.63,3.43,0.47758,4,-0.32,3.42,0.43202,5,-4.42,3.3,0.02659,6,-9,3.3,0.00277,6,2,9.85,-5.45,0.04851,3,5.83,-5.64,0.21062,4,2.17,-5.58,0.42768,5,-1.93,-5.7,0.29781,6,-6.51,-5.7,0.01481,7,-10.86,-5.44,0.00057,5,2,9.85,-2.45,0.00657,3,5.93,-2.64,0.1386,4,2.17,-2.58,0.66776,5,-1.93,-2.7,0.1863,6,-6.51,-2.7,0.00077,3,3,6.02,0.35,0.00072,4,2.17,0.42,0.99843,6,-6.51,0.3,0.00085,5,2,9.85,3.55,0.00269,3,6.12,3.35,0.16991,4,2.17,3.42,0.63225,5,-1.93,3.3,0.17135,6,-6.51,3.3,0.0238,7,2,12.34,-5.45,0.00893,3,8.32,-5.72,0.09084,4,4.66,-5.58,0.32349,5,0.56,-5.7,0.50116,6,-4.02,-5.7,0.06595,7,-8.37,-5.5,0.00921,8,-13.28,-6.21,0.00042,5,2,12.34,-2.45,0.00018,3,8.42,-2.73,0.03333,4,4.66,-2.58,0.35614,5,0.56,-2.7,0.60053,6,-4.02,-2.7,0.00982,3,4,4.66,0.42,0.20585,5,0.56,0.3,0.79211,6,-4.02,0.3,0.00204,5,3,8.61,3.27,0.03262,4,4.66,3.42,0.37483,5,0.56,3.3,0.4995,6,-4.02,3.3,0.09248,7,-8.16,3.49,0.00056,7,2,14.83,-5.45,0.00002,3,10.81,-5.8,0.0306,4,7.15,-5.58,0.16501,5,3.05,-5.7,0.55738,6,-1.53,-5.7,0.19497,7,-5.88,-5.56,0.04533,8,-10.79,-6.13,0.0067,6,3,10.9,-2.81,0.00695,4,7.15,-2.58,0.07458,5,3.05,-2.7,0.77592,6,-1.53,-2.7,0.13409,7,-5.81,-2.56,0.00753,8,-10.87,-3.14,0.00093,2,5,3.05,0.3,0.99985,7,-5.74,0.44,0.00015,5,3,11.1,3.19,0.00337,4,7.15,3.42,0.09039,5,3.05,3.3,0.57366,6,-1.53,3.3,0.31635,7,-5.67,3.44,0.01624,7,3,13.3,-5.88,0.00694,4,9.63,-5.58,0.06367,5,5.54,-5.7,0.39915,6,0.96,-5.7,0.36276,7,-3.4,-5.62,0.13907,8,-8.3,-6.06,0.02789,9,-12.62,-6.1,0.00051,6,3,13.39,-2.89,0.00085,4,9.63,-2.58,0.01684,5,5.54,-2.7,0.36266,6,0.95,-2.7,0.5649,7,-3.32,-2.62,0.04822,8,-8.38,-3.07,0.00653,3,5,5.54,0.3,0.04237,6,0.95,0.3,0.95568,7,-3.25,0.38,0.00195,4,4,9.63,3.42,0.01039,5,5.54,3.3,0.26328,6,0.95,3.3,0.62969,7,-3.18,3.38,0.09664,8,2,19.81,-5.45,0.00005,3,15.78,-5.96,0.00037,4,12.12,-5.58,0.01865,5,8.03,-5.7,0.19709,6,3.44,-5.7,0.38247,7,-0.91,-5.68,0.3118,8,-5.81,-5.99,0.08269,9,-10.14,-6.02,0.00687,7,2,19.81,-2.45,0.00001,4,12.12,-2.58,0.00305,5,8.03,-2.7,0.08908,6,3.44,-2.7,0.57534,7,-0.84,-2.68,0.30468,8,-5.9,-2.99,0.02724,9,-10.23,-3.02,0.00059,2,6,3.44,0.3,0.93019,7,-0.76,0.32,0.06981,5,4,12.12,3.42,0.00003,5,8.03,3.3,0.04466,6,3.44,3.3,0.58932,7,-0.69,3.32,0.36142,8,-6.07,3,0.00457,7,2,22.3,-5.45,0.00006,4,14.61,-5.58,0.00344,5,10.52,-5.7,0.08008,6,5.93,-5.7,0.22382,7,1.58,-5.74,0.46607,8,-3.32,-5.92,0.19758,9,-7.65,-5.94,0.02893,7,2,22.3,-2.45,0.00002,4,14.61,-2.58,0.00003,5,10.52,-2.7,0.0233,6,5.93,-2.7,0.1729,7,1.65,-2.74,0.70076,8,-3.41,-2.92,0.09654,9,-7.74,-2.94,0.00645,1,7,1.73,0.26,1,5,5,10.52,3.3,0.00377,6,5.93,3.3,0.24104,7,1.8,3.26,0.71201,8,-3.58,3.07,0.04313,9,-7.93,3.05,0.00004,9,2,24.79,-5.45,0.00005,4,17.1,-5.58,0.00004,11,-13.65,-5.45,0.00027,5,13.01,-5.7,0.02456,6,8.42,-5.7,0.08837,7,4.07,-5.8,0.42647,8,-0.83,-5.85,0.37199,9,-5.16,-5.86,0.08367,10,-9.14,-5.84,0.00457,7,2,24.79,-2.45,0.00002,5,13.01,-2.7,0.00512,6,8.42,-2.7,0.02388,7,4.14,-2.8,0.59443,8,-0.92,-2.85,0.35122,9,-5.25,-2.87,0.02528,10,-9.23,-2.84,0.00006,3,6,8.42,0.3,0.00151,7,4.21,0.2,0.96941,8,-1,0.15,0.02908,4,6,8.42,3.3,0.06478,7,4.29,3.2,0.62712,8,-1.09,3.15,0.29105,9,-5.44,3.13,0.01706,8,2,27.28,-5.45,0.00003,11,-11.16,-5.45,0.00461,5,15.5,-5.7,0.00505,6,10.91,-5.7,0.02656,7,6.56,-5.86,0.23934,8,1.66,-5.78,0.49853,9,-2.67,-5.79,0.19955,10,-6.66,-5.77,0.02631,8,2,27.28,-2.45,0.00001,11,-11.16,-2.45,0.00051,5,15.5,-2.7,0.00022,6,10.91,-2.7,0.00282,7,6.63,-2.86,0.1664,8,1.57,-2.78,0.72586,9,-2.76,-2.79,0.09952,10,-6.74,-2.77,0.00465,1,8,1.48,0.22,1,5,6,10.91,3.3,0.01159,7,6.77,3.14,0.27788,8,1.4,3.22,0.59594,9,-2.95,3.21,0.10828,10,-6.91,3.23,0.00631,10,2,29.77,-5.45,0.00002,11,-8.67,-5.45,0.02095,5,17.99,-5.7,0.00015,6,13.4,-5.7,0.00467,7,9.05,-5.92,0.0908,8,4.14,-5.71,0.43521,9,-0.18,-5.71,0.35992,10,-4.17,-5.7,0.0877,16,-28.7,-6.45,0.00001,12,-12.51,-5.45,0.00056,7,2,29.77,-2.45,0.00001,11,-8.67,-2.45,0.00461,6,13.4,-2.7,0.00002,7,9.12,-2.92,0.01786,8,4.06,-2.71,0.5478,9,-0.28,-2.71,0.40098,10,-4.25,-2.7,0.02871,4,7,9.19,0.08,0.00226,8,3.97,0.29,0.68996,9,-0.37,0.29,0.30768,10,-4.34,0.3,0.0001,5,6,13.4,3.3,0.00072,7,9.26,3.08,0.07865,8,3.89,3.29,0.43285,9,-0.46,3.29,0.44554,10,-4.42,3.3,0.04224,10,2,32.26,-5.45,0.00001,11,-6.18,-5.45,0.06199,6,15.89,-5.7,0.00018,7,11.54,-5.98,0.02504,8,6.63,-5.64,0.24998,9,2.31,-5.63,0.43362,10,-1.68,-5.63,0.22216,16,-26.21,-6.37,0.00002,12,-10.02,-5.45,0.00699,15,-22.45,-4.77,0.00001,7,11,-6.18,-2.45,0.01903,7,11.61,-2.98,0.00246,8,6.55,-2.64,0.15658,9,2.21,-2.63,0.67346,10,-1.76,-2.63,0.14795,16,-26.3,-3.37,0.00001,12,-10.02,-2.45,0.00051,3,7,11.68,0.02,0.00059,9,2.12,0.37,0.99573,10,-1.85,0.37,0.00368,5,11,-6.18,3.55,0.00113,7,11.75,3.02,0.01595,8,6.38,3.36,0.13984,9,2.03,3.36,0.62869,10,-1.94,3.37,0.2144,10,2,34.75,-5.45,0.00001,11,-3.69,-5.45,0.15274,5,22.97,-5.7,0.00001,7,14.03,-6.04,0.00384,8,9.12,-5.57,0.10955,9,4.8,-5.55,0.31581,10,0.81,-5.56,0.38611,16,-23.72,-6.3,0.00003,12,-7.53,-5.45,0.03189,15,-19.96,-4.85,0.00001,6,11,-3.69,-2.45,0.06698,8,9.04,-2.57,0.04033,9,4.7,-2.55,0.3211,10,0.72,-2.56,0.56644,16,-23.81,-3.3,0.00001,12,-7.53,-2.45,0.00513,2,9,4.61,0.44,0.16931,10,0.64,0.44,0.83069,6,11,-3.69,3.55,0.03531,7,14.24,2.96,0.00101,8,8.87,3.43,0.02254,9,4.51,3.44,0.38825,10,0.55,3.44,0.55112,12,-7.53,3.55,0.00177,9,11,-1.2,-5.45,0.29526,5,25.46,-5.7,0.00001,8,11.61,-5.49,0.03708,9,7.28,-5.48,0.14872,10,3.3,-5.48,0.41631,16,-21.23,-6.22,0.00004,12,-5.04,-5.45,0.09941,13,-9.13,-5.45,0.00315,19,-33.5,-6.63,0.00001,6,11,-1.2,-2.45,0.26015,8,11.53,-2.5,0.00931,9,7.19,-2.48,0.05489,10,3.21,-2.49,0.65432,16,-21.32,-3.22,0.00002,12,-5.04,-2.45,0.02131,3,11,-1.2,0.55,0.00113,9,7.1,0.52,0.00231,10,3.13,0.51,0.99655,5,11,-1.2,3.55,0.24904,8,11.35,3.5,0.00156,9,7,3.52,0.11957,10,3.04,3.51,0.60728,12,-5.04,3.55,0.02255,10,11,1.29,-5.45,0.40371,5,27.95,-5.7,0.00001,8,14.1,-5.42,0.00889,9,9.77,-5.4,0.05064,10,5.79,-5.41,0.26955,16,-18.74,-6.15,0.00005,12,-2.55,-5.45,0.24549,13,-6.64,-5.45,0.02103,14,-10.98,-5.45,0.00062,19,-31.01,-6.55,0.00001,7,11,1.29,-2.45,0.6799,8,14.01,-2.42,0.00123,9,9.68,-2.4,0.00919,10,5.7,-2.41,0.22452,16,-18.83,-3.15,0.00002,12,-2.55,-2.45,0.08394,13,-6.64,-2.45,0.0012,2,11,1.29,0.55,0.9996,9,9.59,0.6,0.0004,5,11,1.29,3.55,0.53422,9,9.49,3.6,0.02334,10,5.53,3.58,0.30474,12,-2.55,3.55,0.13002,13,-6.64,3.55,0.00769,12,11,3.78,-5.45,0.31644,5,30.44,-5.7,0.00001,7,21.5,-6.21,0.00004,8,16.59,-5.35,0.00078,9,12.26,-5.32,0.01322,10,8.28,-5.34,0.11973,16,-16.25,-6.07,0.00004,12,-0.06,-5.45,0.45777,13,-4.15,-5.45,0.083,14,-8.49,-5.45,0.00862,15,-12.5,-5.08,0.00033,19,-28.52,-6.47,0.00002,9,11,3.78,-2.45,0.40961,7,21.57,-3.21,0.00001,9,12.17,-2.32,0.00087,10,8.19,-2.34,0.04261,16,-16.35,-3.07,0.00001,12,-0.06,-2.45,0.53554,13,-4.15,-2.45,0.01129,14,-8.49,-2.45,0.00006,19,-28.61,-3.47,0.00001,3,11,3.78,0.55,0.5652,12,-0.06,0.55,0.43385,13,-4.15,0.55,0.00095,6,11,3.78,3.55,0.46683,9,11.98,3.68,0.00207,10,8.02,3.65,0.07146,12,-0.06,3.55,0.40538,13,-4.15,3.55,0.05398,14,-8.49,3.55,0.00028,9,11,6.27,-5.45,0.14679,7,23.98,-6.27,0.00005,9,14.75,-5.24,0.0015,10,10.77,-5.27,0.03956,12,2.43,-5.45,0.54093,13,-1.67,-5.45,0.22445,14,-6.01,-5.45,0.03968,15,-10.01,-5.15,0.007,19,-26.03,-6.39,0.00002,8,11,6.27,-2.45,0.05017,7,24.06,-3.27,0.00002,10,10.68,-2.27,0.00898,12,2.43,-2.45,0.80257,13,-1.67,-2.45,0.13083,14,-6.01,-2.45,0.00672,15,-9.92,-2.15,0.00071,19,-26.12,-3.39,0.00001,2,11,6.27,0.55,0.01336,12,2.43,0.55,0.98664,5,11,6.27,3.55,0.16695,10,10.51,3.73,0.01371,12,2.43,3.55,0.54902,13,-1.67,3.55,0.25902,14,-6.01,3.55,0.01129,8,11,8.76,-5.45,0.04325,7,26.47,-6.33,0.00004,10,13.25,-5.2,0.00925,12,4.92,-5.45,0.38887,13,0.82,-5.45,0.41014,14,-3.52,-5.45,0.11818,15,-7.52,-5.23,0.03023,19,-23.54,-6.31,0.00003,8,11,8.76,-2.45,0.00532,7,26.54,-3.33,0.00001,10,13.17,-2.2,0.00112,12,4.92,-2.45,0.35649,13,0.82,-2.45,0.59577,14,-3.52,-2.45,0.03581,15,-7.43,-2.23,0.00546,19,-23.64,-3.32,0.00001,4,11,8.76,0.55,0.00099,16,-11.46,0.08,0.00007,12,4.92,0.55,0.1087,13,0.82,0.55,0.89024,5,11,8.76,3.55,0.03885,16,-11.55,3.08,0.00148,12,4.92,3.55,0.29562,13,0.82,3.55,0.59142,14,-3.52,3.55,0.07262,10,11,11.25,-5.45,0.00874,7,28.96,-6.39,0.00003,8,24.05,-5.14,0.00001,10,15.74,-5.13,0.00072,16,-8.79,-5.85,0.00365,12,7.41,-5.45,0.18852,13,3.31,-5.45,0.43428,14,-1.03,-5.45,0.26923,15,-5.03,-5.3,0.09479,19,-21.05,-6.24,0.00003,7,11,11.25,-2.45,0.00003,7,29.03,-3.39,0.00001,12,7.41,-2.45,0.07042,13,3.31,-2.45,0.66105,14,-1.03,-2.45,0.24302,15,-4.94,-2.3,0.02546,19,-21.15,-3.24,0.00001,3,16,-8.97,0.15,0.0008,13,3.31,0.55,0.9571,14,-1.03,0.55,0.04211,6,11,11.25,3.55,0.00525,16,-9.06,3.15,0.01366,12,7.41,3.55,0.06618,13,3.31,3.55,0.6115,14,-1.03,3.55,0.29069,15,-4.76,3.69,0.01271,10,11,13.74,-5.45,0.00016,7,31.45,-6.45,0.00002,8,26.54,-5.07,0.00001,16,-6.3,-5.77,0.02439,12,9.9,-5.45,0.06984,13,5.8,-5.45,0.28267,14,1.46,-5.45,0.39132,15,-2.54,-5.38,0.22893,17,-10.56,-5.45,0.00264,19,-18.56,-6.16,0.00001,6,7,31.52,-3.45,0.00001,16,-6.39,-2.77,0.00251,12,9.9,-2.45,0.01664,13,5.8,-2.45,0.21567,14,1.46,-2.45,0.64967,15,-2.45,-2.38,0.11551,4,16,-6.48,0.23,0.00375,13,5.8,0.55,0.00861,14,1.46,0.55,0.9775,15,-2.36,0.62,0.01014,5,16,-6.57,3.23,0.05303,12,9.9,3.55,0.00926,13,5.8,3.55,0.2725,14,1.46,3.55,0.5678,15,-2.27,3.62,0.0974,8,7,33.94,-6.51,0.00001,8,29.03,-5,0.00001,16,-3.81,-5.69,0.0853,12,12.39,-5.45,0.02049,13,8.29,-5.45,0.12175,14,3.95,-5.45,0.33408,15,-0.06,-5.45,0.42205,17,-8.07,-5.45,0.01632,6,16,-3.9,-2.7,0.01588,12,12.39,-2.45,0.00353,13,8.29,-2.45,0.0347,14,3.95,-2.45,0.4315,15,0.04,-2.45,0.51263,17,-8.07,-2.45,0.00175,3,16,-3.99,0.3,0.01122,14,3.95,0.55,0.44831,15,0.13,0.54,0.54048,4,16,-4.08,3.3,0.15508,13,8.29,3.55,0.07396,14,3.95,3.55,0.41055,15,0.22,3.54,0.36041,9,8,31.52,-4.93,0.00001,10,23.21,-4.92,0.00001,16,-1.32,-5.62,0.22721,12,14.88,-5.45,0.00358,13,10.78,-5.45,0.04248,14,6.44,-5.45,0.17151,15,2.43,-5.53,0.49257,17,-5.58,-5.45,0.06092,19,-13.59,-6,0.00171,7,16,-1.41,-2.62,0.16749,12,14.88,-2.45,0.00004,13,10.78,-2.45,0.00712,14,6.44,-2.45,0.07977,15,2.52,-2.53,0.73419,17,-5.58,-2.45,0.0113,19,-13.68,-3.01,0.00009,4,13,10.78,0.55,0.00012,14,6.44,0.55,0.00721,15,2.62,0.47,0.99237,18,-9.9,0.87,0.0003,6,16,-1.6,3.38,0.39284,13,10.78,3.55,0.01309,14,6.44,3.55,0.12232,15,2.71,3.47,0.46241,17,-5.58,3.55,0.00432,18,-9.8,3.87,0.00502,9,11,21.21,-5.45,0.00001,10,25.7,-4.84,0.00001,16,1.17,-5.54,0.38217,13,13.27,-5.45,0.00995,14,8.93,-5.45,0.06044,15,4.92,-5.6,0.36261,17,-3.09,-5.45,0.16805,18,-7.61,-5.21,0.00609,19,-11.1,-5.93,0.01066,6,16,1.08,-2.54,0.61819,13,13.27,-2.45,0.00086,14,8.93,-2.45,0.01403,15,5.01,-2.61,0.31396,17,-3.09,-2.45,0.05046,19,-11.19,-2.93,0.00248,5,16,0.98,0.45,0.97616,14,8.93,0.55,0.00132,15,5.1,0.39,0.02032,17,-3.09,0.55,0.00093,18,-7.41,0.79,0.00126,6,16,0.89,3.45,0.71216,13,13.27,3.55,0.00075,14,8.93,3.55,0.02745,15,5.19,3.39,0.18643,17,-3.09,3.55,0.04738,18,-7.32,3.79,0.02583,10,11,23.7,-5.45,0.00001,10,28.19,-4.77,0.00001,16,3.65,-5.47,0.36785,13,15.76,-5.45,0.00096,14,11.42,-5.45,0.01573,15,7.41,-5.68,0.18111,17,-0.6,-5.45,0.36227,18,-5.12,-5.29,0.03631,19,-8.61,-5.85,0.03573,20,-12.78,-5.09,0.00002,6,16,3.56,-2.47,0.5755,14,11.42,-2.45,0.0011,15,7.5,-2.68,0.06371,17,-0.6,-2.45,0.34755,18,-5.02,-2.29,0.00168,19,-8.7,-2.85,0.01046,3,16,3.47,0.53,0.82594,17,-0.6,0.55,0.16693,18,-4.92,0.71,0.00713,5,16,3.38,3.53,0.6264,14,11.42,3.55,0.00213,15,7.68,3.32,0.03693,17,-0.6,3.55,0.24669,18,-4.83,3.71,0.08784,9,11,26.19,-5.45,0.00001,10,30.68,-4.7,0.00001,16,6.14,-5.39,0.19055,14,13.91,-5.45,0.0017,15,9.9,-5.75,0.07461,17,1.89,-5.45,0.51171,18,-2.63,-5.37,0.12591,19,-6.12,-5.77,0.09229,20,-10.29,-5.16,0.00321,5,16,6.05,-2.39,0.07501,15,9.99,-2.76,0.0226,17,1.89,-2.45,0.81629,18,-2.53,-2.37,0.05418,19,-6.22,-2.77,0.03192,3,16,5.96,0.6,0.00398,17,1.89,0.55,0.98082,18,-2.44,0.63,0.01519,5,16,5.87,3.6,0.29622,15,10.17,3.24,0.00302,17,1.89,3.55,0.45778,18,-2.34,3.63,0.23834,19,-6.4,3.23,0.00464,7,16,8.63,-5.32,0.05928,15,12.39,-5.83,0.0253,17,4.38,-5.45,0.415,18,-0.14,-5.45,0.27714,19,-3.63,-5.69,0.20271,20,-7.81,-5.23,0.0189,21,-11.99,-5.58,0.00167,6,16,8.54,-2.32,0.00478,15,12.48,-2.83,0.00579,17,4.38,-2.45,0.48249,18,-0.04,-2.45,0.41117,19,-3.73,-2.69,0.093,20,-7.72,-2.23,0.00277,3,16,8.45,0.68,0.00805,17,4.38,0.55,0.45416,18,0.05,0.55,0.53779,5,16,8.36,3.68,0.09927,17,4.38,3.55,0.32687,18,0.15,3.54,0.52621,19,-3.91,3.3,0.04644,20,-7.55,3.76,0.0012,7,16,11.12,-5.24,0.01291,15,14.88,-5.91,0.00568,17,6.86,-5.45,0.20681,18,2.35,-5.53,0.31785,19,-1.14,-5.61,0.37611,20,-5.32,-5.3,0.06678,21,-9.5,-5.58,0.01387,7,16,11.03,-2.24,0.00013,15,14.97,-2.91,0.00071,17,6.86,-2.45,0.07685,18,2.44,-2.53,0.57864,19,-1.24,-2.62,0.3264,20,-5.23,-2.3,0.01474,21,-9.5,-2.58,0.00253,5,16,10.94,0.76,0.00128,17,6.86,0.55,0.00121,18,2.54,0.47,0.99469,19,-1.33,0.38,0.00214,20,-5.15,0.69,0.00068,5,16,10.85,3.75,0.02622,17,6.86,3.55,0.10069,18,2.64,3.46,0.61553,19,-1.43,3.38,0.23487,20,-5.06,3.69,0.02269,7,16,13.61,-5.17,0.00105,15,17.37,-5.98,0.00037,17,9.35,-5.45,0.07559,18,4.84,-5.61,0.1978,19,1.34,-5.54,0.4975,20,-2.83,-5.37,0.17882,21,-7.01,-5.58,0.04887,5,17,9.35,-2.45,0.01437,18,4.93,-2.61,0.17172,19,1.25,-2.54,0.7294,20,-2.74,-2.37,0.07048,21,-7.01,-2.58,0.01403,3,16,13.43,0.83,0.00007,19,1.16,0.46,0.99324,20,-2.66,0.62,0.00669,6,16,13.34,3.83,0.00346,17,9.35,3.55,0.01467,18,5.13,3.38,0.32746,19,1.06,3.46,0.54088,20,-2.57,3.62,0.11217,21,-7.01,3.42,0.00136,7,17,11.84,-5.45,0.02042,18,7.32,-5.69,0.07843,19,3.83,-5.46,0.41764,20,-0.34,-5.44,0.35251,21,-4.52,-5.58,0.13048,22,-8.86,-5.58,0.00019,23,-13,-5.17,0.00033,5,17,11.84,-2.45,0.00262,18,7.42,-2.69,0.02382,19,3.74,-2.46,0.53992,20,-0.25,-2.45,0.38725,21,-4.52,-2.58,0.04639,4,18,7.52,0.31,0.00319,19,3.65,0.54,0.614,20,-0.17,0.55,0.38269,22,-8.86,0.42,0.00011,6,17,11.84,3.55,0.00035,18,7.61,3.3,0.09902,19,3.55,3.54,0.46679,20,-0.08,3.55,0.4076,21,-4.52,3.42,0.02188,22,-8.86,3.42,0.00436,7,17,14.33,-5.45,0.00339,18,9.81,-5.77,0.02137,19,6.32,-5.38,0.21784,20,2.15,-5.52,0.45398,21,-2.03,-5.58,0.29067,22,-6.37,-5.58,0.00735,23,-10.51,-5.25,0.00538,6,17,14.33,-2.45,0.00008,18,9.91,-2.77,0.00268,19,6.23,-2.38,0.08831,20,2.24,-2.52,0.73481,21,-2.03,-2.58,0.17361,23,-10.42,-2.25,0.00051,4,18,10.01,0.23,0.00084,19,6.13,0.62,0.00941,20,2.32,0.48,0.98831,22,-6.37,0.42,0.00144,5,18,10.1,3.22,0.02084,19,6.04,3.61,0.18629,20,2.41,3.48,0.60374,21,-2.03,3.42,0.1586,22,-6.37,3.42,0.03053,6,18,12.3,-5.85,0.00325,19,8.81,-5.3,0.0842,20,4.64,-5.59,0.35038,21,0.46,-5.58,0.48809,22,-3.88,-5.58,0.04813,23,-8.02,-5.33,0.02595,5,19,8.72,-2.31,0.01716,20,4.72,-2.59,0.37695,21,0.46,-2.58,0.59818,22,-3.88,-2.58,0.00246,23,-7.93,-2.33,0.00525,4,19,8.62,0.69,0.00145,20,4.81,0.41,0.2564,21,0.46,0.42,0.73718,22,-3.88,0.42,0.00497,6,18,12.59,3.14,0.00178,19,8.53,3.69,0.04589,20,4.9,3.41,0.38015,21,0.46,3.42,0.46194,22,-3.88,3.42,0.10957,23,-7.74,3.67,0.00068,6,19,11.3,-5.23,0.02455,20,7.13,-5.66,0.18229,21,2.95,-5.58,0.55617,22,-1.39,-5.58,0.15447,23,-5.53,-5.41,0.08016,24,-9.33,-5.7,0.00237,5,19,11.2,-2.23,0.00285,20,7.21,-2.66,0.08264,21,2.95,-2.58,0.78107,22,-1.39,-2.58,0.11041,23,-5.44,-2.41,0.02303,2,19,11.11,0.77,0.00016,21,2.95,0.42,0.99984,5,19,11.02,3.77,0.00831,20,7.38,3.34,0.1016,21,2.95,3.42,0.51079,22,-1.39,3.42,0.36366,23,-5.25,3.59,0.01563,7,19,13.79,-5.15,0.00449,20,9.62,-5.73,0.0724,21,5.44,-5.58,0.41213,22,1.1,-5.58,0.29444,23,-3.05,-5.48,0.19786,24,-6.84,-5.7,0.01677,25,-10.68,-5.7,0.0019,6,19,13.69,-2.15,0.00023,20,9.7,-2.73,0.02024,21,5.44,-2.58,0.35175,22,1.1,-2.58,0.53911,23,-2.95,-2.49,0.08728,24,-6.84,-2.7,0.00138,3,21,5.44,0.42,0.00353,22,1.1,0.42,0.9962,24,-6.84,0.3,0.00026,5,20,9.87,3.27,0.01343,21,5.44,3.42,0.22097,22,1.1,3.42,0.6533,23,-2.76,3.51,0.10179,24,-6.84,3.3,0.01051,7,20,12.1,-5.8,0.02342,21,7.93,-5.58,0.22054,22,3.59,-5.58,0.29235,23,-0.56,-5.56,0.38149,24,-4.35,-5.7,0.06701,25,-8.19,-5.7,0.01462,26,-12.41,-5.7,0.00058,6,20,12.19,-2.8,0.00436,21,7.93,-2.58,0.09729,22,3.59,-2.58,0.47508,23,-0.46,-2.56,0.4092,24,-4.35,-2.7,0.01228,25,-8.19,-2.7,0.0018,3,22,3.59,0.42,0.73311,23,-0.37,0.44,0.26393,24,-4.35,0.3,0.00296,6,20,12.36,3.2,0.00031,21,7.93,3.42,0.03058,22,3.59,3.42,0.55548,23,-0.28,3.43,0.35869,24,-4.35,3.3,0.05462,25,-8.19,3.3,0.00033,7,20,14.59,-5.87,0.00442,21,10.42,-5.58,0.09541,22,6.08,-5.58,0.16694,23,1.93,-5.64,0.486,24,-1.86,-5.7,0.1838,25,-5.7,-5.7,0.05541,26,-9.92,-5.7,0.00802,7,20,14.68,-2.87,0.00008,21,10.42,-2.58,0.03043,22,6.08,-2.58,0.10994,23,2.03,-2.64,0.74847,24,-1.86,-2.7,0.09754,25,-5.7,-2.7,0.01265,26,-9.92,-2.7,0.00089,2,22,6.08,0.42,0.00608,23,2.12,0.36,0.99392,5,21,10.42,3.42,0.00186,22,6.08,3.42,0.20504,23,2.21,3.36,0.56601,24,-1.86,3.3,0.21345,25,-5.7,3.3,0.01363,8,20,17.08,-5.94,0.00015,21,12.91,-5.58,0.03484,22,8.57,-5.58,0.05922,23,4.42,-5.72,0.37775,24,0.63,-5.7,0.34341,25,-3.21,-5.7,0.15117,26,-7.43,-5.7,0.03334,27,-11.4,-5.7,0.0001,6,21,12.91,-2.58,0.00949,22,8.57,-2.58,0.01429,23,4.51,-2.72,0.39382,24,0.63,-2.7,0.51633,25,-3.21,-2.7,0.05948,26,-7.43,-2.7,0.0066,3,22,8.57,0.42,0.00119,23,4.61,0.28,0.17134,24,0.63,0.3,0.82747,4,22,8.57,3.42,0.05175,23,4.7,3.28,0.33704,24,0.63,3.3,0.52318,25,-3.21,3.3,0.08803,7,21,15.39,-5.58,0.00947,22,11.05,-5.58,0.01518,23,6.91,-5.79,0.1921,24,3.12,-5.7,0.36483,25,-0.73,-5.7,0.31432,26,-4.94,-5.7,0.10019,27,-8.91,-5.7,0.00391,6,21,15.39,-2.58,0.00173,22,11.05,-2.58,0.00105,23,7,-2.8,0.08337,24,3.12,-2.7,0.56825,25,-0.73,-2.7,0.31648,26,-4.94,-2.7,0.02912,5,22,11.05,0.42,0.00018,23,7.1,0.2,0.0002,24,3.12,0.3,0.93391,25,-0.73,0.3,0.06564,27,-8.91,0.3,0.00008,6,22,11.05,3.42,0.00845,23,7.19,3.2,0.08068,24,3.12,3.3,0.54954,25,-0.73,3.3,0.34722,26,-4.94,3.3,0.00954,27,-8.91,3.3,0.00456,9,21,17.88,-5.58,0.0011,22,13.54,-5.58,0.00162,23,9.4,-5.87,0.07323,24,5.61,-5.7,0.23439,25,1.76,-5.7,0.42834,26,-2.45,-5.7,0.23419,27,-6.42,-5.7,0.02324,28,-10.39,-5.7,0.00383,29,-14.05,-6.14,0.00006,6,23,9.49,-2.87,0.01842,24,5.61,-2.7,0.17705,25,1.76,-2.7,0.67504,26,-2.45,-2.7,0.1268,27,-6.42,-2.7,0.0026,28,-10.39,-2.7,0.00011,3,25,1.76,0.3,0.99765,26,-2.45,0.3,0.00141,27,-6.42,0.3,0.00094,6,22,13.54,3.42,0.00018,23,9.68,3.12,0.01394,24,5.61,3.3,0.21813,25,1.76,3.3,0.6496,26,-2.45,3.3,0.0906,27,-6.42,3.3,0.02754,7,23,11.89,-5.95,0.02215,24,8.1,-5.7,0.09949,25,4.25,-5.7,0.35653,26,0.04,-5.7,0.41911,27,-3.93,-5.7,0.07948,28,-7.9,-5.7,0.02066,29,-11.56,-6.06,0.00258,7,23,11.98,-2.95,0.00368,24,8.1,-2.7,0.02854,25,4.25,-2.7,0.44157,26,0.04,-2.7,0.50627,27,-3.93,-2.7,0.0166,28,-7.9,-2.7,0.00314,29,-11.65,-3.07,0.0002,4,24,8.1,0.3,0.00033,25,4.25,0.3,0.48072,26,0.04,0.3,0.51421,27,-3.93,0.3,0.00474,5,24,8.1,3.3,0.0519,25,4.25,3.3,0.45247,26,0.04,3.3,0.39334,27,-3.93,3.3,0.10056,28,-7.9,3.3,0.00173,7,23,14.38,-6.03,0.00427,24,10.59,-5.7,0.03363,25,6.74,-5.7,0.18595,26,2.53,-5.7,0.48754,27,-1.44,-5.7,0.20243,28,-5.41,-5.7,0.07091,29,-9.07,-5.99,0.01527,6,24,10.59,-2.7,0.00499,25,6.74,-2.7,0.08939,26,2.53,-2.7,0.7127,27,-1.44,-2.7,0.17193,28,-5.41,-2.7,0.01751,29,-9.16,-2.99,0.00348,4,24,10.59,0.3,0.00008,25,6.74,0.3,0.00237,26,2.53,0.3,0.99692,28,-5.41,0.3,0.00063,5,24,10.59,3.3,0.00722,25,6.74,3.3,0.12234,26,2.53,3.3,0.55271,27,-1.44,3.3,0.29156,28,-5.41,3.3,0.02618,8,23,16.86,-6.11,0.00006,24,13.08,-5.7,0.00714,25,9.23,-5.7,0.06878,26,5.02,-5.7,0.36804,27,1.05,-5.7,0.32081,28,-2.92,-5.7,0.18373,29,-6.58,-5.91,0.05087,30,-10.73,-5.58,0.00057,6,24,13.08,-2.7,0.00029,25,9.23,-2.7,0.01686,26,5.02,-2.7,0.32247,27,1.05,-2.7,0.57169,28,-2.92,-2.7,0.07416,29,-6.67,-2.91,0.01452,3,25,9.23,0.3,0.00064,27,1.05,0.3,0.99709,28,-2.92,0.3,0.00228,6,24,13.08,3.3,0.00021,25,9.23,3.3,0.02673,26,5.02,3.3,0.24568,27,1.05,3.3,0.61385,28,-2.92,3.3,0.1096,29,-6.86,3.09,0.00393,7,24,15.57,-5.7,0.00021,25,11.72,-5.7,0.01858,26,7.51,-5.7,0.19706,27,3.54,-5.7,0.28531,28,-0.43,-5.7,0.35676,29,-4.09,-5.83,0.13094,30,-8.24,-5.58,0.01114,6,25,11.72,-2.7,0.0028,26,7.51,-2.7,0.08535,27,3.54,-2.7,0.42281,28,-0.43,-2.7,0.43767,29,-4.19,-2.83,0.05105,30,-8.24,-2.58,0.00031,2,27,3.54,0.3,0.72378,28,-0.43,0.3,0.27622,5,25,11.72,3.3,0.00226,26,7.51,3.3,0.05465,27,3.54,3.3,0.4733,28,-0.43,3.3,0.4292,29,-4.37,3.16,0.04059,6,25,14.21,-5.7,0.00229,26,10,-5.7,0.08297,27,6.03,-5.7,0.14809,28,2.06,-5.7,0.43483,29,-1.6,-5.75,0.27637,30,-5.75,-5.58,0.05544,5,26,10,-2.7,0.02732,27,6.03,-2.7,0.08537,28,2.06,-2.7,0.67441,29,-1.7,-2.75,0.20414,30,-5.75,-2.58,0.00877,3,27,6.03,0.3,0.00249,28,2.06,0.3,0.99746,29,-1.79,0.24,0.00005,5,26,10,3.3,0.00515,27,6.03,3.3,0.16341,28,2.06,3.3,0.61565,29,-1.88,3.24,0.20757,30,-5.75,3.42,0.00822,5,26,12.49,-5.7,0.03064,27,8.52,-5.7,0.04935,28,4.55,-5.7,0.30469,29,0.89,-5.68,0.43803,30,-3.26,-5.58,0.17729,5,26,12.49,-2.7,0.00781,27,8.52,-2.7,0.00898,28,4.55,-2.7,0.31556,29,0.79,-2.68,0.59803,30,-3.26,-2.58,0.06962,4,27,8.52,0.3,0.00035,28,4.55,0.3,0.0774,29,0.7,0.32,0.92159,30,-3.26,0.42,0.00066,4,27,8.52,3.3,0.03061,28,4.55,3.3,0.35649,29,0.6,3.32,0.53573,30,-3.26,3.42,0.07717,5,26,14.98,-5.7,0.00784,27,11.01,-5.7,0.01051,28,7.04,-5.7,0.13722,29,3.37,-5.6,0.42984,30,-0.77,-5.58,0.41459,5,26,14.98,-2.7,0.00109,27,11.01,-2.7,0.00002,28,7.04,-2.7,0.05259,29,3.28,-2.6,0.59401,30,-0.77,-2.58,0.35229,3,28,7.04,0.3,0.00175,29,3.19,0.4,0.91565,30,-0.77,0.42,0.0826,4,27,11.01,3.3,0.00257,28,7.04,3.3,0.09208,29,3.09,3.4,0.51747,30,-0.77,3.42,0.38787,5,26,17.47,-5.7,0.00069,27,13.5,-5.7,0.00038,28,9.53,-5.7,0.04538,29,5.86,-5.52,0.26644,30,1.72,-5.58,0.68711,3,28,9.53,-2.7,0.00885,29,5.77,-2.52,0.12648,30,1.72,-2.58,0.86467,1,30,1.72,0.42,1,3,28,9.53,3.3,0.01063,29,5.58,3.48,0.20116,30,1.72,3.42,0.78821],"hull":108,"edges":[0,2,2,4,4,6,6,8,8,10,10,12,12,14,14,16,16,18,18,20,20,22,22,24,24,26,26,28,28,30,30,32,32,34,34,36,36,38,38,40,40,42,42,44,44,46,46,48,48,50,50,52,52,54,54,56,56,58,58,60,60,62,62,64,64,66,66,68,68,70,70,72,72,74,74,76,76,78,78,80,80,82,82,84,84,86,86,88,88,90,90,92,92,94,94,96,96,98,98,100,100,102,102,104,104,106,106,108,108,110,110,112,112,114,114,116,116,118,118,120,120,122,122,124,124,126,126,128,128,130,130,132,132,134,134,136,136,138,138,140,140,142,142,144,144,146,146,148,148,150,150,152,152,154,154,156,156,158,158,160,160,162,162,164,164,166,166,168,168,170,170,172,172,174,174,176,176,178,178,180,180,182,182,184,184,186,186,188,188,190,190,192,192,194,194,196,196,198,198,200,200,202,202,204,204,206,206,208,208,210,210,212,212,214,214,0],"width":15,"height":122}},"sanhu":{"sanhu":{"x":-0.6,"y":-59.42,"width":110,"height":26}},"star1":{"star1":{"type":"mesh","uvs":[1,1,0,1,0,0,1,0],"triangles":[1,2,3,1,3,0],"vertices":[-31.63,-31.58,-31.63,31.42,31.37,31.42,31.37,-31.58],"hull":4,"edges":[0,2,2,4,4,6,0,6],"width":63,"height":63}},"star2":{"star1":{"type":"mesh","uvs":[1,1,0,1,0,0,1,0],"triangles":[1,2,3,1,3,0],"vertices":[-31.63,-31.58,-31.63,31.42,31.37,31.42,31.37,-31.58],"hull":4,"edges":[0,2,2,4,4,6,0,6],"width":63,"height":63}},"star3":{"star1":{"type":"mesh","uvs":[1,1,0,1,0,0,1,0],"triangles":[1,2,3,1,3,0],"vertices":[-31.63,-31.58,-31.63,31.42,31.37,31.42,31.37,-31.58],"hull":4,"edges":[0,2,2,4,4,6,0,6],"width":63,"height":63}},"star4":{"star1":{"type":"mesh","uvs":[1,1,0,1,0,0,1,0],"triangles":[1,2,3,1,3,0],"vertices":[-32.93,-30.9,-32.93,32.1,30.07,32.1,30.07,-30.9],"hull":4,"edges":[0,2,2,4,4,6,0,6],"width":63,"height":63}}}},"animations":{"Nhiemvu_Normal":{"slots":{"iconbox0":{"attachment":[{"time":0,"name":"iconbox0"}]},"iconjackpot0":{"attachment":[{"time":0,"name":null}]},"iconjackpot1":{"attachment":[{"time":0,"name":null}]},"iconjackpot2":{"attachment":[{"time":0,"name":null}]},"iconjackpot3":{"attachment":[{"time":0,"name":null}]},"iconjackpot4":{"attachment":[{"time":0,"name":null}]},"iconjackpot5":{"attachment":[{"time":0,"name":null}]},"iconjackpot6":{"attachment":[{"time":0,"name":null}]},"iconjackpot7":{"attachment":[{"time":0,"name":null}]},"iconjackpot8":{"attachment":[{"time":0,"name":null}]},"iconjackpot9":{"attachment":[{"time":0,"name":null}]},"iconjackpot10":{"attachment":[{"time":0,"name":null}]},"iconjackpot11":{"attachment":[{"time":0,"name":null}]},"iconjackpot12":{"attachment":[{"time":0,"name":null}]},"iconjackpot13":{"attachment":[{"time":0,"name":null}]},"iconjackpot14":{"attachment":[{"time":0,"name":null}]},"iconjackpot15":{"attachment":[{"time":0,"name":null}]},"iconjackpot16":{"attachment":[{"time":0,"name":null}]},"iconjackpot17":{"attachment":[{"time":0,"name":null}]},"iconjackpot18":{"attachment":[{"time":0,"name":null}]},"iconjackpot19":{"attachment":[{"time":0,"name":null}]},"iconjackpot20":{"attachment":[{"time":0,"name":null}]},"iconjackpot21":{"attachment":[{"time":0,"name":null}]},"iconjackpot22":{"attachment":[{"time":0,"name":null}]},"iconjackpot23":{"attachment":[{"time":0,"name":null}]},"iconjackpot24":{"attachment":[{"time":0,"name":null}]},"iconjackpot25":{"attachment":[{"time":0,"name":null}]},"iconjackpot26":{"attachment":[{"time":0,"name":null}]},"iconjackpot27":{"attachment":[{"time":0,"name":null}]},"iconjackpot28":{"attachment":[{"time":0,"name":null}]},"iconjackpot29":{"attachment":[{"time":0,"name":null}]},"nhiemvu":{"attachment":[{"time":0,"name":"nhiemvu"}]},"nhiemvu2":{"color":[{"time":0,"color":"ffffff00"},{"time":0.6667,"color":"ffffff7b"},{"time":1.3333,"color":"ffffff00"}],"attachment":[{"time":0,"name":"nhiemvu"}]},"path1":{"attachment":[{"time":0,"name":null}]},"sanhu":{"attachment":[{"time":0,"name":null}]},"star1":{"attachment":[{"time":0,"name":null}]},"star2":{"attachment":[{"time":0,"name":null}]},"star3":{"attachment":[{"time":0,"name":null}]},"star4":{"attachment":[{"time":0,"name":null}]}}},"Nhiemvu_complete":{"slots":{"icon gift":{"attachment":[{"time":0,"name":"icon gift"}]},"iconbox0":{"attachment":[{"time":0,"name":"iconbox0"},{"time":0.0667,"name":"iconbox1"},{"time":0.1333,"name":"iconbox2"},{"time":0.2,"name":"iconbox3"},{"time":0.2667,"name":"iconbox4"},{"time":0.3333,"name":"iconbox5"},{"time":0.4,"name":"iconbox6"},{"time":0.4667,"name":"iconbox0"}]},"iconjackpot0":{"attachment":[{"time":0,"name":null}]},"iconjackpot1":{"attachment":[{"time":0,"name":null}]},"iconjackpot2":{"attachment":[{"time":0,"name":null}]},"iconjackpot3":{"attachment":[{"time":0,"name":null}]},"iconjackpot4":{"attachment":[{"time":0,"name":null}]},"iconjackpot5":{"attachment":[{"time":0,"name":null}]},"iconjackpot6":{"attachment":[{"time":0,"name":null}]},"iconjackpot7":{"attachment":[{"time":0,"name":null}]},"iconjackpot8":{"attachment":[{"time":0,"name":null}]},"iconjackpot9":{"attachment":[{"time":0,"name":null}]},"iconjackpot10":{"attachment":[{"time":0,"name":null}]},"iconjackpot11":{"attachment":[{"time":0,"name":null}]},"iconjackpot12":{"attachment":[{"time":0,"name":null}]},"iconjackpot13":{"attachment":[{"time":0,"name":null}]},"iconjackpot14":{"attachment":[{"time":0,"name":null}]},"iconjackpot15":{"attachment":[{"time":0,"name":null}]},"iconjackpot16":{"attachment":[{"time":0,"name":null}]},"iconjackpot17":{"attachment":[{"time":0,"name":null}]},"iconjackpot18":{"attachment":[{"time":0,"name":null}]},"iconjackpot19":{"attachment":[{"time":0,"name":null}]},"iconjackpot20":{"attachment":[{"time":0,"name":null}]},"iconjackpot21":{"attachment":[{"time":0,"name":null}]},"iconjackpot22":{"attachment":[{"time":0,"name":null}]},"iconjackpot23":{"attachment":[{"time":0,"name":null}]},"iconjackpot24":{"attachment":[{"time":0,"name":null}]},"iconjackpot25":{"attachment":[{"time":0,"name":null}]},"iconjackpot26":{"attachment":[{"time":0,"name":null}]},"iconjackpot27":{"attachment":[{"time":0,"name":null}]},"iconjackpot28":{"attachment":[{"time":0,"name":null}]},"iconjackpot29":{"attachment":[{"time":0,"name":null}]},"nhiemvu":{"attachment":[{"time":0,"name":"nhiemvu"}]},"nhiemvu2":{"color":[{"time":0,"color":"ffffff00"},{"time":0.6667,"color":"ffffff7b"},{"time":1.3333,"color":"ffffff00"}],"attachment":[{"time":0,"name":"nhiemvu"}]},"path1":{"attachment":[{"time":0,"name":null}]},"sanhu":{"attachment":[{"time":0,"name":null}]},"star1":{"attachment":[{"time":0,"name":null}]},"star2":{"attachment":[{"time":0,"name":null}]},"star3":{"attachment":[{"time":0,"name":null}]},"star4":{"attachment":[{"time":0,"name":null}]}},"deform":{"default":{"icon gift":{"icon gift":[{"time":0,"vertices":[6.34903,42.47588,25.8909,42.47588,25.8909,22.934,6.34903,22.934]},{"time":0.3333,"vertices":[14.03639,34.78852,18.20354,34.78852,18.20354,30.62137,14.03639,30.62137]},{"time":0.4333,"vertices":[6.34903,42.47588,25.8909,42.47588,25.8909,22.934,6.34903,22.934],"curve":"stepped"},{"time":0.6667,"vertices":[6.34903,42.47588,25.8909,42.47588,25.8909,22.934,6.34903,22.934]},{"time":1,"vertices":[10.82351,38.0014,21.41643,38.0014,21.41643,27.40848,10.82351,27.40848]},{"time":1.3333,"vertices":[6.34903,42.47588,25.8909,42.47588,25.8909,22.934,6.34903,22.934]}]}}}},"animation":{"slots":{"iconjackpot2":{"color":[{"time":0,"color":"ffffff00","curve":"stepped"},{"time":2.5,"color":"ffffff00"},{"time":3.1667,"color":"ffffffff"},{"time":3.8333,"color":"ffffff00"}]},"iconjackpot3":{"color":[{"time":0,"color":"ffffff00"},{"time":0.3333,"color":"ffffffa9"},{"time":0.4667,"color":"ffffff81"},{"time":0.6,"color":"ffffff00"}]},"iconjackpot4":{"color":[{"time":0,"color":"ffffff00","curve":"stepped"},{"time":0.8667,"color":"ffffff00"},{"time":1.1667,"color":"ffffffff","curve":"stepped"},{"time":1.8333,"color":"ffffffff"},{"time":2.3333,"color":"ffffff00","curve":"stepped"},{"time":2.7333,"color":"ffffff00"},{"time":3,"color":"ffffffff","curve":"stepped"},{"time":3.5667,"color":"ffffffff"},{"time":4,"color":"ffffff00"}]},"iconjackpot5":{"color":[{"time":0,"color":"ffffff00","curve":"stepped"},{"time":2.3333,"color":"ffffff00"},{"time":3,"color":"ffffffff"},{"time":3.6667,"color":"ffffff00"}]},"iconjackpot6":{"color":[{"time":0,"color":"ffffff00","curve":"stepped"},{"time":2.1667,"color":"ffffff00"},{"time":2.8333,"color":"ffffffff"},{"time":3.5,"color":"ffffff00"}]},"iconjackpot7":{"color":[{"time":0,"color":"ffffff00","curve":"stepped"},{"time":2,"color":"ffffff00"},{"time":2.6667,"color":"ffffffff"},{"time":3.3333,"color":"ffffff00"}]},"iconjackpot8":{"color":[{"time":0,"color":"ffffff00","curve":"stepped"},{"time":1.8333,"color":"ffffff00"},{"time":2.5,"color":"ffffffff"},{"time":3.1667,"color":"ffffff00"}]},"iconjackpot9":{"color":[{"time":0,"color":"ffffff00","curve":"stepped"},{"time":1.6667,"color":"ffffff00"},{"time":2.3333,"color":"ffffffff"},{"time":3,"color":"ffffff00"}]},"iconjackpot10":{"color":[{"time":0,"color":"ffffff00","curve":"stepped"},{"time":1.5,"color":"ffffff00"},{"time":2.1667,"color":"ffffffff"},{"time":2.8333,"color":"ffffff00"}]},"iconjackpot11":{"color":[{"time":0,"color":"ffffff00","curve":"stepped"},{"time":0.3333,"color":"ffffff00"},{"time":0.7667,"color":"ffffffff"},{"time":1.2,"color":"ffffff00"}]},"iconjackpot12":{"color":[{"time":0,"color":"ffffff00","curve":"stepped"},{"time":0.4333,"color":"ffffff00"},{"time":0.8667,"color":"ffffffff"},{"time":1.3,"color":"ffffff00"}]},"iconjackpot13":{"color":[{"time":0,"color":"ffffff00","curve":"stepped"},{"time":0.5333,"color":"ffffff00"},{"time":0.9667,"color":"ffffffff"},{"time":1.4,"color":"ffffff00"}]},"iconjackpot14":{"color":[{"time":0,"color":"ffffff00","curve":"stepped"},{"time":0.6667,"color":"ffffff00"},{"time":1.1,"color":"ffffffff"},{"time":1.5,"color":"ffffff00"}]},"iconjackpot15":{"color":[{"time":0,"color":"ffffff00","curve":"stepped"},{"time":0.7667,"color":"ffffff00"},{"time":1.2,"color":"ffffffff"},{"time":1.6333,"color":"ffffff00"}]},"iconjackpot16":{"color":[{"time":0,"color":"ffffff00","curve":"stepped"},{"time":0.8667,"color":"ffffff00"},{"time":1.3,"color":"ffffffff"},{"time":1.7333,"color":"ffffff00"}]},"iconjackpot17":{"color":[{"time":0,"color":"ffffff00","curve":"stepped"},{"time":0.9667,"color":"ffffff00"},{"time":1.4,"color":"ffffffff"},{"time":1.8333,"color":"ffffff00"}]},"iconjackpot18":{"color":[{"time":0,"color":"ffffff00","curve":"stepped"},{"time":0.9667,"color":"ffffff00"},{"time":1.4,"color":"ffffffff"},{"time":1.8333,"color":"ffffff00"}]},"iconjackpot19":{"color":[{"time":0,"color":"ffffff00","curve":"stepped"},{"time":0.8667,"color":"ffffff00"},{"time":1.3,"color":"ffffffff"},{"time":1.7333,"color":"ffffff00"}]},"iconjackpot20":{"color":[{"time":0,"color":"ffffff00","curve":"stepped"},{"time":0.7667,"color":"ffffff00"},{"time":1.2,"color":"ffffffff"},{"time":1.6333,"color":"ffffff00"}]},"iconjackpot21":{"color":[{"time":0,"color":"ffffff00","curve":"stepped"},{"time":0.6667,"color":"ffffff00"},{"time":1.1,"color":"ffffffff"},{"time":1.5,"color":"ffffff00"}]},"iconjackpot22":{"color":[{"time":0,"color":"ffffff00","curve":"stepped"},{"time":0.5333,"color":"ffffff00"},{"time":0.9667,"color":"ffffffff"},{"time":1.4,"color":"ffffff00"}]},"iconjackpot23":{"color":[{"time":0,"color":"ffffff00","curve":"stepped"},{"time":0.4333,"color":"ffffff00"},{"time":0.8667,"color":"ffffffff"},{"time":1.3,"color":"ffffff00"}]},"iconjackpot24":{"color":[{"time":0,"color":"ffffff00","curve":"stepped"},{"time":0.3333,"color":"ffffff00"},{"time":0.7667,"color":"ffffffff"},{"time":1.2,"color":"ffffff00"}]},"iconjackpot25":{"color":[{"time":0,"color":"ffffff00","curve":"stepped"},{"time":0.1,"color":"ffffff00"},{"time":0.4,"color":"ffffffff","curve":"stepped"},{"time":1.0667,"color":"ffffffff"},{"time":1.5667,"color":"ffffff00","curve":"stepped"},{"time":2,"color":"ffffff00"},{"time":2.3,"color":"ffffffff","curve":"stepped"},{"time":2.9667,"color":"ffffffff"},{"time":3.4667,"color":"ffffff00"}]},"iconjackpot26":{"color":[{"time":0,"color":"ffffff00","curve":"stepped"},{"time":1.2,"color":"ffffff00"},{"time":1.5,"color":"ffffffff","curve":"stepped"},{"time":2.1667,"color":"ffffffff"},{"time":2.6667,"color":"ffffff00"}]},"iconjackpot27":{"color":[{"time":0,"color":"ffffff00","curve":"stepped"},{"time":0.4333,"color":"ffffff00"},{"time":0.7333,"color":"ffffffff","curve":"stepped"},{"time":1.4,"color":"ffffffff"},{"time":1.9,"color":"ffffff00","curve":"stepped"},{"time":2.4667,"color":"ffffff00"},{"time":2.7667,"color":"ffffffff","curve":"stepped"},{"time":3.4333,"color":"ffffffff"},{"time":3.9333,"color":"ffffff00"}]},"iconjackpot28":{"color":[{"time":0,"color":"ffffff00","curve":"stepped"},{"time":0.1667,"color":"ffffff00"},{"time":0.4667,"color":"ffffffff","curve":"stepped"},{"time":1.1333,"color":"ffffffff"},{"time":1.6333,"color":"ffffff00","curve":"stepped"},{"time":2.5333,"color":"ffffff00"},{"time":2.8333,"color":"ffffffff","curve":"stepped"},{"time":3.5,"color":"ffffffff"},{"time":4,"color":"ffffff00"}]},"iconjackpot29":{"color":[{"time":0,"color":"ffffff00","curve":"stepped"},{"time":1.8333,"color":"ffffff00"},{"time":2.1333,"color":"ffffffff","curve":"stepped"},{"time":2.8,"color":"ffffffff"},{"time":3.3,"color":"ffffff00"}]},"phom8":{"color":[{"time":0,"color":"ffffff00","curve":"stepped"},{"time":0.1667,"color":"ffffff00"},{"time":0.4,"color":"ffffffff","curve":"stepped"},{"time":1.1,"color":"ffffffff"},{"time":1.3333,"color":"ffffff00","curve":"stepped"},{"time":1.5,"color":"ffffff00"},{"time":1.7667,"color":"ffffffff","curve":"stepped"},{"time":2.4667,"color":"ffffffff"},{"time":2.6667,"color":"ffffff00","curve":"stepped"},{"time":2.8333,"color":"ffffff00"},{"time":3.0667,"color":"ffffffff","curve":"stepped"},{"time":3.7667,"color":"ffffffff"},{"time":4,"color":"ffffff00"}],"attachment":[{"time":0,"name":"phom8"}]}},"bones":{"root":{"scale":[{"time":0,"x":0.6,"y":0.6}]},"bone":{"rotate":[{"time":1.3333,"angle":0},{"time":1.8333,"angle":175.51},{"time":2.1,"angle":-88.95},{"time":2.3333,"angle":0,"curve":"stepped"},{"time":3.1333,"angle":0},{"time":3.5667,"angle":175.51},{"time":3.8,"angle":-88.95},{"time":4,"angle":0}],"translate":[{"time":1.3333,"x":0,"y":0},{"time":2.3333,"x":-2.16,"y":37.07},{"time":2.7333,"x":0,"y":0,"curve":"stepped"},{"time":3.1333,"x":0,"y":0},{"time":4,"x":-1.58,"y":26.41}],"scale":[{"time":1.3333,"x":1,"y":1},{"time":1.6667,"x":1.492,"y":1.492},{"time":3.1333,"x":1,"y":1},{"time":3.4333,"x":1.492,"y":1.492}]},"bone33":{"rotate":[{"time":0.5667,"angle":0},{"time":1.0667,"angle":175.51},{"time":1.3333,"angle":-88.95},{"time":1.5667,"angle":0,"curve":"stepped"},{"time":2.4667,"angle":0},{"time":2.9667,"angle":175.51},{"time":3.2333,"angle":-88.95},{"time":3.4667,"angle":0}],"translate":[{"time":0.5667,"x":0,"y":0},{"time":1.5667,"x":-2.16,"y":37.07},{"time":2,"x":0,"y":0,"curve":"stepped"},{"time":2.4667,"x":0,"y":0},{"time":3.4667,"x":-2.16,"y":37.07}],"scale":[{"time":0.5667,"x":1,"y":1},{"time":0.9,"x":1.492,"y":1.492},{"time":2.4667,"x":1,"y":1},{"time":2.8,"x":1.492,"y":1.492}]},"bone34":{"rotate":[{"time":1.6667,"angle":0},{"time":2.1667,"angle":175.51},{"time":2.4333,"angle":-88.95},{"time":2.6667,"angle":0}],"translate":[{"time":1.6667,"x":0,"y":0},{"time":2.6667,"x":-2.16,"y":37.07}],"scale":[{"time":1.6667,"x":1,"y":1},{"time":2,"x":1.492,"y":1.492}]},"bone35":{"rotate":[{"time":0.9,"angle":0},{"time":1.4,"angle":175.51},{"time":1.6667,"angle":-88.95},{"time":1.9,"angle":0,"curve":"stepped"},{"time":2.9333,"angle":0},{"time":3.4333,"angle":175.51},{"time":3.7,"angle":-88.95},{"time":3.9333,"angle":0}],"translate":[{"time":0.9,"x":0,"y":0},{"time":1.9,"x":-2.16,"y":37.07},{"time":2.4667,"x":0,"y":0,"curve":"stepped"},{"time":2.9333,"x":0,"y":0},{"time":3.9333,"x":-2.16,"y":37.07}],"scale":[{"time":0.9,"x":1,"y":1},{"time":1.2333,"x":1.492,"y":1.492},{"time":2.9333,"x":1,"y":1},{"time":3.2667,"x":1.492,"y":1.492}]},"bone36":{"rotate":[{"time":0.6333,"angle":0},{"time":1.1333,"angle":175.51},{"time":1.4,"angle":-88.95},{"time":1.6333,"angle":0,"curve":"stepped"},{"time":3,"angle":0},{"time":3.5,"angle":175.51},{"time":3.7667,"angle":-88.95},{"time":4,"angle":0}],"translate":[{"time":0.6333,"x":0,"y":0},{"time":1.6333,"x":-2.16,"y":37.07},{"time":2.5333,"x":0,"y":0,"curve":"stepped"},{"time":3,"x":0,"y":0},{"time":4,"x":-2.16,"y":37.07}],"scale":[{"time":0.6333,"x":1,"y":1},{"time":0.9667,"x":1.492,"y":1.492},{"time":3,"x":1,"y":1},{"time":3.3333,"x":1.492,"y":1.492}]},"bone37":{"rotate":[{"time":2.3,"angle":0},{"time":2.8,"angle":175.51},{"time":3.0667,"angle":-88.95},{"time":3.3,"angle":0}],"translate":[{"time":2.3,"x":0,"y":0},{"time":3.3,"x":-2.16,"y":37.07}],"scale":[{"time":2.3,"x":1,"y":1},{"time":2.6333,"x":1.492,"y":1.492}]},"bone31":{"rotate":[{"time":0.8333,"angle":0},{"time":1.1667,"angle":-179.2},{"time":1.3333,"angle":89.84},{"time":1.5,"angle":0}],"scale":[{"time":0,"x":0,"y":0,"curve":"stepped"},{"time":0.8333,"x":0,"y":0},{"time":1.1667,"x":0.7,"y":0.7},{"time":1.5,"x":0,"y":0}]},"bone32":{"rotate":[{"time":0.8333,"angle":0},{"time":1.1667,"angle":-179.2},{"time":1.3333,"angle":89.84},{"time":1.5,"angle":0}],"scale":[{"time":0,"x":0,"y":0,"curve":"stepped"},{"time":0.8333,"x":0,"y":0},{"time":1.1667,"x":0.7,"y":0.7},{"time":1.5,"x":0,"y":0}]},"bone38":{"rotate":[{"time":1.5,"angle":0},{"time":2,"angle":-179.2},{"time":2.2667,"angle":89.84},{"time":2.5,"angle":0,"curve":"stepped"},{"time":2.8333,"angle":0},{"time":3.3333,"angle":-179.2},{"time":3.6,"angle":89.84},{"time":3.8333,"angle":0}],"scale":[{"time":0,"x":0,"y":0,"curve":"stepped"},{"time":1.5,"x":0,"y":0},{"time":2,"x":0.7,"y":0.7},{"time":2.5,"x":0,"y":0,"curve":"stepped"},{"time":2.8333,"x":0,"y":0},{"time":3.3333,"x":0.7,"y":0.7},{"time":3.8333,"x":0,"y":0}]},"bone39":{"rotate":[{"time":1.5,"angle":0},{"time":2,"angle":-179.2},{"time":2.2667,"angle":89.84},{"time":2.5,"angle":0,"curve":"stepped"},{"time":2.8333,"angle":0},{"time":3.3333,"angle":-179.2},{"time":3.6,"angle":89.84},{"time":3.8333,"angle":0}],"scale":[{"time":0,"x":0,"y":0,"curve":"stepped"},{"time":1.5,"x":0,"y":0},{"time":2,"x":0.7,"y":0.7},{"time":2.5,"x":0,"y":0,"curve":"stepped"},{"time":2.8333,"x":0,"y":0},{"time":3.3333,"x":0.7,"y":0.7},{"time":3.8333,"x":0,"y":0}]},"bone40":{"scale":[{"time":0,"x":1,"y":1},{"time":0.3333,"x":1.729,"y":1.729},{"time":0.5,"x":1,"y":1},{"time":0.5333,"x":1.082,"y":1.082},{"time":0.5667,"x":1,"y":1}]}},"paths":{"path1":{"position":[{"time":0.1667,"position":-0.05},{"time":1.3333,"position":0.9236},{"time":1.5,"position":-0.05},{"time":2.6667,"position":0.95},{"time":2.8333,"position":-0.05},{"time":4,"position":0.95}]}}},"arrow":{"slots":{"arrow":{"color":[{"time":0,"color":"ffffff00","curve":"stepped"},{"time":0.2,"color":"ffffff00"},{"time":0.6,"color":"ffffffff"},{"time":1,"color":"ffffff00"}],"attachment":[{"time":0,"name":"arrow"}]},"arrow2":{"color":[{"time":0,"color":"ffffff00"},{"time":0.4,"color":"ffffffff"},{"time":0.8,"color":"ffffff00"}],"attachment":[{"time":0,"name":"arrow"}]},"iconjackpot0":{"attachment":[{"time":0,"name":null}]},"iconjackpot1":{"attachment":[{"time":0,"name":null}]},"iconjackpot2":{"attachment":[{"time":0,"name":null}]},"iconjackpot3":{"attachment":[{"time":0,"name":null}]},"iconjackpot4":{"attachment":[{"time":0,"name":null}]},"iconjackpot5":{"attachment":[{"time":0,"name":null}]},"iconjackpot6":{"attachment":[{"time":0,"name":null}]},"iconjackpot7":{"attachment":[{"time":0,"name":null}]},"iconjackpot8":{"attachment":[{"time":0,"name":null}]},"iconjackpot9":{"attachment":[{"time":0,"name":null}]},"iconjackpot10":{"attachment":[{"time":0,"name":null}]},"iconjackpot11":{"attachment":[{"time":0,"name":null}]},"iconjackpot12":{"attachment":[{"time":0,"name":null}]},"iconjackpot13":{"attachment":[{"time":0,"name":null}]},"iconjackpot14":{"attachment":[{"time":0,"name":null}]},"iconjackpot15":{"attachment":[{"time":0,"name":null}]},"iconjackpot16":{"attachment":[{"time":0,"name":null}]},"iconjackpot17":{"attachment":[{"time":0,"name":null}]},"iconjackpot18":{"attachment":[{"time":0,"name":null}]},"iconjackpot19":{"attachment":[{"time":0,"name":null}]},"iconjackpot20":{"attachment":[{"time":0,"name":null}]},"iconjackpot21":{"attachment":[{"time":0,"name":null}]},"iconjackpot22":{"attachment":[{"time":0,"name":null}]},"iconjackpot23":{"attachment":[{"time":0,"name":null}]},"iconjackpot24":{"attachment":[{"time":0,"name":null}]},"iconjackpot25":{"attachment":[{"time":0,"name":null}]},"iconjackpot26":{"attachment":[{"time":0,"name":null}]},"iconjackpot27":{"attachment":[{"time":0,"name":null}]},"iconjackpot28":{"attachment":[{"time":0,"name":null}]},"iconjackpot29":{"attachment":[{"time":0,"name":null}]},"sanhu":{"attachment":[{"time":0,"name":null}]},"star1":{"attachment":[{"time":0,"name":null}]},"star2":{"attachment":[{"time":0,"name":null}]},"star3":{"attachment":[{"time":0,"name":null}]},"star4":{"attachment":[{"time":0,"name":null}]}}}}},"_atlasText":"\nJackpotIcon_Animation.png\nsize: 237,237\nformat: RGBA8888\nfilter: Linear,Linear\nrepeat: none\narrow\n  rotate: true\n  xy: 97, 6\n  size: 34, 13\n  orig: 34, 13\n  offset: 0, 0\n  index: -1\nicon gift\n  rotate: false\n  xy: 156, 141\n  size: 49, 49\n  orig: 49, 49\n  offset: 0, 0\n  index: -1\niconbox0\n  rotate: false\n  xy: 73, 82\n  size: 38, 43\n  orig: 38, 43\n  offset: 0, 0\n  index: -1\niconbox1\n  rotate: false\n  xy: 113, 82\n  size: 38, 43\n  orig: 38, 43\n  offset: 0, 0\n  index: -1\niconbox2\n  rotate: true\n  xy: 73, 42\n  size: 38, 43\n  orig: 38, 43\n  offset: 0, 0\n  index: -1\niconbox3\n  rotate: false\n  xy: 118, 37\n  size: 38, 43\n  orig: 38, 43\n  offset: 0, 0\n  index: -1\niconbox4\n  rotate: true\n  xy: 52, 2\n  size: 38, 43\n  orig: 38, 43\n  offset: 0, 0\n  index: -1\niconbox5\n  rotate: true\n  xy: 156, 101\n  size: 38, 43\n  orig: 38, 43\n  offset: 0, 0\n  index: -1\niconbox6\n  rotate: false\n  xy: 158, 56\n  size: 38, 43\n  orig: 38, 43\n  offset: 0, 0\n  index: -1\niconjackpot0\n  rotate: false\n  xy: 2, 145\n  size: 87, 90\n  orig: 87, 90\n  offset: 0, 0\n  index: -1\niconjackpot1\n  rotate: true\n  xy: 2, 37\n  size: 106, 48\n  orig: 106, 48\n  offset: 0, 0\n  index: -1\niconjackpot10\n  rotate: false\n  xy: 112, 14\n  size: 17, 21\n  orig: 17, 21\n  offset: 0, 0\n  index: -1\niconjackpot11\n  rotate: true\n  xy: 207, 163\n  size: 12, 11\n  orig: 12, 11\n  offset: 0, 0\n  index: -1\niconjackpot12\n  rotate: false\n  xy: 207, 149\n  size: 12, 12\n  orig: 12, 12\n  offset: 0, 0\n  index: -1\niconjackpot13\n  rotate: false\n  xy: 220, 181\n  size: 11, 12\n  orig: 11, 12\n  offset: 0, 0\n  index: -1\niconjackpot14\n  rotate: false\n  xy: 131, 2\n  size: 14, 11\n  orig: 14, 11\n  offset: 0, 0\n  index: -1\niconjackpot15\n  rotate: true\n  xy: 203, 207\n  size: 11, 10\n  orig: 11, 10\n  offset: 0, 0\n  index: -1\niconjackpot16\n  rotate: false\n  xy: 220, 167\n  size: 11, 12\n  orig: 11, 12\n  offset: 0, 0\n  index: -1\niconjackpot17\n  rotate: false\n  xy: 207, 137\n  size: 11, 10\n  orig: 11, 10\n  offset: 0, 0\n  index: -1\niconjackpot18\n  rotate: false\n  xy: 32, 2\n  size: 12, 13\n  orig: 12, 13\n  offset: 0, 0\n  index: -1\niconjackpot19\n  rotate: true\n  xy: 112, 2\n  size: 10, 13\n  orig: 10, 13\n  offset: 0, 0\n  index: -1\niconjackpot2\n  rotate: false\n  xy: 182, 35\n  size: 17, 19\n  orig: 17, 19\n  offset: 0, 0\n  index: -1\niconjackpot20\n  rotate: true\n  xy: 52, 42\n  size: 9, 10\n  orig: 9, 10\n  offset: 0, 0\n  index: -1\niconjackpot21\n  rotate: true\n  xy: 203, 192\n  size: 13, 12\n  orig: 13, 12\n  offset: 0, 0\n  index: -1\niconjackpot22\n  rotate: false\n  xy: 73, 131\n  size: 13, 12\n  orig: 13, 12\n  offset: 0, 0\n  index: -1\niconjackpot23\n  rotate: true\n  xy: 207, 177\n  size: 13, 11\n  orig: 13, 11\n  offset: 0, 0\n  index: -1\niconjackpot24\n  rotate: false\n  xy: 221, 155\n  size: 10, 10\n  orig: 10, 10\n  offset: 0, 0\n  index: -1\niconjackpot4\n  rotate: false\n  xy: 2, 8\n  size: 28, 27\n  orig: 28, 27\n  offset: 0, 0\n  index: -1\niconjackpot5\n  rotate: false\n  xy: 32, 17\n  size: 18, 18\n  orig: 18, 18\n  offset: 0, 0\n  index: -1\niconjackpot6\n  rotate: false\n  xy: 131, 15\n  size: 14, 20\n  orig: 14, 20\n  offset: 0, 0\n  index: -1\niconjackpot7\n  rotate: false\n  xy: 215, 214\n  size: 20, 21\n  orig: 20, 21\n  offset: 0, 0\n  index: -1\niconjackpot8\n  rotate: false\n  xy: 217, 195\n  size: 17, 17\n  orig: 17, 17\n  offset: 0, 0\n  index: -1\niconjackpot9\n  rotate: true\n  xy: 158, 35\n  size: 19, 22\n  orig: 19, 22\n  offset: 0, 0\n  index: -1\nnhiemvu\n  rotate: true\n  xy: 52, 53\n  size: 90, 19\n  orig: 90, 19\n  offset: 0, 0\n  index: -1\nphom8\n  rotate: true\n  xy: 91, 220\n  size: 15, 122\n  orig: 15, 122\n  offset: 0, 0\n  index: -1\nsanhu\n  rotate: false\n  xy: 91, 192\n  size: 110, 26\n  orig: 110, 26\n  offset: 0, 0\n  index: -1\nstar1\n  rotate: false\n  xy: 91, 127\n  size: 63, 63\n  orig: 63, 63\n  offset: 0, 0\n  index: -1\n","textures":[{"__uuid__":"f9m7e6YNFK8r6rqmtW5Cx+"}],"textureNames":["JackpotIcon_Animation.png"]}