{"__type__":"dragonBones.DragonBonesAsset","_name":"kyby_jihuo_ske","_dragonBonesJson":"{\"frameRate\":24,\"name\":\"kyby_jihuo\",\"version\":\"5.5\",\"compatibleVersion\":\"5.5\",\"armature\":[{\"type\":\"Armature\",\"frameRate\":24,\"name\":\"kyby_jihuo\",\"aabb\":{\"x\":-55.53,\"y\":-55.38,\"width\":114,\"height\":114},\"bone\":[{\"name\":\"root\"},{\"name\":\"kyby_zhujiemian_pic_iconkuang3\",\"parent\":\"root\"},{\"name\":\"quan1\",\"parent\":\"kyby_zhujiemian_pic_iconkuang3\",\"transform\":{\"scX\":1.1004,\"scY\":1.1004}},{\"name\":\"quan2\",\"parent\":\"kyby_zhujiemian_pic_iconkuang3\",\"transform\":{\"scX\":0.864,\"scY\":0.864}},{\"name\":\"quan21\",\"parent\":\"kyby_zhujiemian_pic_iconkuang3\",\"transform\":{\"scX\":0.864,\"scY\":0.864}}],\"slot\":[{\"name\":\"kyby_zhujiemian_pic_iconkuang3\",\"parent\":\"kyby_zhujiemian_pic_iconkuang3\"},{\"blendMode\":\"add\",\"name\":\"quan1\",\"parent\":\"quan1\"},{\"blendMode\":\"add\",\"name\":\"quan2\",\"parent\":\"quan2\"},{\"blendMode\":\"add\",\"name\":\"quan21\",\"parent\":\"quan21\"}],\"skin\":[{\"slot\":[{\"name\":\"kyby_zhujiemian_pic_iconkuang3\",\"display\":[{\"name\":\"kyby_zhujiemian_pic_iconkuang4\"},{\"name\":\"kyby_zhujiemian_pic_iconkuang3\"}]},{\"name\":\"quan2\",\"display\":[{\"name\":\"quan2\",\"transform\":{\"x\":1.7,\"y\":1.87}}]},{\"name\":\"quan1\",\"display\":[{\"name\":\"quan1\",\"transform\":{\"x\":1.93,\"y\":1.24}}]},{\"name\":\"quan21\",\"display\":[{\"name\":\"quan2\",\"transform\":{\"x\":1.7,\"y\":1.87}}]}]}],\"animation\":[{\"duration\":24,\"playTimes\":0,\"name\":\"kaipao\",\"bone\":[{\"name\":\"quan1\",\"rotateFrame\":[{\"duration\":24,\"tweenEasing\":0,\"clockwise\":-2},{\"duration\":0}]},{\"name\":\"quan2\",\"scaleFrame\":[{\"duration\":15,\"tweenEasing\":0},{\"duration\":9,\"x\":1.48,\"y\":1.48}]},{\"name\":\"kyby_zhujiemian_pic_iconkuang3\",\"scaleFrame\":[{\"duration\":12,\"tweenEasing\":0},{\"duration\":12,\"tweenEasing\":0,\"x\":0.91,\"y\":0.91},{\"duration\":0}]},{\"name\":\"quan21\",\"scaleFrame\":[{\"duration\":9},{\"duration\":15,\"tweenEasing\":0},{\"duration\":0,\"x\":1.48,\"y\":1.48}]}],\"slot\":[{\"name\":\"quan2\",\"colorFrame\":[{\"duration\":15,\"tweenEasing\":0},{\"duration\":9,\"value\":{\"aM\":0}}]},{\"name\":\"kyby_zhujiemian_pic_iconkuang3\",\"displayFrame\":[{\"duration\":24,\"value\":1}]},{\"name\":\"quan21\",\"displayFrame\":[{\"duration\":9,\"value\":-1},{\"duration\":15}],\"colorFrame\":[{\"duration\":9},{\"duration\":15,\"tweenEasing\":0},{\"duration\":0,\"value\":{\"aM\":0}}]}]},{\"duration\":24,\"playTimes\":0,\"name\":\"suoding\",\"bone\":[{\"name\":\"quan1\",\"rotateFrame\":[{\"duration\":24,\"tweenEasing\":0,\"clockwise\":-2},{\"duration\":0}]},{\"name\":\"quan2\",\"scaleFrame\":[{\"duration\":15,\"tweenEasing\":0},{\"duration\":9,\"x\":1.48,\"y\":1.48}]},{\"name\":\"kyby_zhujiemian_pic_iconkuang3\",\"scaleFrame\":[{\"duration\":12,\"tweenEasing\":0},{\"duration\":12,\"tweenEasing\":0,\"x\":0.91,\"y\":0.91},{\"duration\":0}]},{\"name\":\"quan21\",\"scaleFrame\":[{\"duration\":9},{\"duration\":15,\"tweenEasing\":0},{\"duration\":0,\"x\":1.48,\"y\":1.48}]}],\"slot\":[{\"name\":\"quan2\",\"colorFrame\":[{\"duration\":15,\"tweenEasing\":0},{\"duration\":9,\"value\":{\"aM\":0}}]},{\"name\":\"quan21\",\"displayFrame\":[{\"duration\":9,\"value\":-1},{\"duration\":15}],\"colorFrame\":[{\"duration\":9},{\"duration\":15,\"tweenEasing\":0},{\"duration\":0,\"value\":{\"aM\":0}}]}]}],\"defaultActions\":[{\"gotoAndPlay\":\"kaipao\"}]}]}"}