{"__type__":"dragonBones.DragonBonesAsset","_name":"jinjiahusha_shadow_ske","_dragonBonesJson":"{\"frameRate\":24,\"name\":\"jinjiahusha_shadow\",\"version\":\"5.5\",\"compatibleVersion\":\"5.5\",\"armature\":[{\"type\":\"Sheet\",\"frameRate\":24,\"name\":\"jinjiahusha_shadow\",\"aabb\":{\"x\":-529,\"y\":-347.5,\"width\":1020,\"height\":765},\"bone\":[{\"name\":\"root\"}],\"slot\":[{\"displayIndex\":12,\"name\":\"sheetSlot\",\"parent\":\"root\"}],\"skin\":[{\"slot\":[{\"name\":\"sheetSlot\",\"display\":[{\"name\":\"00000\",\"transform\":{\"x\":-19,\"y\":35}},{\"name\":\"00001\",\"transform\":{\"x\":-19,\"y\":35}},{\"name\":\"00002\",\"transform\":{\"x\":-19,\"y\":35}},{\"name\":\"00003\",\"transform\":{\"x\":-19,\"y\":35}},{\"name\":\"00004\",\"transform\":{\"x\":-19,\"y\":35}},{\"name\":\"00005\",\"transform\":{\"x\":-19,\"y\":35}},{\"name\":\"00006\",\"transform\":{\"x\":-19,\"y\":35}},{\"name\":\"00007\",\"transform\":{\"x\":-19,\"y\":35}},{\"name\":\"00008\",\"transform\":{\"x\":-19,\"y\":35}},{\"name\":\"00009\",\"transform\":{\"x\":-19,\"y\":35}},{\"name\":\"00010\",\"transform\":{\"x\":-19,\"y\":35}},{\"name\":\"00011\",\"transform\":{\"x\":-19,\"y\":35}},{\"name\":\"00012\",\"transform\":{\"x\":-19,\"y\":35}},{\"name\":\"00013\",\"transform\":{\"x\":-19,\"y\":35}},{\"name\":\"00014\",\"transform\":{\"x\":-19,\"y\":35}},{\"name\":\"00015\",\"transform\":{\"x\":-19,\"y\":35}}]}]}],\"animation\":[{\"duration\":16,\"playTimes\":0,\"name\":\"jinjiahusha_shadow\",\"slot\":[{\"name\":\"sheetSlot\",\"displayFrame\":[{},{\"value\":1},{\"value\":2},{\"value\":3},{\"value\":4},{\"value\":5},{\"value\":6},{\"value\":7},{\"value\":8},{\"value\":9},{\"value\":10},{\"value\":11},{\"value\":12},{\"value\":13},{\"value\":14},{\"value\":15}]}]}],\"defaultActions\":[{\"gotoAndPlay\":\"jinjiahusha_shadow\"}]}]}"}