{"__type__":"sp.SkeletonData","_name":"nohu","_skeletonJson":{"skeleton":{"hash":"n4iCbpKU3X0p1PP+EArVWVVQhFo","spine":"3.7.94","width":1223,"height":894,"images":"./images/","audio":"C:/Users/Toanp/OneDrive/Máy tính/Zeus/SPINE/no hu"},"bones":[{"name":"root","x":-31.06,"y":28.47},{"name":"Layer 1","parent":"root","x":-2.07,"y":-31.2},{"name":"Layer 5","parent":"root","x":19.05,"y":18.72},{"name":"Layer 7","parent":"root","x":44.28,"y":15.08},{"name":"Layer 6","parent":"root","x":59.19,"y":372.94},{"name":"Layer 10","parent":"root","x":350.53,"y":181.4},{"name":"Layer 12","parent":"root","x":465.23,"y":-126},{"name":"Layer 8","parent":"root","x":6.43,"y":-312.96},{"name":"Layer 11","parent":"root","x":-503.99,"y":16.23}],"slots":[{"name":"Layer 5","bone":"Layer 5","attachment":"Layer 5"},{"name":"Layer 6","bone":"Layer 6","attachment":"Layer 6"},{"name":"Layer 8","bone":"Layer 8","attachment":"Layer 8"},{"name":"Layer 12","bone":"Layer 12","attachment":"Layer 12"},{"name":"Layer 10","bone":"Layer 10","attachment":"Layer 10"},{"name":"Layer 11","bone":"Layer 11","attachment":"Layer 11"},{"name":"Layer 7","bone":"Layer 7","attachment":"Layer 7"},{"name":"Layer 1","bone":"Layer 1","attachment":"Layer 1"}],"skins":{"default":{"Layer 1":{"Layer 1":{"x":2.07,"y":31.2,"width":500,"height":182},"Layer 2":{"x":2.57,"y":31.7,"width":675,"height":163},"Layer 3":{"x":2.57,"y":31.7,"width":607,"height":195},"Layer 4":{"x":2.07,"y":31.2,"width":772,"height":174}},"Layer 10":{"Layer 10":{"x":-16.66,"y":20.65,"width":111,"height":114}},"Layer 11":{"Layer 11":{"x":0.85,"y":13.32,"width":87,"height":77}},"Layer 12":{"Layer 12":{"x":-2.36,"y":-2.46,"width":151,"height":119}},"Layer 5":{"Layer 5":{"x":-34.6,"y":-8.17,"width":1223,"height":851}},"Layer 6":{"Layer 6":{"x":-1.24,"y":1.6,"width":92,"height":59}},"Layer 7":{"Layer 7":{"x":-10.33,"y":-101.04,"width":876,"height":744}},"Layer 8":{"Layer 8":{"x":3.94,"y":1.51,"width":134,"height":123}}}},"animations":{"NO HU":{"slots":{"Layer 6":{"color":[{"time":0.5,"color":"ffffffff"},{"time":0.6667,"color":"ffffff00"}]},"Layer 8":{"color":[{"time":0.5,"color":"ffffffff"},{"time":0.6667,"color":"ffffff00"}]},"Layer 10":{"color":[{"time":0.5,"color":"ffffffff"},{"time":0.6667,"color":"ffffff00"}]},"Layer 11":{"color":[{"time":0.5,"color":"ffffffff"},{"time":0.6667,"color":"ffffff00"}]},"Layer 12":{"color":[{"time":0.5,"color":"ffffffff"},{"time":0.6667,"color":"ffffff00"}]}},"bones":{"Layer 5":{"scale":[{"time":0,"x":0,"y":0},{"time":0.3333,"x":1,"y":1}]},"Layer 1":{"scale":[{"time":0,"x":0,"y":0,"curve":"stepped"},{"time":0.1667,"x":0,"y":0},{"time":0.3333,"x":1.1,"y":1.1},{"time":0.5,"x":1,"y":1},{"time":0.6667,"x":1.1,"y":1.1},{"time":0.8333,"x":1,"y":1},{"time":1.4,"x":1.1,"y":1.1},{"time":2,"x":1,"y":1},{"time":2.6667,"x":1.1,"y":1.1},{"time":3.3333,"x":1,"y":1}]},"Layer 7":{"scale":[{"time":0,"x":0,"y":0,"curve":"stepped"},{"time":0.3333,"x":0,"y":0},{"time":0.8333,"x":1,"y":1},{"time":1.5,"x":1.1,"y":1.1},{"time":2.1667,"x":1,"y":1},{"time":2.8333,"x":1.1,"y":1.1},{"time":3.3333,"x":1,"y":1}]},"Layer 6":{"rotate":[{"time":0,"angle":0},{"time":0.6667,"angle":90}],"translate":[{"time":0,"x":0,"y":0},{"time":0.6667,"x":220.53,"y":409.55}],"scale":[{"time":0,"x":0,"y":0},{"time":0.6667,"x":1,"y":1}]},"Layer 12":{"rotate":[{"time":0,"angle":0},{"time":0.6667,"angle":90}],"translate":[{"time":0,"x":-464.68,"y":133.89},{"time":0.6667,"x":220.53,"y":-196.9}],"scale":[{"time":0,"x":0,"y":0},{"time":0.6667,"x":1,"y":1}]},"Layer 10":{"rotate":[{"time":0,"angle":0},{"time":0.6667,"angle":90}],"translate":[{"time":0,"x":-574.95,"y":-204.78},{"time":0.6667,"x":460.75,"y":-153.58}],"scale":[{"time":0,"x":0,"y":0},{"time":0.6667,"x":1,"y":1}]},"Layer 8":{"rotate":[{"time":0,"angle":0},{"time":0.6667,"angle":90}],"translate":[{"time":0,"x":43.32,"y":322.92},{"time":0.6667,"x":-59.07,"y":-263.85}],"scale":[{"time":0,"x":0,"y":0},{"time":0.6667,"x":1,"y":1}]},"Layer 11":{"rotate":[{"time":0,"angle":0},{"time":0.6667,"angle":90}],"translate":[{"time":0,"x":500.13,"y":-7.88},{"time":0.6667,"x":-232.34,"y":-43.32}],"scale":[{"time":0,"x":0,"y":0},{"time":0.6667,"x":1,"y":1}]}}},"bonus":{"slots":{"Layer 1":{"attachment":[{"time":0,"name":"Layer 3"}]},"Layer 6":{"color":[{"time":0.5,"color":"ffffffff"},{"time":0.6667,"color":"ffffff00"}]},"Layer 8":{"color":[{"time":0.5,"color":"ffffffff"},{"time":0.6667,"color":"ffffff00"}]},"Layer 10":{"color":[{"time":0.5,"color":"ffffffff"},{"time":0.6667,"color":"ffffff00"}]},"Layer 11":{"color":[{"time":0.5,"color":"ffffffff"},{"time":0.6667,"color":"ffffff00"}]},"Layer 12":{"color":[{"time":0.5,"color":"ffffffff"},{"time":0.6667,"color":"ffffff00"}]}},"bones":{"Layer 5":{"scale":[{"time":0,"x":0,"y":0},{"time":0.3333,"x":1,"y":1}]},"Layer 1":{"scale":[{"time":0,"x":0,"y":0,"curve":"stepped"},{"time":0.1667,"x":0,"y":0},{"time":0.3333,"x":1.1,"y":1.1},{"time":0.5,"x":1,"y":1},{"time":0.6667,"x":1.1,"y":1.1},{"time":0.8333,"x":1,"y":1},{"time":1.4,"x":1.1,"y":1.1},{"time":2,"x":1,"y":1},{"time":2.6667,"x":1.1,"y":1.1},{"time":3.3333,"x":1,"y":1}]},"Layer 7":{"scale":[{"time":0,"x":0,"y":0,"curve":"stepped"},{"time":0.3333,"x":0,"y":0},{"time":0.8333,"x":1,"y":1},{"time":1.5,"x":1.1,"y":1.1},{"time":2.1667,"x":1,"y":1},{"time":2.8333,"x":1.1,"y":1.1},{"time":3.3333,"x":1,"y":1}]},"Layer 6":{"rotate":[{"time":0,"angle":0},{"time":0.6667,"angle":90}],"translate":[{"time":0,"x":0,"y":0},{"time":0.6667,"x":220.53,"y":409.55}],"scale":[{"time":0,"x":0,"y":0},{"time":0.6667,"x":1,"y":1}]},"Layer 12":{"rotate":[{"time":0,"angle":0},{"time":0.6667,"angle":90}],"translate":[{"time":0,"x":-464.68,"y":133.89},{"time":0.6667,"x":220.53,"y":-196.9}],"scale":[{"time":0,"x":0,"y":0},{"time":0.6667,"x":1,"y":1}]},"Layer 10":{"rotate":[{"time":0,"angle":0},{"time":0.6667,"angle":90}],"translate":[{"time":0,"x":-574.95,"y":-204.78},{"time":0.6667,"x":460.75,"y":-153.58}],"scale":[{"time":0,"x":0,"y":0},{"time":0.6667,"x":1,"y":1}]},"Layer 8":{"rotate":[{"time":0,"angle":0},{"time":0.6667,"angle":90}],"translate":[{"time":0,"x":43.32,"y":322.92},{"time":0.6667,"x":-59.07,"y":-263.85}],"scale":[{"time":0,"x":0,"y":0},{"time":0.6667,"x":1,"y":1}]},"Layer 11":{"rotate":[{"time":0,"angle":0},{"time":0.6667,"angle":90}],"translate":[{"time":0,"x":500.13,"y":-7.88},{"time":0.6667,"x":-232.34,"y":-43.32}],"scale":[{"time":0,"x":0,"y":0},{"time":0.6667,"x":1,"y":1}]}}},"freespin":{"slots":{"Layer 1":{"attachment":[{"time":0,"name":"Layer 4"}]},"Layer 6":{"color":[{"time":0.5,"color":"ffffffff"},{"time":0.6667,"color":"ffffff00"}]},"Layer 8":{"color":[{"time":0.5,"color":"ffffffff"},{"time":0.6667,"color":"ffffff00"}]},"Layer 10":{"color":[{"time":0.5,"color":"ffffffff"},{"time":0.6667,"color":"ffffff00"}]},"Layer 11":{"color":[{"time":0.5,"color":"ffffffff"},{"time":0.6667,"color":"ffffff00"}]},"Layer 12":{"color":[{"time":0.5,"color":"ffffffff"},{"time":0.6667,"color":"ffffff00"}]}},"bones":{"Layer 5":{"scale":[{"time":0,"x":0,"y":0},{"time":0.3333,"x":1,"y":1}]},"Layer 1":{"scale":[{"time":0,"x":0,"y":0,"curve":"stepped"},{"time":0.1667,"x":0,"y":0},{"time":0.3333,"x":1.1,"y":1.1},{"time":0.5,"x":1,"y":1},{"time":0.6667,"x":1.1,"y":1.1},{"time":0.8333,"x":1,"y":1},{"time":1.4,"x":1.1,"y":1.1},{"time":2,"x":1,"y":1},{"time":2.6667,"x":1.1,"y":1.1},{"time":3.3333,"x":1,"y":1}]},"Layer 7":{"scale":[{"time":0,"x":0,"y":0,"curve":"stepped"},{"time":0.3333,"x":0,"y":0},{"time":0.8333,"x":1,"y":1},{"time":1.5,"x":1.1,"y":1.1},{"time":2.1667,"x":1,"y":1},{"time":2.8333,"x":1.1,"y":1.1},{"time":3.3333,"x":1,"y":1}]},"Layer 6":{"rotate":[{"time":0,"angle":0},{"time":0.6667,"angle":90}],"translate":[{"time":0,"x":0,"y":0},{"time":0.6667,"x":220.53,"y":409.55}],"scale":[{"time":0,"x":0,"y":0},{"time":0.6667,"x":1,"y":1}]},"Layer 12":{"rotate":[{"time":0,"angle":0},{"time":0.6667,"angle":90}],"translate":[{"time":0,"x":-464.68,"y":133.89},{"time":0.6667,"x":220.53,"y":-196.9}],"scale":[{"time":0,"x":0,"y":0},{"time":0.6667,"x":1,"y":1}]},"Layer 10":{"rotate":[{"time":0,"angle":0},{"time":0.6667,"angle":90}],"translate":[{"time":0,"x":-574.95,"y":-204.78},{"time":0.6667,"x":460.75,"y":-153.58}],"scale":[{"time":0,"x":0,"y":0},{"time":0.6667,"x":1,"y":1}]},"Layer 8":{"rotate":[{"time":0,"angle":0},{"time":0.6667,"angle":90}],"translate":[{"time":0,"x":43.32,"y":322.92},{"time":0.6667,"x":-59.07,"y":-263.85}],"scale":[{"time":0,"x":0,"y":0},{"time":0.6667,"x":1,"y":1}]},"Layer 11":{"rotate":[{"time":0,"angle":0},{"time":0.6667,"angle":90}],"translate":[{"time":0,"x":500.13,"y":-7.88},{"time":0.6667,"x":-232.34,"y":-43.32}],"scale":[{"time":0,"x":0,"y":0},{"time":0.6667,"x":1,"y":1}]}}},"thang lon":{"slots":{"Layer 1":{"attachment":[{"time":0,"name":"Layer 2"}]},"Layer 6":{"color":[{"time":0.5,"color":"ffffffff"},{"time":0.6667,"color":"ffffff00"}]},"Layer 8":{"color":[{"time":0.5,"color":"ffffffff"},{"time":0.6667,"color":"ffffff00"}]},"Layer 10":{"color":[{"time":0.5,"color":"ffffffff"},{"time":0.6667,"color":"ffffff00"}]},"Layer 11":{"color":[{"time":0.5,"color":"ffffffff"},{"time":0.6667,"color":"ffffff00"}]},"Layer 12":{"color":[{"time":0.5,"color":"ffffffff"},{"time":0.6667,"color":"ffffff00"}]}},"bones":{"Layer 5":{"scale":[{"time":0,"x":0,"y":0},{"time":0.3333,"x":1,"y":1}]},"Layer 1":{"scale":[{"time":0,"x":0,"y":0,"curve":"stepped"},{"time":0.1667,"x":0,"y":0},{"time":0.3333,"x":1.1,"y":1.1},{"time":0.5,"x":1,"y":1},{"time":0.6667,"x":1.1,"y":1.1},{"time":0.8333,"x":1,"y":1},{"time":1.4,"x":1.1,"y":1.1},{"time":2,"x":1,"y":1},{"time":2.6667,"x":1.1,"y":1.1},{"time":3.3333,"x":1,"y":1}]},"Layer 7":{"scale":[{"time":0,"x":0,"y":0,"curve":"stepped"},{"time":0.3333,"x":0,"y":0},{"time":0.8333,"x":1,"y":1},{"time":1.5,"x":1.1,"y":1.1},{"time":2.1667,"x":1,"y":1},{"time":2.8333,"x":1.1,"y":1.1},{"time":3.3333,"x":1,"y":1}]},"Layer 6":{"rotate":[{"time":0,"angle":0},{"time":0.6667,"angle":90}],"translate":[{"time":0,"x":0,"y":0},{"time":0.6667,"x":220.53,"y":409.55}],"scale":[{"time":0,"x":0,"y":0},{"time":0.6667,"x":1,"y":1}]},"Layer 12":{"rotate":[{"time":0,"angle":0},{"time":0.6667,"angle":90}],"translate":[{"time":0,"x":-464.68,"y":133.89},{"time":0.6667,"x":220.53,"y":-196.9}],"scale":[{"time":0,"x":0,"y":0},{"time":0.6667,"x":1,"y":1}]},"Layer 10":{"rotate":[{"time":0,"angle":0},{"time":0.6667,"angle":90}],"translate":[{"time":0,"x":-574.95,"y":-204.78},{"time":0.6667,"x":460.75,"y":-153.58}],"scale":[{"time":0,"x":0,"y":0},{"time":0.6667,"x":1,"y":1}]},"Layer 8":{"rotate":[{"time":0,"angle":0},{"time":0.6667,"angle":90}],"translate":[{"time":0,"x":43.32,"y":322.92},{"time":0.6667,"x":-59.07,"y":-263.85}],"scale":[{"time":0,"x":0,"y":0},{"time":0.6667,"x":1,"y":1}]},"Layer 11":{"rotate":[{"time":0,"angle":0},{"time":0.6667,"angle":90}],"translate":[{"time":0,"x":500.13,"y":-7.88},{"time":0.6667,"x":-232.34,"y":-43.32}],"scale":[{"time":0,"x":0,"y":0},{"time":0.6667,"x":1,"y":1}]}}}}},"_atlasText":"\nnohu.png\nsize: 2048,2048\nformat: RGBA8888\nfilter: Linear,Linear\nrepeat: none\nLayer 1\n  rotate: false\n  xy: 1227, 1527\n  size: 500, 182\n  orig: 500, 182\n  offset: 0, 0\n  index: -1\nLayer 10\n  rotate: false\n  xy: 880, 309\n  size: 111, 114\n  orig: 111, 114\n  offset: 0, 0\n  index: -1\nLayer 11\n  rotate: false\n  xy: 1077, 955\n  size: 87, 77\n  orig: 87, 77\n  offset: 0, 0\n  index: -1\nLayer 12\n  rotate: false\n  xy: 2, 2\n  size: 151, 119\n  orig: 151, 119\n  offset: 0, 0\n  index: -1\nLayer 2\n  rotate: false\n  xy: 2, 123\n  size: 675, 163\n  orig: 675, 163\n  offset: 0, 0\n  index: -1\nLayer 3\n  rotate: true\n  xy: 880, 425\n  size: 607, 195\n  orig: 607, 195\n  offset: 0, 0\n  index: -1\nLayer 4\n  rotate: false\n  xy: 1227, 1711\n  size: 772, 174\n  orig: 772, 174\n  offset: 0, 0\n  index: -1\nLayer 5\n  rotate: false\n  xy: 2, 1034\n  size: 1223, 851\n  orig: 1223, 851\n  offset: 0, 0\n  index: -1\nLayer 6\n  rotate: false\n  xy: 1227, 1466\n  size: 92, 59\n  orig: 92, 59\n  offset: 0, 0\n  index: -1\nLayer 7\n  rotate: false\n  xy: 2, 288\n  size: 876, 744\n  orig: 876, 744\n  offset: 0, 0\n  index: -1\nLayer 8\n  rotate: false\n  xy: 679, 163\n  size: 134, 123\n  orig: 134, 123\n  offset: 0, 0\n  index: -1\n","textures":[{"__uuid__":"d9ai5o9phM5KmG6ZIQXPPk"}],"textureNames":["nohu.png"]}