{"__type__":"dragonBones.DragonBonesAtlasAsset","_name":"ankangyu_tex","_atlasJson":"{\"SubTexture\":[{\"frameWidth\":200,\"y\":648,\"frameX\":-15,\"frameHeight\":142,\"frameY\":-22,\"width\":177,\"height\":101,\"name\":\"ankangyu_00010\",\"x\":1},{\"frameWidth\":200,\"y\":332,\"frameX\":-20,\"frameHeight\":142,\"frameY\":-19,\"width\":172,\"height\":105,\"name\":\"ankangyu_00006\",\"x\":177},{\"frameWidth\":200,\"y\":439,\"frameX\":-15,\"frameHeight\":142,\"frameY\":-21,\"width\":176,\"height\":102,\"name\":\"ankangyu_00009\",\"x\":176},{\"frameWidth\":200,\"y\":1,\"frameX\":-22,\"frameHeight\":142,\"frameY\":-19,\"width\":170,\"height\":109,\"name\":\"ankangyu_00004\",\"x\":171},{\"frameWidth\":200,\"y\":223,\"frameX\":-21,\"frameHeight\":142,\"frameY\":-19,\"width\":171,\"height\":107,\"name\":\"ankangyu_00005\",\"x\":175},{\"frameWidth\":200,\"y\":112,\"frameX\":-22,\"frameHeight\":142,\"frameY\":-20,\"width\":170,\"height\":109,\"name\":\"ankangyu_00002\",\"x\":171},{\"frameWidth\":200,\"y\":332,\"frameX\":-18,\"frameHeight\":142,\"frameY\":-22,\"width\":174,\"height\":104,\"name\":\"ankangyu_00000\",\"x\":1},{\"frameWidth\":200,\"y\":438,\"frameX\":-18,\"frameHeight\":142,\"frameY\":-19,\"width\":173,\"height\":104,\"name\":\"ankangyu_00007\",\"x\":1},{\"frameWidth\":200,\"y\":543,\"frameX\":-17,\"frameHeight\":142,\"frameY\":-20,\"width\":174,\"height\":103,\"name\":\"ankangyu_00008\",\"x\":176},{\"frameWidth\":200,\"y\":648,\"frameX\":-16,\"frameHeight\":142,\"frameY\":-22,\"width\":176,\"height\":101,\"name\":\"ankangyu_00011\",\"x\":180},{\"frameWidth\":200,\"y\":223,\"frameX\":-20,\"frameHeight\":142,\"frameY\":-21,\"width\":172,\"height\":107,\"name\":\"ankangyu_00001\",\"x\":1},{\"frameWidth\":200,\"y\":1,\"frameX\":-24,\"frameHeight\":142,\"frameY\":-19,\"width\":168,\"height\":111,\"name\":\"ankangyu_00003\",\"x\":1}],\"width\":512,\"imagePath\":\"ankangyu_tex.png\",\"height\":1024,\"name\":\"ankangyu\"}","_texture":{"__uuid__":"8fajqhmvVKJ54mRTUG30Xr"},"texture":{"__uuid__":"8fajqhmvVKJ54mRTUG30Xr"}}