[{"__type__":"cc.SpriteFrame","content":{"name":"singleColor","texture":"a8Anh32NZGRZegUtSgEj26","rect":[0,0,2,2],"offset":[0,0],"originalSize":[2,2],"capInsets":[0,0,0,0]}},[{"__type__":"cc.Prefab","_name":"itemTop","data":{"__id__":1}},{"__type__":"cc.Node","_name":"itemTop","_children":[{"__id__":2},{"__id__":3},{"__id__":5},{"__id__":7},{"__id__":9},{"__id__":11}],"_components":[{"__type__":"95d5aIW7xZHfKL9yYH2NHME","node":{"__id__":1},"bg":{"__id__":2},"time":{"__id__":4},"phien":{"__id__":6},"cuoc":{"__id__":8},"line":{"__id__":12},"win":{"__id__":10}}],"_prefab":{"__type__":"cc.PrefabInfo","root":{"__id__":1},"asset":{"__uuid__":"77bsd5ShZL86rhVhlJ8OJq"},"fileId":"2dLG+phMxGI67gw4Kafx76"},"_contentSize":{"__type__":"cc.Size","width":639,"height":33},"_trs":{"__type__":"TypedArray","ctor":"Float64Array","array":[0,130,0,0,0,0,1,1,1,1]}},{"__type__":"cc.Node","_name":"singleColor","_parent":{"__id__":1},"_components":[{"__type__":"cc.Sprite","node":{"__id__":2},"_materials":[{"__uuid__":"ecpdLyjvZBwrvm+cedCcQy"}],"_spriteFrame":{"__uuid__":"41D7kWhyFGY7q4NDlzkazn"},"_sizeMode":0}],"_prefab":{"__type__":"cc.PrefabInfo","root":{"__id__":1},"asset":{"__uuid__":"77bsd5ShZL86rhVhlJ8OJq"},"fileId":"761/GbC6pArKHwJpaJwdDy"},"_opacity":43,"_color":{"__type__":"cc.Color"},"_contentSize":{"__type__":"cc.Size","width":639,"height":33},"_trs":{"__type__":"TypedArray","ctor":"Float64Array","array":[0,0,0,0,0,0,1,1,1,1]}},{"__type__":"cc.Node","_name":"time","_parent":{"__id__":1},"_components":[{"__id__":4}],"_prefab":{"__type__":"cc.PrefabInfo","root":{"__id__":1},"asset":{"__uuid__":"77bsd5ShZL86rhVhlJ8OJq"},"fileId":"8b1dCfSD9IALd6Kv6Ll87V"},"_color":{"__type__":"cc.Color","r":253,"g":222,"b":104},"_contentSize":{"__type__":"cc.Size","height":20.57},"_trs":{"__type__":"TypedArray","ctor":"Float64Array","array":[-272,0,0,0,0,0,1,1,1,1]}},{"__type__":"cc.Label","node":{"__id__":3},"_materials":[{"__uuid__":"ecpdLyjvZBwrvm+cedCcQy"}],"_useOriginalSize":false,"_fontSize":18,"_N$file":{"__uuid__":"ca/STOHexDCpBHB3XPtG62"},"_isSystemFontUsed":false,"_N$horizontalAlign":1,"_N$verticalAlign":1},{"__type__":"cc.Node","_name":"name","_parent":{"__id__":1},"_components":[{"__id__":6}],"_prefab":{"__type__":"cc.PrefabInfo","root":{"__id__":1},"asset":{"__uuid__":"77bsd5ShZL86rhVhlJ8OJq"},"fileId":"d7Yn4nscZEFaE5ingpR6bW"},"_color":{"__type__":"cc.Color","r":253,"g":222,"b":104},"_contentSize":{"__type__":"cc.Size","height":20.57},"_trs":{"__type__":"TypedArray","ctor":"Float64Array","array":[-91,0,0,0,0,0,1,1,1,1]}},{"__type__":"cc.Label","node":{"__id__":5},"_materials":[{"__uuid__":"ecpdLyjvZBwrvm+cedCcQy"}],"_useOriginalSize":false,"_fontSize":18,"_N$file":{"__uuid__":"ca/STOHexDCpBHB3XPtG62"},"_isSystemFontUsed":false,"_N$horizontalAlign":1,"_N$verticalAlign":1},{"__type__":"cc.Node","_name":"room","_parent":{"__id__":1},"_components":[{"__id__":8}],"_prefab":{"__type__":"cc.PrefabInfo","root":{"__id__":1},"asset":{"__uuid__":"77bsd5ShZL86rhVhlJ8OJq"},"fileId":"0aE350HxlEuoCvvuN3sJwz"},"_color":{"__type__":"cc.Color","r":253,"g":222,"b":104},"_contentSize":{"__type__":"cc.Size","height":20.57},"_trs":{"__type__":"TypedArray","ctor":"Float64Array","array":[39,0,0,0,0,0,1,1,1,1]}},{"__type__":"cc.Label","node":{"__id__":7},"_materials":[{"__uuid__":"ecpdLyjvZBwrvm+cedCcQy"}],"_useOriginalSize":false,"_fontSize":18,"_N$file":{"__uuid__":"ca/STOHexDCpBHB3XPtG62"},"_isSystemFontUsed":false,"_N$horizontalAlign":1,"_N$verticalAlign":1},{"__type__":"cc.Node","_name":"bet","_parent":{"__id__":1},"_components":[{"__id__":10}],"_prefab":{"__type__":"cc.PrefabInfo","root":{"__id__":1},"asset":{"__uuid__":"77bsd5ShZL86rhVhlJ8OJq"},"fileId":"0cCdIXl3dGZqXNavwQ8ZH3"},"_color":{"__type__":"cc.Color","r":253,"g":222,"b":104},"_contentSize":{"__type__":"cc.Size","height":20.57},"_trs":{"__type__":"TypedArray","ctor":"Float64Array","array":[255,0,0,0,0,0,1,1,1,1]}},{"__type__":"cc.Label","node":{"__id__":9},"_materials":[{"__uuid__":"ecpdLyjvZBwrvm+cedCcQy"}],"_useOriginalSize":false,"_fontSize":18,"_N$file":{"__uuid__":"ca/STOHexDCpBHB3XPtG62"},"_isSystemFontUsed":false,"_N$horizontalAlign":1,"_N$verticalAlign":1},{"__type__":"cc.Node","_name":"win","_parent":{"__id__":1},"_components":[{"__id__":12}],"_prefab":{"__type__":"cc.PrefabInfo","root":{"__id__":1},"asset":{"__uuid__":"77bsd5ShZL86rhVhlJ8OJq"},"fileId":"adUfLHoRBK/LeGbx3HDHy5"},"_color":{"__type__":"cc.Color","r":253,"g":222,"b":104},"_contentSize":{"__type__":"cc.Size","height":20.57},"_trs":{"__type__":"TypedArray","ctor":"Float64Array","array":[146,0,0,0,0,0,1,1,1,1]}},{"__type__":"cc.Label","node":{"__id__":11},"_materials":[{"__uuid__":"ecpdLyjvZBwrvm+cedCcQy"}],"_useOriginalSize":false,"_fontSize":18,"_N$file":{"__uuid__":"ca/STOHexDCpBHB3XPtG62"},"_isSystemFontUsed":false,"_N$horizontalAlign":1,"_N$verticalAlign":1}]]