[[{"__type__":"cc.Prefab","_name":"item11","data":{"__id__":1}},{"__type__":"cc.Node","_name":"item11","_components":[{"__type__":"cc.Sprite","node":{"__id__":1},"_materials":[{"__uuid__":"ecpdLyjvZBwrvm+cedCcQy"}],"_spriteFrame":{"__uuid__":"8agC7uD7FAyqMqawm+LA+k"}}],"_prefab":{"__type__":"cc.PrefabInfo","root":{"__id__":1},"asset":{"__uuid__":"726jIfp/5FPrsvuTady4+P"},"fileId":"9dQvbJvkBCPICvjx4lT3kl"},"_contentSize":{"__type__":"cc.Size","width":122,"height":116},"_trs":{"__type__":"TypedArray","ctor":"Float64Array","array":[0,0,0,0,0,0,1,0.8,0.8,1]}}],{"__type__":"cc.SpriteFrame","content":{"name":"item_7","texture":"53j2byZo9E9Z+e0ODx1O2T","rect":[0,0,122,116],"offset":[0,0],"originalSize":[122,116],"capInsets":[0,0,0,0]}}]