[{"__type__":"cc.SpriteFrame","content":{"name":"download_app","texture":"0dQCokp7tKSoxNjoLY8XK1","rect":[981,774,112,26],"offset":[0,0],"originalSize":[112,26],"capInsets":[0,0,0,0]}},{"__type__":"cc.SpriteAtlas","_name":"lobby.plist","_spriteFrames":{"banner0":{"__uuid__":"75nk6A1y9KlJnXckD4qQ4H"},"bottom":{"__uuid__":"62NsWu2VlBUJGOkChN/5dB"},"chat_khung_emo":{"__uuid__":"fdKvn1vdVBM4lm/Cog4FaP"},"chat_khung_noidung":{"__uuid__":"fcMrCEcX5EKKdFGTkjHA5B"},"chuyengold_bg_tien":{"__uuid__":"4bB8FdnxdIPKarW1Esi2KS"},"dl_chu":{"__uuid__":"d6qEWt0hZI077bj+tRJdsk"},"download_app":{"__uuid__":"01Hu4YK6lH1Yw7DjxV7TJz"},"dt_line":{"__uuid__":"25Xi8Ep9ZBlr3l55rOgldn"},"edit_box2":{"__uuid__":"10+y4CDKhCAogPvz2xwbff"},"iap":{"__uuid__":"c4N7qJPpNP07UcVK+e8UW4"},"icon_vang":{"__uuid__":"8fZEhOnUtLHKXGluWMFW02"},"icon_vang_small":{"__uuid__":"42qIchAKNJlrjeoBfMWjUT"},"khung_avatar_2":{"__uuid__":"1ftI6cuJNLZ5HGOEyC+BR3"},"khung_chatnhanh":{"__uuid__":"ecx6H9hJhL0YFf3QG7qb9d"},"khung_muccuoc":{"__uuid__":"31xBcioV9AFLbQjXWAu4Rp"},"khung_muccuoc_chon":{"__uuid__":"a6cWJpHOBD6Y44TWVy3Gyl"},"khung_tien":{"__uuid__":"29+CQA+F9EY5o1Z1ZJuENR"},"khung_tien2":{"__uuid__":"e4s6rxRq9IDbnZq3cbowYk"},"lb_banner_dot":{"__uuid__":"beygrVvYpBg7AoNLqkHdeN"},"lb_banner_frame":{"__uuid__":"9dcVHVlEhPmKQsmnxo8NvM"},"lb_download_circle":{"__uuid__":"53t8LGhJxAnK1ubYM7V0jl"},"lb_download_circle_bg":{"__uuid__":"a5PLYaOb1D/J0ZeCeohVWI"},"lb_edit_box":{"__uuid__":"486HZhMMhCsarbgulk1G0K"},"lb_floating_text_bg":{"__uuid__":"c6OVNqk59MzJ0qlYAm9s3O"},"lb_footer":{"__uuid__":"f4nH6z+k9L7oK9Oa2H+/So"},"lb_game_category":{"__uuid__":"9f88DZKkxAtZZG9qKkEBPT"},"lb_header_left":{"__uuid__":"e2O7Z8NBtFE4+tySRRn6EI"},"lb_header_right":{"__uuid__":"a2uXz+SqdOHJRDxNLaW93l"},"lb_icon_rank_1":{"__uuid__":"a4QidyaalN4qvsAscnhWY9"},"lb_icon_rank_2":{"__uuid__":"0897AtUWdHAKbvMruBBPvf"},"lb_icon_rank_3":{"__uuid__":"cbCkjZDRREFq/VZ7tMKXl6"},"lb_invite_bg":{"__uuid__":"fc0TCCDGVL+aBSvdVb8aUG"},"lb_khung_ten":{"__uuid__":"1dxiDzt1tJ25EMIq8DfhDC"},"lb_list_pointer":{"__uuid__":"6avqOUQa9EGKWu6NYmAELs"},"lb_loading_spin":{"__uuid__":"a3ASgHcBFEUpUY6GmhgUOc"},"lb_loading_spin2":{"__uuid__":"e4mZLozOJIIY3zkRDY750G"},"lb_loading_spin_logo":{"__uuid__":"e0xEu5l5FDMZytPjO53bXo"},"lb_loading_spin_logo2":{"__uuid__":"45dQHv1oNC3rNsesPwWFv3"},"lb_logo_header":{"__uuid__":"e9V8yNYdJGJ7A0lHXXLXGi"},"lb_mail_bg":{"__uuid__":"0aJXSY0PNNSq+4V6AmfMgT"},"lb_popup_title_bg_1":{"__uuid__":"33U5o9rJBHnpqvc6+VMw8K"},"lb_popup_title_bg_2":{"__uuid__":"5b7A54SwxKZrHEk0Z44Mq5"},"lb_quenmk_text":{"__uuid__":"786Od24H9IXqaIg8GBJNfy"},"lb_thanh_bar":{"__uuid__":"4djAA0iu9D8Z3FXNEa8NBS"},"ngchoi0":{"__uuid__":"7diHrziEVNS6tR5YEiTc6e"},"ngchoi1":{"__uuid__":"3bySo8YbdE+q+0LnyCnars"},"notifi":{"__uuid__":"bc+palxJlAIK6gmz48yW+f"},"popup_1":{"__uuid__":"95IdjP5RlKcbFPANfCcibY"},"popup_2":{"__uuid__":"6aNZscQZhE0YuB4Zx7pu3D"},"popup_3":{"__uuid__":"63FOYAXblFiIfAyhBFrorb"},"popup_nt_bg_label":{"__uuid__":"74av32+LJK9IrfPMFRaDnb"},"setting_line":{"__uuid__":"4ePERDMBBKR7aQzJQAjDxO"},"solo_check":{"__uuid__":"e4Hl9K1GdNpLpURWwfJPWX"},"solo_checked":{"__uuid__":"582EaWUQdHK77nWhKgQqFo"},"stg_icon_amthanh":{"__uuid__":"83TNUX0C9Jz6GKAINqKY1w"},"stg_icon_banchoi":{"__uuid__":"c25kYBXHZGvpXPhWVRIowJ"},"stg_icon_moichoi":{"__uuid__":"58oFGIyeBLZ7kxVve4lmmV"},"stg_icon_rung":{"__uuid__":"3a8aWe84FPa5u7aMpce5nP"},"stg_icon_sansang":{"__uuid__":"bciYhBn2dAy6mp4UJIR68o"},"top_line":{"__uuid__":"14DAgii0RCqYNdI+IN1gUc"},"wifi-0":{"__uuid__":"1exADZjA1DF5rzPPkmIxup"},"wifi-1":{"__uuid__":"edN5Tb2XdLi4sMVYa5q6v9"},"wifi-2":{"__uuid__":"b4/z+uTv9GRpFFGhwFGBdd"},"wifi-3":{"__uuid__":"f6Z7l6tVhMiLF/NV3gsDV7"}}},{"__type__":"cc.SpriteFrame","content":{"name":"lb_icon_rank_2","texture":"0dQCokp7tKSoxNjoLY8XK1","rect":[1457,74,54,62],"offset":[0,0],"originalSize":[54,62],"capInsets":[0,0,0,0]}},{"__type__":"cc.SpriteFrame","content":{"name":"lb_mail_bg","texture":"0dQCokp7tKSoxNjoLY8XK1","rect":[966,1357,201,53],"offset":[0,0],"originalSize":[201,53],"capInsets":[0,0,0,0]}},{"__type__":"cc.SpriteFrame","content":{"name":"edit_box2","texture":"0dQCokp7tKSoxNjoLY8XK1","rect":[1471,774,34,76],"offset":[0,0],"originalSize":[34,76],"capInsets":[0,0,0,0]}},{"__type__":"cc.SpriteFrame","content":{"name":"top_line","texture":"0dQCokp7tKSoxNjoLY8XK1","rect":[1238,804,5,71],"offset":[0,0],"originalSize":[5,71],"capInsets":[0,0,0,0]}},{"__type__":"cc.SpriteFrame","content":{"name":"lb_khung_ten","texture":"0dQCokp7tKSoxNjoLY8XK1","rect":[1238,1013,201,53],"offset":[0,0],"originalSize":[201,53],"capInsets":[0,0,0,0]}},{"__type__":"cc.SpriteFrame","content":{"name":"wifi-0","texture":"0dQCokp7tKSoxNjoLY8XK1","rect":[1373,869,55,48],"offset":[0,0],"originalSize":[59,52],"capInsets":[0,0,0,0]}},{"__type__":"cc.SpriteFrame","content":{"name":"khung_avatar_2","texture":"0dQCokp7tKSoxNjoLY8XK1","rect":[1169,1357,85,85],"offset":[0,0],"originalSize":[85,85],"capInsets":[0,0,0,0]}},{"__type__":"cc.SpriteFrame","content":{"name":"dt_line","texture":"0dQCokp7tKSoxNjoLY8XK1","rect":[1500,146,4,50],"offset":[0,0],"originalSize":[4,50],"capInsets":[0,0,0,0]}},{"__type__":"cc.SpriteFrame","content":{"name":"khung_tien","texture":"0dQCokp7tKSoxNjoLY8XK1","rect":[1183,272,251,59],"offset":[0,0],"originalSize":[251,59],"capInsets":[0,0,0,0]}},{"__type__":"cc.SpriteFrame","content":{"name":"khung_muccuoc","texture":"0dQCokp7tKSoxNjoLY8XK1","rect":[696,352,283,450],"offset":[0,0],"originalSize":[285,452],"capInsets":[0,0,0,0]}},{"__type__":"cc.SpriteFrame","content":{"name":"lb_popup_title_bg_1","texture":"0dQCokp7tKSoxNjoLY8XK1","rect":[0,1357,398,81],"offset":[0,0],"originalSize":[398,81],"capInsets":[0,0,0,0]}},{"__type__":"cc.SpriteFrame","content":{"name":"stg_icon_rung","texture":"0dQCokp7tKSoxNjoLY8XK1","rect":[1238,1068,50,39],"offset":[0,0],"originalSize":[50,39],"capInsets":[0,0,0,0]}},{"__type__":"cc.SpriteFrame","content":{"name":"ngchoi1","texture":"0dQCokp7tKSoxNjoLY8XK1","rect":[1490,272,26,31],"offset":[0,0],"originalSize":[28,33],"capInsets":[0,0,0,0]}},{"__type__":"cc.SpriteFrame","content":{"name":"icon_vang_small","texture":"0dQCokp7tKSoxNjoLY8XK1","rect":[1457,0,55,72],"offset":[0,0],"originalSize":[55,72],"capInsets":[0,0,0,0]}},{"__type__":"cc.SpriteFrame","content":{"name":"lb_loading_spin_logo2","texture":"0dQCokp7tKSoxNjoLY8XK1","rect":[1427,1281,34,35],"offset":[0,0],"originalSize":[34,35],"capInsets":[0,0,0,0]}},{"__type__":"cc.SpriteFrame","content":{"name":"lb_edit_box","texture":"0dQCokp7tKSoxNjoLY8XK1","rect":[1183,218,330,52],"offset":[0,0],"originalSize":[338,67],"capInsets":[0,0,0,0]}},{"__type__":"cc.SpriteFrame","content":{"name":"chuyengold_bg_tien","texture":"0dQCokp7tKSoxNjoLY8XK1","rect":[0,1280,672,75],"offset":[0,0],"originalSize":[672,75],"capInsets":[0,0,0,0]}},{"__type__":"cc.SpriteFrame","content":{"name":"lb_thanh_bar","texture":"0dQCokp7tKSoxNjoLY8XK1","rect":[1173,1111,265,40],"offset":[0,0],"originalSize":[265,40],"capInsets":[0,0,0,0]}},{"__type__":"cc.SpriteFrame","content":{"name":"setting_line","texture":"0dQCokp7tKSoxNjoLY8XK1","rect":[674,1336,499,1],"offset":[6,0],"originalSize":[551,3],"capInsets":[0,0,0,0]}},{"__type__":"cc.SpriteFrame","content":{"name":"lb_download_circle","texture":"0dQCokp7tKSoxNjoLY8XK1","rect":[1327,0,128,127],"offset":[0,0],"originalSize":[128,127],"capInsets":[0,0,0,0]}},{"__type__":"cc.SpriteFrame","content":{"name":"stg_icon_moichoi","texture":"0dQCokp7tKSoxNjoLY8XK1","rect":[1095,774,38,28],"offset":[-1,0],"originalSize":[40,39],"capInsets":[0,0,0,0]}},{"__type__":"cc.SpriteFrame","content":{"name":"solo_checked","texture":"0dQCokp7tKSoxNjoLY8XK1","rect":[1466,1341,43,43],"offset":[0,0],"originalSize":[43,43],"capInsets":[0,0,0,0]}},{"__type__":"cc.SpriteFrame","content":{"name":"lb_popup_title_bg_2","texture":"0dQCokp7tKSoxNjoLY8XK1","rect":[696,929,768,82],"offset":[0,0],"originalSize":[768,82],"capInsets":[0,0,0,0]}},{"__type__":"cc.SpriteFrame","content":{"name":"bottom","texture":"0dQCokp7tKSoxNjoLY8XK1","rect":[1253,347,2,2],"offset":[-639,45],"originalSize":[1280,92],"capInsets":[0,0,0,0]}},{"__type__":"cc.SpriteFrame","content":{"name":"popup_3","texture":"0dQCokp7tKSoxNjoLY8XK1","rect":[696,0,485,350],"offset":[0,0],"originalSize":[485,350],"capInsets":[0,0,0,0]}},{"__type__":"cc.SpriteFrame","content":{"name":"popup_2","texture":"0dQCokp7tKSoxNjoLY8XK1","rect":[0,0,694,684],"offset":[0,0],"originalSize":[694,684],"capInsets":[0,0,0,0]}},{"__type__":"cc.SpriteFrame","content":{"name":"lb_list_pointer","texture":"0dQCokp7tKSoxNjoLY8XK1","rect":[1228,333,23,16],"offset":[0,0],"originalSize":[25,18],"capInsets":[0,0,0,0]}},{"__type__":"cc.SpriteFrame","content":{"name":"popup_nt_bg_label","texture":"0dQCokp7tKSoxNjoLY8XK1","rect":[596,1410,158,34],"offset":[0,0],"originalSize":[158,34],"capInsets":[0,0,0,0]}},{"__type__":"cc.SpriteFrame","content":{"name":"banner0","texture":"0dQCokp7tKSoxNjoLY8XK1","rect":[1249,352,266,420],"offset":[0,0],"originalSize":[266,420],"capInsets":[0,0,0,0]}},{"__type__":"cc.SpriteFrame","content":{"name":"lb_quenmk_text","texture":"0dQCokp7tKSoxNjoLY8XK1","rect":[400,1410,194,30],"offset":[0,0],"originalSize":[194,30],"capInsets":[0,0,0,0]}},{"__type__":"cc.SpriteFrame","content":{"name":"ngchoi0","texture":"0dQCokp7tKSoxNjoLY8XK1","rect":[1490,305,24,29],"offset":[0,0],"originalSize":[26,31],"capInsets":[0,0,0,0]}},{"__type__":"cc.SpriteFrame","content":{"name":"stg_icon_amthanh","texture":"0dQCokp7tKSoxNjoLY8XK1","rect":[1135,774,36,28],"offset":[-1,0],"originalSize":[40,39],"capInsets":[0,0,0,0]}},{"__type__":"cc.SpriteFrame","content":{"name":"icon_vang","texture":"0dQCokp7tKSoxNjoLY8XK1","rect":[1365,1189,68,89],"offset":[0,0],"originalSize":[68,89],"capInsets":[0,0,0,0]}},{"__type__":"cc.SpriteFrame","content":{"name":"popup_1","texture":"0dQCokp7tKSoxNjoLY8XK1","rect":[0,686,694,501],"offset":[0,0],"originalSize":[694,501],"capInsets":[0,0,0,0]}},{"__type__":"cc.SpriteFrame","content":{"name":"lb_banner_frame","texture":"0dQCokp7tKSoxNjoLY8XK1","rect":[981,352,266,420],"offset":[0,0],"originalSize":[266,420],"capInsets":[0,0,0,0]}},{"__type__":"cc.SpriteFrame","content":{"name":"lb_game_category","texture":"0dQCokp7tKSoxNjoLY8XK1","rect":[1466,929,52,410],"offset":[0,0],"originalSize":[52,410],"capInsets":[0,0,0,0]}},{"__type__":"cc.SpriteFrame","content":{"name":"lb_header_right","texture":"0dQCokp7tKSoxNjoLY8XK1","rect":[696,1013,540,96],"offset":[2,13],"originalSize":[544,123],"capInsets":[0,0,0,0]}},{"__type__":"cc.SpriteFrame","content":{"name":"lb_loading_spin","texture":"0dQCokp7tKSoxNjoLY8XK1","rect":[1183,0,142,144],"offset":[0,0],"originalSize":[142,144],"capInsets":[0,0,0,0]}},{"__type__":"cc.SpriteFrame","content":{"name":"lb_icon_rank_1","texture":"0dQCokp7tKSoxNjoLY8XK1","rect":[1441,146,57,65],"offset":[0,0],"originalSize":[57,65],"capInsets":[0,0,0,0]}},{"__type__":"cc.SpriteFrame","content":{"name":"lb_download_circle_bg","texture":"0dQCokp7tKSoxNjoLY8XK1","rect":[1249,774,122,122],"offset":[0,0],"originalSize":[122,122],"capInsets":[0,0,0,0]}},{"__type__":"cc.SpriteFrame","content":{"name":"khung_muccuoc_chon","texture":"0dQCokp7tKSoxNjoLY8XK1","rect":[674,1280,244,54],"offset":[0,0],"originalSize":[244,54],"capInsets":[0,0,0,0]}},{"__type__":"cc.SpriteFrame","content":{"name":"wifi-2","texture":"0dQCokp7tKSoxNjoLY8XK1","rect":[1330,1380,55,48],"offset":[0,0],"originalSize":[59,52],"capInsets":[0,0,0,0]}},{"__type__":"cc.SpriteFrame","content":{"name":"stg_icon_sansang","texture":"0dQCokp7tKSoxNjoLY8XK1","rect":[1374,1068,40,39],"offset":[0,0],"originalSize":[40,39],"capInsets":[0,0,0,0]}},{"__type__":"cc.SpriteFrame","content":{"name":"notifi","texture":"0dQCokp7tKSoxNjoLY8XK1","rect":[1416,1068,39,39],"offset":[0,0],"originalSize":[39,39],"capInsets":[0,0,0,0]}},{"__type__":"cc.SpriteFrame","content":{"name":"lb_banner_dot","texture":"0dQCokp7tKSoxNjoLY8XK1","rect":[1253,333,12,12],"offset":[0,0],"originalSize":[12,12],"capInsets":[0,0,0,0]}},{"__type__":"cc.SpriteFrame","content":{"name":"stg_icon_banchoi","texture":"0dQCokp7tKSoxNjoLY8XK1","rect":[1183,333,43,17],"offset":[0,0],"originalSize":[43,17],"capInsets":[0,0,0,0]}},{"__type__":"cc.SpriteFrame","content":{"name":"iap","texture":"0dQCokp7tKSoxNjoLY8XK1","rect":[1273,1281,80,97],"offset":[-1,0],"originalSize":[110,99],"capInsets":[0,0,0,0]}},{"__type__":"cc.SpriteFrame","content":{"name":"lb_floating_text_bg","texture":"0dQCokp7tKSoxNjoLY8XK1","rect":[400,1357,564,51],"offset":[0,0],"originalSize":[564,51],"capInsets":[0,0,0,0]}},{"__type__":"cc.SpriteFrame","content":{"name":"lb_icon_rank_3","texture":"0dQCokp7tKSoxNjoLY8XK1","rect":[1436,272,52,59],"offset":[0,0],"originalSize":[52,59],"capInsets":[0,0,0,0]}},{"__type__":"cc.SpriteFrame","content":{"name":"dl_chu","texture":"0dQCokp7tKSoxNjoLY8XK1","rect":[1222,1280,49,49],"offset":[0,0],"originalSize":[49,49],"capInsets":[0,0,0,0]}},{"__type__":"cc.SpriteFrame","content":{"name":"lb_loading_spin_logo","texture":"0dQCokp7tKSoxNjoLY8XK1","rect":[1373,774,96,93],"offset":[3,-1],"originalSize":[102,105],"capInsets":[0,0,0,0]}},{"__type__":"cc.SpriteFrame","content":{"name":"lb_header_left","texture":"0dQCokp7tKSoxNjoLY8XK1","rect":[696,804,540,123],"offset":[-2,0],"originalSize":[544,123],"capInsets":[0,0,0,0]}},{"__type__":"cc.SpriteFrame","content":{"name":"solo_check","texture":"0dQCokp7tKSoxNjoLY8XK1","rect":[1332,1068,40,40],"offset":[0,0],"originalSize":[40,40],"capInsets":[0,0,0,0]}},{"__type__":"cc.SpriteFrame","content":{"name":"lb_loading_spin2","texture":"0dQCokp7tKSoxNjoLY8XK1","rect":[1387,1380,47,48],"offset":[0,0],"originalSize":[47,48],"capInsets":[0,0,0,0]}},{"__type__":"cc.SpriteFrame","content":{"name":"khung_tien2","texture":"0dQCokp7tKSoxNjoLY8XK1","rect":[696,1111,475,75],"offset":[0,0],"originalSize":[475,75],"capInsets":[0,0,0,0]}},{"__type__":"cc.SpriteFrame","content":{"name":"lb_logo_header","texture":"0dQCokp7tKSoxNjoLY8XK1","rect":[1355,1281,70,80],"offset":[0,0],"originalSize":[70,80],"capInsets":[0,0,0,0]}},{"__type__":"cc.SpriteFrame","content":{"name":"khung_chatnhanh","texture":"0dQCokp7tKSoxNjoLY8XK1","rect":[920,1280,300,42],"offset":[0,0],"originalSize":[300,42],"capInsets":[0,0,0,0]}},{"__type__":"cc.SpriteFrame","content":{"name":"wifi-1","texture":"0dQCokp7tKSoxNjoLY8XK1","rect":[1430,869,55,48],"offset":[0,0],"originalSize":[59,52],"capInsets":[0,0,0,0]}},{"__type__":"cc.SpriteFrame","content":{"name":"lb_footer","texture":"0dQCokp7tKSoxNjoLY8XK1","rect":[0,1189,1271,89],"offset":[0,0],"originalSize":[1271,89],"capInsets":[0,0,0,0]}},{"__type__":"cc.SpriteFrame","content":{"name":"wifi-3","texture":"0dQCokp7tKSoxNjoLY8XK1","rect":[1273,1380,55,48],"offset":[0,0],"originalSize":[59,52],"capInsets":[0,0,0,0]}},{"__type__":"cc.SpriteFrame","content":{"name":"chat_khung_noidung","texture":"0dQCokp7tKSoxNjoLY8XK1","rect":[1290,1068,40,40],"offset":[0,0],"originalSize":[40,40],"capInsets":[0,0,0,0]}},{"__type__":"cc.SpriteFrame","content":{"name":"lb_invite_bg","texture":"0dQCokp7tKSoxNjoLY8XK1","rect":[1183,146,256,70],"offset":[0,0],"originalSize":[256,70],"capInsets":[0,0,0,0]}},{"__type__":"cc.SpriteFrame","content":{"name":"chat_khung_emo","texture":"0dQCokp7tKSoxNjoLY8XK1","rect":[1273,1189,90,90],"offset":[0,0],"originalSize":[90,90],"capInsets":[0,0,0,0]}}]