[{"__type__":"cc.SpriteFrame","content":{"name":"Seagull_WB-export","texture":"80Su3dAA9PeqONM2j3EUND","rect":[0,0,158,164],"offset":[-1,0.5],"originalSize":[160,165],"capInsets":[0,0,0,0]}},{"__type__":"cc.BitmapFont","_name":"Seagull_WB-export","spriteFrame":{"__uuid__":"b43CZrAXZIWKCJwuia+Ngd"},"fontSize":32,"_fntConfig":{"commonHeight":32,"fontSize":32,"atlasName":"Seagull_WB-export.png","fontDefDictionary":{"9":{"rect":{"x":0,"y":0,"width":0,"height":0},"xOffset":0,"yOffset":0,"xAdvance":360},"32":{"rect":{"x":0,"y":0,"width":0,"height":0},"xOffset":0,"yOffset":0,"xAdvance":12},"36":{"rect":{"x":112,"y":28,"width":25,"height":37},"xOffset":0,"yOffset":-2,"xAdvance":16},"43":{"rect":{"x":29,"y":132,"width":27,"height":28},"xOffset":0,"yOffset":4,"xAdvance":18},"44":{"rect":{"x":137,"y":132,"width":17,"height":19},"xOffset":0,"yOffset":16,"xAdvance":8},"45":{"rect":{"x":116,"y":0,"width":18,"height":15},"xOffset":0,"yOffset":10,"xAdvance":9},"46":{"rect":{"x":138,"y":35,"width":16,"height":16},"xOffset":0,"yOffset":16,"xAdvance":7},"47":{"rect":{"x":138,"y":0,"width":21,"height":34},"xOffset":0,"yOffset":0,"xAdvance":12},"48":{"rect":{"x":62,"y":0,"width":26,"height":32},"xOffset":0,"yOffset":0,"xAdvance":17},"49":{"rect":{"x":58,"y":33,"width":26,"height":32},"xOffset":0,"yOffset":0,"xAdvance":17},"50":{"rect":{"x":57,"y":99,"width":26,"height":32},"xOffset":0,"yOffset":0,"xAdvance":17},"51":{"rect":{"x":57,"y":132,"width":26,"height":32},"xOffset":0,"yOffset":0,"xAdvance":17},"52":{"rect":{"x":85,"y":33,"width":26,"height":32},"xOffset":0,"yOffset":0,"xAdvance":17},"53":{"rect":{"x":57,"y":66,"width":26,"height":32},"xOffset":0,"yOffset":0,"xAdvance":17},"54":{"rect":{"x":84,"y":66,"width":26,"height":32},"xOffset":0,"yOffset":0,"xAdvance":17},"55":{"rect":{"x":111,"y":66,"width":26,"height":32},"xOffset":0,"yOffset":0,"xAdvance":17},"56":{"rect":{"x":84,"y":99,"width":26,"height":32},"xOffset":0,"yOffset":0,"xAdvance":17},"57":{"rect":{"x":84,"y":132,"width":26,"height":32},"xOffset":0,"yOffset":0,"xAdvance":17},"66":{"rect":{"x":30,"y":33,"width":27,"height":32},"xOffset":0,"yOffset":0,"xAdvance":18},"68":{"rect":{"x":0,"y":66,"width":28,"height":32},"xOffset":0,"yOffset":0,"xAdvance":19},"69":{"rect":{"x":111,"y":132,"width":25,"height":32},"xOffset":0,"yOffset":0,"xAdvance":16},"71":{"rect":{"x":111,"y":99,"width":26,"height":32},"xOffset":0,"yOffset":0,"xAdvance":17},"75":{"rect":{"x":0,"y":33,"width":29,"height":32},"xOffset":0,"yOffset":0,"xAdvance":20},"77":{"rect":{"x":0,"y":0,"width":33,"height":32},"xOffset":0,"yOffset":0,"xAdvance":24},"78":{"rect":{"x":0,"y":99,"width":28,"height":32},"xOffset":0,"yOffset":0,"xAdvance":19},"80":{"rect":{"x":29,"y":99,"width":27,"height":32},"xOffset":0,"yOffset":0,"xAdvance":18},"84":{"rect":{"x":29,"y":66,"width":27,"height":32},"xOffset":0,"yOffset":0,"xAdvance":18},"86":{"rect":{"x":34,"y":0,"width":27,"height":32},"xOffset":0,"yOffset":0,"xAdvance":18},"88":{"rect":{"x":0,"y":132,"width":28,"height":32},"xOffset":0,"yOffset":0,"xAdvance":19},"120":{"rect":{"x":89,"y":0,"width":26,"height":27},"xOffset":0,"yOffset":5,"xAdvance":17}},"kerningDict":{}}}]