[{"__type__":"cc.SpriteFrame","content":{"name":"light-3","texture":"52dKTZkr5OuLn98qpSIQoK","rect":[1350,861,675,445],"offset":[0,0],"originalSize":[675,445],"capInsets":[0,0,0,0]}},{"__type__":"cc.SpriteFrame","content":{"name":"m1","texture":"52dKTZkr5OuLn98qpSIQoK","rect":[1047,0,182,109],"offset":[0,0],"originalSize":[182,109],"capInsets":[0,0,0,0]}},{"__type__":"cc.SpriteFrame","content":{"name":"light-bg-freespin","texture":"52dKTZkr5OuLn98qpSIQoK","rect":[0,344,589,517],"offset":[0,0],"originalSize":[589,517],"capInsets":[0,0,0,0]}},{"__type__":"cc.SpriteFrame","content":{"name":"hu-2","texture":"52dKTZkr5OuLn98qpSIQoK","rect":[1229,0,193,142],"offset":[0,0],"originalSize":[193,142],"capInsets":[0,0,0,0]}},{"__type__":"cc.SpriteFrame","content":{"name":"light-star","texture":"52dKTZkr5OuLn98qpSIQoK","rect":[265,0,104,108],"offset":[0,0],"originalSize":[104,108],"capInsets":[0,0,0,0]}},{"__type__":"cc.SpriteFrame","content":{"name":"m5","texture":"52dKTZkr5OuLn98qpSIQoK","rect":[595,0,116,63],"offset":[0,0],"originalSize":[116,63],"capInsets":[0,0,0,0]}},{"__type__":"cc.SpriteFrame","content":{"name":"m2","texture":"52dKTZkr5OuLn98qpSIQoK","rect":[877,0,170,114],"offset":[0,0],"originalSize":[170,114],"capInsets":[0,0,0,0]}},{"__type__":"cc.SpriteFrame","content":{"name":"light-bg","texture":"52dKTZkr5OuLn98qpSIQoK","rect":[0,1306,806,690],"offset":[0,0],"originalSize":[806,690],"capInsets":[0,0,0,0]}},{"__type__":"cc.SpriteFrame","content":{"name":"light-bg-2","texture":"52dKTZkr5OuLn98qpSIQoK","rect":[806,1306,945,450],"offset":[0,0],"originalSize":[945,450],"capInsets":[0,0,0,0]}},{"__type__":"cc.SpriteFrame","content":{"name":"light-1","texture":"52dKTZkr5OuLn98qpSIQoK","rect":[0,861,675,445],"offset":[0,0],"originalSize":[675,445],"capInsets":[0,0,0,0]}},{"__type__":"cc.SpriteFrame","content":{"name":"m3-2","texture":"52dKTZkr5OuLn98qpSIQoK","rect":[711,0,166,189],"offset":[0,0],"originalSize":[166,189],"capInsets":[0,0,0,0]}},{"__type__":"cc.SpriteFrame","content":{"name":"money-bg","texture":"52dKTZkr5OuLn98qpSIQoK","rect":[438,189,479,66],"offset":[0,0],"originalSize":[479,66],"capInsets":[0,0,0,0]}},{"__type__":"cc.SpriteFrame","content":{"name":"hu-1","texture":"52dKTZkr5OuLn98qpSIQoK","rect":[1422,0,193,142],"offset":[0,0],"originalSize":[193,142],"capInsets":[0,0,0,0]}},{"__type__":"cc.SpriteFrame","content":{"name":"free","texture":"52dKTZkr5OuLn98qpSIQoK","rect":[1615,0,341,138],"offset":[0,0],"originalSize":[341,138],"capInsets":[0,0,0,0]}},{"__type__":"cc.SpriteFrame","content":{"name":"m8","texture":"52dKTZkr5OuLn98qpSIQoK","rect":[0,0,75,118],"offset":[0,0],"originalSize":[75,118],"capInsets":[0,0,0,0]}},{"__type__":"cc.SpriteFrame","content":{"name":"m6","texture":"52dKTZkr5OuLn98qpSIQoK","rect":[75,0,92,94],"offset":[0,0],"originalSize":[92,94],"capInsets":[0,0,0,0]}},{"__type__":"cc.SpriteFrame","content":{"name":"khobau","texture":"52dKTZkr5OuLn98qpSIQoK","rect":[589,344,622,388],"offset":[0,0],"originalSize":[622,388],"capInsets":[0,0,0,0]}},{"__type__":"cc.SpriteFrame","content":{"name":"m","texture":"52dKTZkr5OuLn98qpSIQoK","rect":[167,0,98,77],"offset":[0,0],"originalSize":[98,77],"capInsets":[0,0,0,0]}},{"__type__":"cc.SpriteFrame","content":{"name":"ngoc-vang","texture":"52dKTZkr5OuLn98qpSIQoK","rect":[479,0,116,53],"offset":[0,0],"originalSize":[116,53],"capInsets":[0,0,0,0]}},{"__type__":"cc.SpriteFrame","content":{"name":"spin","texture":"52dKTZkr5OuLn98qpSIQoK","rect":[0,189,438,155],"offset":[0,0],"originalSize":[438,155],"capInsets":[0,0,0,0]}},{"__type__":"cc.SpriteFrame","content":{"name":"m4","texture":"52dKTZkr5OuLn98qpSIQoK","rect":[369,0,110,104],"offset":[0,0],"originalSize":[110,104],"capInsets":[0,0,0,0]}},{"__type__":"cc.SpriteFrame","content":{"name":"bonus","texture":"52dKTZkr5OuLn98qpSIQoK","rect":[917,189,489,121],"offset":[0,0],"originalSize":[489,121],"capInsets":[0,0,0,0]}},{"__type__":"cc.SpriteFrame","content":{"name":"text-bg","texture":"52dKTZkr5OuLn98qpSIQoK","rect":[1406,189,562,146],"offset":[0,0],"originalSize":[562,146],"capInsets":[0,0,0,0]}},{"__type__":"cc.SpriteAtlas","_name":"spine.plist","_spriteFrames":{"bigwin":{"__uuid__":"e9D/qJTRxL/Jqkj8zWt0UK"},"bonus":{"__uuid__":"ccU764bINElZhc+7fFb4Xj"},"free":{"__uuid__":"95bZFZ4KJJuLhg3mMffKd/"},"hu-1":{"__uuid__":"5d5y07NHNN+Kl7EepmXfCH"},"hu-2":{"__uuid__":"1afNXoslRO9Krwlkzpu5dd"},"khobau":{"__uuid__":"beFWBiiv1OtZMVTMyIoZSc"},"light-1":{"__uuid__":"4cWNVuzFVJaIsFsm7//YdN"},"light-2":{"__uuid__":"f8WX9Mh99PvbPJGydw4DaZ"},"light-3":{"__uuid__":"0dNkdkrj9IsIc9+kx3acO6"},"light-bg-2":{"__uuid__":"40P3EagxNKl7DXWPsuFUQM"},"light-bg-freespin":{"__uuid__":"13OQY2lexNjJB50xDHr4Kb"},"light-bg":{"__uuid__":"33Gk7EYPJGyL9fuOUAn/OG"},"light-star":{"__uuid__":"1cdWIH+/xCJK7hQQWvpavC"},"m":{"__uuid__":"bfnGc0kR9EI5ejlGsuRGTt"},"m1":{"__uuid__":"0fAdE0SABGkomlZ4WRNS9w"},"m2":{"__uuid__":"32e87GgGFDNKdduK8SRQj8"},"m3-2":{"__uuid__":"53PgJ8cGRB9KCw2zHd8Raf"},"m4":{"__uuid__":"caNYjV+z5JSoS1xCgp37Li"},"m5":{"__uuid__":"1cjlKqB+RB2KKs4oTG7Jo+"},"m6":{"__uuid__":"a46U0ZjQhLkq4UREWmztLI"},"m8":{"__uuid__":"a0ytQVB/RKdI9VpXqLbo06"},"money-bg":{"__uuid__":"53UmfTWQZJwrSCkM0dSgGH"},"ngoc-vang":{"__uuid__":"c60DYIICFA0JVNF2WIXTdp"},"spin":{"__uuid__":"c7/5OHne1HSYbje8kzN5JP"},"text-bg":{"__uuid__":"ceuyANIoZCzYHdmLWA59Mo"}}},{"__type__":"cc.SpriteFrame","content":{"name":"bigwin","texture":"52dKTZkr5OuLn98qpSIQoK","rect":[1211,344,666,500],"offset":[0,0],"originalSize":[666,500],"capInsets":[0,0,0,0]}},{"__type__":"cc.SpriteFrame","content":{"name":"light-2","texture":"52dKTZkr5OuLn98qpSIQoK","rect":[675,861,675,445],"offset":[0,0],"originalSize":[675,445],"capInsets":[0,0,0,0]}}]