[{"__type__":"cc.SpriteFrame","content":{"name":"btn_vaoban","texture":"19sxMs7FNGKasGdFvUWAv+","rect":[542,322,66,45],"offset":[0,0],"originalSize":[66,45],"capInsets":[0,0,0,0]}},{"__type__":"cc.SpriteFrame","content":{"name":"btn_invite2","texture":"19sxMs7FNGKasGdFvUWAv+","rect":[865,543,68,71],"offset":[0,0],"originalSize":[68,71],"capInsets":[0,0,0,0]}},{"__type__":"cc.SpriteFrame","content":{"name":"button_ig_bg","texture":"19sxMs7FNGKasGdFvUWAv+","rect":[0,370,335,86],"offset":[0,0],"originalSize":[335,86],"capInsets":[0,0,0,0]}},{"__type__":"cc.SpriteFrame","content":{"name":"btn_livechat","texture":"19sxMs7FNGKasGdFvUWAv+","rect":[754,932,60,49],"offset":[0,0],"originalSize":[60,49],"capInsets":[0,0,0,0]}},{"__type__":"cc.SpriteFrame","content":{"name":"btn_ruttien","texture":"19sxMs7FNGKasGdFvUWAv+","rect":[878,632,58,69],"offset":[0,0],"originalSize":[58,69],"capInsets":[0,0,0,0]}},{"__type__":"cc.SpriteFrame","content":{"name":"btn_reg","texture":"19sxMs7FNGKasGdFvUWAv+","rect":[465,169,254,75],"offset":[0,0],"originalSize":[254,75],"capInsets":[0,0,0,0]}},{"__type__":"cc.SpriteFrame","content":{"name":"btn_dismiss_bg","texture":"19sxMs7FNGKasGdFvUWAv+","rect":[904,413,26,38],"offset":[0,0],"originalSize":[26,38],"capInsets":[0,0,0,0]}},{"__type__":"cc.SpriteFrame","content":{"name":"btn_3","texture":"19sxMs7FNGKasGdFvUWAv+","rect":[336,632,186,75],"offset":[0,0],"originalSize":[186,75],"capInsets":[0,0,0,0]}},{"__type__":"cc.SpriteFrame","content":{"name":"btn_check_1_2","texture":"19sxMs7FNGKasGdFvUWAv+","rect":[524,632,186,75],"offset":[0,0],"originalSize":[186,75],"capInsets":[0,0,0,0]}},{"__type__":"cc.SpriteFrame","content":{"name":"chat_emo","texture":"19sxMs7FNGKasGdFvUWAv+","rect":[648,783,104,48],"offset":[0,0],"originalSize":[104,48],"capInsets":[0,0,0,0]}},{"__type__":"cc.SpriteFrame","content":{"name":"btn_login","texture":"19sxMs7FNGKasGdFvUWAv+","rect":[209,169,254,75],"offset":[0,0],"originalSize":[254,75],"capInsets":[0,0,0,0]}},{"__type__":"cc.SpriteFrame","content":{"name":"btn_xoa","texture":"19sxMs7FNGKasGdFvUWAv+","rect":[752,322,32,45],"offset":[0,0],"originalSize":[32,45],"capInsets":[0,0,0,0]}},{"__type__":"cc.SpriteFrame","content":{"name":"btn_tab_1","texture":"19sxMs7FNGKasGdFvUWAv+","rect":[649,91,197,75],"offset":[0,0],"originalSize":[197,75],"capInsets":[0,0,0,0]}},{"__type__":"cc.SpriteFrame","content":{"name":"bt_page_prev","texture":"19sxMs7FNGKasGdFvUWAv+","rect":[874,458,56,79],"offset":[-1,0],"originalSize":[80,80],"capInsets":[0,0,0,0]}},{"__type__":"cc.SpriteFrame","content":{"name":"btn_ck","texture":"19sxMs7FNGKasGdFvUWAv+","rect":[132,669,50,51],"offset":[0,0],"originalSize":[50,51],"capInsets":[0,0,0,0]}},{"__type__":"cc.SpriteFrame","content":{"name":"btn_hotro","texture":"19sxMs7FNGKasGdFvUWAv+","rect":[881,858,51,51],"offset":[0,0],"originalSize":[51,51],"capInsets":[0,0,0,0]}},{"__type__":"cc.SpriteFrame","content":{"name":"btn_smart_otp","texture":"19sxMs7FNGKasGdFvUWAv+","rect":[188,949,122,53],"offset":[0,0],"originalSize":[122,53],"capInsets":[0,0,0,0]}},{"__type__":"cc.SpriteFrame","content":{"name":"btn_dt","texture":"19sxMs7FNGKasGdFvUWAv+","rect":[118,961,50,45],"offset":[0,0],"originalSize":[50,45],"capInsets":[0,0,0,0]}},{"__type__":"cc.SpriteFrame","content":{"name":"btn_close_chat","texture":"19sxMs7FNGKasGdFvUWAv+","rect":[904,370,27,41],"offset":[0,0],"originalSize":[27,41],"capInsets":[0,0,0,0]}},{"__type__":"cc.SpriteFrame","content":{"name":"btn_an","texture":"19sxMs7FNGKasGdFvUWAv+","rect":[848,91,70,70],"offset":[0,0],"originalSize":[72,72],"capInsets":[0,0,0,0]}},{"__type__":"cc.SpriteFrame","content":{"name":"btn_kiz_title","texture":"19sxMs7FNGKasGdFvUWAv+","rect":[449,458,256,65],"offset":[0,0],"originalSize":[256,65],"capInsets":[0,0,0,0]}},{"__type__":"cc.SpriteFrame","content":{"name":"btn_sound_off","texture":"19sxMs7FNGKasGdFvUWAv+","rect":[900,295,38,39],"offset":[0,0],"originalSize":[38,39],"capInsets":[0,0,0,0]}},{"__type__":"cc.SpriteFrame","content":{"name":"btn_allin","texture":"19sxMs7FNGKasGdFvUWAv+","rect":[0,458,182,142],"offset":[0,0],"originalSize":[182,142],"capInsets":[0,0,0,0]}},{"__type__":"cc.SpriteFrame","content":{"name":"btn_dropdown","texture":"19sxMs7FNGKasGdFvUWAv+","rect":[754,733,68,71],"offset":[0,0],"originalSize":[68,71],"capInsets":[0,0,0,0]}},{"__type__":"cc.SpriteFrame","content":{"name":"btn_ngoi","texture":"19sxMs7FNGKasGdFvUWAv+","rect":[791,251,107,107],"offset":[0,0],"originalSize":[107,107],"capInsets":[0,0,0,0]}},{"__type__":"cc.SpriteFrame","content":{"name":"chat_text","texture":"19sxMs7FNGKasGdFvUWAv+","rect":[648,733,104,48],"offset":[0,0],"originalSize":[104,48],"capInsets":[0,0,0,0]}},{"__type__":"cc.SpriteFrame","content":{"name":"btn_choingay3","texture":"19sxMs7FNGKasGdFvUWAv+","rect":[707,458,165,81],"offset":[0,0],"originalSize":[165,81],"capInsets":[0,0,0,0]}},{"__type__":"cc.SpriteFrame","content":{"name":"bg_qua","texture":"19sxMs7FNGKasGdFvUWAv+","rect":[0,0,207,249],"offset":[0,-1],"originalSize":[209,251],"capInsets":[0,0,0,0]}},{"__type__":"cc.SpriteFrame","content":{"name":"btn_out_table","texture":"19sxMs7FNGKasGdFvUWAv+","rect":[881,961,44,40],"offset":[0,0],"originalSize":[44,40],"capInsets":[0,0,0,0]}},{"__type__":"cc.SpriteFrame","content":{"name":"btn_close","texture":"19sxMs7FNGKasGdFvUWAv+","rect":[781,370,121,73],"offset":[0,0],"originalSize":[121,73],"capInsets":[0,0,0,0]}},{"__type__":"cc.SpriteFrame","content":{"name":"btn_ngchoi","texture":"19sxMs7FNGKasGdFvUWAv+","rect":[439,929,68,71],"offset":[0,0],"originalSize":[68,71],"capInsets":[0,0,0,0]}},{"__type__":"cc.SpriteFrame","content":{"name":"btn_like_fb","texture":"19sxMs7FNGKasGdFvUWAv+","rect":[0,251,275,117],"offset":[0,0],"originalSize":[275,117],"capInsets":[0,0,0,0]}},{"__type__":"cc.SpriteFrame","content":{"name":"chat_emo_2","texture":"19sxMs7FNGKasGdFvUWAv+","rect":[439,879,104,48],"offset":[0,0],"originalSize":[104,48],"capInsets":[0,0,0,0]}},{"__type__":"cc.SpriteFrame","content":{"name":"btn_kick","texture":"19sxMs7FNGKasGdFvUWAv+","rect":[670,854,67,62],"offset":[0,0],"originalSize":[67,62],"capInsets":[0,0,0,0]}},{"__type__":"cc.SpriteFrame","content":{"name":"btn_xephang","texture":"19sxMs7FNGKasGdFvUWAv+","rect":[889,799,47,51],"offset":[0,0],"originalSize":[47,51],"capInsets":[0,0,0,0]}},{"__type__":"cc.SpriteFrame","content":{"name":"btn_help","texture":"19sxMs7FNGKasGdFvUWAv+","rect":[703,929,49,49],"offset":[0,0],"originalSize":[49,49],"capInsets":[0,0,0,0]}},{"__type__":"cc.SpriteFrame","content":{"name":"btn_fb","texture":"19sxMs7FNGKasGdFvUWAv+","rect":[337,370,254,72],"offset":[0,0],"originalSize":[254,72],"capInsets":[0,0,0,0]}},{"__type__":"cc.SpriteFrame","content":{"name":"btn_taoban2","texture":"19sxMs7FNGKasGdFvUWAv+","rect":[277,251,263,83],"offset":[0,0],"originalSize":[263,83],"capInsets":[0,0,0,0]}},{"__type__":"cc.SpriteFrame","content":{"name":"bt_page_prev_2","texture":"19sxMs7FNGKasGdFvUWAv+","rect":[639,929,62,62],"offset":[0,0],"originalSize":[90,90],"capInsets":[0,0,0,0]}},{"__type__":"cc.SpriteFrame","content":{"name":"btn_choingay","texture":"19sxMs7FNGKasGdFvUWAv+","rect":[900,251,38,42],"offset":[0,0],"originalSize":[38,42],"capInsets":[0,0,0,0]}},{"__type__":"cc.SpriteFrame","content":{"name":"blank_sprite","texture":"19sxMs7FNGKasGdFvUWAv+","rect":[213,246,1,0],"offset":[0,0],"originalSize":[1,1],"capInsets":[0,0,0,0]}},{"__type__":"cc.SpriteFrame","content":{"name":"btn_kiz_title2","texture":"19sxMs7FNGKasGdFvUWAv+","rect":[542,251,247,69],"offset":[0,0],"originalSize":[247,69],"capInsets":[0,0,0,0]}},{"__type__":"cc.SpriteFrame","content":{"name":"btn_trove","texture":"19sxMs7FNGKasGdFvUWAv+","rect":[132,602,47,65],"offset":[0,0],"originalSize":[47,65],"capInsets":[0,0,0,0]}},{"__type__":"cc.SpriteFrame","content":{"name":"fb_btn","texture":"19sxMs7FNGKasGdFvUWAv+","rect":[762,688,43,43],"offset":[0,0],"originalSize":[43,43],"capInsets":[0,0,0,0]}},{"__type__":"cc.SpriteFrame","content":{"name":"btn_tinnhan","texture":"19sxMs7FNGKasGdFvUWAv+","rect":[567,929,70,57],"offset":[0,0],"originalSize":[70,57],"capInsets":[0,0,0,0]}},{"__type__":"cc.SpriteFrame","content":{"name":"btn_hotline","texture":"19sxMs7FNGKasGdFvUWAv+","rect":[61,961,55,47],"offset":[0,0],"originalSize":[55,47],"capInsets":[0,0,0,0]}},{"__type__":"cc.SpriteFrame","content":{"name":"btn_ingame_chat","texture":"19sxMs7FNGKasGdFvUWAv+","rect":[681,322,69,34],"offset":[0,0],"originalSize":[69,34],"capInsets":[0,0,0,0]}},{"__type__":"cc.SpriteFrame","content":{"name":"btn_4","texture":"19sxMs7FNGKasGdFvUWAv+","rect":[376,733,186,75],"offset":[0,0],"originalSize":[186,75],"capInsets":[0,0,0,0]}},{"__type__":"cc.SpriteFrame","content":{"name":"btn_taoban3","texture":"19sxMs7FNGKasGdFvUWAv+","rect":[188,810,165,81],"offset":[0,0],"originalSize":[165,81],"capInsets":[0,0,0,0]}},{"__type__":"cc.SpriteFrame","content":{"name":"btn_check_3_2","texture":"19sxMs7FNGKasGdFvUWAv+","rect":[594,543,186,75],"offset":[0,0],"originalSize":[186,75],"capInsets":[0,0,0,0]}},{"__type__":"cc.SpriteFrame","content":{"name":"btn_edit_avt","texture":"19sxMs7FNGKasGdFvUWAv+","rect":[0,961,59,47],"offset":[0,0],"originalSize":[59,47],"capInsets":[0,0,0,0]}},{"__type__":"cc.SpriteAtlas","_name":"button.plist","_spriteFrames":{"bg_qua":{"__uuid__":"65RYWjdDNF444sW/tAsS7t"},"blank_sprite":{"__uuid__":"7dB1os0VlPLZgf+E8RdNtJ"},"bt_page_next":{"__uuid__":"capidN8ulIf50TW2aEkS5o"},"bt_page_next_2":{"__uuid__":"cfSenhngVLz7qHtTNCNjfl"},"bt_page_prev":{"__uuid__":"290ATUi8FOjqcDZz//ZexQ"},"bt_page_prev_2":{"__uuid__":"79KquFAYlAf4tLNtCGOjXZ"},"btn_1":{"__uuid__":"9fCM17H1xKzYXknpJcn8I6"},"btn_2":{"__uuid__":"d8HBnwhlFD7bHp3/RDJBQh"},"btn_3":{"__uuid__":"16KYSPce9KmamnN7/JhrYB"},"btn_4":{"__uuid__":"90APdmFo9JVK8KliiDdM2N"},"btn_allin":{"__uuid__":"49mJn+uKRDU6RDWcmP1vUY"},"btn_an":{"__uuid__":"3cWCJz9XJOdJnaeJlh9dNE"},"btn_bg_info":{"__uuid__":"b5iW4ecPVJYqXRcoPZVtzG"},"btn_caidat":{"__uuid__":"aale5w9ulO4pNnAALBdNL4"},"btn_caidat2":{"__uuid__":"c7gYiswYlDxo2trJ58a5D3"},"btn_chat":{"__uuid__":"c1NJ8GyWRC34lMwS9MTqmk"},"btn_check_1":{"__uuid__":"9b5a0MZylBPbXxSk/0Azzw"},"btn_check_1_2":{"__uuid__":"16hMftEIpLLKmmZ1nBsoOE"},"btn_check_2":{"__uuid__":"c3P2qw1K1EFJmqXzi4Xq6a"},"btn_check_2_2":{"__uuid__":"b6xamQ0UNJhafz7LF/l8cj"},"btn_check_3":{"__uuid__":"a4QRLB1olPKJ5YwJpDuKWF"},"btn_check_3_2":{"__uuid__":"92qKq0helC0Lx5Z3qljeRN"},"btn_choingay":{"__uuid__":"794YHayBdBXLuTvTkFDa8l"},"btn_choingay2":{"__uuid__":"a8OVxa62ZNRIOqoA37J94h"},"btn_choingay3":{"__uuid__":"58xo8sek1Aqo2tE3sH52mo"},"btn_ck":{"__uuid__":"2cpBoSnYdGU4SiA+TA56Gx"},"btn_close":{"__uuid__":"6alK1/b85OxbrclG4hGj8r"},"btn_close_chat":{"__uuid__":"3bag/+UWZH/JU9FGMD9tch"},"btn_dismiss_bg":{"__uuid__":"10unN6CARDmLkiQdJ280Jd"},"btn_dl":{"__uuid__":"e5Gg09zsNL557ARZKkXPcr"},"btn_dropdown":{"__uuid__":"4cEuH1139CmYmCb/+RyHgF"},"btn_dt":{"__uuid__":"353KcXw1tBLLLnm3lQJWyd"},"btn_edit_avt":{"__uuid__":"929JciKjNBL7vROwhLY6WC"},"btn_fb":{"__uuid__":"76ENreJldMkbeaXQWBqKns"},"btn_help":{"__uuid__":"76AbhfK0FFn4TqTU/HtIoA"},"btn_hotline":{"__uuid__":"8dR7hPGUlBHoK5l+6NYrlD"},"btn_hotro":{"__uuid__":"2fdjUhERhNoqvgGRFdPr9T"},"btn_info":{"__uuid__":"be0UjAvrdO8rKyzntjRck5"},"btn_ingame_chat":{"__uuid__":"8e86fqRFlNgZLh4QRa0ARm"},"btn_invite":{"__uuid__":"d09YpBg1dH/Z/EavWPKlAz"},"btn_invite2":{"__uuid__":"03zsei6hRDrpbM3xIxgRz9"},"btn_kick":{"__uuid__":"74awEz0lFH+KRBSzxO7R5Z"},"btn_kiz":{"__uuid__":"c1cxHznZVPtK93tmjndqse"},"btn_kiz_title":{"__uuid__":"40iDPSjFVNJ5hA7Nn1Phnz"},"btn_kiz_title2":{"__uuid__":"7ft1Dbwx9N/aBnL0FC45v6"},"btn_kiz_title3":{"__uuid__":"fb6sujnWBHVYh7haAGNduo"},"btn_like_fb":{"__uuid__":"73QcqMHPFAOLBJB8gxAlWe"},"btn_livechat":{"__uuid__":"092KhNKUhDzY7eOiKNQ77o"},"btn_login":{"__uuid__":"26ER4/VupBd7oomqwNVwje"},"btn_lsgd":{"__uuid__":"aehLwi8yFIAbhm+4pY+HWs"},"btn_m":{"__uuid__":"f7Rzd7SIVKDpYSmACDN7FL"},"btn_muiten":{"__uuid__":"e9iscfAgxBAYWl8ITJLm3Z"},"btn_naptien":{"__uuid__":"9c7/d7wf5LVoi/S1AXnn3U"},"btn_ngchoi":{"__uuid__":"712L0ZruFPJIEOd7rjIBZQ"},"btn_ngoi":{"__uuid__":"4fZo4zCbFKebF5H5vWBzUH"},"btn_off":{"__uuid__":"f66HR35g9NUKdJ+S445yIs"},"btn_on":{"__uuid__":"c6LKxXGmNOi5uJNS/UcoUd"},"btn_out_table":{"__uuid__":"6976Q7rMxMIrasqoY5gEJg"},"btn_p":{"__uuid__":"f7X3ub5uxAKbKLF2l39R/5"},"btn_reg":{"__uuid__":"0cuEyMidRFwIrwOkiV77Gy"},"btn_reload":{"__uuid__":"c17Wx4ggJAio7tAEpUVlzY"},"btn_ruttien":{"__uuid__":"0bv6FynKxCd7AU7vKuWfES"},"btn_smart_otp":{"__uuid__":"32J0t0R4VCTqdyXhhd25+m"},"btn_sound":{"__uuid__":"96Rt6ASUJChK0sSopLogGv"},"btn_sound_off":{"__uuid__":"42AbqFTc5EuYNRTi0Sy122"},"btn_tab_0":{"__uuid__":"cdvixS4HRMebq/QgdYR0ap"},"btn_tab_1":{"__uuid__":"284Y4Hv4hIsZKzEJYKio3M"},"btn_taoban":{"__uuid__":"afedoFXzNHcaFPv6EwHCr1"},"btn_taoban2":{"__uuid__":"76iVyXDq1FIYLtGGxlnUq7"},"btn_taoban3":{"__uuid__":"92nootl4ZPfZ7Hft+v72Df"},"btn_thongbao":{"__uuid__":"9aSPw0ZU1LIIoyB+YHSB0P"},"btn_tinnhan":{"__uuid__":"89rjM/GIVFnpNx3DW7V/uv"},"btn_trove":{"__uuid__":"81QiOsLX5C+qBOuXfsOwF1"},"btn_vaoban":{"__uuid__":"03RJhHfihKhbLFggGRcdzx"},"btn_xephang":{"__uuid__":"74bKg+T+dAupKYxFwMElg/"},"btn_xoa":{"__uuid__":"275vWfKOJPlY81BQPZmVFi"},"button_ig_bg":{"__uuid__":"05GkXZ55BHv7B8hNFEle1x"},"button_kiz_shape":{"__uuid__":"eeGP0axedLeYXGweZxjmmg"},"chat_emo":{"__uuid__":"1fyGgKJFhD2pwVO778Q9ua"},"chat_emo_2":{"__uuid__":"73UDx7A6RJ8ISWQgXr+Coc"},"chat_text":{"__uuid__":"57t1DkXvhEoo3G+gnQpUkS"},"chat_text_2":{"__uuid__":"c5vLML8cJPo6i6LJKby/In"},"f5_btn":{"__uuid__":"f1SJQCtN9Iq4ooKI+oDVkD"},"fb_btn":{"__uuid__":"86YHxQDg5P3JHbGGuU8d7q"},"kieunap_btn":{"__uuid__":"9cwgW5F9ZFyq6aMcalyaSo"},"temp_captcha":{"__uuid__":"bc8LViDlxEaIDhjvq0RYq9"},"temp_captcha_bg":{"__uuid__":"e0FQSAGwxBuZM8TVaqhM+n"}}},{"__type__":"cc.SpriteFrame","content":{"name":"btn_sound","texture":"19sxMs7FNGKasGdFvUWAv+","rect":[712,688,48,40],"offset":[0,0],"originalSize":[48,40],"capInsets":[0,0,0,0]}},{"__type__":"cc.SpriteFrame","content":{"name":"btn_thongbao","texture":"19sxMs7FNGKasGdFvUWAv+","rect":[824,858,55,60],"offset":[0,0],"originalSize":[55,60],"capInsets":[0,0,0,0]}},{"__type__":"cc.SpriteFrame","content":{"name":"btn_check_1","texture":"19sxMs7FNGKasGdFvUWAv+","rect":[0,810,186,75],"offset":[0,0],"originalSize":[186,75],"capInsets":[0,0,0,0]}},{"__type__":"cc.SpriteFrame","content":{"name":"kieunap_btn","texture":"19sxMs7FNGKasGdFvUWAv+","rect":[184,632,150,98],"offset":[0,0],"originalSize":[150,98],"capInsets":[0,0,0,0]}},{"__type__":"cc.SpriteFrame","content":{"name":"btn_naptien","texture":"19sxMs7FNGKasGdFvUWAv+","rect":[782,543,81,81],"offset":[0,0],"originalSize":[81,81],"capInsets":[0,0,0,0]}},{"__type__":"cc.SpriteFrame","content":{"name":"btn_1","texture":"19sxMs7FNGKasGdFvUWAv+","rect":[721,169,186,75],"offset":[0,0],"originalSize":[186,75],"capInsets":[0,0,0,0]}},{"__type__":"cc.SpriteFrame","content":{"name":"btn_check_3","texture":"19sxMs7FNGKasGdFvUWAv+","rect":[0,733,186,75],"offset":[0,0],"originalSize":[186,75],"capInsets":[0,0,0,0]}},{"__type__":"cc.SpriteFrame","content":{"name":"btn_choingay2","texture":"19sxMs7FNGKasGdFvUWAv+","rect":[184,458,263,83],"offset":[0,0],"originalSize":[263,83],"capInsets":[0,0,0,0]}},{"__type__":"cc.SpriteFrame","content":{"name":"btn_caidat","texture":"19sxMs7FNGKasGdFvUWAv+","rect":[824,733,63,62],"offset":[0,0],"originalSize":[63,62],"capInsets":[0,0,0,0]}},{"__type__":"cc.SpriteFrame","content":{"name":"btn_lsgd","texture":"19sxMs7FNGKasGdFvUWAv+","rect":[824,797,59,59],"offset":[0,0],"originalSize":[59,59],"capInsets":[0,0,0,0]}},{"__type__":"cc.SpriteFrame","content":{"name":"btn_taoban","texture":"19sxMs7FNGKasGdFvUWAv+","rect":[610,322,69,39],"offset":[0,0],"originalSize":[69,39],"capInsets":[0,0,0,0]}},{"__type__":"cc.SpriteFrame","content":{"name":"btn_bg_info","texture":"19sxMs7FNGKasGdFvUWAv+","rect":[184,543,220,87],"offset":[0,0],"originalSize":[220,87],"capInsets":[0,0,0,0]}},{"__type__":"cc.SpriteFrame","content":{"name":"btn_check_2_2","texture":"19sxMs7FNGKasGdFvUWAv+","rect":[406,543,186,75],"offset":[0,0],"originalSize":[186,75],"capInsets":[0,0,0,0]}},{"__type__":"cc.SpriteFrame","content":{"name":"temp_captcha","texture":"19sxMs7FNGKasGdFvUWAv+","rect":[209,246,2,2],"offset":[-119,34],"originalSize":[240,70],"capInsets":[0,0,0,0]}},{"__type__":"cc.SpriteFrame","content":{"name":"btn_info","texture":"19sxMs7FNGKasGdFvUWAv+","rect":[909,169,24,55],"offset":[0,0],"originalSize":[24,55],"capInsets":[0,0,0,0]}},{"__type__":"cc.SpriteFrame","content":{"name":"btn_chat","texture":"19sxMs7FNGKasGdFvUWAv+","rect":[862,0,68,71],"offset":[0,0],"originalSize":[68,71],"capInsets":[0,0,0,0]}},{"__type__":"cc.SpriteFrame","content":{"name":"btn_kiz","texture":"19sxMs7FNGKasGdFvUWAv+","rect":[209,0,452,89],"offset":[0,0],"originalSize":[452,89],"capInsets":[0,0,0,0]}},{"__type__":"cc.SpriteFrame","content":{"name":"btn_reload","texture":"19sxMs7FNGKasGdFvUWAv+","rect":[807,688,43,41],"offset":[1,-1],"originalSize":[51,51],"capInsets":[0,0,0,0]}},{"__type__":"cc.SpriteFrame","content":{"name":"btn_check_2","texture":"19sxMs7FNGKasGdFvUWAv+","rect":[593,370,186,75],"offset":[0,0],"originalSize":[186,75],"capInsets":[0,0,0,0]}},{"__type__":"cc.SpriteFrame","content":{"name":"chat_text_2","texture":"19sxMs7FNGKasGdFvUWAv+","rect":[564,854,104,48],"offset":[0,0],"originalSize":[104,48],"capInsets":[0,0,0,0]}},{"__type__":"cc.SpriteFrame","content":{"name":"btn_on","texture":"19sxMs7FNGKasGdFvUWAv+","rect":[712,632,164,54],"offset":[0,0],"originalSize":[164,54],"capInsets":[0,0,0,0]}},{"__type__":"cc.SpriteFrame","content":{"name":"btn_caidat2","texture":"19sxMs7FNGKasGdFvUWAv+","rect":[881,911,48,48],"offset":[0,0],"originalSize":[48,48],"capInsets":[0,0,0,0]}},{"__type__":"cc.SpriteFrame","content":{"name":"bt_page_next","texture":"19sxMs7FNGKasGdFvUWAv+","rect":[509,929,56,79],"offset":[-1,0],"originalSize":[80,80],"capInsets":[0,0,0,0]}},{"__type__":"cc.SpriteFrame","content":{"name":"btn_tab_0","texture":"19sxMs7FNGKasGdFvUWAv+","rect":[663,0,197,73],"offset":[0,1],"originalSize":[197,75],"capInsets":[0,0,0,0]}},{"__type__":"cc.SpriteFrame","content":{"name":"bt_page_next_2","texture":"19sxMs7FNGKasGdFvUWAv+","rect":[754,806,62,62],"offset":[0,0],"originalSize":[90,90],"capInsets":[0,0,0,0]}},{"__type__":"cc.SpriteFrame","content":{"name":"btn_invite","texture":"19sxMs7FNGKasGdFvUWAv+","rect":[0,602,130,129],"offset":[0,0],"originalSize":[130,130],"capInsets":[0,0,0,0]}},{"__type__":"cc.SpriteFrame","content":{"name":"btn_2","texture":"19sxMs7FNGKasGdFvUWAv+","rect":[188,733,186,75],"offset":[0,0],"originalSize":[186,75],"capInsets":[0,0,0,0]}},{"__type__":"cc.SpriteFrame","content":{"name":"temp_captcha_bg","texture":"19sxMs7FNGKasGdFvUWAv+","rect":[0,887,176,72],"offset":[0,0],"originalSize":[176,72],"capInsets":[0,0,0,0]}},{"__type__":"cc.SpriteFrame","content":{"name":"btn_dl","texture":"19sxMs7FNGKasGdFvUWAv+","rect":[754,870,56,60],"offset":[0,0],"originalSize":[56,60],"capInsets":[0,0,0,0]}},{"__type__":"cc.SpriteFrame","content":{"name":"btn_muiten","texture":"19sxMs7FNGKasGdFvUWAv+","rect":[889,733,47,64],"offset":[0,0],"originalSize":[47,64],"capInsets":[0,0,0,0]}},{"__type__":"cc.SpriteFrame","content":{"name":"button_kiz_shape","texture":"19sxMs7FNGKasGdFvUWAv+","rect":[209,91,438,76],"offset":[0,0],"originalSize":[438,76],"capInsets":[0,0,0,0]}},{"__type__":"cc.SpriteFrame","content":{"name":"f5_btn","texture":"19sxMs7FNGKasGdFvUWAv+","rect":[824,920,51,51],"offset":[0,0],"originalSize":[51,51],"capInsets":[0,0,0,0]}},{"__type__":"cc.SpriteFrame","content":{"name":"btn_off","texture":"19sxMs7FNGKasGdFvUWAv+","rect":[188,893,164,54],"offset":[0,0],"originalSize":[164,54],"capInsets":[0,0,0,0]}},{"__type__":"cc.SpriteFrame","content":{"name":"btn_m","texture":"19sxMs7FNGKasGdFvUWAv+","rect":[355,879,82,119],"offset":[0,0],"originalSize":[82,119],"capInsets":[0,0,0,0]}},{"__type__":"cc.SpriteFrame","content":{"name":"btn_p","texture":"19sxMs7FNGKasGdFvUWAv+","rect":[564,733,82,119],"offset":[0,0],"originalSize":[82,119],"capInsets":[0,0,0,0]}},{"__type__":"cc.SpriteFrame","content":{"name":"btn_kiz_title3","texture":"19sxMs7FNGKasGdFvUWAv+","rect":[355,810,198,67],"offset":[0,0],"originalSize":[198,67],"capInsets":[0,0,0,0]}}]