[{"__type__":"cc.SpriteFrame","content":{"name":"font_money_2","texture":"f5coWMx3dM+Z3nG0CGsLTa","rect":[0,0,113,111],"offset":[0,0],"originalSize":[113,111],"capInsets":[0,0,0,0]}},{"__type__":"cc.BitmapFont","_name":"font_money_2","spriteFrame":{"__uuid__":"60rCebGXRHwaopPYb5RvbG"},"fontSize":32,"_fntConfig":{"commonHeight":51,"fontSize":32,"atlasName":"font_money_2.png","fontDefDictionary":{"9":{"rect":{"x":0,"y":0,"width":0,"height":0},"xOffset":0,"yOffset":0,"xAdvance":-20},"32":{"rect":{"x":0,"y":0,"width":0,"height":0},"xOffset":0,"yOffset":0,"xAdvance":-20},"44":{"rect":{"x":98,"y":11,"width":10,"height":17},"xOffset":0,"yOffset":40,"xAdvance":10},"46":{"rect":{"x":98,"y":0,"width":10,"height":11},"xOffset":0,"yOffset":40,"xAdvance":10},"47":{"rect":{"x":80,"y":0,"width":18,"height":37},"xOffset":0,"yOffset":14,"xAdvance":18},"48":{"rect":{"x":52,"y":37,"width":24,"height":37},"xOffset":0,"yOffset":15,"xAdvance":24},"49":{"rect":{"x":97,"y":74,"width":16,"height":36},"xOffset":0,"yOffset":15,"xAdvance":16},"50":{"rect":{"x":73,"y":74,"width":24,"height":36},"xOffset":0,"yOffset":15,"xAdvance":24},"51":{"rect":{"x":56,"y":0,"width":24,"height":37},"xOffset":0,"yOffset":15,"xAdvance":24},"52":{"rect":{"x":0,"y":74,"width":25,"height":36},"xOffset":0,"yOffset":15,"xAdvance":25},"53":{"rect":{"x":28,"y":37,"width":24,"height":37},"xOffset":0,"yOffset":15,"xAdvance":24},"54":{"rect":{"x":32,"y":0,"width":24,"height":37},"xOffset":0,"yOffset":15,"xAdvance":24},"55":{"rect":{"x":25,"y":74,"width":24,"height":36},"xOffset":0,"yOffset":15,"xAdvance":24},"56":{"rect":{"x":49,"y":74,"width":24,"height":37},"xOffset":0,"yOffset":15,"xAdvance":24},"57":{"rect":{"x":76,"y":37,"width":23,"height":37},"xOffset":0,"yOffset":15,"xAdvance":23},"75":{"rect":{"x":0,"y":37,"width":28,"height":37},"xOffset":0,"yOffset":14,"xAdvance":28},"77":{"rect":{"x":0,"y":0,"width":32,"height":37},"xOffset":0,"yOffset":14,"xAdvance":32}},"kerningDict":{}}}]