{"__type__":"sp.SkeletonData","_name":"baucua","_skeletonJson":{"skeleton":{"hash":"H93l5pypBFt8nOEw2/lwcxFpPOI","spine":"3.7.94","width":296,"height":249,"images":"./images/","audio":"C:/Users/Toanp/OneDrive/Máy tính/giao dien r79/spine/ic_baucua"},"bones":[{"name":"root","x":1.07,"y":6.43},{"name":"bone","parent":"root","x":-1.07,"y":-6.43},{"name":"Layer 6808","parent":"bone","x":-3.02,"y":23.12},{"name":"Layer 6811","parent":"bone","x":-75.95,"y":64.4},{"name":"Layer 6810","parent":"bone","x":3.86,"y":36.19},{"name":"Layer 6809","parent":"bone","x":41.01,"y":81.6},{"name":"BẦU CUA","parent":"root","x":8.17,"y":-71.36}],"slots":[{"name":"Layer 78 copy 2","bone":"root","attachment":"Layer 78 copy 2"},{"name":"Layer 6808","bone":"Layer 6808","attachment":"Layer 6808"},{"name":"Layer 6809","bone":"Layer 6809","attachment":"Layer 6809"},{"name":"Layer 6810","bone":"Layer 6810","attachment":"Layer 6810"},{"name":"Layer 6811","bone":"Layer 6811","attachment":"Layer 6811"},{"name":"BẦU CUA","bone":"BẦU CUA","attachment":"BẦU CUA"}],"skins":{"default":{"BẦU CUA":{"BẦU CUA":{"x":-0.86,"y":6.55,"width":214,"height":53}},"Layer 6808":{"Layer 6808":{"x":3.91,"y":-6.5,"width":247,"height":147}},"Layer 6809":{"Layer 6809":{"x":1.37,"y":-5.48,"width":98,"height":96}},"Layer 6810":{"Layer 6810":{"x":-3.47,"y":-10.57,"width":112,"height":115}},"Layer 6811":{"Layer 6811":{"x":3.83,"y":-7.78,"width":103,"height":105}},"Layer 78 copy 2":{"Layer 78 copy 2":{"x":0.32,"y":3.19,"width":296,"height":249}}}},"animations":{"animation":{"bones":{"bone":{"translate":[{"time":0,"x":0,"y":0},{"time":0.6,"x":0,"y":13.5},{"time":1.1667,"x":0,"y":0}]},"Layer 6811":{"translate":[{"time":0,"x":0,"y":0},{"time":0.6667,"x":0,"y":10.13},{"time":1.3333,"x":0,"y":0}]},"Layer 6810":{"translate":[{"time":0,"x":0,"y":0},{"time":0.6667,"x":0,"y":16.88},{"time":1.3333,"x":0,"y":0}]},"BẦU CUA":{"translate":[{"time":0,"x":-8.6,"y":0}],"scale":[{"time":0,"x":1,"y":1},{"time":0.6667,"x":1.092,"y":1.092},{"time":1.3333,"x":1,"y":1}]}}}}},"_atlasText":"\nbaucua.png\nsize: 1024,256\nformat: RGBA8888\nfilter: Linear,Linear\nrepeat: none\nBẦU CUA\n  rotate: false\n  xy: 549, 201\n  size: 214, 53\n  orig: 214, 53\n  offset: 0, 0\n  index: -1\nLayer 6808\n  rotate: false\n  xy: 300, 107\n  size: 247, 147\n  orig: 247, 147\n  offset: 0, 0\n  index: -1\nLayer 6809\n  rotate: false\n  xy: 407, 9\n  size: 98, 96\n  orig: 98, 96\n  offset: 0, 0\n  index: -1\nLayer 6810\n  rotate: true\n  xy: 549, 87\n  size: 112, 115\n  orig: 112, 115\n  offset: 0, 0\n  index: -1\nLayer 6811\n  rotate: true\n  xy: 300, 2\n  size: 103, 105\n  orig: 103, 105\n  offset: 0, 0\n  index: -1\nLayer 78 copy 2\n  rotate: false\n  xy: 2, 5\n  size: 296, 249\n  orig: 296, 249\n  offset: 0, 0\n  index: -1\n","textures":[{"__uuid__":"b2e20ryZFIN7bhFnHjZWTy"}],"textureNames":["baucua.png"]}