{"__type__":"sp.SkeletonData","_name":"ICON","_skeletonJson":{"skeleton":{"hash":"kTgbW0t789SwPYn5pVnsv8CqRX4","spine":"3.6.53","width":171,"height":171,"images":"../Images/"},"bones":[{"name":"root"},{"name":"bone","parent":"root","length":52.65,"rotation":119.64,"x":-20.34,"y":8.5},{"name":"bone2","parent":"root","length":49.44,"rotation":90.3,"x":-11.4,"y":26.39},{"name":"bone3","parent":"root","length":53.53,"rotation":67.47,"x":13.32,"y":20.08},{"name":"bone4","parent":"root","length":94.37,"rotation":126.61,"x":-35.07,"y":-16.74},{"name":"bone5","parent":"root","length":40.96,"rotation":95.53,"x":0.96,"y":-58.56}],"slots":[{"name":"BG2","bone":"bone4","attachment":"BG"},{"name":"BG","bone":"root"},{"name":"A2","bone":"bone","attachment":"A"},{"name":"A","bone":"root"},{"name":"4","bone":"bone2","attachment":"2"},{"name":"2","bone":"root"},{"name":"5","bone":"bone3","attachment":"3"},{"name":"3","bone":"root"},{"name":"TEXT2","bone":"bone5","attachment":"TEXT"},{"name":"TEXT","bone":"root"}],"skins":{"default":{"4":{"2":{"x":4.54,"y":-11.79,"rotation":-90.3,"width":67,"height":92}},"5":{"3":{"x":3.2,"y":-7.92,"rotation":-67.47,"width":80,"height":98}},"A2":{"A":{"x":15.1,"y":-8.83,"rotation":-119.64,"width":88,"height":98}},"BG2":{"BG":{"x":-7.48,"y":-38.13,"rotation":-126.61,"width":171,"height":171}},"TEXT2":{"TEXT":{"x":13.05,"y":-0.66,"rotation":-95.53,"width":117,"height":59}}}},"animations":{"animation":{"bones":{"root":{"rotate":[{"time":0,"angle":0}],"translate":[{"time":0,"x":0,"y":0}],"scale":[{"time":0,"x":1,"y":1}]},"bone":{"rotate":[{"time":0,"angle":-33.08,"curve":[0.25,0,0.75,1]},{"time":0.6667,"angle":0,"curve":"stepped"},{"time":2,"angle":0,"curve":[0.25,0,0.75,1]},{"time":2.6667,"angle":-33.08}],"translate":[{"time":0,"x":16.4,"y":-13.26,"curve":[0.25,0,0.75,1]},{"time":0.6667,"x":0,"y":0,"curve":"stepped"},{"time":2,"x":0,"y":0,"curve":[0.25,0,0.75,1]},{"time":2.6667,"x":16.4,"y":-13.26}],"scale":[{"time":0,"x":1,"y":1,"curve":"stepped"},{"time":0.6667,"x":1,"y":1,"curve":"stepped"},{"time":2,"x":1,"y":1,"curve":"stepped"},{"time":2.6667,"x":1,"y":1}]},"bone2":{"rotate":[{"time":0,"angle":-7.42,"curve":[0.25,0,0.75,1]},{"time":0.6667,"angle":0,"curve":"stepped"},{"time":2,"angle":0,"curve":[0.25,0,0.75,1]},{"time":2.6667,"angle":-7.42}],"translate":[{"time":0,"x":5.93,"y":-19.2,"curve":[0.25,0,0.75,1]},{"time":0.6667,"x":0,"y":0,"curve":"stepped"},{"time":2,"x":0,"y":0,"curve":[0.25,0,0.75,1]},{"time":2.6667,"x":5.93,"y":-19.2}],"scale":[{"time":0,"x":1,"y":1,"curve":"stepped"},{"time":0.6667,"x":1,"y":1,"curve":"stepped"},{"time":2,"x":1,"y":1,"curve":"stepped"},{"time":2.6667,"x":1,"y":1}]},"bone3":{"rotate":[{"time":0,"angle":20.88,"curve":[0.25,0,0.75,1]},{"time":0.6667,"angle":0,"curve":"stepped"},{"time":2,"angle":0,"curve":[0.25,0,0.75,1]},{"time":2.6667,"angle":20.88}],"translate":[{"time":0,"x":-15.36,"y":-12.56,"curve":[0.25,0,0.75,1]},{"time":0.6667,"x":0,"y":0,"curve":"stepped"},{"time":2,"x":0,"y":0,"curve":[0.25,0,0.75,1]},{"time":2.6667,"x":-15.36,"y":-12.56}],"scale":[{"time":0,"x":1,"y":1,"curve":"stepped"},{"time":0.6667,"x":1,"y":1,"curve":"stepped"},{"time":2,"x":1,"y":1,"curve":"stepped"},{"time":2.6667,"x":1,"y":1}]},"bone4":{"rotate":[{"time":0,"angle":0}],"translate":[{"time":0,"x":0,"y":0}],"scale":[{"time":0,"x":1,"y":1}]},"bone5":{"rotate":[{"time":0,"angle":0,"curve":"stepped"},{"time":1,"angle":0,"curve":"stepped"},{"time":2.6667,"angle":0}],"translate":[{"time":0,"x":0,"y":0,"curve":[0.25,0,0.75,1]},{"time":0.5,"x":0,"y":11.21,"curve":[0.25,0,0.75,1]},{"time":1,"x":0,"y":0,"curve":[0.25,0,0.75,1]},{"time":1.8333,"x":0,"y":11.21,"curve":[0.25,0,0.75,1]},{"time":2.6667,"x":0,"y":0}],"scale":[{"time":0,"x":1,"y":1,"curve":[0.25,0,0.75,1]},{"time":0.5,"x":1.096,"y":1.096,"curve":[0.25,0,0.75,1]},{"time":1,"x":1,"y":1,"curve":[0.25,0,0.75,1]},{"time":1.8333,"x":1.096,"y":1.096,"curve":[0.25,0,0.75,1]},{"time":2.6667,"x":1,"y":1}]}}}}},"_atlasText":"\nICON.png\nsize: 512,256\nformat: RGBA8888\nfilter: Linear,Linear\nrepeat: none\n2\n  rotate: true\n  xy: 175, 67\n  size: 67, 92\n  orig: 67, 92\n  offset: 0, 0\n  index: -1\n3\n  rotate: false\n  xy: 265, 136\n  size: 80, 98\n  orig: 80, 98\n  offset: 0, 0\n  index: -1\nA\n  rotate: false\n  xy: 175, 136\n  size: 88, 98\n  orig: 88, 98\n  offset: 0, 0\n  index: -1\nBG\n  rotate: false\n  xy: 2, 63\n  size: 171, 171\n  orig: 171, 171\n  offset: 0, 0\n  index: -1\nTEXT\n  rotate: false\n  xy: 2, 2\n  size: 117, 59\n  orig: 117, 59\n  offset: 0, 0\n  index: -1\n","textures":[{"__uuid__":"a9MphpB69BrbLeastdnVpL"}],"textureNames":["ICON.png"]}