{"__type__":"sp.SkeletonData","_name":"skeleton","_skeletonJson":{"skeleton":{"hash":"Mwbv+LQ0uHfPQ7P7Svgu048mOHA","spine":"3.7.94","width":1011,"height":632.78},"bones":[{"name":"root"},{"name":"bone","parent":"root","length":123.02,"rotation":89.07,"x":-3,"y":-208.5},{"name":"bone2","parent":"root","length":70.01,"rotation":90.82,"x":23,"y":225.5},{"name":"bone3","parent":"root","length":74.6,"rotation":89.4,"x":-190.19,"y":234.22},{"name":"bone4","parent":"root","length":52.84,"rotation":89.16,"x":-239.92,"y":150.31},{"name":"bone5","parent":"root","length":99.5,"rotation":90,"x":-197.64,"y":64.59},{"name":"bone6","parent":"root","length":89.1,"rotation":89.26,"x":177.23,"y":84.52},{"name":"bone7","parent":"root","length":78.68,"rotation":89.16,"x":292.93,"y":123.86},{"name":"bone8","parent":"root","length":71.77,"rotation":91.85,"x":-7.89,"y":320.55},{"name":"bone9","parent":"root","length":62.52,"rotation":92.12,"x":-144.42,"y":88},{"name":"bone10","parent":"root","length":62.57,"rotation":86.82,"x":39.54,"y":-41.59},{"name":"bone11","parent":"root","length":48.61,"rotation":91.36,"x":-248.55,"y":-35.8},{"name":"bone12","parent":"root","length":68.34,"rotation":88.54,"x":-250.18,"y":-140.01}],"slots":[{"name":"xoay","bone":"bone","attachment":"xoay"},{"name":"gold","bone":"bone2","attachment":"gold"},{"name":"cup","bone":"bone3","attachment":"cup"},{"name":"light dot","bone":"bone8","attachment":"light dot"},{"name":"150","bone":"bone7","attachment":"150"},{"name":"iphone_12_PNG36","bone":"bone4","attachment":"iphone_12_PNG36"},{"name":"date","bone":"root","attachment":"date"},{"name":"sh","bone":"bone6","attachment":"sh"},{"name":"acent","bone":"bone5","attachment":"acent2"},{"name":"text","bone":"bone10","attachment":"text"},{"name":"light xe","bone":"bone11","attachment":"light xe"},{"name":"clipping","bone":"root","attachment":"clipping"},{"name":"root","bone":"bone12","attachment":"Rectangle 1"}],"skins":{"default":{"150":{"150":{"x":-25.96,"y":34.33,"rotation":-89.16,"width":255,"height":237}},"acent":{"acent":{"x":-9.26,"y":-9.26,"rotation":-90,"width":524,"height":274},"acent2":{"x":2.67,"y":13.35,"rotation":-90,"width":524,"height":274}},"clipping":{"clipping":{"type":"clipping","end":"root","vertexCount":4,"vertices":[160.76,-160.81,-180.27,-162.21,-160.29,-93.23,180.17,-92.99]}},"cup":{"cup":{"x":-17.86,"y":12.63,"rotation":-89.4,"width":190,"height":216}},"date":{"date":{"x":0.73,"y":-124.33,"width":370,"height":80}},"gold":{"gold":{"x":-77.91,"y":7.11,"rotation":-90.82,"width":642,"height":424}},"iphone_12_PNG36":{"iphone_12_PNG36":{"x":-28.53,"y":-15.18,"rotation":-89.16,"width":249,"height":271}},"light dot":{"light dot":{"x":-188.16,"y":16.49,"rotation":-91.85,"width":496,"height":496}},"light xe":{"light xe":{"x":8.07,"y":-1.35,"rotation":-78.72,"width":213,"height":203}},"root":{"Rectangle 1":{"x":15.62,"y":-1,"rotation":-89.29,"width":95,"height":193}},"sh":{"sh":{"x":24.88,"y":44.29,"rotation":-89.26,"width":480,"height":287}},"text":{"text":{"x":18.36,"y":24.2,"rotation":-86.82,"width":597,"height":173}},"xoay":{"xoay":{"x":222.77,"y":-3.38,"rotation":-89.07,"width":1011,"height":534}}}},"animations":{"animation":{"bones":{"bone":{"scale":[{"time":0,"x":0.622,"y":0.622},{"time":1.3333,"x":1.06,"y":1.06},{"time":2.6667,"x":0.622,"y":0.622}]},"bone10":{"scale":[{"time":0,"x":1,"y":1},{"time":0.8333,"x":0.738,"y":0.738},{"time":1.6667,"x":1,"y":1},{"time":1.8333,"x":0.738,"y":0.738},{"time":2.0333,"x":1,"y":1}]},"bone11":{"translate":[{"time":0,"x":118.44,"y":9.77},{"time":0.9667,"x":239.32,"y":4.88},{"time":1.6667,"x":443.22,"y":56.17},{"time":2.2,"x":522.59,"y":-28.08},{"time":2.6667,"x":2.44,"y":-13.43}]},"bone5":{"translate":[{"time":0,"x":0,"y":0},{"time":1.3333,"x":-23.2,"y":2.44},{"time":2.6667,"x":0,"y":0}],"scale":[{"time":0,"x":1,"y":1},{"time":1.3333,"x":1.049,"y":1},{"time":2.6667,"x":1,"y":1}]},"bone6":{"scale":[{"time":0,"x":1,"y":1},{"time":1.3333,"x":1.087,"y":1},{"time":2.6667,"x":1,"y":1}]},"bone7":{"scale":[{"time":0,"x":1,"y":1},{"time":1.3333,"x":1.087,"y":1},{"time":2.6667,"x":1,"y":1}]},"bone4":{"translate":[{"time":0,"x":0,"y":0},{"time":1.3333,"x":-3.66,"y":1.22},{"time":2.6667,"x":0,"y":0}],"scale":[{"time":0,"x":1,"y":1},{"time":1.3333,"x":1.085,"y":1},{"time":2.6667,"x":1,"y":1}]},"bone3":{"scale":[{"time":0,"x":1,"y":1},{"time":1.3333,"x":1.161,"y":1},{"time":2.6667,"x":1,"y":1}]},"bone2":{"scale":[{"time":0,"x":1,"y":1},{"time":1.3333,"x":1,"y":1.145},{"time":2.6667,"x":1,"y":1}]},"bone12":{"translate":[{"time":0,"x":0,"y":0},{"time":2.6667,"x":535,"y":-7.53}]},"bone8":{"scale":[{"time":0,"x":1,"y":1},{"time":1.3333,"x":0.636,"y":1.054},{"time":2.6667,"x":1,"y":1}]}}}}},"_atlasText":"\nskeleton.png\nsize: 2048,1024\nformat: RGBA8888\nfilter: Linear,Linear\nrepeat: none\n150\n  rotate: false\n  xy: 1017, 10\n  size: 255, 237\n  orig: 255, 237\n  offset: 0, 0\n  index: -1\nRectangle 1\n  rotate: false\n  xy: 1707, 98\n  size: 95, 193\n  orig: 95, 193\n  offset: 0, 0\n  index: -1\nacent\n  rotate: false\n  xy: 1513, 468\n  size: 524, 274\n  orig: 524, 274\n  offset: 0, 0\n  index: -1\nacent2\n  rotate: false\n  xy: 1513, 744\n  size: 524, 274\n  orig: 524, 274\n  offset: 0, 0\n  index: -1\ncup\n  rotate: true\n  xy: 1489, 101\n  size: 190, 216\n  orig: 190, 216\n  offset: 0, 0\n  index: -1\ndate\n  rotate: true\n  xy: 935, 112\n  size: 370, 80\n  orig: 370, 80\n  offset: 0, 0\n  index: -1\ngold\n  rotate: false\n  xy: 2, 58\n  size: 642, 424\n  orig: 642, 424\n  offset: 0, 0\n  index: -1\niphone_12_PNG36\n  rotate: false\n  xy: 1017, 249\n  size: 249, 271\n  orig: 249, 271\n  offset: 0, 0\n  index: -1\nlight dot\n  rotate: false\n  xy: 1015, 522\n  size: 496, 496\n  orig: 496, 496\n  offset: 0, 0\n  index: -1\nlight xe\n  rotate: false\n  xy: 1274, 88\n  size: 213, 203\n  orig: 213, 203\n  offset: 0, 0\n  index: -1\nsh\n  rotate: true\n  xy: 646, 2\n  size: 480, 287\n  orig: 480, 287\n  offset: 0, 0\n  index: -1\ntext\n  rotate: false\n  xy: 1268, 293\n  size: 597, 173\n  orig: 597, 173\n  offset: 0, 0\n  index: -1\nxoay\n  rotate: false\n  xy: 2, 484\n  size: 1011, 534\n  orig: 1011, 534\n  offset: 0, 0\n  index: -1\n","textures":[{"__uuid__":"ffWuG+U91MfK1ODDGkD1mI"}],"textureNames":["skeleton.png"]}