[{"__type__":"cc.SpriteFrame","content":{"name":"thoat","texture":"340iMNYWpK5ZArRJVxuX9v","rect":[1,258,60,61],"offset":[-2,2],"originalSize":[64,65],"rotated":1,"capInsets":[0,0,0,0]}},{"__type__":"cc.SpriteFrame","content":{"name":"bonan","texture":"340iMNYWpK5ZArRJVxuX9v","rect":[1,192,64,61],"offset":[0,2],"originalSize":[64,65],"rotated":1,"capInsets":[0,0,0,0]}},{"__type__":"cc.SpriteFrame","content":{"name":"nan","texture":"340iMNYWpK5ZArRJVxuX9v","rect":[1,496,54,53],"offset":[-1,1],"originalSize":[64,65],"capInsets":[0,0,0,0]}},{"__type__":"cc.SpriteFrame","content":{"name":"soicau","texture":"340iMNYWpK5ZArRJVxuX9v","rect":[1,320,60,59],"offset":[-2,2],"originalSize":[64,65],"capInsets":[0,0,0,0]}},{"__type__":"cc.SpriteFrame","content":{"name":"chat","texture":"340iMNYWpK5ZArRJVxuX9v","rect":[1,437,58,57],"offset":[-1,1],"originalSize":[64,65],"capInsets":[0,0,0,0]}},{"__type__":"cc.SpriteFrame","content":{"name":"lichsu","texture":"340iMNYWpK5ZArRJVxuX9v","rect":[1,68,62,63],"offset":[-1,1],"originalSize":[64,65],"capInsets":[0,0,0,0]}},{"__type__":"cc.SpriteAtlas","_name":"buttontaixiu.plist","_spriteFrames":{"bonan":{"__uuid__":"43u2a5S19IeJqa8CQ4VssE"},"chat":{"__uuid__":"65zoUA73dE6ZPlrQTIfFQx"},"huoangdan2":{"__uuid__":"9cwD+4GSJF6p4pVw9ODdUf"},"huongdan":{"__uuid__":"d03eX/tEdKna1Yx9vHRcfN"},"lichsu":{"__uuid__":"6eNad4eilAiraeI/uKKcRE"},"nan":{"__uuid__":"58wvQIu+VCB4KZ8igL3N84"},"soicau":{"__uuid__":"65T0pYmiZLm6al0bYvYLuN"},"thoat":{"__uuid__":"04B/+WoLtKjYtJJS1ey8C3"},"top":{"__uuid__":"7dtIdUs1tEn5XmYP+loNbM"}}},{"__type__":"cc.SpriteFrame","content":{"name":"top","texture":"340iMNYWpK5ZArRJVxuX9v","rect":[1,133,62,57],"offset":[-1,2],"originalSize":[64,65],"capInsets":[0,0,0,0]}},{"__type__":"cc.SpriteFrame","content":{"name":"huoangdan2","texture":"340iMNYWpK5ZArRJVxuX9v","rect":[1,381,54,59],"offset":[1,1],"originalSize":[64,65],"rotated":1,"capInsets":[0,0,0,0]}},{"__type__":"cc.SpriteFrame","content":{"name":"huongdan","texture":"340iMNYWpK5ZArRJVxuX9v","rect":[1,1,62,65],"offset":[-1,0],"originalSize":[64,65],"capInsets":[0,0,0,0]}}]