[[{"__type__":"cc.Prefab","_name":"x15_1","data":{"__id__":1}},{"__type__":"cc.Node","_name":"x15_1","_children":[{"__id__":2},{"__id__":4},{"__id__":6},{"__id__":7},{"__id__":8},{"__id__":9}],"_components":[{"__type__":"655c6/MZdJNZo/YxgAvEk8A","node":{"__id__":1},"fish":{"__id__":5},"shadow":{"__id__":3},"collider":{"__id__":10},"anim":{"__id__":11},"head":{"__id__":6},"end":{"__id__":7},"suoMe":{"__id__":9},"suoOther":{"__id__":8}},{"__id__":11},{"__id__":10}],"_prefab":{"__type__":"cc.PrefabInfo","root":{"__id__":1},"asset":{"__uuid__":"0dWoBvxEZAWJ0CmrE/lgST"},"fileId":"30ggm7+HRPxoWAGBjSFDrt"},"_trs":{"__type__":"TypedArray","ctor":"Float64Array","array":[856.905,282.695,0,0,0,0,1,1,1,1]},"_groupIndex":6,"groupIndex":6},{"__type__":"cc.Node","_name":"shadow","_parent":{"__id__":1},"_components":[{"__id__":3}],"_prefab":{"__type__":"cc.PrefabInfo","root":{"__id__":1},"asset":{"__uuid__":"0dWoBvxEZAWJ0CmrE/lgST"},"fileId":"b6q1ZmJ+1ONZSR4ELgnJqd"},"_trs":{"__type__":"TypedArray","ctor":"Float64Array","array":[-12,-12,0,0,0,0,1,0.9,0.9,1]},"_groupIndex":6,"groupIndex":6},{"__type__":"dragonBones.ArmatureDisplay","node":{"__id__":2},"_materials":[{"__uuid__":"ecpdLyjvZBwrvm+cedCcQy"}],"_armatureName":"haitun_shadow","_animationName":"haitun_shadow","_preCacheMode":0,"_armatureKey":"ea3b0199-58c4-4e9e-b099-ee5025497f45#00ba6442-ca19-4d76-83fc-972d1cfdc879","_N$dragonAsset":{"__uuid__":"eaOwGZWMROnrCZ7lAlSX9F"},"_N$dragonAtlasAsset":{"__uuid__":"00umRCyhlNdoP8ly0c/ch5"},"_N$timeScale":0.5},{"__type__":"cc.Node","_name":"fish","_parent":{"__id__":1},"_components":[{"__id__":5}],"_prefab":{"__type__":"cc.PrefabInfo","root":{"__id__":1},"asset":{"__uuid__":"0dWoBvxEZAWJ0CmrE/lgST"},"fileId":"3di9L4TilLKJMBGKtPd92s"},"_trs":{"__type__":"TypedArray","ctor":"Float64Array","array":[0,0,0,0,0,0,1,0.9,0.9,1]}},{"__type__":"dragonBones.ArmatureDisplay","node":{"__id__":4},"_materials":[{"__uuid__":"ecpdLyjvZBwrvm+cedCcQy"}],"_armatureName":"haitun","_animationName":"haitun","_preCacheMode":0,"_armatureKey":"708bc05f-fa97-4d63-9fc0-5d82a9d7a9e0#ac0ff069-acd0-4f90-8c98-59e7c879616d","_N$dragonAsset":{"__uuid__":"70i8Bf+pdNY5/AXYKp16ng"},"_N$dragonAtlasAsset":{"__uuid__":"acD/BprNBPkIyYWefIeWFt"},"_N$timeScale":0.5},{"__type__":"cc.Node","_name":"head","_parent":{"__id__":1},"_prefab":{"__type__":"cc.PrefabInfo","root":{"__id__":1},"asset":{"__uuid__":"0dWoBvxEZAWJ0CmrE/lgST"},"fileId":"67GoG9vYtFA7AbSrJTTLUa"},"_trs":{"__type__":"TypedArray","ctor":"Float64Array","array":[-49.361,32.83,0,0,0,0,1,1,1,1]}},{"__type__":"cc.Node","_name":"end","_parent":{"__id__":1},"_prefab":{"__type__":"cc.PrefabInfo","root":{"__id__":1},"asset":{"__uuid__":"0dWoBvxEZAWJ0CmrE/lgST"},"fileId":"415S3+BgNPJ7TAfqj4CfcZ"},"_trs":{"__type__":"TypedArray","ctor":"Float64Array","array":[73.152,18.591,0,0,0,0,1,1,1,1]}},{"__type__":"cc.Node","_name":"fish_suoding_other","_parent":{"__id__":1},"_active":false,"_components":[{"__type__":"cc.Sprite","node":{"__id__":8},"_materials":[{"__uuid__":"ecpdLyjvZBwrvm+cedCcQy"}],"_spriteFrame":{"__uuid__":"d6GNvieS9K8pqo+oyuZNkc"}},{"__type__":"cc.Animation","node":{"__id__":8},"_defaultClip":{"__uuid__":"41C/GXlRNOjLlgy6YN7juw"},"_clips":[{"__uuid__":"41C/GXlRNOjLlgy6YN7juw"}],"playOnLoad":true}],"_prefab":{"__type__":"cc.PrefabInfo","root":{"__id__":1},"asset":{"__uuid__":"0dWoBvxEZAWJ0CmrE/lgST"},"fileId":"6ahESkX8xPp59cMd1jOylX"},"_opacity":97,"_contentSize":{"__type__":"cc.Size","width":169,"height":169},"_trs":{"__type__":"TypedArray","ctor":"Float64Array","array":[0,19,0,0,0,0,1,0.85,0.85,1]}},{"__type__":"cc.Node","_name":"fish_suoding_me","_parent":{"__id__":1},"_active":false,"_components":[{"__type__":"cc.Sprite","node":{"__id__":9},"_materials":[{"__uuid__":"ecpdLyjvZBwrvm+cedCcQy"}],"_spriteFrame":{"__uuid__":"d6GNvieS9K8pqo+oyuZNkc"}},{"__type__":"cc.Animation","node":{"__id__":9},"_defaultClip":{"__uuid__":"41C/GXlRNOjLlgy6YN7juw"},"_clips":[{"__uuid__":"41C/GXlRNOjLlgy6YN7juw"}],"playOnLoad":true}],"_prefab":{"__type__":"cc.PrefabInfo","root":{"__id__":1},"asset":{"__uuid__":"0dWoBvxEZAWJ0CmrE/lgST"},"fileId":"58cC0H4uhI14JJD31UHv73"},"_contentSize":{"__type__":"cc.Size","width":169,"height":169},"_trs":{"__type__":"TypedArray","ctor":"Float64Array","array":[0,19,0,0,0,0,1,1,1,1]}},{"__type__":"cc.PolygonCollider","node":{"__id__":1},"points":[{"__type__":"cc.Vec2","x":1.2,"y":-6.1},{"__type__":"cc.Vec2","x":92.5,"y":14.7},{"__type__":"cc.Vec2","x":136.3,"y":3.5},{"__type__":"cc.Vec2","x":117.7,"y":25.4},{"__type__":"cc.Vec2","x":130.7,"y":47.3},{"__type__":"cc.Vec2","x":91.8,"y":27.1},{"__type__":"cc.Vec2","x":64.9,"y":43.8},{"__type__":"cc.Vec2","x":-38.9,"y":70.9},{"__type__":"cc.Vec2","x":-80.3,"y":45},{"__type__":"cc.Vec2","x":-83.5,"y":33.3},{"__type__":"cc.Vec2","x":-31.7,"y":-4.1},{"__type__":"cc.Vec2","x":-5.6,"y":-37.7}]},{"__type__":"cc.Animation","node":{"__id__":1},"_clips":[{"__uuid__":"c6J8ymCIdFnL9UK1jbFsIL"},{"__uuid__":"51mL5E4pFP2KnUGMHQsDKH"},{"__uuid__":"fawqhgzOxEdr2wJiPcTYyN"},{"__uuid__":"33Yf9zNBtKfICK8OikKDfA"},{"__uuid__":"51vkU9riJL74YeEv0qYDsk"},{"__uuid__":"a8CTjqfLVFxK+3/iOv1tUo"},{"__uuid__":"c41PkwCIRGVLai1DAZMuot"},{"__uuid__":"afyOX8EztNaa/vKwuISjOD"},{"__uuid__":"ceNICdEoFAOqldI08ZfYdu"},{"__uuid__":"5ezAa12uJBQ6lBSmcQOAMD"},{"__uuid__":"b0eAA/nKVPaLA+1a/Mz9mh"},{"__uuid__":"58A4k2kFxLbrKib7KBBX2R"},{"__uuid__":"657yjD6EtGx5qJnfHwSt/0"},{"__uuid__":"c7iBZHsnpCjKcCqieueeR7"}]}],{"__type__":"cc.SpriteFrame","content":{"name":"fish_game_pic_suoding1","texture":"bclyb1CdFAXZK7vE6k7C0V","rect":[0,0,169,169],"offset":[-0.5,0.5],"originalSize":[170,170],"capInsets":[0,0,0,0]}}]