[{"__type__":"cc.SpriteFrame","content":{"name":"singleColor","texture":"a8Anh32NZGRZegUtSgEj26","rect":[0,0,2,2],"offset":[0,0],"originalSize":[2,2],"capInsets":[0,0,0,0]}},[{"__type__":"cc.Prefab","_name":"NapRed_itemInfo","data":{"__id__":1}},{"__type__":"cc.Node","_name":"item","_children":[{"__id__":2},{"__id__":3},{"__id__":5}],"_components":[{"__type__":"692acli1tBGMJGB7Xh9IFJc","node":{"__id__":1},"bg":{"__id__":2},"menhgia":{"__id__":4},"red":{"__id__":6}}],"_prefab":{"__type__":"cc.PrefabInfo","root":{"__id__":1},"asset":{"__uuid__":"afAPfLL9pCh57O0PqHFbuX"},"fileId":"b98Q6E+DROF5315LdS58uv"},"_contentSize":{"__type__":"cc.Size","width":400,"height":40},"_trs":{"__type__":"TypedArray","ctor":"Float64Array","array":[0,0,0,0,0,0,1,1,1,1]}},{"__type__":"cc.Node","_name":"singleColor","_parent":{"__id__":1},"_components":[{"__type__":"cc.Sprite","node":{"__id__":2},"_materials":[{"__uuid__":"ecpdLyjvZBwrvm+cedCcQy"}],"_spriteFrame":{"__uuid__":"41D7kWhyFGY7q4NDlzkazn"},"_sizeMode":0}],"_prefab":{"__type__":"cc.PrefabInfo","root":{"__id__":1},"asset":{"__uuid__":"afAPfLL9pCh57O0PqHFbuX"},"fileId":"90hLEM1OxBrbx+VK1vdzAT"},"_opacity":43,"_color":{"__type__":"cc.Color","r":179,"g":179,"b":179},"_contentSize":{"__type__":"cc.Size","width":400,"height":40},"_trs":{"__type__":"TypedArray","ctor":"Float64Array","array":[0,0,0,0,0,0,1,1,1,1]}},{"__type__":"cc.Node","_name":"the","_parent":{"__id__":1},"_components":[{"__id__":4}],"_prefab":{"__type__":"cc.PrefabInfo","root":{"__id__":1},"asset":{"__uuid__":"afAPfLL9pCh57O0PqHFbuX"},"fileId":"b3bfuxXR1CJrdZM5WL1qLp"},"_contentSize":{"__type__":"cc.Size","height":26.29},"_anchorPoint":{"__type__":"cc.Vec2","y":0.5},"_trs":{"__type__":"TypedArray","ctor":"Float64Array","array":[-149,0,0,0,0,0,1,1,1,1]}},{"__type__":"cc.Label","node":{"__id__":3},"_materials":[{"__uuid__":"ecpdLyjvZBwrvm+cedCcQy"}],"_useOriginalSize":false,"_fontSize":23,"_N$file":{"__uuid__":"ca/STOHexDCpBHB3XPtG62"},"_isSystemFontUsed":false,"_N$horizontalAlign":1},{"__type__":"cc.Node","_name":"red","_parent":{"__id__":1},"_components":[{"__id__":6}],"_prefab":{"__type__":"cc.PrefabInfo","root":{"__id__":1},"asset":{"__uuid__":"afAPfLL9pCh57O0PqHFbuX"},"fileId":"53aU9Z4k5KnISpjz30NjB9"},"_color":{"__type__":"cc.Color","r":255,"g":245},"_contentSize":{"__type__":"cc.Size","height":26.29},"_anchorPoint":{"__type__":"cc.Vec2","x":1,"y":0.5},"_trs":{"__type__":"TypedArray","ctor":"Float64Array","array":[150,0,0,0,0,0,1,1,1,1]}},{"__type__":"cc.Label","node":{"__id__":5},"_materials":[{"__uuid__":"ecpdLyjvZBwrvm+cedCcQy"}],"_useOriginalSize":false,"_fontSize":23,"_N$file":{"__uuid__":"ca/STOHexDCpBHB3XPtG62"},"_isSystemFontUsed":false,"_N$horizontalAlign":1}]]