[{"__type__":"cc.BitmapFont","_name":"gb_lobby_tab_user_2","spriteFrame":{"__uuid__":"ceWBfK1P1J0Ylww6Mk2GuB"},"fontSize":32,"_fntConfig":{"commonHeight":30,"fontSize":32,"atlasName":"gb_lobby_tab_user_2.png","fontDefDictionary":{"9":{"rect":{"x":0,"y":0,"width":0,"height":0},"xOffset":0,"yOffset":0,"xAdvance":96},"32":{"rect":{"x":0,"y":0,"width":0,"height":0},"xOffset":0,"yOffset":0,"xAdvance":12},"46":{"rect":{"x":62,"y":36,"width":13,"height":14},"xOffset":-1,"yOffset":18,"xAdvance":7},"48":{"rect":{"x":0,"y":55,"width":19,"height":24},"xOffset":0,"yOffset":6,"xAdvance":15},"49":{"rect":{"x":58,"y":55,"width":13,"height":25},"xOffset":0,"yOffset":5,"xAdvance":9},"50":{"rect":{"x":40,"y":30,"width":18,"height":24},"xOffset":0,"yOffset":6,"xAdvance":14},"51":{"rect":{"x":39,"y":55,"width":18,"height":24},"xOffset":0,"yOffset":6,"xAdvance":14},"52":{"rect":{"x":0,"y":30,"width":20,"height":24},"xOffset":0,"yOffset":6,"xAdvance":16},"53":{"rect":{"x":39,"y":80,"width":18,"height":24},"xOffset":0,"yOffset":6,"xAdvance":14},"54":{"rect":{"x":20,"y":55,"width":18,"height":24},"xOffset":0,"yOffset":6,"xAdvance":14},"55":{"rect":{"x":20,"y":80,"width":18,"height":24},"xOffset":0,"yOffset":6,"xAdvance":14},"56":{"rect":{"x":0,"y":80,"width":19,"height":24},"xOffset":0,"yOffset":6,"xAdvance":15},"57":{"rect":{"x":21,"y":30,"width":18,"height":24},"xOffset":0,"yOffset":6,"xAdvance":14},"78":{"rect":{"x":0,"y":0,"width":91,"height":29},"xOffset":0,"yOffset":1,"xAdvance":87}},"kerningDict":{}}},{"__type__":"cc.SpriteFrame","content":{"name":"gb_lobby_tab_user_2","texture":"efdZO/VupE5LdaL7G2i88g","rect":[0,0,91,104],"offset":[-18.5,12],"originalSize":[128,128],"capInsets":[0,0,0,0]}}]