{"__type__":"dragonBones.DragonBonesAsset","_name":"haidaochuan_ske","_dragonBonesJson":"{\"frameRate\":24,\"name\":\"haidaochuan\",\"version\":\"5.5\",\"compatibleVersion\":\"5.5\",\"armature\":[{\"type\":\"Sheet\",\"frameRate\":24,\"name\":\"Sprite\",\"aabb\":{\"x\":-251.55,\"y\":-231.3,\"width\":503.1,\"height\":462.6},\"bone\":[{\"name\":\"root\"}],\"slot\":[{\"displayIndex\":10,\"name\":\"sheetSlot\",\"parent\":\"root\"}],\"skin\":[{\"slot\":[{\"name\":\"sheetSlot\",\"display\":[{\"name\":\"fish64_1\",\"transform\":{\"scX\":-1}},{\"name\":\"fish64_2\",\"transform\":{\"scX\":-1}},{\"name\":\"fish64_4\",\"transform\":{\"scX\":-1}},{\"name\":\"fish64_5\",\"transform\":{\"scX\":-1}},{\"name\":\"fish64_7\",\"transform\":{\"scX\":-1}},{\"name\":\"fish64_8\",\"transform\":{\"scX\":-1}},{\"name\":\"fish64_10\",\"transform\":{\"scX\":-1}},{\"name\":\"fish64_11\",\"transform\":{\"scX\":-1}},{\"name\":\"fish64_13\",\"transform\":{\"scX\":-1}},{\"name\":\"fish64_14\",\"transform\":{\"scX\":-1}},{\"name\":\"fish64_16\",\"transform\":{\"scX\":-1}},{\"name\":\"fish64_17\",\"transform\":{\"scX\":-1}}]}]}],\"animation\":[{\"duration\":12,\"playTimes\":0,\"name\":\"Sprite\",\"slot\":[{\"name\":\"sheetSlot\",\"displayFrame\":[{},{\"value\":1},{\"value\":2},{\"value\":3},{\"value\":4},{\"value\":5},{\"value\":6},{\"value\":7},{\"value\":8},{\"value\":9},{\"value\":10},{\"value\":11}]}]}],\"defaultActions\":[{\"gotoAndPlay\":\"Sprite\"}]}]}"}