{"__type__":"sp.SkeletonData","_name":"chimdien","_skeletonJson":{"skeleton":{"hash":"BC708SwkYQjM3s/DpRAJlDFsrow","spine":"3.7.94","width":296,"height":249,"images":"./images/","audio":"C:/Users/Toanp/OneDrive/Máy tính/giao dien r79/spine/ic_chimdien"},"bones":[{"name":"root","x":-1.48,"y":14.04},{"name":"Layer 668","parent":"root","x":46.24,"y":65.76},{"name":"Layer 667","parent":"Layer 668","x":-29.03,"y":-14.27},{"name":"Layer 670","parent":"root","x":-70.36,"y":33.28},{"name":"Layer 669","parent":"root","x":79.7,"y":0.32},{"name":"Layer 672","parent":"root","x":-4.44,"y":-47.4}],"slots":[{"name":"Layer 78","bone":"root","attachment":"Layer 78"},{"name":"Layer 669","bone":"Layer 669","attachment":"Layer 669"},{"name":"Layer 670","bone":"Layer 670","attachment":"Layer 670"},{"name":"Layer 667","bone":"Layer 667","attachment":"Layer 667"},{"name":"Layer 668","bone":"Layer 668","attachment":"Layer 668"},{"name":"Layer 672","bone":"Layer 672","attachment":"Layer 672"}],"skins":{"default":{"Layer 667":{"Layer 667":{"x":1.64,"y":3.09,"width":147,"height":85}},"Layer 668":{"Layer 668":{"x":-3.39,"y":6.32,"width":113,"height":80}},"Layer 669":{"Layer 669":{"x":-1.85,"y":15.76,"width":91,"height":104}},"Layer 670":{"Layer 670":{"x":5.71,"y":16.3,"width":132,"height":97}},"Layer 672":{"Layer 672":{"x":-3.72,"y":0.98,"width":253,"height":101}},"Layer 78":{"Layer 78":{"x":-4.65,"y":0.58,"width":296,"height":249}}}},"animations":{"animation":{"slots":{"Layer 669":{"color":[{"time":0,"color":"ffffff00"},{"time":0.1,"color":"ffffffff"}]}},"bones":{"Layer 670":{"rotate":[{"time":0,"angle":0},{"time":0.7667,"angle":9.32},{"time":1.5667,"angle":0},{"time":2.3333,"angle":9.32},{"time":3,"angle":0}],"translate":[{"time":0,"x":-75.43,"y":-70.58,"curve":"stepped"},{"time":0.3333,"x":-75.43,"y":-70.58},{"time":0.6667,"x":0,"y":0}],"scale":[{"time":0,"x":0,"y":0,"curve":"stepped"},{"time":0.3333,"x":0,"y":0},{"time":0.6667,"x":1,"y":1}]},"Layer 668":{"translate":[{"time":0,"x":-130.79,"y":-115.56},{"time":0.3333,"x":0,"y":0},{"time":0.7,"x":-12.78,"y":0},{"time":1.2333,"x":0,"y":0},{"time":1.8,"x":-12.78,"y":0},{"time":2.3333,"x":0,"y":0},{"time":2.6667,"x":-12.78,"y":0},{"time":3,"x":0,"y":0}],"scale":[{"time":0,"x":0,"y":0},{"time":0.3333,"x":1,"y":1}]},"Layer 669":{"translate":[{"time":0,"x":6.62,"y":194.88},{"time":0.3333,"x":0,"y":0},{"time":0.7,"x":0,"y":2.06},{"time":1.2333,"x":0,"y":-3.76},{"time":1.7667,"x":0,"y":2.06},{"time":2.3,"x":0,"y":-3.76},{"time":2.6333,"x":0,"y":2.06},{"time":3,"x":0,"y":-3.76}]},"Layer 672":{"scale":[{"time":0,"x":1,"y":1},{"time":0.5,"x":0.923,"y":0.923},{"time":1,"x":1,"y":1},{"time":1.5,"x":0.923,"y":0.923},{"time":2,"x":1,"y":1},{"time":2.5,"x":0.923,"y":0.923},{"time":3,"x":1,"y":1}]}}}}},"_atlasText":"\nchimdien.png\nsize: 1024,256\nformat: RGBA8888\nfilter: Linear,Linear\nrepeat: none\nLayer 667\n  rotate: false\n  xy: 300, 63\n  size: 147, 85\n  orig: 147, 85\n  offset: 0, 0\n  index: -1\nLayer 668\n  rotate: false\n  xy: 795, 171\n  size: 113, 80\n  orig: 113, 80\n  offset: 0, 0\n  index: -1\nLayer 669\n  rotate: true\n  xy: 689, 160\n  size: 91, 104\n  orig: 91, 104\n  offset: 0, 0\n  index: -1\nLayer 670\n  rotate: false\n  xy: 555, 154\n  size: 132, 97\n  orig: 132, 97\n  offset: 0, 0\n  index: -1\nLayer 672\n  rotate: false\n  xy: 300, 150\n  size: 253, 101\n  orig: 253, 101\n  offset: 0, 0\n  index: -1\nLayer 78\n  rotate: false\n  xy: 2, 2\n  size: 296, 249\n  orig: 296, 249\n  offset: 0, 0\n  index: -1\n","textures":[{"__uuid__":"8cqef8XSpHjbx5rKvSOvl4"}],"textureNames":["chimdien.png"]}