{"__type__":"sp.SkeletonData","_name":"avenger_bg_jackpot","_skeletonJson":{"skeleton":{"hash":"AvSOjz9yV1nHRgQ4ptnk/2OAJl4","spine":"3.6.53","width":949.62,"height":416.25,"images":"../../AE TOP BOARD/EFFECT TOP BOARD FIX/RESIZE/"},"bones":[{"name":"root"},{"name":"BF","parent":"root","scaleX":2.25,"scaleY":2.25},{"name":"bone3","parent":"root","x":415.26},{"name":"bone","parent":"bone3","x":16.35,"y":-40.63,"scaleX":0.659,"scaleY":0.667},{"name":"bone2","parent":"bone3","rotation":-180,"x":-28.32,"y":17.78,"scaleX":0.433,"scaleY":0.537}],"slots":[{"name":"EFFECT","bone":"BF","attachment":"_0036_Fix_00000"},{"name":"Avengers","bone":"bone3","attachment":"Avengers"},{"name":"1","bone":"bone","attachment":"1","blend":"screen"},{"name":"2","bone":"bone2","attachment":"1","blend":"screen"}],"skins":{"default":{"1":{"1":{"x":-9.67,"y":8.99,"width":434,"height":284}},"2":{"1":{"x":-12.17,"y":5.03,"width":434,"height":284}},"Avengers":{"Avengers":{"x":-19.19,"y":-7.8,"width":313,"height":114}},"EFFECT":{"_0001_Fix_00035":{"width":339,"height":185},"_0002_Fix_00034":{"width":339,"height":185},"_0003_Fix_00033":{"width":339,"height":185},"_0004_Fix_00032":{"width":339,"height":185},"_0005_Fix_00031":{"width":339,"height":185},"_0006_Fix_00030":{"width":339,"height":185},"_0007_Fix_00029":{"width":339,"height":185},"_0008_Fix_00028":{"width":339,"height":185},"_0009_Fix_00027":{"width":339,"height":185},"_0010_Fix_00026":{"width":339,"height":185},"_0011_Fix_00025":{"width":339,"height":185},"_0012_Fix_00024":{"width":339,"height":185},"_0013_Fix_00023":{"width":339,"height":185},"_0014_Fix_00022":{"width":339,"height":185},"_0015_Fix_00021":{"width":339,"height":185},"_0016_Fix_00020":{"width":339,"height":185},"_0017_Fix_00019":{"width":339,"height":185},"_0018_Fix_00018":{"width":339,"height":185},"_0019_Fix_00017":{"width":339,"height":185},"_0020_Fix_00016":{"width":339,"height":185},"_0021_Fix_00015":{"width":339,"height":185},"_0022_Fix_00014":{"width":339,"height":185},"_0023_Fix_00013":{"width":339,"height":185},"_0024_Fix_00012":{"width":339,"height":185},"_0025_Fix_00011":{"width":339,"height":185},"_0026_Fix_00010":{"width":339,"height":185},"_0027_Fix_00009":{"width":339,"height":185},"_0028_Fix_00008":{"width":339,"height":185},"_0029_Fix_00007":{"width":339,"height":185},"_0030_Fix_00006":{"width":339,"height":185},"_0031_Fix_00005":{"width":339,"height":185},"_0032_Fix_00004":{"width":339,"height":185},"_0033_Fix_00003":{"width":339,"height":185},"_0034_Fix_00002":{"width":339,"height":185},"_0035_Fix_00001":{"width":339,"height":185},"_0036_Fix_00000":{"width":339,"height":185}}}},"animations":{"avenger_bg_jackpot":{"slots":{"1":{"color":[{"time":0,"color":"ffffff00"},{"time":0.6667,"color":"ffffffff","curve":"stepped"},{"time":1.6667,"color":"ffffffff"},{"time":2.3667,"color":"ffffff00"}]},"2":{"color":[{"time":0,"color":"ffffff00"},{"time":0.6667,"color":"ffffffff","curve":"stepped"},{"time":1.6667,"color":"ffffffff"},{"time":2.3667,"color":"ffffff00"}]},"EFFECT":{"attachment":[{"time":0,"name":"_0036_Fix_00000"},{"time":0.0333,"name":"_0035_Fix_00001"},{"time":0.0667,"name":"_0034_Fix_00002"},{"time":0.1,"name":"_0033_Fix_00003"},{"time":0.1333,"name":"_0032_Fix_00004"},{"time":0.1667,"name":"_0031_Fix_00005"},{"time":0.2,"name":"_0030_Fix_00006"},{"time":0.2333,"name":"_0029_Fix_00007"},{"time":0.2667,"name":"_0028_Fix_00008"},{"time":0.3,"name":"_0027_Fix_00009"},{"time":0.3333,"name":"_0026_Fix_00010"},{"time":0.3667,"name":"_0025_Fix_00011"},{"time":0.4,"name":"_0024_Fix_00012"},{"time":0.4333,"name":"_0023_Fix_00013"},{"time":0.4667,"name":"_0022_Fix_00014"},{"time":0.5,"name":"_0021_Fix_00015"},{"time":0.5333,"name":"_0020_Fix_00016"},{"time":0.5667,"name":"_0019_Fix_00017"},{"time":0.6,"name":"_0018_Fix_00018"},{"time":0.6333,"name":"_0017_Fix_00019"},{"time":0.6667,"name":"_0016_Fix_00020"},{"time":0.7,"name":"_0015_Fix_00021"},{"time":0.7333,"name":"_0014_Fix_00022"},{"time":0.7667,"name":"_0013_Fix_00023"},{"time":0.8,"name":"_0012_Fix_00024"},{"time":0.8333,"name":"_0011_Fix_00025"},{"time":0.8667,"name":"_0010_Fix_00026"},{"time":0.9,"name":"_0009_Fix_00027"},{"time":0.9333,"name":"_0008_Fix_00028"},{"time":0.9667,"name":"_0007_Fix_00029"},{"time":1,"name":"_0006_Fix_00030"},{"time":1.0333,"name":"_0005_Fix_00031"},{"time":1.0667,"name":"_0004_Fix_00032"},{"time":1.1,"name":"_0003_Fix_00033"},{"time":1.1333,"name":"_0002_Fix_00034"},{"time":1.1667,"name":"_0001_Fix_00035"},{"time":1.2,"name":"_0036_Fix_00000"},{"time":1.2333,"name":"_0035_Fix_00001"},{"time":1.2667,"name":"_0034_Fix_00002"},{"time":1.3,"name":"_0033_Fix_00003"},{"time":1.3333,"name":"_0032_Fix_00004"},{"time":1.3667,"name":"_0031_Fix_00005"},{"time":1.4,"name":"_0030_Fix_00006"},{"time":1.4333,"name":"_0029_Fix_00007"},{"time":1.4667,"name":"_0028_Fix_00008"},{"time":1.5,"name":"_0027_Fix_00009"},{"time":1.5333,"name":"_0026_Fix_00010"},{"time":1.5667,"name":"_0025_Fix_00011"},{"time":1.6,"name":"_0024_Fix_00012"},{"time":1.6333,"name":"_0023_Fix_00013"},{"time":1.6667,"name":"_0022_Fix_00014"},{"time":1.7,"name":"_0021_Fix_00015"},{"time":1.7333,"name":"_0020_Fix_00016"},{"time":1.7667,"name":"_0019_Fix_00017"},{"time":1.8,"name":"_0018_Fix_00018"},{"time":1.8333,"name":"_0017_Fix_00019"},{"time":1.8667,"name":"_0016_Fix_00020"},{"time":1.9,"name":"_0015_Fix_00021"},{"time":1.9333,"name":"_0014_Fix_00022"},{"time":1.9667,"name":"_0013_Fix_00023"},{"time":2,"name":"_0012_Fix_00024"},{"time":2.0333,"name":"_0011_Fix_00025"},{"time":2.0667,"name":"_0010_Fix_00026"},{"time":2.1,"name":"_0009_Fix_00027"},{"time":2.1333,"name":"_0008_Fix_00028"},{"time":2.1667,"name":"_0007_Fix_00029"},{"time":2.2,"name":"_0006_Fix_00030"},{"time":2.2333,"name":"_0005_Fix_00031"},{"time":2.2667,"name":"_0004_Fix_00032"},{"time":2.3,"name":"_0003_Fix_00033"},{"time":2.3333,"name":"_0002_Fix_00034"},{"time":2.3667,"name":"_0001_Fix_00035"}]}},"bones":{"bone":{"translate":[{"time":0,"x":-81.92,"y":0},{"time":2.3667,"x":31.18,"y":0}],"scale":[{"time":0,"x":0.804,"y":1},{"time":1.2,"x":1.197,"y":1},{"time":2.3667,"x":0.804,"y":1}]},"bone2":{"translate":[{"time":0,"x":89.5,"y":0},{"time":2.3667,"x":-30.34,"y":0}],"scale":[{"time":0,"x":1,"y":1},{"time":1.2,"x":1.2,"y":1},{"time":2.3667,"x":1,"y":1}]},"bone3":{"translate":[{"time":0,"x":0,"y":0},{"time":0.5667,"x":0,"y":2.94},{"time":1.1667,"x":0,"y":0},{"time":1.7667,"x":0,"y":-3.78},{"time":2.3667,"x":0,"y":0}]}}}}},"_atlasText":"\nskeleton.png\nsize: 1024,1024\nformat: RGBA8888\nfilter: Linear,Linear\nrepeat: none\nAvengers\n  rotate: false\n  xy: 1, 816\n  size: 313, 114\n  orig: 313, 114\n  offset: 0, 0\n  index: -1\n_0001_Fix_00035\n  rotate: false\n  xy: 315, 745\n  size: 339, 185\n  orig: 339, 185\n  offset: 0, 0\n  index: -1\n_0002_Fix_00034\n  rotate: false\n  xy: 655, 745\n  size: 339, 185\n  orig: 339, 185\n  offset: 0, 0\n  index: -1\n_0003_Fix_00033\n  rotate: false\n  xy: 1, 559\n  size: 339, 185\n  orig: 339, 185\n  offset: 0, 0\n  index: -1\n_0004_Fix_00032\n  rotate: false\n  xy: 341, 559\n  size: 339, 185\n  orig: 339, 185\n  offset: 0, 0\n  index: -1\n_0005_Fix_00031\n  rotate: false\n  xy: 681, 559\n  size: 339, 185\n  orig: 339, 185\n  offset: 0, 0\n  index: -1\n_0006_Fix_00030\n  rotate: false\n  xy: 1, 373\n  size: 339, 185\n  orig: 339, 185\n  offset: 0, 0\n  index: -1\n_0007_Fix_00029\n  rotate: false\n  xy: 341, 373\n  size: 339, 185\n  orig: 339, 185\n  offset: 0, 0\n  index: -1\n_0008_Fix_00028\n  rotate: false\n  xy: 681, 373\n  size: 339, 185\n  orig: 339, 185\n  offset: 0, 0\n  index: -1\n_0009_Fix_00027\n  rotate: false\n  xy: 1, 187\n  size: 339, 185\n  orig: 339, 185\n  offset: 0, 0\n  index: -1\n_0010_Fix_00026\n  rotate: false\n  xy: 341, 187\n  size: 339, 185\n  orig: 339, 185\n  offset: 0, 0\n  index: -1\n_0011_Fix_00025\n  rotate: false\n  xy: 681, 187\n  size: 339, 185\n  orig: 339, 185\n  offset: 0, 0\n  index: -1\n_0012_Fix_00024\n  rotate: false\n  xy: 1, 1\n  size: 339, 185\n  orig: 339, 185\n  offset: 0, 0\n  index: -1\n_0013_Fix_00023\n  rotate: false\n  xy: 341, 1\n  size: 339, 185\n  orig: 339, 185\n  offset: 0, 0\n  index: -1\n_0014_Fix_00022\n  rotate: false\n  xy: 681, 1\n  size: 339, 185\n  orig: 339, 185\n  offset: 0, 0\n  index: -1\n\nskeleton2.png\nsize: 1024,1024\nformat: RGBA8888\nfilter: Linear,Linear\nrepeat: none\n_0015_Fix_00021\n  rotate: false\n  xy: 1, 745\n  size: 339, 185\n  orig: 339, 185\n  offset: 0, 0\n  index: -1\n_0016_Fix_00020\n  rotate: false\n  xy: 341, 745\n  size: 339, 185\n  orig: 339, 185\n  offset: 0, 0\n  index: -1\n_0017_Fix_00019\n  rotate: false\n  xy: 681, 745\n  size: 339, 185\n  orig: 339, 185\n  offset: 0, 0\n  index: -1\n_0018_Fix_00018\n  rotate: false\n  xy: 1, 559\n  size: 339, 185\n  orig: 339, 185\n  offset: 0, 0\n  index: -1\n_0019_Fix_00017\n  rotate: false\n  xy: 341, 559\n  size: 339, 185\n  orig: 339, 185\n  offset: 0, 0\n  index: -1\n_0020_Fix_00016\n  rotate: false\n  xy: 681, 559\n  size: 339, 185\n  orig: 339, 185\n  offset: 0, 0\n  index: -1\n_0021_Fix_00015\n  rotate: false\n  xy: 1, 373\n  size: 339, 185\n  orig: 339, 185\n  offset: 0, 0\n  index: -1\n_0022_Fix_00014\n  rotate: false\n  xy: 341, 373\n  size: 339, 185\n  orig: 339, 185\n  offset: 0, 0\n  index: -1\n_0023_Fix_00013\n  rotate: false\n  xy: 681, 373\n  size: 339, 185\n  orig: 339, 185\n  offset: 0, 0\n  index: -1\n_0024_Fix_00012\n  rotate: false\n  xy: 1, 187\n  size: 339, 185\n  orig: 339, 185\n  offset: 0, 0\n  index: -1\n_0025_Fix_00011\n  rotate: false\n  xy: 341, 187\n  size: 339, 185\n  orig: 339, 185\n  offset: 0, 0\n  index: -1\n_0026_Fix_00010\n  rotate: false\n  xy: 681, 187\n  size: 339, 185\n  orig: 339, 185\n  offset: 0, 0\n  index: -1\n_0027_Fix_00009\n  rotate: false\n  xy: 1, 1\n  size: 339, 185\n  orig: 339, 185\n  offset: 0, 0\n  index: -1\n_0028_Fix_00008\n  rotate: false\n  xy: 341, 1\n  size: 339, 185\n  orig: 339, 185\n  offset: 0, 0\n  index: -1\n_0029_Fix_00007\n  rotate: false\n  xy: 681, 1\n  size: 339, 185\n  orig: 339, 185\n  offset: 0, 0\n  index: -1\n\nskeleton3.png\nsize: 1024,1024\nformat: RGBA8888\nfilter: Linear,Linear\nrepeat: none\n1\n  rotate: false\n  xy: 1, 559\n  size: 434, 284\n  orig: 434, 284\n  offset: 0, 0\n  index: -1\n_0030_Fix_00006\n  rotate: false\n  xy: 1, 373\n  size: 339, 185\n  orig: 339, 185\n  offset: 0, 0\n  index: -1\n_0031_Fix_00005\n  rotate: false\n  xy: 436, 658\n  size: 339, 185\n  orig: 339, 185\n  offset: 0, 0\n  index: -1\n_0032_Fix_00004\n  rotate: false\n  xy: 1, 187\n  size: 339, 185\n  orig: 339, 185\n  offset: 0, 0\n  index: -1\n_0033_Fix_00003\n  rotate: false\n  xy: 1, 1\n  size: 339, 185\n  orig: 339, 185\n  offset: 0, 0\n  index: -1\n_0034_Fix_00002\n  rotate: false\n  xy: 436, 472\n  size: 339, 185\n  orig: 339, 185\n  offset: 0, 0\n  index: -1\n_0035_Fix_00001\n  rotate: true\n  xy: 776, 504\n  size: 339, 185\n  orig: 339, 185\n  offset: 0, 0\n  index: -1\n_0036_Fix_00000\n  rotate: false\n  xy: 341, 286\n  size: 339, 185\n  orig: 339, 185\n  offset: 0, 0\n  index: -1\n","textures":[{"__uuid__":"eeKWIer+dLwZoOFUywo9e/"},{"__uuid__":"b6N8Y4nZJFX5HB5ziFChKD"},{"__uuid__":"545gHr/ZNJ05ushE9MqngF"}],"textureNames":["skeleton.png","skeleton2.png","skeleton3.png"]}