{"__type__":"dragonBones.DragonBonesAtlasAsset","_name":"zhangyuwang_tex","_atlasJson":"{\"width\":1930,\"SubTexture\":[{\"frameHeight\":547,\"y\":1017,\"frameWidth\":426,\"frameX\":-47,\"width\":298,\"frameY\":0,\"height\":503,\"name\":\"fish62_8\",\"x\":315},{\"frameHeight\":547,\"y\":514,\"frameWidth\":426,\"frameX\":-26,\"width\":323,\"frameY\":-1,\"height\":503,\"name\":\"fish62_9\",\"x\":1181},{\"frameHeight\":547,\"y\":525,\"frameWidth\":426,\"frameX\":-47,\"width\":309,\"frameY\":-2,\"height\":510,\"name\":\"fish62_10\",\"x\":766},{\"frameHeight\":547,\"y\":523,\"frameWidth\":426,\"frameX\":-50,\"width\":312,\"frameY\":-14,\"height\":506,\"name\":\"fish62_11\",\"x\":1},{\"frameHeight\":547,\"y\":1,\"frameWidth\":426,\"frameX\":-16,\"width\":404,\"frameY\":-32,\"height\":505,\"name\":\"fish62_13\",\"x\":399},{\"frameHeight\":547,\"y\":513,\"frameWidth\":426,\"frameX\":-16,\"width\":360,\"frameY\":-37,\"height\":506,\"name\":\"fish62_14\",\"x\":1556},{\"frameHeight\":547,\"y\":1,\"frameWidth\":426,\"frameX\":-5,\"width\":373,\"frameY\":-36,\"height\":511,\"name\":\"fish62_1\",\"x\":1181},{\"frameHeight\":547,\"y\":1,\"frameWidth\":426,\"frameX\":-6,\"width\":372,\"frameY\":-37,\"height\":510,\"name\":\"fish62_15\",\"x\":1556},{\"frameHeight\":547,\"y\":508,\"frameWidth\":426,\"frameX\":-11,\"width\":365,\"frameY\":-31,\"height\":507,\"name\":\"fish62_2\",\"x\":399},{\"frameHeight\":547,\"y\":1,\"frameWidth\":426,\"frameX\":-2,\"width\":374,\"frameY\":-2,\"height\":522,\"name\":\"fish62_4\",\"x\":805},{\"frameHeight\":547,\"y\":1,\"frameWidth\":426,\"frameX\":-30,\"width\":396,\"frameY\":0,\"height\":520,\"name\":\"fish62_5\",\"x\":1},{\"frameHeight\":547,\"y\":1019,\"frameWidth\":426,\"frameX\":-47,\"width\":300,\"frameY\":0,\"height\":499,\"name\":\"fish62_7\",\"x\":1077}],\"height\":1522,\"name\":\"zhangyuwang\",\"imagePath\":\"zhangyuwang_tex.png\"}","_texture":{"__uuid__":"175SH1aI9D4KitkUIUOExk"},"texture":{"__uuid__":"175SH1aI9D4KitkUIUOExk"}}