{"__type__":"sp.SkeletonData","_name":"bigba","_skeletonJson":{"skeleton":{"hash":"Q15E2yqPNBdjFGSjlf2heGZPrpY","spine":"3.7.94","width":296,"height":249,"images":"./images/","audio":"C:/Users/Toanp/OneDrive/Máy tính/giao dien r79/spine/ic_bigbaboll"},"bones":[{"name":"root","x":3.97,"y":5.29},{"name":"Layer 120","parent":"root","x":-91.12,"y":-21.9},{"name":"Layer 119","parent":"root","x":-11.8,"y":46.84},{"name":"Layer 121","parent":"root","x":-15.77,"y":-25.87},{"name":"Layer 122","parent":"root","x":87.35,"y":-23.22},{"name":"Layer 117","parent":"root","x":-2.55,"y":-70.82}],"slots":[{"name":"Layer 78","bone":"root","attachment":"Layer 78"},{"name":"Layer 119","bone":"Layer 119","attachment":"Layer 119"},{"name":"Layer 120","bone":"Layer 120","attachment":"Layer 120"},{"name":"Layer 121","bone":"Layer 121","attachment":"Layer 121"},{"name":"Layer 122","bone":"Layer 122","attachment":"Layer 122"},{"name":"Layer 117","bone":"Layer 117","attachment":"Layer 117"}],"skins":{"default":{"Layer 117":{"Layer 117":{"x":-7.65,"y":6.72,"width":172,"height":87}},"Layer 119":{"Layer 119":{"x":7.1,"y":-9.44,"width":161,"height":114}},"Layer 120":{"Layer 120":{"x":6.42,"y":3.3,"width":125,"height":102}},"Layer 121":{"Layer 121":{"x":5.07,"y":-2.73,"width":85,"height":88}},"Layer 122":{"Layer 122":{"x":-1.05,"y":1.12,"width":91,"height":81}},"Layer 78":{"Layer 78":{"x":-5.2,"y":-5.1,"width":296,"height":249}}}},"animations":{"animation":{"bones":{"Layer 117":{"scale":[{"time":0,"x":1,"y":1,"curve":[0.25,0,0.75,1]},{"time":0.5,"x":1.18,"y":1.18,"curve":[0.25,0,0.75,1]},{"time":1,"x":1,"y":1,"curve":[0.25,0,0.75,1]},{"time":1.5,"x":1.18,"y":1.18,"curve":[0.25,0,0.75,1]},{"time":2,"x":1,"y":1}]},"Layer 120":{"translate":[{"time":0,"x":0,"y":0,"curve":[0.25,0,0.75,1]},{"time":1,"x":1.65,"y":-15.69,"curve":[0.25,0,0.75,1]},{"time":2,"x":0,"y":0}]},"Layer 121":{"rotate":[{"time":0,"angle":0,"curve":[0.25,0,0.75,1]},{"time":1,"angle":23.39,"curve":[0.25,0,0.75,1]},{"time":2,"angle":0}],"translate":[{"time":0,"x":0,"y":0,"curve":[0.25,0,0.75,1]},{"time":1,"x":0,"y":13.05,"curve":[0.25,0,0.75,1]},{"time":2,"x":0,"y":0}]},"Layer 122":{"rotate":[{"time":0,"angle":0,"curve":[0.25,0,0.75,1]},{"time":1,"angle":-25.79,"curve":[0.25,0,0.75,1]},{"time":2,"angle":0}],"translate":[{"time":0,"x":0,"y":0,"curve":[0.25,0,0.75,1]},{"time":1,"x":0,"y":-15.06,"curve":[0.25,0,0.75,1]},{"time":2,"x":0,"y":0}]},"Layer 119":{"scale":[{"time":0,"x":1,"y":1,"curve":[0.25,0,0.75,1]},{"time":1,"x":1.435,"y":1.435,"curve":[0.25,0,0.75,1]},{"time":2,"x":1,"y":1}]}}}}},"_atlasText":"\nbigba.png\nsize: 1024,256\nformat: RGBA8888\nfilter: Linear,Linear\nrepeat: none\nLayer 117\n  rotate: false\n  xy: 463, 164\n  size: 172, 87\n  orig: 172, 87\n  offset: 0, 0\n  index: -1\nLayer 119\n  rotate: false\n  xy: 300, 137\n  size: 161, 114\n  orig: 161, 114\n  offset: 0, 0\n  index: -1\nLayer 120\n  rotate: false\n  xy: 300, 33\n  size: 125, 102\n  orig: 125, 102\n  offset: 0, 0\n  index: -1\nLayer 121\n  rotate: true\n  xy: 637, 166\n  size: 85, 88\n  orig: 85, 88\n  offset: 0, 0\n  index: -1\nLayer 122\n  rotate: false\n  xy: 727, 170\n  size: 91, 81\n  orig: 91, 81\n  offset: 0, 0\n  index: -1\nLayer 78\n  rotate: false\n  xy: 2, 2\n  size: 296, 249\n  orig: 296, 249\n  offset: 0, 0\n  index: -1\n","textures":[{"__uuid__":"1dr1jTKXJAJKEvLc5QgDZn"}],"textureNames":["bigba.png"]}