{"__type__":"dragonBones.DragonBonesAtlasAsset","_name":"shenhaifufengwang_shadow_tex","_atlasJson":"{\"width\":1024,\"imagePath\":\"shenhaifufengwang_shadow_tex.png\",\"height\":1024,\"name\":\"shenhaifufengwang_shadow\",\"SubTexture\":[{\"y\":242,\"frameX\":-126,\"frameHeight\":512,\"frameY\":-141,\"width\":299,\"frameWidth\":512,\"height\":237,\"name\":\"00000020\",\"x\":1},{\"y\":481,\"frameX\":-128,\"frameHeight\":512,\"frameY\":-136,\"width\":279,\"frameWidth\":512,\"height\":247,\"name\":\"00000045\",\"x\":1},{\"y\":1,\"frameX\":-130,\"frameHeight\":512,\"frameY\":-106,\"width\":300,\"frameWidth\":512,\"height\":239,\"name\":\"00000015\",\"x\":1},{\"y\":461,\"frameX\":-121,\"frameHeight\":512,\"frameY\":-172,\"width\":269,\"frameWidth\":512,\"height\":204,\"name\":\"00000030\",\"x\":302},{\"y\":1,\"frameX\":-132,\"frameHeight\":512,\"frameY\":-97,\"width\":302,\"frameWidth\":512,\"height\":220,\"name\":\"00000010\",\"x\":603},{\"y\":730,\"frameX\":-122,\"frameHeight\":512,\"frameY\":-170,\"width\":289,\"frameWidth\":512,\"height\":218,\"name\":\"00000025\",\"x\":1},{\"y\":223,\"frameX\":-132,\"frameHeight\":512,\"frameY\":-97,\"width\":306,\"frameWidth\":512,\"height\":205,\"name\":\"00000005\",\"x\":603},{\"y\":430,\"frameX\":-122,\"frameHeight\":512,\"frameY\":-171,\"width\":255,\"frameWidth\":512,\"height\":203,\"name\":\"00000035\",\"x\":573},{\"y\":1,\"frameX\":-131,\"frameHeight\":512,\"frameY\":-107,\"width\":298,\"frameWidth\":512,\"height\":233,\"name\":\"00000000\",\"x\":303},{\"y\":236,\"frameX\":-124,\"frameHeight\":512,\"frameY\":-159,\"width\":266,\"frameWidth\":512,\"height\":223,\"name\":\"00000040\",\"x\":303}]}","_texture":{"__uuid__":"84Fvl63WZLZ441gVR7jdFf"},"texture":{"__uuid__":"84Fvl63WZLZ441gVR7jdFf"}}