{"__type__":"cc.AnimationClip","_name":"noHu","_duration":4,"wrapMode":"2","curveData":{"paths":{"logo":{"props":{"scale":[{"frame":0.6666666666666666,"value":{"__type__":"cc.Vec2","x":1,"y":1}},{"frame":0.8333333333333334,"value":{"__type__":"cc.Vec2","x":1.3,"y":1.3}},{"frame":1,"value":{"__type__":"cc.Vec2","x":1,"y":1}},{"frame":1.1666666666666667,"value":{"__type__":"cc.Vec2","x":1.3,"y":1.3}},{"frame":1.3333333333333333,"value":{"__type__":"cc.Vec2","x":1,"y":1}},{"frame":2.25,"value":{"__type__":"cc.Vec2","x":1,"y":1}},{"frame":2.4166666666666665,"value":{"__type__":"cc.Vec2","x":1.3,"y":1.3}},{"frame":2.5833333333333335,"value":{"__type__":"cc.Vec2","x":1,"y":1}},{"frame":2.75,"value":{"__type__":"cc.Vec2","x":1.3,"y":1.3}},{"frame":2.9166666666666665,"value":{"__type__":"cc.Vec2","x":1,"y":1}}],"position":[{"frame":0,"value":[1024,201],"motionPath":[]},{"frame":0.08333333333333333,"value":[608,14],"motionPath":[]},{"frame":0.16666666666666666,"value":[328,-188],"motionPath":[]},{"frame":0.25,"value":[83,-161],"motionPath":[]},{"frame":0.3333333333333333,"value":[0,0],"motionPath":[]}],"angle":[{"frame":0,"value":360},{"frame":0.3333333333333333,"value":0}]}},"star1":{"props":{"active":[{"frame":0,"value":false},{"frame":0.3333333333333333,"value":true}]}},"star1/star2":{"props":{"angle":[{"frame":0.3333333333333333,"value":0},{"frame":4,"value":160}]}},"star1/star3":{"props":{"angle":[{"frame":0.3333333333333333,"value":0},{"frame":4,"value":60}]}}}}}