{"__type__":"sp.SkeletonData","_name":"ICON","_skeletonJson":{"skeleton":{"hash":"YRCu8p4jwc4xYD0H/fzpxgqp6AU","spine":"3.6.53","width":248,"height":378,"images":"../Images/"},"bones":[{"name":"root"},{"name":"bone","parent":"root","length":60.55,"rotation":89.55,"x":0.27,"y":-25.9},{"name":"bone2","parent":"bone","length":92.28,"rotation":-1.31,"x":60.54,"y":0.47},{"name":"bone3","parent":"root","length":111.04,"rotation":106.58,"x":-24.32,"y":145.8},{"name":"bone4","parent":"root","length":43.56,"rotation":96.01,"x":-11.85,"y":-51.88},{"name":"bone5","parent":"bone2","length":33.34,"rotation":16.89,"x":16.32,"y":24.13},{"name":"bone6","parent":"bone2","length":33.23,"rotation":-12.64,"x":19.15,"y":-25.4}],"slots":[{"name":"BG","bone":"root","attachment":"BG"},{"name":"AD","bone":"root","attachment":"AD"},{"name":"LIGHT3","bone":"bone5","attachment":"LIGHT"},{"name":"LIGHT","bone":"root"},{"name":"LIGHT4","bone":"bone6","attachment":"LIGHT2"},{"name":"LIGHT2","bone":"root"},{"name":"MEDUSA2","bone":"bone4","attachment":"MEDUSA"},{"name":"MEDUSA","bone":"root"}],"skins":{"default":{"AD":{"AD":{"type":"mesh","uvs":[1,0.19644,1,0.53344,1,1,0.73677,1,0.24202,1,0,1,0,0.7479,0,0.53344,0,0.1995,0,0,0.4637,0,0.70694,0,1,0,0.4893,0.78693,0.35616,0.65137,0.26654,0.49203,0.25886,0.30652,0.33567,0.14242,0.52259,0.10912,0.72999,0.22328,0.75559,0.385,0.69158,0.6157,0.60196,0.7251,0.23581,0.75364,0.12315,0.58478,0.07194,0.38263,0.14876,0.19712,0.24093,0.06394,0.85545,0.16383,0.92714,0.32317,0.85552,0.77853,0.08369,0.85819],"triangles":[3,30,2,30,1,2,4,13,3,13,22,3,3,22,30,5,31,4,31,23,4,13,23,14,13,4,23,5,6,31,31,6,23,13,14,22,22,21,30,30,21,1,6,24,23,23,24,14,6,7,24,22,14,21,24,15,14,14,15,20,21,14,20,20,16,18,21,20,1,20,18,19,16,17,18,15,24,25,20,29,1,29,0,1,24,7,25,7,8,25,25,16,15,20,15,16,20,19,29,25,26,16,25,8,26,19,28,29,29,28,0,16,26,17,18,11,19,19,11,28,8,9,26,26,27,17,26,9,27,28,12,0,28,11,12,17,10,18,17,27,10,18,10,11,27,9,10],"vertices":[2,1,143.81,-122.31,0.04466,2,86.07,-120.84,0.95534,2,1,53.84,-123.01,0.509,2,-3.87,-123.6,0.491,2,1,-70.73,-123.98,0.99122,2,-128.38,-127.43,0.00878,2,1,-71.24,-58.7,0.99979,2,-130.39,-62.19,0.00021,2,1,-72.2,63.99,0.98319,2,-134.16,60.46,0.01681,2,1,-72.67,124.01,0.95521,2,-136.01,120.45,0.04479,2,1,-5.36,124.54,0.80058,2,-68.73,122.52,0.19942,2,1,51.9,124.98,0.43867,2,-11.5,124.28,0.56133,2,1,141.06,125.68,0.03022,2,77.62,127.02,0.96978,1,2,130.86,128.66,1,1,2,134.4,13.72,1,1,2,136.26,-46.58,1,2,1,196.26,-121.9,0.00001,2,138.49,-119.22,0.99999,2,1,-14.83,3.11,0.99936,2,-75.42,0.91,0.00064,2,1,21.1,36.41,0.8547,2,-40.25,35.03,0.1453,2,1,63.47,58.97,0.34143,2,1.59,58.55,0.65857,2,1,112.99,61.26,0.04523,2,51.04,61.98,0.95477,1,2,95.42,44.28,1,1,2,105.73,-1.78,1,2,1,136.12,-55.4,0.01852,2,76.84,-54.12,0.98148,2,1,92.99,-62.09,0.16762,2,33.88,-61.8,0.83238,2,1,31.28,-46.69,0.79349,2,-28.18,-47.83,0.20651,2,1,1.89,-24.7,0.98707,2,-58.05,-26.51,0.01293,2,1,-6.43,66.04,0.87644,2,-68.46,64.02,0.12356,2,1,38.43,94.34,0.5473,2,-24.26,93.33,0.4527,2,1,92.3,107.46,0.1791,2,29.3,107.68,0.8209,2,1,141.98,88.79,0.02,2,79.39,90.17,0.98,2,1,177.72,66.21,0.00001,2,115.64,68.41,0.99999,2,1,152.24,-86.39,0.02031,2,93.67,-84.74,0.97969,2,1,109.84,-104.5,0.14614,2,51.69,-103.82,0.85386,2,1,-11.88,-87.69,0.91248,2,-70.38,-89.8,0.08752,2,1,-34.64,103.55,0.91448,2,-97.53,100.87,0.08552],"hull":13,"edges":[18,20,20,22,22,24,4,2,10,12,12,14,14,16,16,18,2,0,0,24,4,6,6,8,8,10],"width":248,"height":267}},"BG":{"BG":{"width":224,"height":378}},"LIGHT3":{"LIGHT":{"x":-5.64,"y":-6.29,"rotation":-105.12,"width":155,"height":123}},"LIGHT4":{"LIGHT2":{"x":6.97,"y":-7.46,"rotation":-75.6,"width":155,"height":123}},"MEDUSA2":{"MEDUSA":{"x":-5.2,"y":-9.06,"rotation":-96.01,"width":234,"height":71}}}},"animations":{"animation":{"slots":{"LIGHT3":{"color":[{"time":0,"color":"ffffff00"},{"time":0.3333,"color":"ffffffff"},{"time":0.6667,"color":"ffffff00"},{"time":1,"color":"ffffffff"},{"time":1.3333,"color":"ffffff00"}]},"LIGHT4":{"color":[{"time":0,"color":"ffffff00"},{"time":0.3333,"color":"ffffffff"},{"time":0.6667,"color":"ffffff00"},{"time":1,"color":"ffffffff"},{"time":1.3333,"color":"ffffff00"}]}},"bones":{"bone6":{"rotate":[{"time":0,"angle":0}],"translate":[{"time":0,"x":0,"y":0}],"scale":[{"time":0,"x":1,"y":1},{"time":0.3333,"x":1.346,"y":1.346},{"time":0.6667,"x":0.557,"y":0.557,"curve":"stepped"},{"time":1.3333,"x":0.557,"y":0.557}]},"bone5":{"rotate":[{"time":0,"angle":0}],"translate":[{"time":0,"x":0,"y":0}],"scale":[{"time":0,"x":1,"y":1},{"time":0.3333,"x":1.346,"y":1.346},{"time":0.6667,"x":0.557,"y":0.557,"curve":"stepped"},{"time":1.3333,"x":0.557,"y":0.557}]},"root":{"rotate":[{"time":0,"angle":0,"curve":"stepped"},{"time":2.6667,"angle":0}],"translate":[{"time":0,"x":0,"y":0,"curve":"stepped"},{"time":2.6667,"x":0,"y":0}],"scale":[{"time":0,"x":1,"y":1,"curve":"stepped"},{"time":2.6667,"x":1,"y":1}]},"bone":{"rotate":[{"time":0,"angle":0,"curve":"stepped"},{"time":2.6667,"angle":0}],"translate":[{"time":0,"x":0,"y":0,"curve":"stepped"},{"time":2.6667,"x":0,"y":0}],"scale":[{"time":0,"x":0.881,"y":0.881,"curve":[0.25,0,0.75,1]},{"time":0.6667,"x":1.037,"y":1.037,"curve":"stepped"},{"time":2,"x":1.037,"y":1.037,"curve":[0.25,0,0.75,1]},{"time":2.6667,"x":0.881,"y":0.881}]},"bone2":{"rotate":[{"time":0,"angle":0}],"translate":[{"time":0,"x":0,"y":0}],"scale":[{"time":0,"x":1,"y":1}]},"bone3":{"rotate":[{"time":0,"angle":0}],"translate":[{"time":0,"x":0,"y":0}],"scale":[{"time":0,"x":1,"y":1}]},"bone4":{"rotate":[{"time":0,"angle":0,"curve":"stepped"},{"time":2.6667,"angle":0}],"translate":[{"time":0,"x":0,"y":5.7,"curve":"stepped"},{"time":2.6667,"x":0,"y":5.7}],"scale":[{"time":0,"x":1.028,"y":1.028,"curve":[0.25,0,0.75,1]},{"time":1.3333,"x":0.914,"y":0.914,"curve":[0.25,0,0.75,1]},{"time":2.6667,"x":1.028,"y":1.028}]}},"deform":{"default":{"AD":{"AD":[{"time":0,"vertices":[-0.55928,-0.00437,-0.55899,-0.0172,-0.55928,-0.00437,-0.55899,-0.0172,-0.55928,-0.00437,-0.55899,-0.0172,-0.55928,-0.00437,-0.55899,-0.0172,-0.55928,-0.00437,-0.55899,-0.0172,-0.55928,-0.00437,-0.55899,-0.0172,-0.55928,-0.00437,-0.55899,-0.0172,-0.55928,-0.00437,-0.55899,-0.0172,-0.55928,-0.00437,-0.55899,-0.0172,0,0,-0.55899,-0.0172,-0.55899,-0.0172,0,0,0,0,0,0,0,0,-0.55928,-0.00437,-0.55899,-0.0172,-0.55928,-0.00437,-0.55899,-0.0172,-0.55928,-0.00437,-0.55899,-0.0172,-0.55899,-0.0172,-0.55899,-0.0172,-0.55928,-0.00437,-0.55899,-0.0172,-0.55928,-0.00437,-0.55899,-0.0172,-0.55928,-0.00437,-0.55899,-0.0172,-0.55928,-0.00437,-0.55899,-0.0172,-0.55928,-0.00437,-0.55899,-0.0172,-0.55928,-0.00437,-0.55899,-0.0172,0,0,0,0,-0.55928,-0.00437,-0.55899,-0.0172,0,0,0,0,-0.55928,-0.00437,-0.55899,-0.0172,-0.55928,-0.00437,-0.55899,-0.0172,-0.55928,-0.00437,-0.55899,-0.0172,-0.55928,-0.00437,-0.55899,-0.0172],"curve":[0.25,0,0.75,1]},{"time":1.3333,"offset":4,"vertices":[2.03884,9.52561,1.81974,9.56989,0,0,0,0,6.062,-1.4653,6.09403,-1.32582,8.57112,0.06696,8.56731,0.26361,0,0,0,0,0,0,0,0,-0.34415,-6.29619,-0.1996,-6.30243,0,0,0,0,0,0,0,0,-5.42729,-1.53562,0,0,0,0,0,0,0,0,0,0,0,0,0,0,0,0,0,0,0,0,0,0,0,0,1.8168,0.92623,1.79507,0.96767,0,0,0,0,0,0,0,0,0,0,0,0,8.58548,8.72064,8.38312,8.91534,4.41564,-11.37253,4.67541,-11.26822,-5.05478,-7.51302,-4.88108,-7.62703,0,0,0,0,0,0,0,0,-3.68347,4.53135,-3.78647,4.44564,2.64961,-1.03594,2.67277,-0.97488,4.49251,10.00753,4.2617,10.10798],"curve":[0.25,0,0.75,1]},{"time":2.6667,"vertices":[-0.55928,-0.00437,-0.55899,-0.0172,-0.55928,-0.00437,-0.55899,-0.0172,-0.55928,-0.00437,-0.55899,-0.0172,-0.55928,-0.00437,-0.55899,-0.0172,-0.55928,-0.00437,-0.55899,-0.0172,-0.55928,-0.00437,-0.55899,-0.0172,-0.55928,-0.00437,-0.55899,-0.0172,-0.55928,-0.00437,-0.55899,-0.0172,-0.55928,-0.00437,-0.55899,-0.0172,0,0,-0.55899,-0.0172,-0.55899,-0.0172,0,0,0,0,0,0,0,0,-0.55928,-0.00437,-0.55899,-0.0172,-0.55928,-0.00437,-0.55899,-0.0172,-0.55928,-0.00437,-0.55899,-0.0172,-0.55899,-0.0172,-0.55899,-0.0172,-0.55928,-0.00437,-0.55899,-0.0172,-0.55928,-0.00437,-0.55899,-0.0172,-0.55928,-0.00437,-0.55899,-0.0172,-0.55928,-0.00437,-0.55899,-0.0172,-0.55928,-0.00437,-0.55899,-0.0172,-0.55928,-0.00437,-0.55899,-0.0172,0,0,0,0,-0.55928,-0.00437,-0.55899,-0.0172,0,0,0,0,-0.55928,-0.00437,-0.55899,-0.0172,-0.55928,-0.00437,-0.55899,-0.0172,-0.55928,-0.00437,-0.55899,-0.0172,-0.55928,-0.00437,-0.55899,-0.0172]}]}}}}}},"_atlasText":"\nICON.png\nsize: 1024,256\nformat: RGBA8888\nfilter: Linear,Linear\nrepeat: none\nAD\n  rotate: true\n  xy: 382, 2\n  size: 248, 267\n  orig: 248, 267\n  offset: 0, 0\n  index: -1\nBG\n  rotate: true\n  xy: 2, 26\n  size: 224, 378\n  orig: 224, 378\n  offset: 0, 0\n  index: -1\nLIGHT\n  rotate: false\n  xy: 651, 54\n  size: 155, 123\n  orig: 155, 123\n  offset: 0, 0\n  index: -1\nLIGHT2\n  rotate: false\n  xy: 808, 54\n  size: 155, 123\n  orig: 155, 123\n  offset: 0, 0\n  index: -1\nMEDUSA\n  rotate: false\n  xy: 651, 179\n  size: 234, 71\n  orig: 234, 71\n  offset: 0, 0\n  index: -1\n","textures":[{"__uuid__":"f9mBHxJRNGM61KBEhFWLtU"}],"textureNames":["ICON.png"]}