{"__type__":"sp.SkeletonData","_name":"xocdia","_skeletonJson":{"skeleton":{"hash":"42nGbkwc6FATgZHtMs9W6n+rkEc","spine":"3.7.94","width":296,"height":249,"images":"./images/","audio":"C:/Users/Toanp/OneDrive/Máy tính/giao dien r79/spine/ic_xoc dia"},"bones":[{"name":"root","x":6.57,"y":9.85},{"name":"bone","parent":"root","x":16.27,"y":19.27},{"name":"Layer 6797","parent":"bone","x":-2.84,"y":11.29},{"name":"Layer 6798","parent":"bone","x":-5.12,"y":-4.12},{"name":"Layer 6799 copy","parent":"bone","x":13.72,"y":-7.55},{"name":"Layer 6799","parent":"bone","x":-21.68,"y":-7.55},{"name":"xóc đĩa","parent":"root","x":4.29,"y":-72.22}],"slots":[{"name":"Layer 78 copy 2","bone":"root","attachment":"Layer 78 copy 2"},{"name":"Layer 6798","bone":"Layer 6798","attachment":"Layer 6798"},{"name":"Layer 6799","bone":"Layer 6799","attachment":"Layer 6799"},{"name":"Layer 6799 copy","bone":"Layer 6799 copy","attachment":"Layer 6799 copy"},{"name":"Layer 6797","bone":"Layer 6797","attachment":"Layer 6797"},{"name":"xóc đĩa","bone":"xóc đĩa","attachment":"xóc đĩa"}],"skins":{"default":{"Layer 6797":{"Layer 6797":{"x":5.72,"y":-6.37,"width":149,"height":111}},"Layer 6798":{"Layer 6798":{"x":7.62,"y":3.24,"width":178,"height":134}},"Layer 6799":{"Layer 6799":{"x":4.18,"y":-0.84,"width":32,"height":47}},"Layer 6799 copy":{"Layer 6799 copy":{"x":-0.72,"y":5.8,"scaleY":-1,"width":33,"height":48}},"Layer 78 copy 2":{"Layer 78 copy 2":{"x":1.77,"y":-0.12,"width":296,"height":249}},"xóc đĩa":{"xóc đĩa":{"x":-3.52,"y":4.1,"width":218,"height":55}}}},"animations":{"animation":{"bones":{"bone":{"rotate":[{"time":0,"angle":0},{"time":0.1,"angle":7.15},{"time":0.2,"angle":-9.03},{"time":0.3,"angle":9.13},{"time":0.4,"angle":-10.03},{"time":0.5,"angle":2.12}]},"Layer 6797":{"translate":[{"time":0.5,"x":0,"y":0},{"time":0.8333,"x":-83.09,"y":39.65,"curve":"stepped"},{"time":1.3333,"x":-83.09,"y":39.65},{"time":1.5,"x":0,"y":0}]},"xóc đĩa":{"scale":[{"time":0.7333,"x":1,"y":1},{"time":0.7667,"x":0.924,"y":0.924},{"time":0.8333,"x":1,"y":1},{"time":0.8667,"x":0.924,"y":0.924},{"time":0.9333,"x":1,"y":1},{"time":0.9667,"x":0.924,"y":0.924},{"time":1,"x":1,"y":1}]}}}}},"_atlasText":"\nxocdia.png\nsize: 1024,256\nformat: RGBA8888\nfilter: Linear,Linear\nrepeat: none\nLayer 6797\n  rotate: false\n  xy: 300, 4\n  size: 149, 111\n  orig: 149, 111\n  offset: 0, 0\n  index: -1\nLayer 6798\n  rotate: false\n  xy: 300, 117\n  size: 178, 134\n  orig: 178, 134\n  offset: 0, 0\n  index: -1\nLayer 6799\n  rotate: false\n  xy: 700, 204\n  size: 32, 47\n  orig: 32, 47\n  offset: 0, 0\n  index: -1\nLayer 6799 copy\n  rotate: false\n  xy: 480, 146\n  size: 33, 48\n  orig: 33, 48\n  offset: 0, 0\n  index: -1\nLayer 78 copy 2\n  rotate: false\n  xy: 2, 2\n  size: 296, 249\n  orig: 296, 249\n  offset: 0, 0\n  index: -1\nxóc đĩa\n  rotate: false\n  xy: 480, 196\n  size: 218, 55\n  orig: 218, 55\n  offset: 0, 0\n  index: -1\n","textures":[{"__uuid__":"432cxT/elNL7cy9xc9Twgb"}],"textureNames":["xocdia.png"]}