{"__type__":"dragonBones.DragonBonesAsset","_name":"kyby_paotai4_ske","_dragonBonesJson":"{\"frameRate\":24,\"name\":\"kyby_paotai4\",\"version\":\"5.5\",\"compatibleVersion\":\"5.5\",\"armature\":[{\"type\":\"Armature\",\"frameRate\":24,\"name\":\"kyby_paotai4\",\"aabb\":{\"x\":-138.7,\"y\":-175.9,\"width\":276,\"height\":299.16},\"bone\":[{\"name\":\"root\",\"transform\":{\"y\":44.9967}},{\"name\":\"paotai4＿lyrsuofang\",\"parent\":\"root\",\"transform\":{\"scX\":0.36,\"scY\":0.36}},{\"name\":\"paotai4＿lyrzong\",\"parent\":\"paotai4＿lyrsuofang\",\"transform\":{\"y\":241.3}},{\"length\":145,\"name\":\"paotai4＿lyrding\",\"parent\":\"paotai4＿lyrzong\",\"transform\":{\"y\":-247.8591,\"skX\":-90,\"skY\":-90}},{\"name\":\"number\",\"parent\":\"paotai4＿lyrding\",\"transform\":{\"x\":118.2039,\"skX\":90,\"skY\":90,\"scX\":2.7778,\"scY\":2.7778}},{\"length\":82,\"name\":\"paotai4＿lyrzhong002\",\"parent\":\"paotai4＿lyrding\",\"transform\":{\"x\":226.5409,\"y\":-0.9,\"skX\":0.4092,\"skY\":0.4092}},{\"length\":57,\"name\":\"paotai4＿lyrdi01\",\"parent\":\"paotai4＿lyrding\",\"transform\":{\"x\":194.3409,\"y\":-4.75,\"skX\":0.6465,\"skY\":0.6465}},{\"length\":64,\"name\":\"paotai4＿lyrzhong\",\"parent\":\"paotai4＿lyrding\",\"transform\":{\"x\":210.1909,\"y\":1,\"skX\":-0.4,\"skY\":-0.4}},{\"length\":153,\"name\":\"paotai4＿lyrding2\",\"parent\":\"paotai4＿lyrding\",\"transform\":{\"x\":224.2409,\"y\":-1.3,\"skX\":-0.1863,\"skY\":-0.1863}},{\"length\":45,\"name\":\"paotai4＿lyrdi1\",\"parent\":\"paotai4＿lyrdi01\",\"transform\":{\"x\":59.5131,\"y\":0.8285,\"skX\":-1.9671,\"skY\":-1.9671}},{\"length\":78,\"name\":\"paotai4＿lyrzhong02\",\"parent\":\"paotai4＿lyrzhong002\",\"transform\":{\"x\":87.4496,\"y\":-0.3746,\"skX\":-0.4092,\"skY\":-0.4092}},{\"length\":44,\"name\":\"paotai4＿lyrdi\",\"parent\":\"paotai4＿lyrdi1\",\"transform\":{\"x\":49.8064,\"y\":0.2979,\"skX\":1.8999,\"skY\":1.8999}},{\"length\":25,\"name\":\"paotai4＿lyrzhong2\",\"parent\":\"paotai4＿lyrzhong02\",\"transform\":{\"x\":89.25,\"y\":-0.45,\"skX\":0.9973,\"skY\":0.9973}},{\"name\":\"pao0001\",\"parent\":\"paotai4＿lyrzhong2\",\"transform\":{\"x\":1.3112,\"y\":0.4038,\"skX\":90,\"skY\":90,\"scX\":2.8,\"scY\":2.8}}],\"slot\":[{\"displayIndex\":2,\"name\":\"pao0001\",\"parent\":\"pao0001\"},{\"name\":\"paotai4＿lyrdi\",\"parent\":\"paotai4＿lyrdi\"},{\"name\":\"paotai4＿lyrzhong2\",\"parent\":\"paotai4＿lyrzhong2\"},{\"name\":\"paotai4＿lyrzhong\",\"parent\":\"paotai4＿lyrzhong\"},{\"name\":\"paotai4＿lyrding2\",\"parent\":\"paotai4＿lyrding2\"},{\"name\":\"paotai4＿lyrding\",\"parent\":\"paotai4＿lyrding\"},{\"displayIndex\":-1,\"name\":\"number\",\"parent\":\"number\"}],\"skin\":[{\"slot\":[{\"name\":\"paotai4＿lyrzhong\",\"display\":[{\"name\":\"zhong\",\"transform\":{\"x\":32.24,\"y\":1.28,\"skX\":90.4,\"skY\":90.4},\"path\":\"paotai4＿lyrzhong\"}]},{\"name\":\"paotai4＿lyrding2\",\"display\":[{\"name\":\"ding2\",\"transform\":{\"x\":63.7,\"y\":-0.44,\"skX\":90.19,\"skY\":90.19},\"path\":\"paotai4＿lyrding2\"}]},{\"name\":\"paotai4＿lyrdi\",\"display\":[{\"name\":\"di\",\"transform\":{\"x\":-34.67,\"y\":3.5,\"skX\":89.42,\"skY\":89.42},\"path\":\"paotai4＿lyrdi\"}]},{\"name\":\"paotai4＿lyrzhong2\",\"display\":[{\"name\":\"zhong2\",\"transform\":{\"x\":-69.8,\"y\":0.86,\"skX\":89,\"skY\":89},\"path\":\"paotai4＿lyrzhong2\"}]},{\"name\":\"paotai4＿lyrding\",\"display\":[{\"name\":\"ding\",\"transform\":{\"x\":127.44,\"y\":-1.95,\"skX\":90,\"skY\":90},\"path\":\"paotai4＿lyrding\"}]},{\"name\":\"pao0001\",\"display\":[{\"name\":\"pao0003\",\"transform\":{\"x\":-0.3,\"y\":-26}},{\"name\":\"pao0002\",\"transform\":{\"x\":-0.3,\"y\":-26}},{\"name\":\"pao0001\",\"transform\":{\"x\":-0.3,\"y\":-26}}]}]}],\"animation\":[{\"duration\":6,\"name\":\"appear\",\"bone\":[{\"name\":\"paotai4＿lyrzhong\",\"translateFrame\":[{\"duration\":4,\"tweenEasing\":0,\"x\":-76},{\"duration\":2}]},{\"name\":\"paotai4＿lyrdi01\",\"translateFrame\":[{\"duration\":5,\"tweenEasing\":0,\"x\":-100},{}],\"scaleFrame\":[{\"duration\":5,\"tweenEasing\":0,\"x\":0.55},{}]},{\"name\":\"paotai4＿lyrzhong002\",\"translateFrame\":[{\"duration\":6,\"tweenEasing\":0,\"x\":-228},{\"duration\":0}]},{\"name\":\"paotai4＿lyrding2\",\"translateFrame\":[{\"duration\":3,\"tweenEasing\":0,\"x\":-107},{\"duration\":3}],\"scaleFrame\":[{\"duration\":2,\"tweenEasing\":0,\"x\":0.5},{\"duration\":2,\"tweenEasing\":0,\"y\":0.85},{\"duration\":2}]},{\"name\":\"paotai4＿lyrsuofang\",\"scaleFrame\":[{\"duration\":3,\"tweenEasing\":0,\"x\":0.03,\"y\":0.03},{\"duration\":3}]}],\"slot\":[{\"name\":\"paotai4＿lyrdi\",\"colorFrame\":[{\"tweenEasing\":0,\"value\":{\"aM\":0}},{\"duration\":2,\"tweenEasing\":0,\"value\":{\"aM\":0}},{\"duration\":3}]},{\"name\":\"paotai4＿lyrzhong2\",\"colorFrame\":[{\"duration\":2,\"tweenEasing\":0,\"value\":{\"aM\":0}},{\"tweenEasing\":0,\"value\":{\"aM\":0}},{\"duration\":3}]},{\"name\":\"paotai4＿lyrzhong\",\"colorFrame\":[{\"duration\":2,\"tweenEasing\":0,\"value\":{\"aM\":0}},{\"tweenEasing\":0,\"value\":{\"aM\":0}},{\"duration\":3}]},{\"name\":\"paotai4＿lyrding2\",\"colorFrame\":[{\"tweenEasing\":0,\"value\":{\"aM\":0}},{\"duration\":2,\"tweenEasing\":0,\"value\":{\"aM\":0}},{\"duration\":3}]},{\"name\":\"paotai4＿lyrding\",\"colorFrame\":[{\"duration\":3,\"tweenEasing\":0,\"value\":{\"aM\":0}},{\"duration\":3}]},{\"name\":\"pao0001\",\"displayFrame\":[{\"duration\":6,\"value\":-1}]}]},{\"duration\":0,\"playTimes\":0,\"name\":\"stand\",\"slot\":[{\"name\":\"pao0001\",\"displayFrame\":[{\"duration\":0,\"value\":-1}]}]},{\"duration\":6,\"name\":\"disappear\",\"bone\":[{\"name\":\"paotai4＿lyrsuofang\",\"scaleFrame\":[{\"duration\":3},{\"duration\":3,\"tweenEasing\":0},{\"duration\":0,\"x\":0.03,\"y\":0.03}]},{\"name\":\"paotai4＿lyrzhong002\",\"translateFrame\":[{\"duration\":6,\"tweenEasing\":0},{\"duration\":0,\"x\":-228}]},{\"name\":\"paotai4＿lyrdi01\",\"translateFrame\":[{},{\"duration\":5,\"tweenEasing\":0},{\"duration\":0,\"x\":-100}],\"scaleFrame\":[{},{\"duration\":5,\"tweenEasing\":0},{\"duration\":0,\"x\":0.55}]},{\"name\":\"paotai4＿lyrzhong\",\"translateFrame\":[{\"duration\":2},{\"duration\":4,\"tweenEasing\":0},{\"duration\":0,\"x\":-76}]},{\"name\":\"paotai4＿lyrding2\",\"translateFrame\":[{\"duration\":3},{\"duration\":3,\"tweenEasing\":0},{\"duration\":0,\"x\":-107}],\"scaleFrame\":[{\"duration\":2},{\"duration\":2,\"tweenEasing\":0},{\"duration\":2,\"tweenEasing\":0,\"y\":0.85},{\"duration\":0,\"x\":0.5}]}],\"slot\":[{\"name\":\"paotai4＿lyrdi\",\"colorFrame\":[{\"duration\":3},{\"duration\":2,\"tweenEasing\":0},{\"value\":{\"aM\":0}}]},{\"name\":\"paotai4＿lyrzhong2\",\"colorFrame\":[{\"duration\":3},{\"tweenEasing\":0},{\"duration\":2,\"value\":{\"aM\":0}}]},{\"name\":\"paotai4＿lyrzhong\",\"colorFrame\":[{\"duration\":3},{\"tweenEasing\":0},{\"duration\":2,\"value\":{\"aM\":0}}]},{\"name\":\"paotai4＿lyrding2\",\"colorFrame\":[{\"duration\":3},{\"duration\":2,\"tweenEasing\":0},{\"value\":{\"aM\":0}}]},{\"name\":\"paotai4＿lyrding\",\"colorFrame\":[{\"duration\":3},{\"duration\":3,\"tweenEasing\":0},{\"duration\":0,\"value\":{\"aM\":0}}]},{\"name\":\"pao0001\",\"displayFrame\":[{\"duration\":6,\"value\":-1}]}]},{\"duration\":4,\"name\":\"fire\",\"bone\":[{\"name\":\"paotai4＿lyrding\",\"translateFrame\":[{\"tweenEasing\":0},{\"duration\":3,\"tweenEasing\":0,\"y\":64.34},{\"duration\":0}]},{\"name\":\"paotai4＿lyrzhong002\",\"translateFrame\":[{\"tweenEasing\":0},{\"duration\":3,\"tweenEasing\":0,\"x\":-56.12},{\"duration\":0}]},{\"name\":\"paotai4＿lyrdi01\",\"translateFrame\":[{\"tweenEasing\":0},{\"duration\":3,\"tweenEasing\":0,\"x\":-58.01},{\"duration\":0}]},{\"name\":\"paotai4＿lyrzhong\",\"translateFrame\":[{\"tweenEasing\":0},{\"duration\":3,\"tweenEasing\":0,\"x\":-14.29},{\"duration\":0}]},{\"name\":\"paotai4＿lyrding2\",\"translateFrame\":[{\"tweenEasing\":0},{\"duration\":3,\"tweenEasing\":0,\"x\":-57.14},{\"duration\":0}]}],\"slot\":[{\"name\":\"pao0001\",\"displayFrame\":[{\"value\":2},{\"duration\":2,\"value\":1},{},{\"duration\":0,\"value\":-1}]}]}],\"defaultActions\":[{\"gotoAndPlay\":\"appear\"}]}]}"}