{"__type__":"dragonBones.DragonBonesAtlasAsset","_name":"duobaoyu_shadow_tex","_atlasJson":"{\"width\":256,\"imagePath\":\"duobaoyu_shadow_tex.png\",\"height\":256,\"name\":\"duobaoyu_shadow\",\"SubTexture\":[{\"y\":190,\"frameX\":-471,\"frameHeight\":765,\"frameY\":-358,\"width\":80,\"frameWidth\":1020,\"height\":60,\"name\":\"00007\",\"x\":166},{\"y\":134,\"frameX\":-472,\"frameHeight\":765,\"frameY\":-361,\"width\":80,\"frameWidth\":1020,\"height\":61,\"name\":\"00005\",\"x\":84},{\"y\":1,\"frameX\":-471,\"frameHeight\":765,\"frameY\":-356,\"width\":81,\"frameWidth\":1020,\"height\":68,\"name\":\"00001\",\"x\":1},{\"y\":69,\"frameX\":-471,\"frameHeight\":765,\"frameY\":-362,\"width\":79,\"frameWidth\":1020,\"height\":63,\"name\":\"00003\",\"x\":84},{\"y\":71,\"frameX\":-471,\"frameHeight\":765,\"frameY\":-355,\"width\":81,\"frameWidth\":1020,\"height\":67,\"name\":\"00000\",\"x\":1},{\"y\":1,\"frameX\":-471,\"frameHeight\":765,\"frameY\":-359,\"width\":80,\"frameWidth\":1020,\"height\":66,\"name\":\"00002\",\"x\":84},{\"y\":127,\"frameX\":-472,\"frameHeight\":765,\"frameY\":-363,\"width\":79,\"frameWidth\":1020,\"height\":61,\"name\":\"00004\",\"x\":166},{\"y\":1,\"frameX\":-471,\"frameHeight\":765,\"frameY\":-359,\"width\":81,\"frameWidth\":1020,\"height\":61,\"name\":\"00006\",\"x\":166},{\"y\":140,\"frameX\":-472,\"frameHeight\":765,\"frameY\":-355,\"width\":79,\"frameWidth\":1020,\"height\":64,\"name\":\"00009\",\"x\":1},{\"y\":64,\"frameX\":-471,\"frameHeight\":765,\"frameY\":-357,\"width\":79,\"frameWidth\":1020,\"height\":61,\"name\":\"00008\",\"x\":166}]}","_texture":{"__uuid__":"c2Ftio4ddBaI71C9tSxY1T"},"texture":{"__uuid__":"c2Ftio4ddBaI71C9tSxY1T"}}