{"__type__":"dragonBones.DragonBonesAsset","_name":"huangjinchuitousha_ske","_dragonBonesJson":"{\"frameRate\":24,\"name\":\"huangjinchuitousha\",\"version\":\"5.5\",\"compatibleVersion\":\"5.5\",\"armature\":[{\"type\":\"Sheet\",\"frameRate\":24,\"name\":\"huangjinchuitousha\",\"aabb\":{\"x\":-153,\"y\":-85,\"width\":306,\"height\":170},\"bone\":[{\"name\":\"root\"}],\"slot\":[{\"displayIndex\":2,\"name\":\"sheetSlot\",\"parent\":\"root\"}],\"skin\":[{\"slot\":[{\"name\":\"sheetSlot\",\"display\":[{\"name\":\"huangjinchuitousha_00000\"},{\"name\":\"huangjinchuitousha_00001\"},{\"name\":\"huangjinchuitousha_00002\"},{\"name\":\"huangjinchuitousha_00003\"},{\"name\":\"huangjinchuitousha_00004\"},{\"name\":\"huangjinchuitousha_00005\"},{\"name\":\"huangjinchuitousha_00006\"},{\"name\":\"huangjinchuitousha_00007\"},{\"name\":\"huangjinchuitousha_00008\"},{\"name\":\"huangjinchuitousha_00009\"},{\"name\":\"huangjinchuitousha_00010\"},{\"name\":\"huangjinchuitousha_00011\"},{\"name\":\"huangjinchuitousha_00012\"},{\"name\":\"huangjinchuitousha_00013\"}]}]}],\"animation\":[{\"duration\":14,\"playTimes\":0,\"name\":\"huangjinchuitousha\",\"slot\":[{\"name\":\"sheetSlot\",\"displayFrame\":[{},{\"value\":1},{\"value\":2},{\"value\":3},{\"value\":4},{\"value\":5},{\"value\":6},{\"value\":7},{\"value\":8},{\"value\":9},{\"value\":10},{\"value\":11},{\"value\":12},{\"value\":13}]}]}],\"defaultActions\":[{\"gotoAndPlay\":\"huangjinchuitousha\"}]}]}"}