{"__type__":"dragonBones.DragonBonesAtlasAsset","_name":"jinjiahusha_shadow_tex","_atlasJson":"{\"width\":1024,\"imagePath\":\"jinjiahusha_shadow_tex.png\",\"height\":1024,\"name\":\"jinjiahusha_shadow\",\"SubTexture\":[{\"y\":340,\"frameX\":-407,\"frameHeight\":765,\"frameY\":-270,\"width\":300,\"frameWidth\":1020,\"height\":166,\"name\":\"00012\",\"x\":1},{\"y\":827,\"frameX\":-408,\"frameHeight\":765,\"frameY\":-273,\"width\":296,\"frameWidth\":1020,\"height\":159,\"name\":\"00008\",\"x\":300},{\"y\":840,\"frameX\":-408,\"frameHeight\":765,\"frameY\":-272,\"width\":297,\"frameWidth\":1020,\"height\":162,\"name\":\"00003\",\"x\":1},{\"y\":1,\"frameX\":-408,\"frameHeight\":765,\"frameY\":-271,\"width\":300,\"frameWidth\":1020,\"height\":168,\"name\":\"00014\",\"x\":1},{\"y\":328,\"frameX\":-408,\"frameHeight\":765,\"frameY\":-275,\"width\":297,\"frameWidth\":1020,\"height\":156,\"name\":\"00006\",\"x\":603},{\"y\":674,\"frameX\":-408,\"frameHeight\":765,\"frameY\":-272,\"width\":297,\"frameWidth\":1020,\"height\":164,\"name\":\"00002\",\"x\":1},{\"y\":168,\"frameX\":-408,\"frameHeight\":765,\"frameY\":-274,\"width\":296,\"frameWidth\":1020,\"height\":158,\"name\":\"00007\",\"x\":604},{\"y\":338,\"frameX\":-408,\"frameHeight\":765,\"frameY\":-271,\"width\":297,\"frameWidth\":1020,\"height\":164,\"name\":\"00010\",\"x\":303},{\"y\":171,\"frameX\":-408,\"frameHeight\":765,\"frameY\":-270,\"width\":300,\"frameWidth\":1020,\"height\":167,\"name\":\"00013\",\"x\":1},{\"y\":504,\"frameX\":-408,\"frameHeight\":765,\"frameY\":-272,\"width\":296,\"frameWidth\":1020,\"height\":161,\"name\":\"00009\",\"x\":303},{\"y\":486,\"frameX\":-408,\"frameHeight\":765,\"frameY\":-276,\"width\":298,\"frameWidth\":1020,\"height\":155,\"name\":\"00005\",\"x\":602},{\"y\":508,\"frameX\":-408,\"frameHeight\":765,\"frameY\":-273,\"width\":298,\"frameWidth\":1020,\"height\":164,\"name\":\"00001\",\"x\":1},{\"y\":170,\"frameX\":-408,\"frameHeight\":765,\"frameY\":-270,\"width\":298,\"frameWidth\":1020,\"height\":166,\"name\":\"00011\",\"x\":303},{\"y\":1,\"frameX\":-409,\"frameHeight\":765,\"frameY\":-273,\"width\":297,\"frameWidth\":1020,\"height\":165,\"name\":\"00000\",\"x\":604},{\"y\":667,\"frameX\":-408,\"frameHeight\":765,\"frameY\":-274,\"width\":298,\"frameWidth\":1020,\"height\":158,\"name\":\"00004\",\"x\":301},{\"y\":1,\"frameX\":-408,\"frameHeight\":765,\"frameY\":-272,\"width\":299,\"frameWidth\":1020,\"height\":167,\"name\":\"00015\",\"x\":303}]}","_texture":{"__uuid__":"16g+cnChtAZ6FXAiGppEjR"},"texture":{"__uuid__":"16g+cnChtAZ6FXAiGppEjR"}}