{"__type__":"sp.SkeletonData","_name":"candy","_skeletonJson":{"skeleton":{"hash":"gwZhxaj4wacPVarzGj+2dPXmyEY","spine":"3.7.94","width":296,"height":512,"images":"./images/","audio":"C:/Users/Toanp/OneDrive/Máy tính/giao dien r79/spine/ic_candy"},"bones":[{"name":"root","x":-1.37,"y":27.36},{"name":"Layer 100","parent":"root","x":-6.92,"y":-24.84},{"name":"bone","parent":"root","x":-4.1,"y":60.19},{"name":"Layer 102","parent":"bone","x":-83.53,"y":8},{"name":"Layer 104","parent":"bone","x":79.26,"y":9.36},{"name":"Layer 103","parent":"bone","x":-2.82,"y":-28.94},{"name":"Layer 101","parent":"root","x":-6.92,"y":-24.84}],"slots":[{"name":"Layer 77","bone":"root","attachment":"Layer 77"},{"name":"Layer 102","bone":"Layer 102","attachment":"Layer 102"},{"name":"Layer 104","bone":"Layer 104","attachment":"Layer 104"},{"name":"Layer 103","bone":"Layer 103","attachment":"Layer 103"},{"name":"Layer 100","bone":"Layer 100","attachment":"Layer 100"},{"name":"Layer 101","bone":"Layer 101","color":"ffffff39","attachment":"Layer 100"}],"skins":{"default":{"Layer 100":{"Layer 100":{"type":"mesh","uvs":[1,1,0,1,0,0,1,0],"triangles":[1,2,3,1,3,0],"vertices":[139.8,-81.36,-131.2,-81.36,-131.2,88.64,139.8,88.64],"hull":4,"edges":[0,2,2,4,4,6,0,6],"width":271,"height":170}},"Layer 101":{"Layer 100":{"type":"mesh","uvs":[1,1,0,1,0,0,1,0],"triangles":[1,2,3,1,3,0],"vertices":[139.8,-81.36,-131.2,-81.36,-131.2,88.64,139.8,88.64],"hull":4,"edges":[0,2,2,4,4,6,0,6],"width":271,"height":170}},"Layer 102":{"Layer 102":{"type":"mesh","uvs":[1,1,0,1,0,0,1,0],"triangles":[1,2,3,1,3,0],"vertices":[49.51,-49.39,-42.49,-49.39,-42.49,46.61,49.51,46.61],"hull":4,"edges":[0,2,2,4,4,6,0,6],"width":92,"height":96}},"Layer 103":{"Layer 103":{"type":"mesh","uvs":[1,1,0,1,0,0,1,0],"triangles":[1,2,3,1,3,0],"vertices":[66.8,-60.45,-53.2,-60.45,-53.2,60.55,66.8,60.55],"hull":4,"edges":[0,2,2,4,4,6,0,6],"width":120,"height":121}},"Layer 104":{"Layer 104":{"type":"mesh","uvs":[1,1,0,1,0,0,1,0],"triangles":[1,2,3,1,3,0],"vertices":[52.72,-56.76,-45.28,-56.76,-45.28,47.24,52.72,47.24],"hull":4,"edges":[0,2,2,4,4,6,0,6],"width":98,"height":104}},"Layer 77":{"Layer 77":{"x":-5.12,"y":-2.2,"width":296,"height":512}}}},"animations":{"animation":{"slots":{"Layer 101":{"attachment":[{"time":0,"name":null},{"time":0.8333,"name":"Layer 100"},{"time":1,"name":null},{"time":2.8333,"name":"Layer 100"},{"time":3,"name":null}]}},"bones":{"Layer 103":{"translate":[{"time":0,"x":0,"y":0,"curve":[0.25,0,0.75,1]},{"time":0.6667,"x":-73.87,"y":38.3,"curve":"stepped"},{"time":1.3333,"x":-73.87,"y":38.3,"curve":[0.25,0,0.75,1]},{"time":2,"x":71.14,"y":38.3,"curve":"stepped"},{"time":2.6667,"x":71.14,"y":38.3,"curve":[0.25,0,0.75,1]},{"time":3.3333,"x":0,"y":0}]},"Layer 102":{"translate":[{"time":0,"x":0,"y":0,"curve":[0.25,0,0.75,1]},{"time":0.6667,"x":161.42,"y":0,"curve":"stepped"},{"time":1.3333,"x":161.42,"y":0,"curve":[0.25,0,0.75,1]},{"time":2,"x":88.92,"y":-60.19,"curve":"stepped"},{"time":2.6667,"x":88.92,"y":-60.19,"curve":[0.25,0,0.75,1]},{"time":3.3333,"x":0,"y":0}]},"Layer 104":{"translate":[{"time":0,"x":0,"y":0,"curve":[0.25,0,0.75,1]},{"time":0.6667,"x":-75.24,"y":-57.46,"curve":"stepped"},{"time":1.3333,"x":-75.24,"y":-57.46,"curve":[0.25,0,0.75,1]},{"time":2,"x":-162.79,"y":-1.37,"curve":"stepped"},{"time":2.6667,"x":-162.79,"y":-1.37,"curve":[0.25,0,0.75,1]},{"time":3.3333,"x":0,"y":0}]},"Layer 100":{"scale":[{"time":0,"x":1,"y":1},{"time":0.5,"x":1.05,"y":1.05},{"time":1,"x":1,"y":1},{"time":1.5,"x":1.05,"y":1.05},{"time":2,"x":1,"y":1},{"time":2.5,"x":1.05,"y":1.05},{"time":3,"x":1,"y":1},{"time":3.5,"x":1.05,"y":1.05},{"time":4,"x":1,"y":1}]},"Layer 101":{"scale":[{"time":0,"x":1,"y":1},{"time":0.8333,"x":1.097,"y":1.097},{"time":1,"x":1.3,"y":1.3},{"time":2,"x":1,"y":1},{"time":2.8333,"x":1.097,"y":1.097},{"time":3,"x":1.3,"y":1.3},{"time":4,"x":1,"y":1}]},"bone":{"scale":[{"time":0,"x":1,"y":1},{"time":0.6667,"x":0.9,"y":0.9},{"time":1.3333,"x":1,"y":1},{"time":2,"x":0.9,"y":0.9},{"time":2.6667,"x":1,"y":1},{"time":3.3333,"x":0.9,"y":0.9},{"time":4,"x":1,"y":1}]}},"drawOrder":[{"time":0.1333,"offsets":[{"slot":"Layer 104","offset":1}]},{"time":1.4667,"offsets":[{"slot":"Layer 102","offset":2},{"slot":"Layer 104","offset":0}]},{"time":2.7667}]}}},"_atlasText":"\ncandy.png\nsize: 1024,512\nformat: RGBA8888\nfilter: Linear,Linear\nrepeat: none\nLayer 100\n  rotate: false\n  xy: 2, 2\n  size: 271, 170\n  orig: 271, 170\n  offset: 0, 0\n  index: -1\nLayer 102\n  rotate: false\n  xy: 516, 251\n  size: 92, 96\n  orig: 92, 96\n  offset: 0, 0\n  index: -1\nLayer 103\n  rotate: false\n  xy: 516, 349\n  size: 120, 121\n  orig: 120, 121\n  offset: 0, 0\n  index: -1\nLayer 104\n  rotate: false\n  xy: 275, 68\n  size: 98, 104\n  orig: 98, 104\n  offset: 0, 0\n  index: -1\nLayer 77\n  rotate: true\n  xy: 2, 174\n  size: 296, 512\n  orig: 296, 512\n  offset: 0, 0\n  index: -1\n","textures":[{"__uuid__":"5eJApYNpZHOqRwyiLAMs3i"}],"textureNames":["candy.png"]}