{"__type__":"sp.SkeletonData","_name":"ICON","_skeletonJson":{"skeleton":{"hash":"thdQS/RcssO08NWYAvrxMwYmVpE","spine":"3.6.53","width":197.92,"height":178.44,"images":"../Images/"},"bones":[{"name":"root"},{"name":"bone","parent":"root","length":30.29,"rotation":90.44,"x":-4.5,"y":15.42},{"name":"bone2","parent":"root","length":25.73,"rotation":125.42,"x":-6.36,"y":-19.99},{"name":"bone3","parent":"root","length":57.05,"rotation":79.94,"x":10.76,"y":33.16},{"name":"bone4","parent":"root","length":64.1,"rotation":110.44,"x":-82.36,"y":-45.52}],"slots":[{"name":"BG2","bone":"bone3","attachment":"BG"},{"name":"BG","bone":"root"},{"name":"Mini","bone":"root"},{"name":"Game","bone":"root"},{"name":"mask","bone":"root","attachment":"mask"},{"name":"2","bone":"bone4","attachment":"1"},{"name":"1","bone":"root"},{"name":"Mini2","bone":"bone","attachment":"Mini"},{"name":"Game2","bone":"bone2","attachment":"Game"}],"skins":{"default":{"2":{"1":{"x":20.97,"y":-2.66,"rotation":-91.39,"width":34,"height":148}},"BG2":{"BG":{"x":-34.53,"y":4.8,"rotation":-79.94,"width":141,"height":156}},"Game2":{"Game":{"x":2.11,"y":-7.54,"rotation":-125.42,"width":78,"height":27}},"Mini2":{"Mini":{"x":2.56,"y":-1.76,"rotation":-90.44,"width":64,"height":28}},"mask":{"mask":{"type":"clipping","end":"mask","vertexCount":34,"vertices":[-46.82,4.38,-47.25,-1.96,-46.39,-11.03,-44.37,-19.09,-40.2,-25.86,-35.16,-32.2,-28.96,-37.38,-21.48,-41.85,-12.69,-45.01,-4.2,-46.02,4.3,-45.88,11.21,-43.86,19.28,-41.27,25.32,-37.38,31.25,-32.49,36.77,-25.87,40.45,-18.32,42.66,-10.78,43.95,-5.26,43.77,9.65,41.37,18.66,35.49,28.23,26.47,37.98,21.13,41.48,15.43,45.16,7.52,47,-2.42,48.29,-12.65,46.65,-22.55,44.23,-30.83,37.16,-38.71,29.08,-43.55,21.2,-46.58,13.52,-47.59,8.68],"color":"ce3a3aff"}}}},"animations":{"animation":{"slots":{"2":{"color":[{"time":0,"color":"ffffff36"},{"time":0.1667,"color":"ffffff4b"},{"time":0.3333,"color":"ffffffff"},{"time":0.5,"color":"ffffff23"},{"time":0.6667,"color":"ffffff00"}]}},"bones":{"root":{"rotate":[{"time":0,"angle":0}],"translate":[{"time":0,"x":0,"y":0}],"scale":[{"time":0,"x":1,"y":1}]},"bone":{"rotate":[{"time":0,"angle":0,"curve":"stepped"},{"time":2.6667,"angle":0}],"translate":[{"time":0,"x":0,"y":0,"curve":"stepped"},{"time":2.6667,"x":0,"y":0}],"scale":[{"time":0,"x":1,"y":1,"curve":[0.25,0,0.75,1]},{"time":1.3333,"x":1.186,"y":1.186,"curve":[0.25,0,0.75,1]},{"time":2.6667,"x":1,"y":1}]},"bone2":{"rotate":[{"time":0,"angle":0,"curve":"stepped"},{"time":2.6667,"angle":0}],"translate":[{"time":0,"x":0,"y":0,"curve":"stepped"},{"time":2.6667,"x":0,"y":0}],"scale":[{"time":0,"x":1,"y":1,"curve":[0.25,0,0.75,1]},{"time":1.3333,"x":0.837,"y":0.837,"curve":[0.25,0,0.75,1]},{"time":2.6667,"x":1,"y":1}]},"bone3":{"rotate":[{"time":0,"angle":0}],"translate":[{"time":0,"x":0,"y":0}],"scale":[{"time":0,"x":1,"y":1}]},"bone4":{"rotate":[{"time":0,"angle":0}],"translate":[{"time":0,"x":0,"y":0},{"time":0.3333,"x":85.36,"y":34.37},{"time":0.6667,"x":157.92,"y":48.11}],"scale":[{"time":0,"x":1,"y":1},{"time":0.3333,"x":0.755,"y":1}]}}}}},"_atlasText":"\nICON.png\nsize: 256,256\nformat: RGBA8888\nfilter: Linear,Linear\nrepeat: none\n1\n  rotate: false\n  xy: 145, 39\n  size: 34, 148\n  orig: 34, 148\n  offset: 0, 0\n  index: -1\nBG\n  rotate: false\n  xy: 2, 31\n  size: 141, 156\n  orig: 141, 156\n  offset: 0, 0\n  index: -1\nGame\n  rotate: false\n  xy: 2, 2\n  size: 78, 27\n  orig: 78, 27\n  offset: 0, 0\n  index: -1\nMini\n  rotate: false\n  xy: 181, 159\n  size: 64, 28\n  orig: 64, 28\n  offset: 0, 0\n  index: -1\n","textures":[{"__uuid__":"d4AbXx2/NGa6wHBCa5oG1W"}],"textureNames":["ICON.png"]}