{"__type__":"sp.SkeletonData","_name":"ICON","_skeletonJson":{"skeleton":{"hash":"4QQ49i3ThLw/5g8roQd/p+hC6bg","spine":"3.6.53","width":176,"height":149,"images":"../Images/"},"bones":[{"name":"root"},{"name":"bone","parent":"root","length":32.92,"rotation":91.3,"x":3.08,"y":-45.39},{"name":"bone2","parent":"root","length":77.06,"rotation":106.06,"x":-22.73,"y":-3.87},{"name":"bone3","parent":"root","length":45.77,"rotation":71.42,"x":30.01,"y":6.22},{"name":"bone4","parent":"root","length":68.84,"rotation":91.56,"x":0.84,"y":26.42}],"slots":[{"name":"LIGHT4","bone":"bone4","attachment":"LIGHT"},{"name":"LIGHT","bone":"root"},{"name":"3","bone":"bone2","attachment":"1"},{"name":"1","bone":"root"},{"name":"LIGHT3","bone":"bone3","attachment":"LIGHT2"},{"name":"LIGHT2","bone":"root"},{"name":"4","bone":"bone","attachment":"2"},{"name":"2","bone":"root"}],"skins":{"default":{"3":{"1":{"x":2.39,"y":-25.05,"rotation":-106.06,"width":174,"height":125}},"4":{"2":{"x":17.16,"y":-3.49,"rotation":-91.3,"width":167,"height":70}},"LIGHT3":{"LIGHT2":{"x":3.17,"y":5.1,"rotation":-71.42,"width":65,"height":58}},"LIGHT4":{"LIGHT":{"x":-12.57,"rotation":-91.56,"width":145,"height":144}}}},"animations":{"animation":{"slots":{"LIGHT3":{"color":[{"time":0,"color":"ffffffff","curve":[0.25,0,0.75,1]},{"time":1.3333,"color":"ffffff00","curve":[0.25,0,0.75,1]},{"time":2.6667,"color":"ffffffff"}]}},"bones":{"root":{"rotate":[{"time":0,"angle":0}],"translate":[{"time":0,"x":0,"y":0}],"scale":[{"time":0,"x":1,"y":1}]},"bone":{"rotate":[{"time":0,"angle":0,"curve":"stepped"},{"time":2.6667,"angle":0}],"translate":[{"time":0,"x":0.06,"y":0,"curve":[0.25,0,0.75,1]},{"time":1.3333,"x":-1.76,"y":10.32,"curve":[0.25,0,0.75,1]},{"time":2.6667,"x":0.06,"y":0}],"scale":[{"time":0,"x":0.892,"y":0.892,"curve":[0.25,0,0.75,1]},{"time":1.3333,"x":1.078,"y":1.078,"curve":[0.25,0,0.75,1]},{"time":2.6667,"x":0.892,"y":0.892}]},"bone2":{"rotate":[{"time":0,"angle":0}],"translate":[{"time":0,"x":0,"y":0}],"scale":[{"time":0,"x":1,"y":1}]},"bone3":{"rotate":[{"time":0,"angle":0,"curve":"stepped"},{"time":2.6667,"angle":0}],"translate":[{"time":0,"x":0,"y":0,"curve":"stepped"},{"time":2.6667,"x":0,"y":0}],"scale":[{"time":0,"x":1.327,"y":1.327,"curve":[0.25,0,0.75,1]},{"time":1.3333,"x":0.451,"y":0.451,"curve":[0.25,0,0.75,1]},{"time":2.6667,"x":1.327,"y":1.327}]},"bone4":{"rotate":[{"time":0,"angle":0,"curve":"stepped"},{"time":2.6667,"angle":0}],"translate":[{"time":0,"x":0,"y":0,"curve":"stepped"},{"time":2.6667,"x":0,"y":0}],"scale":[{"time":0,"x":0.433,"y":0.433,"curve":[0.25,0,0.75,1]},{"time":1.3333,"x":1.31,"y":1.31,"curve":[0.25,0,0.75,1]},{"time":2.6667,"x":0.433,"y":0.433}]}}}}},"_atlasText":"\nICON.png\nsize: 512,256\nformat: RGBA8888\nfilter: Linear,Linear\nrepeat: none\n1\n  rotate: false\n  xy: 2, 74\n  size: 174, 125\n  orig: 174, 125\n  offset: 0, 0\n  index: -1\n2\n  rotate: false\n  xy: 2, 2\n  size: 167, 70\n  orig: 167, 70\n  offset: 0, 0\n  index: -1\nLIGHT\n  rotate: false\n  xy: 178, 55\n  size: 145, 144\n  orig: 145, 144\n  offset: 0, 0\n  index: -1\nLIGHT2\n  rotate: false\n  xy: 325, 141\n  size: 65, 58\n  orig: 65, 58\n  offset: 0, 0\n  index: -1\n","textures":[{"__uuid__":"88C0rCrLBFNKUEPeQwbVbE"}],"textureNames":["ICON.png"]}