{"__type__":"sp.SkeletonData","_name":"avenger_jackpot","_skeletonJson":{"skeleton":{"hash":"Si+Pwj8XI5qObWMNv0eY9Yv3s6c","spine":"3.6.53","width":1245,"height":1275,"images":"../JACKPOT EFFECT ANIM/"},"bones":[{"name":"root"},{"name":"CENTER","parent":"root"},{"name":"A","parent":"CENTER","x":-222.53,"y":-89.59},{"name":"AVENGERS BONE","parent":"CENTER","y":105},{"name":"BONE AVG","parent":"AVENGERS BONE","x":-13.28,"y":-3.8,"scaleX":1.663,"scaleY":1.663},{"name":"BONE EFFECT -1.283 482.9","parent":"AVENGERS BONE","y":438.5},{"name":"C","parent":"CENTER","x":-102.34,"y":-89.59},{"name":"EFFECT AVENGERS","parent":"AVENGERS BONE","x":15.42,"y":-2.6,"scaleX":5,"scaleY":5},{"name":"J","parent":"CENTER","x":-324.87,"y":-89.59},{"name":"K","parent":"CENTER","y":-89.59},{"name":"LIGHT","parent":"CENTER","x":711.5},{"name":"O","parent":"CENTER","x":224.91,"y":-89.59},{"name":"P","parent":"CENTER","x":111.86,"y":-89.59},{"name":"T","parent":"CENTER","x":338.22,"y":-89.59}],"slots":[{"name":"AVENGERS -13.28    40.64","bone":"root","attachment":"Levels 5 copy 6"},{"name":"EFFECT AVENGERS","bone":"EFFECT AVENGERS","attachment":"EFFECT_0015_EFFECT_00008","blend":"additive"},{"name":"MASK 3","bone":"AVENGERS BONE","attachment":"MASK 3"},{"name":"EFFECT3","bone":"BONE EFFECT -1.283 482.9","blend":"additive"},{"name":"MASK 2","bone":"AVENGERS BONE","attachment":"MASK 2"},{"name":"EFFECT2","bone":"BONE EFFECT -1.283 482.9","blend":"additive"},{"name":"MASK 1","bone":"AVENGERS BONE","attachment":"MASK"},{"name":"EFFECT","bone":"BONE EFFECT -1.283 482.9","blend":"additive"},{"name":"Layer 10","bone":"root","attachment":"Layer 10"},{"name":"Layer 9","bone":"root","attachment":"Layer 9"},{"name":"Layer 8","bone":"root","attachment":"Layer 8"},{"name":"Layer 4","bone":"root","attachment":"Layer 4"},{"name":"Layer 5","bone":"root","attachment":"Layer 5"},{"name":"Layer 6","bone":"root","attachment":"Layer 6"},{"name":"Layer 7","bone":"root","attachment":"Layer 7"}],"skins":{"default":{"AVENGERS -13.28    40.64":{"Levels 5 copy 6":{"type":"mesh","uvs":[1,1,0,1,0,0,1,0],"triangles":[1,2,3,1,3,0],"vertices":[1,4,121,-140,1,1,4,-121,-140,1,1,4,-121,140,1,1,4,121,140,1],"hull":4,"edges":[0,2,2,4,4,6,0,6],"width":242,"height":280}},"EFFECT":{"Layer 11":{"type":"mesh","uvs":[1,1,0,1,0,0,1,0],"triangles":[1,2,3,1,3,0],"vertices":[565.56,-424.06,-568.12,-424.06,-568.12,423.98,565.56,423.98],"hull":4,"edges":[0,2,2,4,4,6,0,6],"width":254,"height":190}},"EFFECT AVENGERS":{"EFFECT_0000_EFFECT_00023":{"width":249,"height":255},"EFFECT_0001_EFFECT_00022":{"width":249,"height":255},"EFFECT_0002_EFFECT_00021":{"width":249,"height":255},"EFFECT_0003_EFFECT_00020":{"width":249,"height":255},"EFFECT_0004_EFFECT_00019":{"width":249,"height":255},"EFFECT_0005_EFFECT_00018":{"width":249,"height":255},"EFFECT_0006_EFFECT_00017":{"width":249,"height":255},"EFFECT_0007_EFFECT_00016":{"width":249,"height":255},"EFFECT_0008_EFFECT_00015":{"width":249,"height":255},"EFFECT_0009_EFFECT_00014":{"width":249,"height":255},"EFFECT_0010_EFFECT_00013":{"width":249,"height":255},"EFFECT_0011_EFFECT_00012":{"width":249,"height":255},"EFFECT_0012_EFFECT_00011":{"width":249,"height":255},"EFFECT_0013_EFFECT_00010":{"width":249,"height":255},"EFFECT_0014_EFFECT_00009":{"width":249,"height":255},"EFFECT_0015_EFFECT_00008":{"width":249,"height":255},"EFFECT_0016_EFFECT_00007":{"width":249,"height":255},"EFFECT_0017_EFFECT_00006":{"width":249,"height":255},"EFFECT_0018_EFFECT_00005":{"width":249,"height":255},"EFFECT_0019_EFFECT_00004":{"width":249,"height":255},"EFFECT_0020_EFFECT_00003":{"width":249,"height":255},"EFFECT_0021_EFFECT_00002":{"width":249,"height":255},"EFFECT_0022_EFFECT_00001":{"width":249,"height":255},"EFFECT_0023_EFFECT_00000":{"width":1,"height":1}},"EFFECT2":{"Layer 11":{"type":"mesh","uvs":[1,1,0,1,0,0,1,0],"triangles":[1,2,3,1,3,0],"vertices":[561.33,-420.89,-563.89,-420.89,-563.89,420.81,561.33,420.81],"hull":4,"edges":[0,2,2,4,4,6,0,6],"width":254,"height":190}},"EFFECT3":{"Layer 11":{"type":"mesh","uvs":[1,1,0,1,0,0,1,0],"triangles":[1,2,3,1,3,0],"vertices":[561.33,-420.89,-563.89,-420.89,-563.89,420.81,561.33,420.81],"hull":4,"edges":[0,2,2,4,4,6,0,6],"width":254,"height":190}},"Layer 10":{"Layer 10":{"type":"mesh","uvs":[1,1,0,1,0,0,1,0],"triangles":[1,2,3,1,3,0],"vertices":[1,13,60.5,-103.77,1,1,13,-91.5,-103.77,1,1,13,-91.5,92.23,1,1,13,60.5,92.23,1],"hull":4,"edges":[0,2,2,4,4,6,0,6],"width":152,"height":196}},"Layer 4":{"Layer 4":{"type":"mesh","uvs":[1,1,0,1,0,0,1,0],"triangles":[1,2,3,1,3,0],"vertices":[1,8,84.59,-103.77,1,1,8,-101.41,-103.77,1,1,8,-101.41,92.23,1,1,8,84.59,92.23,1],"hull":4,"edges":[0,2,2,4,4,6,0,6],"width":186,"height":196}},"Layer 5":{"Layer 5":{"type":"mesh","uvs":[1,1,0,1,0,0,1,0],"triangles":[1,2,3,1,3,0],"vertices":[1,2,61.25,-103.77,1,1,2,-94.75,-103.77,1,1,2,-94.75,92.23,1,1,2,61.25,92.23,1],"hull":4,"edges":[0,2,2,4,4,6,0,6],"width":156,"height":196}},"Layer 6":{"Layer 6":{"type":"mesh","uvs":[1,1,0,1,0,0,1,0],"triangles":[1,2,3,1,3,0],"vertices":[1,6,55.06,-103.77,1,1,6,-71.94,-103.77,1,1,6,-71.94,92.23,1,1,6,55.06,92.23,1],"hull":4,"edges":[0,2,2,4,4,6,0,6],"width":127,"height":196}},"Layer 7":{"Layer 7":{"type":"mesh","uvs":[1,1,0,1,0,0,1,0],"triangles":[1,2,3,1,3,0],"vertices":[1,9,57.72,-103.77,1,1,9,-60.28,-103.77,1,1,9,-60.28,92.23,1,1,9,57.72,92.23,1],"hull":4,"edges":[0,2,2,4,4,6,0,6],"width":118,"height":196}},"Layer 8":{"Layer 8":{"type":"mesh","uvs":[1,1,0,1,0,0,1,0],"triangles":[1,2,3,1,3,0],"vertices":[1,12,58.86,-103.77,1,1,12,-55.14,-103.77,1,1,12,-55.14,92.23,1,1,12,58.86,92.23,1],"hull":4,"edges":[0,2,2,4,4,6,0,6],"width":114,"height":196}},"Layer 9":{"Layer 9":{"type":"mesh","uvs":[1,1,0,1,0,0,1,0],"triangles":[1,2,3,1,3,0],"vertices":[1,11,79.81,-103.77,1,1,11,-72.19,-103.77,1,1,11,-72.19,92.23,1,1,11,79.81,92.23,1],"hull":4,"edges":[0,2,2,4,4,6,0,6],"width":152,"height":196}},"MASK 1":{"MASK":{"type":"clipping","end":"EFFECT","vertexCount":48,"vertices":[-38.96,198.72,-38.96,180.67,-60.74,132.36,-74.01,127.56,-86.29,121.42,-97.54,114.26,-108.79,105.73,-119.36,95.84,-129.59,84.25,-139.48,70.27,-148.01,54.24,-154.49,38.22,-158.58,21.51,-160.97,4.95,-161.99,-9.37,-161.99,-22.67,-158.92,-39.04,-155.17,-53.36,-151.08,-65.63,-148.69,-71.77,-170.17,-120.88,-179.38,-114.4,-189.61,-96.67,-196.43,-81.66,-202.23,-66.32,-206.66,-53.36,-210.07,-35.63,-212.12,-20.62,-213.82,-5.28,-213.48,10.07,-212.46,25.41,-210.07,39.73,-206.32,55.08,-201.2,70.08,-195.75,83.31,-189.27,95.25,-182.11,107.18,-173.24,119.8,-163.35,132.76,-153.46,142.99,-143.23,152.2,-131.3,162.28,-119.71,169.78,-107.77,177.29,-95.15,182.74,-81.17,188.54,-67.53,192.63,-54.92,195.7],"color":"ce3a3aff"}},"MASK 2":{"MASK 2":{"type":"clipping","end":"EFFECT2","vertexCount":25,"vertices":[4.01,-113.83,5.06,-116.64,7.58,-116.89,65.69,-60.27,65.8,-57.93,12.36,-1.86,10.55,-1.73,4.71,-13.72,4.77,-32.5,-46.11,-32.53,4.51,85.42,4.68,-0.99,8.7,-5.1,10.42,-1.52,12.48,-1.66,65.97,-57.84,70.94,-53.67,72.11,226.09,70.81,229.04,-4.05,228.66,-207.73,-231.9,-200.89,-234.94,-132.87,-234.94,-70.55,-87.12,4.69,-87.12],"color":"ce3a3aff"}},"MASK 3":{"MASK 3":{"type":"clipping","end":"EFFECT3","vertexCount":81,"vertices":[127.61,1.67,128.06,-11.3,127.77,-24.94,125.16,-39.11,121.91,-51.91,117.62,-64.56,112.77,-75.98,107.19,-86.88,100.78,-97.63,92.06,-108.72,83.7,-117.6,70.04,-129.69,70.36,-66.41,68.82,-66.45,4.6,-128.11,4.31,-135.96,6.74,-137.89,57.66,-137.49,48.7,-142.12,34.84,-147.96,19.54,-151.76,5.2,-154.15,-10.93,-155.1,-26.14,-154.59,-41.55,-152.86,-55.47,-149.87,-65.84,-146.42,-74.93,-142.48,-77.31,-142.9,-95.05,-182.51,-93.05,-187.79,-84.28,-191.6,-74.9,-194.65,-66.24,-197.34,-52.52,-200.67,-37.08,-203.08,-22.86,-203.89,-7.16,-203.88,9.19,-202.53,27.55,-199.21,45.5,-193.82,60.77,-188,74.99,-181.61,91.65,-172.04,107.19,-161.39,120.51,-150.05,133.13,-137.48,144.58,-124.07,153.65,-110.97,161.19,-99.45,168.11,-85.52,173.66,-72.34,178.32,-59.04,182.27,-44.1,184.58,-30.73,186.1,-18.7,187.19,-4.32,186.65,14,184.45,30.6,180.91,48.32,176.03,65.82,170.14,80.09,163.05,94.87,154.79,108.48,145.21,121.54,135.69,132.69,126.84,141.92,117.8,150.84,105.74,160.16,92.6,169.77,91.58,169.54,80.99,153.28,80.61,100.94,86.66,95.27,94.6,86.57,101.78,76.93,108.21,66.54,113.88,55.39,118.23,44.59,122.38,31.17,125.22,19.45],"color":"ce3a3aff"}}}},"animations":{"disappear":{"slots":{"EFFECT AVENGERS":{"attachment":[{"time":0,"name":"EFFECT_0023_EFFECT_00000"},{"time":0.0333,"name":"EFFECT_0022_EFFECT_00001"},{"time":0.0667,"name":"EFFECT_0021_EFFECT_00002"},{"time":0.1,"name":"EFFECT_0020_EFFECT_00003"},{"time":0.1333,"name":"EFFECT_0019_EFFECT_00004"},{"time":0.1667,"name":"EFFECT_0018_EFFECT_00005"},{"time":0.2,"name":"EFFECT_0017_EFFECT_00006"},{"time":0.2333,"name":"EFFECT_0016_EFFECT_00007"},{"time":0.2667,"name":"EFFECT_0015_EFFECT_00008"},{"time":0.3,"name":"EFFECT_0014_EFFECT_00009"},{"time":0.3333,"name":"EFFECT_0013_EFFECT_00010"},{"time":0.3667,"name":"EFFECT_0012_EFFECT_00011"},{"time":0.4,"name":"EFFECT_0011_EFFECT_00012"},{"time":0.4333,"name":"EFFECT_0010_EFFECT_00013"},{"time":0.4667,"name":"EFFECT_0009_EFFECT_00014"},{"time":0.5,"name":"EFFECT_0008_EFFECT_00015"},{"time":0.5333,"name":"EFFECT_0007_EFFECT_00016"},{"time":0.5667,"name":"EFFECT_0006_EFFECT_00017"},{"time":0.6,"name":"EFFECT_0005_EFFECT_00018"},{"time":0.6333,"name":"EFFECT_0004_EFFECT_00019"},{"time":0.6667,"name":"EFFECT_0003_EFFECT_00020"},{"time":0.7,"name":"EFFECT_0002_EFFECT_00021"},{"time":0.7333,"name":"EFFECT_0001_EFFECT_00022"},{"time":0.7667,"name":"EFFECT_0000_EFFECT_00023"},{"time":0.8,"name":"EFFECT_0023_EFFECT_00000"},{"time":0.8333,"name":"EFFECT_0022_EFFECT_00001"},{"time":0.8667,"name":"EFFECT_0021_EFFECT_00002"},{"time":0.9,"name":"EFFECT_0020_EFFECT_00003"},{"time":0.9333,"name":"EFFECT_0019_EFFECT_00004"},{"time":0.9667,"name":"EFFECT_0018_EFFECT_00005"},{"time":1,"name":"EFFECT_0017_EFFECT_00006"},{"time":1.0333,"name":"EFFECT_0016_EFFECT_00007"},{"time":1.0667,"name":"EFFECT_0015_EFFECT_00008"},{"time":1.1,"name":"EFFECT_0014_EFFECT_00009"},{"time":1.1333,"name":"EFFECT_0013_EFFECT_00010"},{"time":1.1667,"name":"EFFECT_0012_EFFECT_00011"},{"time":1.2,"name":"EFFECT_0011_EFFECT_00012"},{"time":1.2333,"name":"EFFECT_0010_EFFECT_00013"},{"time":1.2667,"name":"EFFECT_0009_EFFECT_00014"},{"time":1.3,"name":"EFFECT_0008_EFFECT_00015"},{"time":1.3333,"name":"EFFECT_0007_EFFECT_00016"},{"time":1.3667,"name":"EFFECT_0006_EFFECT_00017"},{"time":1.4,"name":"EFFECT_0005_EFFECT_00018"},{"time":1.4333,"name":"EFFECT_0004_EFFECT_00019"},{"time":1.4667,"name":"EFFECT_0003_EFFECT_00020"},{"time":1.5,"name":"EFFECT_0002_EFFECT_00021"},{"time":1.5333,"name":"EFFECT_0001_EFFECT_00022"},{"time":1.5667,"name":"EFFECT_0000_EFFECT_00023"},{"time":1.6,"name":"EFFECT_0023_EFFECT_00000"}]},"Layer 4":{"color":[{"time":0.6,"color":"ffffffff"},{"time":0.7667,"color":"ffffff00"}]},"Layer 5":{"color":[{"time":0.5,"color":"ffffffff"},{"time":0.6667,"color":"ffffff00"}]},"Layer 6":{"color":[{"time":0.4,"color":"ffffffff"},{"time":0.5667,"color":"ffffff00"}]},"Layer 7":{"color":[{"time":0.3,"color":"ffffffff"},{"time":0.4667,"color":"ffffff00"}]},"Layer 8":{"color":[{"time":0.2,"color":"ffffffff"},{"time":0.3667,"color":"ffffff00"}]},"Layer 9":{"color":[{"time":0.1,"color":"ffffffff"},{"time":0.2667,"color":"ffffff00"}]},"Layer 10":{"color":[{"time":0,"color":"ffffffff"},{"time":0.1667,"color":"ffffff00"}]}},"bones":{"P":{"translate":[{"time":0,"x":0,"y":0,"curve":"stepped"},{"time":0.2,"x":0,"y":0},{"time":0.3667,"x":377,"y":0}],"scale":[{"time":0,"x":1,"y":1,"curve":"stepped"},{"time":1.6,"x":1,"y":1}]},"K":{"translate":[{"time":0,"x":0,"y":0,"curve":"stepped"},{"time":0.3,"x":0,"y":0},{"time":0.4667,"x":377,"y":0}],"scale":[{"time":0,"x":1,"y":1,"curve":"stepped"},{"time":1.6,"x":1,"y":1}]},"C":{"translate":[{"time":0,"x":0,"y":0,"curve":"stepped"},{"time":0.4,"x":0,"y":0},{"time":0.5667,"x":375.38,"y":0}],"scale":[{"time":0,"x":1,"y":1,"curve":"stepped"},{"time":1.6,"x":1,"y":1}]},"BONE EFFECT -1.283 482.9":{"translate":[{"time":0,"x":0,"y":0,"curve":"stepped"},{"time":0.3,"x":0,"y":0},{"time":1,"x":0,"y":-759.3,"curve":"stepped"},{"time":1.6,"x":0,"y":-759.3}]},"AVENGERS BONE":{"scale":[{"time":0,"x":1,"y":1,"curve":"stepped"},{"time":1,"x":1,"y":1},{"time":1.1,"x":1.1,"y":1.1},{"time":1.2333,"x":0,"y":0,"curve":"stepped"},{"time":1.6,"x":0,"y":0}]},"T":{"translate":[{"time":0,"x":0,"y":0},{"time":0.1667,"x":380.25,"y":0}],"scale":[{"time":0,"x":1,"y":1,"curve":"stepped"},{"time":1.6,"x":1,"y":1}]},"J":{"translate":[{"time":0,"x":0,"y":0,"curve":"stepped"},{"time":0.6,"x":0,"y":0},{"time":0.7667,"x":373.75,"y":0}],"scale":[{"time":0,"x":1,"y":1,"curve":"stepped"},{"time":1.6,"x":1,"y":1}]},"O":{"translate":[{"time":0,"x":0,"y":0,"curve":"stepped"},{"time":0.1,"x":0,"y":0},{"time":0.2667,"x":380.25,"y":0}],"scale":[{"time":0,"x":1,"y":1,"curve":"stepped"},{"time":1.6,"x":1,"y":1}]},"A":{"translate":[{"time":0,"x":0,"y":0,"curve":"stepped"},{"time":0.5,"x":0,"y":0},{"time":0.6667,"x":375.37,"y":0}],"scale":[{"time":0,"x":1,"y":1,"curve":"stepped"},{"time":1.6,"x":1,"y":1}]}}},"avenger_jackpot":{"slots":{"EFFECT AVENGERS":{"attachment":[{"time":0,"name":"EFFECT_0023_EFFECT_00000"},{"time":0.0333,"name":"EFFECT_0022_EFFECT_00001"},{"time":0.0667,"name":"EFFECT_0021_EFFECT_00002"},{"time":0.1,"name":"EFFECT_0020_EFFECT_00003"},{"time":0.1333,"name":"EFFECT_0019_EFFECT_00004"},{"time":0.1667,"name":"EFFECT_0018_EFFECT_00005"},{"time":0.2,"name":"EFFECT_0017_EFFECT_00006"},{"time":0.2333,"name":"EFFECT_0016_EFFECT_00007"},{"time":0.2667,"name":"EFFECT_0015_EFFECT_00008"},{"time":0.3,"name":"EFFECT_0014_EFFECT_00009"},{"time":0.3333,"name":"EFFECT_0013_EFFECT_00010"},{"time":0.3667,"name":"EFFECT_0012_EFFECT_00011"},{"time":0.4,"name":"EFFECT_0011_EFFECT_00012"},{"time":0.4333,"name":"EFFECT_0010_EFFECT_00013"},{"time":0.4667,"name":"EFFECT_0009_EFFECT_00014"},{"time":0.5,"name":"EFFECT_0008_EFFECT_00015"},{"time":0.5333,"name":"EFFECT_0007_EFFECT_00016"},{"time":0.5667,"name":"EFFECT_0006_EFFECT_00017"},{"time":0.6,"name":"EFFECT_0005_EFFECT_00018"},{"time":0.6333,"name":"EFFECT_0004_EFFECT_00019"},{"time":0.6667,"name":"EFFECT_0003_EFFECT_00020"},{"time":0.7,"name":"EFFECT_0002_EFFECT_00021"},{"time":0.7333,"name":"EFFECT_0001_EFFECT_00022"},{"time":0.7667,"name":"EFFECT_0000_EFFECT_00023"},{"time":0.8,"name":"EFFECT_0023_EFFECT_00000"},{"time":0.8333,"name":"EFFECT_0022_EFFECT_00001"},{"time":0.8667,"name":"EFFECT_0021_EFFECT_00002"},{"time":0.9,"name":"EFFECT_0020_EFFECT_00003"},{"time":0.9333,"name":"EFFECT_0019_EFFECT_00004"},{"time":0.9667,"name":"EFFECT_0018_EFFECT_00005"},{"time":1,"name":"EFFECT_0017_EFFECT_00006"},{"time":1.0333,"name":"EFFECT_0016_EFFECT_00007"},{"time":1.0667,"name":"EFFECT_0015_EFFECT_00008"},{"time":1.1,"name":"EFFECT_0014_EFFECT_00009"},{"time":1.1333,"name":"EFFECT_0013_EFFECT_00010"},{"time":1.1667,"name":"EFFECT_0012_EFFECT_00011"},{"time":1.2,"name":"EFFECT_0011_EFFECT_00012"},{"time":1.2333,"name":"EFFECT_0010_EFFECT_00013"},{"time":1.2667,"name":"EFFECT_0009_EFFECT_00014"},{"time":1.3,"name":"EFFECT_0008_EFFECT_00015"},{"time":1.3333,"name":"EFFECT_0007_EFFECT_00016"},{"time":1.3667,"name":"EFFECT_0006_EFFECT_00017"},{"time":1.4,"name":"EFFECT_0005_EFFECT_00018"},{"time":1.4333,"name":"EFFECT_0004_EFFECT_00019"},{"time":1.4667,"name":"EFFECT_0003_EFFECT_00020"},{"time":1.5,"name":"EFFECT_0002_EFFECT_00021"},{"time":1.5333,"name":"EFFECT_0001_EFFECT_00022"},{"time":1.5667,"name":"EFFECT_0000_EFFECT_00023"},{"time":1.6,"name":"EFFECT_0023_EFFECT_00000"}]}},"bones":{"AVENGERS BONE":{"scale":[{"time":0,"x":1,"y":1,"curve":"stepped"},{"time":1.6,"x":1,"y":1}]},"A":{"scale":[{"time":0,"x":1,"y":1,"curve":"stepped"},{"time":0.7667,"x":1,"y":1},{"time":0.8667,"x":1.4,"y":1.4},{"time":0.9333,"x":0.8,"y":0.8},{"time":1,"x":1,"y":1,"curve":"stepped"},{"time":1.6,"x":1,"y":1}]},"K":{"scale":[{"time":0,"x":1,"y":1,"curve":"stepped"},{"time":0.9667,"x":1,"y":1},{"time":1.0667,"x":1.4,"y":1.4},{"time":1.1333,"x":0.8,"y":0.8},{"time":1.2,"x":1,"y":1,"curve":"stepped"},{"time":1.6,"x":1,"y":1}]},"O":{"scale":[{"time":0,"x":1,"y":1,"curve":"stepped"},{"time":1.1667,"x":1,"y":1},{"time":1.2667,"x":1.4,"y":1.4},{"time":1.3333,"x":0.8,"y":0.8},{"time":1.4,"x":1,"y":1,"curve":"stepped"},{"time":1.6,"x":1,"y":1}]},"T":{"scale":[{"time":0,"x":1,"y":1,"curve":"stepped"},{"time":1.2667,"x":1,"y":1},{"time":1.3667,"x":1.4,"y":1.4},{"time":1.4333,"x":0.8,"y":0.8},{"time":1.5,"x":1,"y":1,"curve":"stepped"},{"time":1.6,"x":1,"y":1}]},"J":{"scale":[{"time":0,"x":1,"y":1,"curve":"stepped"},{"time":0.6667,"x":1,"y":1},{"time":0.7667,"x":1.4,"y":1.4},{"time":0.8333,"x":0.8,"y":0.8},{"time":0.9,"x":1,"y":1,"curve":"stepped"},{"time":1.6,"x":1,"y":1}]},"C":{"scale":[{"time":0,"x":1,"y":1,"curve":"stepped"},{"time":0.8667,"x":1,"y":1},{"time":0.9667,"x":1.4,"y":1.4},{"time":1.0333,"x":0.8,"y":0.8},{"time":1.1,"x":1,"y":1,"curve":"stepped"},{"time":1.6,"x":1,"y":1}]},"BONE EFFECT -1.283 482.9":{"translate":[{"time":0,"x":0,"y":0,"curve":"stepped"},{"time":0.3,"x":0,"y":0},{"time":1,"x":0,"y":-759.3},{"time":1.6,"x":0,"y":-759.34}]},"P":{"scale":[{"time":0,"x":1,"y":1,"curve":"stepped"},{"time":1.0667,"x":1,"y":1},{"time":1.1667,"x":1.4,"y":1.4},{"time":1.2333,"x":0.8,"y":0.8},{"time":1.3,"x":1,"y":1,"curve":"stepped"},{"time":1.6,"x":1,"y":1}]}}},"appear":{"slots":{"EFFECT AVENGERS":{"attachment":[{"time":0,"name":"EFFECT_0023_EFFECT_00000"},{"time":0.0333,"name":"EFFECT_0022_EFFECT_00001"},{"time":0.0667,"name":"EFFECT_0021_EFFECT_00002"},{"time":0.1,"name":"EFFECT_0020_EFFECT_00003"},{"time":0.1333,"name":"EFFECT_0019_EFFECT_00004"},{"time":0.1667,"name":"EFFECT_0018_EFFECT_00005"},{"time":0.2,"name":"EFFECT_0017_EFFECT_00006"},{"time":0.2333,"name":"EFFECT_0016_EFFECT_00007"},{"time":0.2667,"name":"EFFECT_0015_EFFECT_00008"},{"time":0.3,"name":"EFFECT_0014_EFFECT_00009"},{"time":0.3333,"name":"EFFECT_0013_EFFECT_00010"},{"time":0.3667,"name":"EFFECT_0012_EFFECT_00011"},{"time":0.4,"name":"EFFECT_0011_EFFECT_00012"},{"time":0.4333,"name":"EFFECT_0010_EFFECT_00013"},{"time":0.4667,"name":"EFFECT_0009_EFFECT_00014"},{"time":0.5,"name":"EFFECT_0008_EFFECT_00015"},{"time":0.5333,"name":"EFFECT_0007_EFFECT_00016"},{"time":0.5667,"name":"EFFECT_0006_EFFECT_00017"},{"time":0.6,"name":"EFFECT_0005_EFFECT_00018"},{"time":0.6333,"name":"EFFECT_0004_EFFECT_00019"},{"time":0.6667,"name":"EFFECT_0003_EFFECT_00020"},{"time":0.7,"name":"EFFECT_0002_EFFECT_00021"},{"time":0.7333,"name":"EFFECT_0001_EFFECT_00022"},{"time":0.7667,"name":"EFFECT_0000_EFFECT_00023"},{"time":0.8,"name":"EFFECT_0023_EFFECT_00000"},{"time":0.8333,"name":"EFFECT_0022_EFFECT_00001"},{"time":0.8667,"name":"EFFECT_0021_EFFECT_00002"},{"time":0.9,"name":"EFFECT_0020_EFFECT_00003"},{"time":0.9333,"name":"EFFECT_0019_EFFECT_00004"},{"time":0.9667,"name":"EFFECT_0018_EFFECT_00005"},{"time":1,"name":"EFFECT_0017_EFFECT_00006"},{"time":1.0333,"name":"EFFECT_0016_EFFECT_00007"},{"time":1.0667,"name":"EFFECT_0015_EFFECT_00008"},{"time":1.1,"name":"EFFECT_0014_EFFECT_00009"},{"time":1.1333,"name":"EFFECT_0013_EFFECT_00010"},{"time":1.1667,"name":"EFFECT_0012_EFFECT_00011"},{"time":1.2,"name":"EFFECT_0011_EFFECT_00012"},{"time":1.2333,"name":"EFFECT_0010_EFFECT_00013"},{"time":1.2667,"name":"EFFECT_0009_EFFECT_00014"},{"time":1.3,"name":"EFFECT_0008_EFFECT_00015"},{"time":1.3333,"name":"EFFECT_0007_EFFECT_00016"},{"time":1.3667,"name":"EFFECT_0006_EFFECT_00017"},{"time":1.4,"name":"EFFECT_0005_EFFECT_00018"},{"time":1.4333,"name":"EFFECT_0004_EFFECT_00019"},{"time":1.4667,"name":"EFFECT_0003_EFFECT_00020"},{"time":1.5,"name":"EFFECT_0002_EFFECT_00021"},{"time":1.5333,"name":"EFFECT_0001_EFFECT_00022"},{"time":1.5667,"name":"EFFECT_0000_EFFECT_00023"},{"time":1.6,"name":"EFFECT_0023_EFFECT_00000"}]},"Layer 4":{"color":[{"time":0,"color":"ffffff00","curve":"stepped"},{"time":0.3,"color":"ffffff00"},{"time":0.4,"color":"ffffffff"}]},"Layer 5":{"color":[{"time":0,"color":"ffffff00","curve":"stepped"},{"time":0.3,"color":"ffffff00","curve":"stepped"},{"time":0.4667,"color":"ffffff00"},{"time":0.5667,"color":"ffffffff"}]},"Layer 6":{"color":[{"time":0,"color":"ffffff00","curve":"stepped"},{"time":0.3,"color":"ffffff00","curve":"stepped"},{"time":0.6333,"color":"ffffff00"},{"time":0.7333,"color":"ffffffff"}]},"Layer 7":{"color":[{"time":0,"color":"ffffff00","curve":"stepped"},{"time":0.3,"color":"ffffff00","curve":"stepped"},{"time":0.8,"color":"ffffff00"},{"time":0.9,"color":"ffffffff"}]},"Layer 8":{"color":[{"time":0,"color":"ffffff00","curve":"stepped"},{"time":0.3,"color":"ffffff00","curve":"stepped"},{"time":0.9667,"color":"ffffff00"},{"time":1.0667,"color":"ffffffff"}]},"Layer 9":{"color":[{"time":0,"color":"ffffff00","curve":"stepped"},{"time":0.3,"color":"ffffff00","curve":"stepped"},{"time":1.1333,"color":"ffffff00"},{"time":1.2333,"color":"ffffffff"}]},"Layer 10":{"color":[{"time":0,"color":"ffffff00","curve":"stepped"},{"time":0.3,"color":"ffffff00","curve":"stepped"},{"time":1.3,"color":"ffffff00"},{"time":1.4,"color":"ffffffff"}]}},"bones":{"AVENGERS BONE":{"scale":[{"time":0,"x":0,"y":0},{"time":0.1,"x":1,"y":1},{"time":0.1667,"x":1.2,"y":1.2},{"time":0.2333,"x":0.9,"y":0.9},{"time":0.3,"x":1,"y":1,"curve":"stepped"},{"time":1.6,"x":1,"y":1}]},"BONE EFFECT -1.283 482.9":{"translate":[{"time":0,"x":0,"y":0,"curve":"stepped"},{"time":0.3,"x":0,"y":0},{"time":1,"x":0,"y":-759.3,"curve":"stepped"},{"time":1.6,"x":0,"y":-759.3}]},"J":{"scale":[{"time":0,"x":2.8,"y":2.8,"curve":"stepped"},{"time":0.3,"x":2.8,"y":2.8},{"time":0.4,"x":1,"y":1},{"time":0.4667,"x":0.9,"y":0.9},{"time":0.5333,"x":1.2,"y":1.2},{"time":0.6,"x":1,"y":1}]},"A":{"scale":[{"time":0,"x":2.8,"y":2.8,"curve":"stepped"},{"time":0.4667,"x":2.8,"y":2.8},{"time":0.5667,"x":1,"y":1},{"time":0.6333,"x":0.9,"y":0.9},{"time":0.7,"x":1.2,"y":1.2},{"time":0.7667,"x":1,"y":1}]},"C":{"scale":[{"time":0,"x":2.8,"y":2.8,"curve":"stepped"},{"time":0.6333,"x":2.8,"y":2.8},{"time":0.7333,"x":1,"y":1},{"time":0.8,"x":0.9,"y":0.9},{"time":0.8667,"x":1.2,"y":1.2},{"time":0.9333,"x":1,"y":1}]},"K":{"scale":[{"time":0,"x":2.8,"y":2.8,"curve":"stepped"},{"time":0.8,"x":2.8,"y":2.8},{"time":0.9,"x":1,"y":1},{"time":0.9667,"x":0.9,"y":0.9},{"time":1.0333,"x":1.2,"y":1.2},{"time":1.1,"x":1,"y":1}]},"P":{"scale":[{"time":0,"x":2.8,"y":2.8,"curve":"stepped"},{"time":0.9667,"x":2.8,"y":2.8},{"time":1.0667,"x":1,"y":1},{"time":1.1333,"x":0.9,"y":0.9},{"time":1.2,"x":1.2,"y":1.2},{"time":1.2667,"x":1,"y":1}]},"O":{"scale":[{"time":0,"x":2.8,"y":2.8,"curve":"stepped"},{"time":1.1333,"x":2.8,"y":2.8},{"time":1.2333,"x":1,"y":1},{"time":1.3,"x":0.9,"y":0.9},{"time":1.3667,"x":1.2,"y":1.2},{"time":1.4333,"x":1,"y":1}]},"T":{"scale":[{"time":0,"x":2.8,"y":2.8,"curve":"stepped"},{"time":1.3,"x":2.8,"y":2.8},{"time":1.4,"x":1,"y":1},{"time":1.4667,"x":0.9,"y":0.9},{"time":1.5333,"x":1.2,"y":1.2},{"time":1.6,"x":1,"y":1}]}}}}},"_atlasText":"\nJACKPOT EFFECT.png\nsize: 512,512\nformat: RGBA8888\nfilter: Linear,Linear\nrepeat: none\nEFFECT_0000_EFFECT_00023\n  rotate: false\n  xy: 244, 251\n  size: 249, 255\n  orig: 249, 255\n  offset: 0, 0\n  index: -1\nEFFECT_0001_EFFECT_00022\n  rotate: true\n  xy: 256, 1\n  size: 249, 255\n  orig: 249, 255\n  offset: 0, 0\n  index: -1\nEFFECT_0023_EFFECT_00000\n  rotate: false\n  xy: 494, 505\n  size: 1, 1\n  orig: 1, 1\n  offset: 0, 0\n  index: -1\nLayer 11\n  rotate: false\n  xy: 1, 35\n  size: 254, 190\n  orig: 254, 190\n  offset: 0, 0\n  index: -1\nLevels 5 copy 6\n  rotate: false\n  xy: 1, 226\n  size: 242, 280\n  orig: 242, 280\n  offset: 0, 0\n  index: -1\n\nJACKPOT EFFECT2.png\nsize: 512,512\nformat: RGBA8888\nfilter: Linear,Linear\nrepeat: none\nEFFECT_0002_EFFECT_00021\n  rotate: false\n  xy: 1, 251\n  size: 249, 255\n  orig: 249, 255\n  offset: 0, 0\n  index: -1\nEFFECT_0003_EFFECT_00020\n  rotate: true\n  xy: 1, 1\n  size: 249, 255\n  orig: 249, 255\n  offset: 0, 0\n  index: -1\nEFFECT_0004_EFFECT_00019\n  rotate: true\n  xy: 251, 257\n  size: 249, 255\n  orig: 249, 255\n  offset: 0, 0\n  index: -1\nEFFECT_0005_EFFECT_00018\n  rotate: false\n  xy: 257, 1\n  size: 249, 255\n  orig: 249, 255\n  offset: 0, 0\n  index: -1\n\nJACKPOT EFFECT3.png\nsize: 512,512\nformat: RGBA8888\nfilter: Linear,Linear\nrepeat: none\nEFFECT_0006_EFFECT_00017\n  rotate: false\n  xy: 1, 251\n  size: 249, 255\n  orig: 249, 255\n  offset: 0, 0\n  index: -1\nEFFECT_0007_EFFECT_00016\n  rotate: true\n  xy: 1, 1\n  size: 249, 255\n  orig: 249, 255\n  offset: 0, 0\n  index: -1\nEFFECT_0008_EFFECT_00015\n  rotate: true\n  xy: 251, 257\n  size: 249, 255\n  orig: 249, 255\n  offset: 0, 0\n  index: -1\nEFFECT_0009_EFFECT_00014\n  rotate: false\n  xy: 257, 1\n  size: 249, 255\n  orig: 249, 255\n  offset: 0, 0\n  index: -1\n\nJACKPOT EFFECT4.png\nsize: 512,512\nformat: RGBA8888\nfilter: Linear,Linear\nrepeat: none\nEFFECT_0010_EFFECT_00013\n  rotate: false\n  xy: 1, 251\n  size: 249, 255\n  orig: 249, 255\n  offset: 0, 0\n  index: -1\nEFFECT_0011_EFFECT_00012\n  rotate: true\n  xy: 1, 1\n  size: 249, 255\n  orig: 249, 255\n  offset: 0, 0\n  index: -1\nEFFECT_0012_EFFECT_00011\n  rotate: true\n  xy: 251, 257\n  size: 249, 255\n  orig: 249, 255\n  offset: 0, 0\n  index: -1\nEFFECT_0013_EFFECT_00010\n  rotate: false\n  xy: 257, 1\n  size: 249, 255\n  orig: 249, 255\n  offset: 0, 0\n  index: -1\n\nJACKPOT EFFECT5.png\nsize: 512,512\nformat: RGBA8888\nfilter: Linear,Linear\nrepeat: none\nEFFECT_0014_EFFECT_00009\n  rotate: false\n  xy: 1, 251\n  size: 249, 255\n  orig: 249, 255\n  offset: 0, 0\n  index: -1\nEFFECT_0015_EFFECT_00008\n  rotate: true\n  xy: 1, 1\n  size: 249, 255\n  orig: 249, 255\n  offset: 0, 0\n  index: -1\nEFFECT_0016_EFFECT_00007\n  rotate: true\n  xy: 251, 257\n  size: 249, 255\n  orig: 249, 255\n  offset: 0, 0\n  index: -1\nEFFECT_0017_EFFECT_00006\n  rotate: false\n  xy: 257, 1\n  size: 249, 255\n  orig: 249, 255\n  offset: 0, 0\n  index: -1\n\nJACKPOT EFFECT6.png\nsize: 512,512\nformat: RGBA8888\nfilter: Linear,Linear\nrepeat: none\nEFFECT_0018_EFFECT_00005\n  rotate: false\n  xy: 1, 251\n  size: 249, 255\n  orig: 249, 255\n  offset: 0, 0\n  index: -1\nEFFECT_0019_EFFECT_00004\n  rotate: true\n  xy: 1, 1\n  size: 249, 255\n  orig: 249, 255\n  offset: 0, 0\n  index: -1\nEFFECT_0020_EFFECT_00003\n  rotate: true\n  xy: 251, 257\n  size: 249, 255\n  orig: 249, 255\n  offset: 0, 0\n  index: -1\nEFFECT_0021_EFFECT_00002\n  rotate: false\n  xy: 257, 1\n  size: 249, 255\n  orig: 249, 255\n  offset: 0, 0\n  index: -1\n\nJACKPOT EFFECT7.png\nsize: 512,512\nformat: RGBA8888\nfilter: Linear,Linear\nrepeat: none\nEFFECT_0022_EFFECT_00001\n  rotate: false\n  xy: 1, 198\n  size: 249, 255\n  orig: 249, 255\n  offset: 0, 0\n  index: -1\nLayer 10\n  rotate: false\n  xy: 345, 60\n  size: 152, 196\n  orig: 152, 196\n  offset: 0, 0\n  index: -1\nLayer 4\n  rotate: false\n  xy: 1, 1\n  size: 186, 196\n  orig: 186, 196\n  offset: 0, 0\n  index: -1\nLayer 5\n  rotate: false\n  xy: 188, 1\n  size: 156, 196\n  orig: 156, 196\n  offset: 0, 0\n  index: -1\nLayer 9\n  rotate: false\n  xy: 251, 257\n  size: 152, 196\n  orig: 152, 196\n  offset: 0, 0\n  index: -1\n\nJACKPOT EFFECT8.png\nsize: 512,256\nformat: RGBA8888\nfilter: Linear,Linear\nrepeat: none\nLayer 6\n  rotate: false\n  xy: 1, 1\n  size: 127, 196\n  orig: 127, 196\n  offset: 0, 0\n  index: -1\nLayer 7\n  rotate: false\n  xy: 129, 1\n  size: 118, 196\n  orig: 118, 196\n  offset: 0, 0\n  index: -1\nLayer 8\n  rotate: false\n  xy: 248, 1\n  size: 114, 196\n  orig: 114, 196\n  offset: 0, 0\n  index: -1\n","textures":[{"__uuid__":"0bvNwwY3JEHqhEpoz6+hX4"},{"__uuid__":"a0CFQCNTxN+4OjFNelriT1"},{"__uuid__":"4dYJ6cpd9DM5+RgL3c2Vyo"},{"__uuid__":"97bA7U7bJOI6LhkKxvKbXK"},{"__uuid__":"b1Lj/XlaBETK0bEtADIqP1"},{"__uuid__":"0doitaT4VGaIfyLqAEORfA"},{"__uuid__":"dfMRnEEqdB6aSXrmUA4O1f"},{"__uuid__":"98YfXuHvBK/p2nh+XjfjUt"}],"textureNames":["JACKPOT EFFECT.png","JACKPOT EFFECT2.png","JACKPOT EFFECT3.png","JACKPOT EFFECT4.png","JACKPOT EFFECT5.png","JACKPOT EFFECT6.png","JACKPOT EFFECT7.png","JACKPOT EFFECT8.png"]}