{"__type__":"sp.SkeletonData","_name":"ICON","_skeletonJson":{"skeleton":{"hash":"RsnCxtP9j55PARtYiggscwP7MIo","spine":"3.6.53","width":172.11,"height":173.25,"images":"../Images/"},"bones":[{"name":"root"},{"name":"bone","parent":"root","length":27.97,"rotation":90,"x":-11.06,"y":-56.83},{"name":"bone2","parent":"root","length":59.23,"rotation":112.12,"x":-53.54,"y":19.64},{"name":"bone3","parent":"root","length":64.12,"rotation":63.43,"x":-29.82,"y":9.02},{"name":"bone4","parent":"root","length":50.67,"rotation":62.54,"x":26.11,"y":-0.19}],"slots":[{"name":"BG2","bone":"bone2","attachment":"BG"},{"name":"BG","bone":"root"},{"name":"5","bone":"bone3","attachment":"1"},{"name":"1","bone":"root"},{"name":"4","bone":"bone4","attachment":"2"},{"name":"2","bone":"root"},{"name":"6","bone":"bone","attachment":"3"},{"name":"3","bone":"root"}],"skins":{"default":{"4":{"2":{"x":9.67,"y":0.77,"rotation":-62.54,"width":85,"height":112}},"5":{"1":{"x":22.89,"y":5.06,"rotation":-63.43,"width":85,"height":112}},"6":{"3":{"x":9.08,"y":-9.44,"rotation":-90,"width":170,"height":57}},"BG2":{"BG":{"x":-38.35,"y":-42.2,"rotation":-112.12,"width":171,"height":171}}}},"animations":{"animation":{"bones":{"root":{"rotate":[{"time":0,"angle":0}],"translate":[{"time":0,"x":0,"y":0}],"scale":[{"time":0,"x":1,"y":1}]},"bone":{"rotate":[{"time":0,"angle":0,"curve":"stepped"},{"time":1,"angle":0,"curve":"stepped"},{"time":2.6667,"angle":0}],"translate":[{"time":0,"x":0,"y":-4.06,"curve":[0.25,0,0.75,1]},{"time":0.5,"x":0,"y":13.28,"curve":[0.25,0,0.75,1]},{"time":1,"x":0,"y":-4.06,"curve":[0.25,0,0.75,1]},{"time":1.8333,"x":0,"y":13.28,"curve":[0.25,0,0.75,1]},{"time":2.6667,"x":0,"y":-4.06}],"scale":[{"time":0,"x":0.883,"y":0.883,"curve":[0.25,0,0.75,1]},{"time":0.5,"x":1.058,"y":1.058,"curve":[0.25,0,0.75,1]},{"time":1,"x":0.883,"y":0.883,"curve":[0.25,0,0.75,1]},{"time":1.8333,"x":1.058,"y":1.058,"curve":[0.25,0,0.75,1]},{"time":2.6667,"x":0.883,"y":0.883}]},"bone2":{"rotate":[{"time":0,"angle":0}],"translate":[{"time":0,"x":0,"y":0}],"scale":[{"time":0,"x":1,"y":1}]},"bone3":{"rotate":[{"time":0,"angle":0,"curve":"stepped"},{"time":2.6667,"angle":0}],"translate":[{"time":0,"x":-6.69,"y":-18.62,"curve":[0.25,0,0.75,1]},{"time":1.3333,"x":3.78,"y":5.53,"curve":[0.25,0,0.75,1]},{"time":2.6667,"x":-6.69,"y":-18.62}],"scale":[{"time":0,"x":0.806,"y":0.806,"curve":[0.25,0,0.75,1]},{"time":1.3333,"x":1.056,"y":1.056,"curve":[0.25,0,0.75,1]},{"time":2.6667,"x":0.806,"y":0.806}]},"bone4":{"rotate":[{"time":0,"angle":0,"curve":"stepped"},{"time":2.6667,"angle":0}],"translate":[{"time":0,"x":3.49,"y":16,"curve":[0.25,0,0.75,1]},{"time":1.3333,"x":-9.89,"y":-18.91,"curve":[0.25,0,0.75,1]},{"time":2.6667,"x":3.49,"y":16}],"scale":[{"time":0,"x":1,"y":1,"curve":[0.25,0,0.75,1]},{"time":1.3333,"x":0.819,"y":0.819,"curve":[0.25,0,0.75,1]},{"time":2.6667,"x":1,"y":1}]}}}}},"_atlasText":"\nICON.png\nsize: 512,256\nformat: RGBA8888\nfilter: Linear,Linear\nrepeat: none\n1\n  rotate: false\n  xy: 175, 120\n  size: 85, 112\n  orig: 85, 112\n  offset: 0, 0\n  index: -1\n2\n  rotate: false\n  xy: 262, 120\n  size: 85, 112\n  orig: 85, 112\n  offset: 0, 0\n  index: -1\n3\n  rotate: false\n  xy: 2, 2\n  size: 170, 57\n  orig: 170, 57\n  offset: 0, 0\n  index: -1\nBG\n  rotate: false\n  xy: 2, 61\n  size: 171, 171\n  orig: 171, 171\n  offset: 0, 0\n  index: -1\n","textures":[{"__uuid__":"46/gLwlY1Jv7+lsTNpfsIt"}],"textureNames":["ICON.png"]}