{"__type__":"dragonBones.DragonBonesAsset","_name":"effect_frame_C_1_ske","_dragonBonesJson":"{\"frameRate\":24,\"name\":\"effect_frame_C_1\",\"version\":\"5.5\",\"compatibleVersion\":\"5.5\",\"armature\":[{\"type\":\"Armature\",\"frameRate\":24,\"name\":\"effect_frame_C_1\",\"bone\":[{\"name\":\"root\"},{\"name\":\"y1-4\",\"parent\":\"root\"},{\"name\":\"y1-2\",\"parent\":\"root\"},{\"name\":\"y1-3\",\"parent\":\"root\"},{\"name\":\"y1-1\",\"parent\":\"root\"},{\"name\":\"1\",\"parent\":\"y1-1\"},{\"name\":\"y1-2xl\",\"parent\":\"y1-2\",\"transform\":{\"scX\":2,\"scY\":2}},{\"name\":\"y1-1xl\",\"parent\":\"y1-1\",\"transform\":{\"scX\":2,\"scY\":2}},{\"name\":\"3\",\"parent\":\"y1-3\"},{\"name\":\"y1-3xl\",\"parent\":\"y1-3\",\"transform\":{\"scX\":2,\"scY\":2}},{\"name\":\"2\",\"parent\":\"y1-2\"},{\"name\":\"4\",\"parent\":\"y1-4\"},{\"name\":\"y1-4xl\",\"parent\":\"y1-4\",\"transform\":{\"scX\":2,\"scY\":2}}],\"slot\":[{\"displayIndex\":-1,\"name\":\"1\",\"parent\":\"1\"},{\"blendMode\":\"add\",\"displayIndex\":-1,\"name\":\"y1-1xl\",\"parent\":\"y1-1xl\"},{\"displayIndex\":-1,\"name\":\"2\",\"parent\":\"2\"},{\"blendMode\":\"add\",\"displayIndex\":-1,\"name\":\"y1-2xl\",\"parent\":\"y1-2xl\"},{\"displayIndex\":-1,\"name\":\"3\",\"parent\":\"3\"},{\"blendMode\":\"add\",\"displayIndex\":-1,\"name\":\"y1-3xl\",\"parent\":\"y1-3xl\"},{\"displayIndex\":-1,\"name\":\"4\",\"parent\":\"4\"},{\"blendMode\":\"add\",\"displayIndex\":-1,\"name\":\"y1-4xl\",\"parent\":\"y1-4xl\"}],\"skin\":[{\"slot\":[{\"name\":\"y1-3xl\",\"display\":[{\"name\":\"y1-3_00011\"},{\"name\":\"y1-3_00010\"},{\"name\":\"y1-3_00009\"},{\"name\":\"y1-3_00008\"},{\"name\":\"y1-3_00007\"},{\"name\":\"y1-3_00006\"},{\"name\":\"y1-3_00005\"},{\"name\":\"y1-3_00004\"},{\"name\":\"y1-3_00003\"},{\"name\":\"y1-3_00002\"},{\"name\":\"y1-3_00001\"},{\"name\":\"y1-3_00000\"}]},{\"name\":\"3\",\"display\":[{\"name\":\"1-3\"}]},{\"name\":\"4\",\"display\":[{\"name\":\"1-4\"}]},{\"name\":\"2\",\"display\":[{\"name\":\"1-2\"}]},{\"name\":\"y1-1xl\",\"display\":[{\"name\":\"y1-1_00011\"},{\"name\":\"y1-1_00010\"},{\"name\":\"y1-1_00009\"},{\"name\":\"y1-1_00008\"},{\"name\":\"y1-1_00007\"},{\"name\":\"y1-1_00006\"},{\"name\":\"y1-1_00005\"},{\"name\":\"y1-1_00004\"},{\"name\":\"y1-1_00003\"},{\"name\":\"y1-1_00002\"},{\"name\":\"y1-1_00001\"},{\"name\":\"y1-1_00000\"}]},{\"name\":\"y1-4xl\",\"display\":[{\"name\":\"y1-4_00011\"},{\"name\":\"y1-4_00010\"},{\"name\":\"y1-4_00009\"},{\"name\":\"y1-4_00008\"},{\"name\":\"y1-4_00007\"},{\"name\":\"y1-4_00006\"},{\"name\":\"y1-4_00005\"},{\"name\":\"y1-4_00004\"},{\"name\":\"y1-4_00003\"},{\"name\":\"y1-4_00002\"},{\"name\":\"y1-4_00001\"},{\"name\":\"y1-4_00000\"}]},{\"name\":\"y1-2xl\",\"display\":[{\"name\":\"y1-2_00011\"},{\"name\":\"y1-2_00010\"},{\"name\":\"y1-2_00009\"},{\"name\":\"y1-2_00008\"},{\"name\":\"y1-2_00007\"},{\"name\":\"y1-2_00006\"},{\"name\":\"y1-2_00005\"},{\"name\":\"y1-2_00004\"},{\"name\":\"y1-2_00003\"},{\"name\":\"y1-2_00002\"},{\"name\":\"y1-2_00001\"},{\"name\":\"y1-2_00000\"}]},{\"name\":\"1\",\"display\":[{\"name\":\"1-1\"}]}]}],\"animation\":[{\"duration\":33,\"playTimes\":0,\"name\":\"y1-1\",\"slot\":[{\"name\":\"1\",\"displayFrame\":[{\"duration\":33}]},{\"name\":\"y1-1xl\",\"displayFrame\":[{\"duration\":2,\"value\":11},{\"duration\":2,\"value\":10},{\"duration\":2,\"value\":9},{\"duration\":2,\"value\":8},{\"duration\":2,\"value\":7},{\"duration\":2,\"value\":6},{\"duration\":2,\"value\":5},{\"duration\":2,\"value\":4},{\"duration\":2,\"value\":3},{\"duration\":2,\"value\":2},{\"duration\":2,\"value\":1},{\"duration\":2},{\"duration\":9,\"value\":-1}]}]},{\"duration\":33,\"playTimes\":0,\"name\":\"y1-2\",\"slot\":[{\"name\":\"2\",\"displayFrame\":[{\"duration\":33}]},{\"name\":\"y1-2xl\",\"displayFrame\":[{\"duration\":2,\"value\":11},{\"duration\":2,\"value\":10},{\"duration\":2,\"value\":9},{\"duration\":2,\"value\":8},{\"duration\":2,\"value\":7},{\"duration\":2,\"value\":6},{\"duration\":2,\"value\":5},{\"duration\":2,\"value\":4},{\"duration\":2,\"value\":3},{\"duration\":2,\"value\":2},{\"duration\":2,\"value\":1},{\"duration\":2},{\"duration\":9,\"value\":-1}]}]},{\"duration\":33,\"playTimes\":0,\"name\":\"y1-3\",\"slot\":[{\"name\":\"3\",\"displayFrame\":[{\"duration\":33}]},{\"name\":\"y1-3xl\",\"displayFrame\":[{\"duration\":2,\"value\":11},{\"duration\":2,\"value\":10},{\"duration\":2,\"value\":9},{\"duration\":2,\"value\":8},{\"duration\":2,\"value\":7},{\"duration\":2,\"value\":6},{\"duration\":2,\"value\":5},{\"duration\":2,\"value\":4},{\"duration\":2,\"value\":3},{\"duration\":2,\"value\":2},{\"duration\":2,\"value\":1},{\"duration\":2},{\"duration\":9,\"value\":-1}]}]},{\"duration\":33,\"playTimes\":0,\"name\":\"y1-4\",\"slot\":[{\"name\":\"4\",\"displayFrame\":[{\"duration\":33}]},{\"name\":\"y1-4xl\",\"displayFrame\":[{\"duration\":2,\"value\":11},{\"duration\":2,\"value\":10},{\"duration\":2,\"value\":9},{\"duration\":2,\"value\":8},{\"duration\":2,\"value\":7},{\"duration\":2,\"value\":6},{\"duration\":2,\"value\":5},{\"duration\":2,\"value\":4},{\"duration\":2,\"value\":3},{\"duration\":2,\"value\":2},{\"duration\":2,\"value\":1},{\"duration\":2},{\"duration\":9,\"value\":-1}]}]}],\"defaultActions\":[{\"gotoAndPlay\":\"y1-1\"}]}]}"}