{"__type__":"sp.SkeletonData","_name":"ICON","_skeletonJson":{"skeleton":{"hash":"lHgXsDZDwq1g7xbzQtVYhc9I36o","spine":"3.6.53","width":224,"height":378,"images":"../Images/"},"bones":[{"name":"root"},{"name":"bone","parent":"root","length":74.85,"rotation":110.07,"x":-56.01,"y":22.76},{"name":"bone2","parent":"root","length":68.98,"rotation":88.32,"x":27.82,"y":82.93},{"name":"bone3","parent":"root","length":82.36,"rotation":73.8,"x":40.66,"y":-6.31},{"name":"bone4","parent":"root","length":60.86,"rotation":102.18,"x":-33.7,"y":-92.16},{"name":"bone5","parent":"root","length":85.72,"rotation":71.14,"x":44.04,"y":-109.06},{"name":"bone6","parent":"root","length":129.79,"rotation":138.59,"x":-33.02,"y":-142.86}],"slots":[{"name":"BG2","bone":"bone6","attachment":"BG"},{"name":"BG","bone":"root"},{"name":"5","bone":"bone","attachment":"1"},{"name":"1","bone":"root"},{"name":"4","bone":"bone3","attachment":"2"},{"name":"2","bone":"root"},{"name":"6","bone":"bone2","attachment":"3"},{"name":"3","bone":"root"},{"name":"T2","bone":"bone4","attachment":"T"},{"name":"T","bone":"root"},{"name":"X2","bone":"bone5","attachment":"X"},{"name":"X","bone":"root"}],"skins":{"default":{"4":{"2":{"x":1.39,"y":4.83,"rotation":-73.8,"width":65,"height":70}},"5":{"1":{"x":15.21,"y":-3.88,"rotation":-110.07,"width":95,"height":96}},"6":{"3":{"x":18.49,"y":-1.05,"rotation":-88.32,"width":105,"height":108}},"BG2":{"BG":{"x":69.73,"y":-128.98,"rotation":-138.59,"width":224,"height":378}},"T2":{"T":{"x":11.58,"y":6.08,"rotation":-102.18,"width":110,"height":85}},"X2":{"X":{"x":11.89,"y":3.67,"rotation":-71.14,"width":87,"height":56}}}},"animations":{"animation":{"slots":{"4":{"color":[{"time":0,"color":"ffffff00","curve":"stepped"},{"time":0.2,"color":"ffffff00"},{"time":0.9333,"color":"ffffffff"}]},"5":{"color":[{"time":0,"color":"ffffff00","curve":"stepped"},{"time":0.1,"color":"ffffff00"},{"time":0.3333,"color":"ffffffff"}]},"6":{"color":[{"time":0,"color":"ffffff00","curve":"stepped"},{"time":0.2333,"color":"ffffff00"},{"time":0.6667,"color":"ffffffff"}]}},"bones":{"root":{"rotate":[{"time":0,"angle":0}],"translate":[{"time":0,"x":0,"y":0}],"scale":[{"time":0,"x":1,"y":1}]},"bone":{"rotate":[{"time":0,"angle":0,"curve":[0.25,0,0.75,1]},{"time":0.3333,"angle":40.42},{"time":0.5,"angle":-29.62},{"time":0.6667,"angle":32.61},{"time":0.8333,"angle":-10.8}],"translate":[{"time":0,"x":10.48,"y":179.84,"curve":[0.25,0,0.75,1]},{"time":0.3333,"x":15.12,"y":-72.54},{"time":0.5,"x":15.12,"y":-31.14},{"time":0.6667,"x":14.54,"y":-10.44},{"time":0.8333,"x":5.36,"y":-31.05}],"scale":[{"time":0,"x":1,"y":1}]},"bone2":{"rotate":[{"time":0,"angle":0,"curve":[0.25,0,0.75,1]},{"time":0.6667,"angle":44.5},{"time":0.9333,"angle":-24.14},{"time":1.1,"angle":46.79},{"time":1.3,"angle":-249.39}],"translate":[{"time":0,"x":-8.73,"y":121.06,"curve":[0.25,0,0.75,1]},{"time":0.6667,"x":-19.73,"y":-121.82},{"time":0.9333,"x":15.64,"y":-91.95},{"time":1.3,"x":-1.44,"y":22.48}],"scale":[{"time":0,"x":1,"y":1}]},"bone3":{"rotate":[{"time":0,"angle":0,"curve":[0.25,0,0.75,1]},{"time":1.1333,"angle":-89.15},{"time":1.3333,"angle":-5.89},{"time":1.5,"angle":44.71}],"translate":[{"time":0,"x":22.12,"y":200.79,"curve":[0.25,0,0.75,1]},{"time":0.9333,"x":-35.26,"y":-37.37},{"time":1.1333,"x":5.61,"y":-9.07},{"time":1.5,"x":26.83,"y":30.23}],"scale":[{"time":0,"x":1,"y":1}]},"bone4":{"rotate":[{"time":0,"angle":0,"curve":"stepped"},{"time":2.6667,"angle":0}],"translate":[{"time":0,"x":0,"y":12.05,"curve":[0.25,0,0.75,1]},{"time":1.3333,"x":0,"y":-40.18,"curve":[0.25,0,0.75,1]},{"time":2.6667,"x":0,"y":12.05}],"scale":[{"time":0,"x":0.933,"y":0.933,"curve":[0.25,0,0.75,1]},{"time":1.3333,"x":1.248,"y":1.248,"curve":[0.25,0,0.75,1]},{"time":2.6667,"x":0.933,"y":0.933}]},"bone5":{"rotate":[{"time":0,"angle":0,"curve":"stepped"},{"time":2.6667,"angle":0}],"translate":[{"time":0,"x":0,"y":-9.18,"curve":[0.25,0,0.75,1]},{"time":1.3333,"x":0,"y":14.92,"curve":[0.25,0,0.75,1]},{"time":2.6667,"x":0,"y":-9.18}],"scale":[{"time":0,"x":1.203,"y":1.203,"curve":[0.25,0,0.75,1]},{"time":1.3333,"x":0.94,"y":0.94,"curve":[0.25,0,0.75,1]},{"time":2.6667,"x":1.203,"y":1.203}]},"bone6":{"rotate":[{"time":0,"angle":0}],"translate":[{"time":0,"x":0,"y":0}],"scale":[{"time":0,"x":1,"y":1}]}}}}},"_atlasText":"\nICON.png\nsize: 1024,256\nformat: RGBA8888\nfilter: Linear,Linear\nrepeat: none\n1\n  rotate: false\n  xy: 489, 130\n  size: 95, 96\n  orig: 95, 96\n  offset: 0, 0\n  index: -1\n2\n  rotate: true\n  xy: 675, 161\n  size: 65, 70\n  orig: 65, 70\n  offset: 0, 0\n  index: -1\n3\n  rotate: false\n  xy: 382, 118\n  size: 105, 108\n  orig: 105, 108\n  offset: 0, 0\n  index: -1\nBG\n  rotate: true\n  xy: 2, 2\n  size: 224, 378\n  orig: 224, 378\n  offset: 0, 0\n  index: -1\nT\n  rotate: true\n  xy: 382, 6\n  size: 110, 85\n  orig: 110, 85\n  offset: 0, 0\n  index: -1\nX\n  rotate: false\n  xy: 586, 170\n  size: 87, 56\n  orig: 87, 56\n  offset: 0, 0\n  index: -1\n","textures":[{"__uuid__":"f7jCYXoctDtrRWpIONzob7"}],"textureNames":["ICON.png"]}