[{"__type__":"cc.Prefab","_name":"ef_bullet6","data":{"__id__":1}},{"__type__":"cc.Node","_name":"ef_bullet6","_components":[{"__id__":2},{"__type__":"3a330//WeBF2b3HjqWpZzen","node":{"__id__":1},"anim":{"__id__":2},"typeBet":6}],"_prefab":{"__type__":"cc.PrefabInfo","root":{"__id__":1},"asset":{"__id__":0},"fileId":"11ZWydp+BJ/qv7uau4vG0B"},"_trs":{"__type__":"TypedArray","ctor":"Float64Array","array":[0,0,0,0,0,0,1,1,1,1]}},{"__type__":"dragonBones.ArmatureDisplay","node":{"__id__":1},"_materials":[{"__uuid__":"ecpdLyjvZBwrvm+cedCcQy"}],"_armatureName":"kyby_zidan6-hit","_preCacheMode":0,"_armatureKey":"65b86a69-5ac8-4c18-8373-a4f95fcd5d52#b360cb44-d3a0-4bc0-bb20-f582a1f8397c","_N$dragonAsset":{"__uuid__":"65uGppWshMGINzpPlfzV1S"},"_N$dragonAtlasAsset":{"__uuid__":"b3YMtE06BLwLsg9YKh+Dl8"}}]