{"__type__":"dragonBones.DragonBonesAtlasAsset","_name":"kyby_eff_sw_dg_tex","_atlasJson":"{\"width\":2048,\"SubTexture\":[{\"frameX\":-10,\"frameHeight\":374,\"y\":1128,\"frameY\":0,\"frameWidth\":831,\"width\":803,\"height\":373,\"name\":\"eff_sw01\",\"x\":808},{\"frameX\":-8,\"frameHeight\":374,\"y\":376,\"frameY\":0,\"frameWidth\":831,\"width\":807,\"height\":373,\"name\":\"eff_sw06\",\"x\":1},{\"frameX\":-8,\"frameHeight\":374,\"y\":1,\"frameY\":0,\"frameWidth\":831,\"width\":809,\"height\":373,\"name\":\"eff_sw07\",\"x\":1},{\"frameX\":-10,\"frameHeight\":374,\"y\":1126,\"frameY\":0,\"frameWidth\":831,\"width\":805,\"height\":373,\"name\":\"eff_sw10\",\"x\":1},{\"frameX\":-10,\"frameHeight\":374,\"y\":1877,\"frameY\":0,\"frameWidth\":831,\"width\":803,\"height\":370,\"name\":\"eff_sw11\",\"x\":1},{\"frameX\":-9,\"frameHeight\":374,\"y\":1,\"frameY\":0,\"frameWidth\":831,\"width\":805,\"height\":374,\"name\":\"eff_sw03\",\"x\":812},{\"frameX\":-9,\"frameHeight\":374,\"y\":377,\"frameY\":0,\"frameWidth\":831,\"width\":804,\"height\":374,\"name\":\"eff_sw04\",\"x\":810},{\"frameX\":-11,\"frameHeight\":374,\"y\":751,\"frameY\":0,\"frameWidth\":831,\"width\":806,\"height\":373,\"name\":\"eff_sw09\",\"x\":1},{\"frameX\":-10,\"frameHeight\":374,\"y\":1501,\"frameY\":0,\"frameWidth\":831,\"width\":800,\"height\":374,\"name\":\"eff_sw02\",\"x\":1},{\"frameX\":-8,\"frameHeight\":374,\"y\":753,\"frameY\":0,\"frameWidth\":831,\"width\":805,\"height\":373,\"name\":\"eff_sw05\",\"x\":809},{\"frameX\":-10,\"frameHeight\":374,\"y\":1877,\"frameY\":0,\"frameWidth\":831,\"width\":803,\"height\":369,\"name\":\"eff_sw08\",\"x\":806},{\"frameX\":-11,\"frameHeight\":374,\"y\":1503,\"frameY\":0,\"frameWidth\":831,\"width\":803,\"height\":372,\"name\":\"eff_sw12\",\"x\":803}],\"height\":4096,\"name\":\"kyby_eff_sw_dg\",\"imagePath\":\"kyby_eff_sw_dg_tex.png\"}","_texture":{"__uuid__":"28k2G5rItPf5UKPm3Nr1lK"},"texture":{"__uuid__":"28k2G5rItPf5UKPm3Nr1lK"}}