{"__type__":"sp.SkeletonData","_name":"avenger_top_bg_minigame","_skeletonJson":{"skeleton":{"hash":"3Ms32kOaMA+TltAljlmlv7AysuU","spine":"3.6.53","width":632.61,"height":632.61,"images":"../BONUS TIME/"},"bones":[{"name":"root"},{"name":"CENTER","parent":"root"},{"name":"BONUS","parent":"CENTER"},{"name":"LIGHT","parent":"CENTER","y":68.35,"scaleX":4.993,"scaleY":4.993}],"slots":[{"name":"LIGHT","bone":"root","attachment":"LIGHT","blend":"additive"},{"name":"BONUS","bone":"root","attachment":"BONUS"}],"skins":{"default":{"BONUS":{"BONUS":{"type":"mesh","uvs":[1,1,0,1,0,0,1,0],"triangles":[1,2,3,1,3,0],"vertices":[1,2,142.83,-52.11,1,1,2,-142.83,-52.11,1,1,2,-142.83,52.11,1,1,2,142.83,52.11,1],"hull":4,"edges":[0,2,2,4,4,6,0,6],"width":148,"height":54}},"LIGHT":{"LIGHT":{"type":"mesh","uvs":[1,1,0,1,0,0,1,0],"triangles":[1,2,3,1,3,0],"vertices":[1,3,63.35,-63.35,1,1,3,-63.35,-63.35,1,1,3,-63.35,63.35,1,1,3,63.35,63.35,1],"hull":4,"edges":[0,2,2,4,4,6,0,6],"width":198,"height":198}}}},"animations":{"avenger_top_bg_minigame":{"bones":{"LIGHT":{"rotate":[{"time":0,"angle":0},{"time":0.3333,"angle":-88.36},{"time":0.6667,"angle":-178.05},{"time":1,"angle":90.14},{"time":1.3333,"angle":0}]},"BONUS":{"rotate":[{"time":0,"angle":0,"curve":"stepped"},{"time":0.5,"angle":0},{"time":0.6,"angle":-7.03},{"time":0.6667,"angle":5.92},{"time":0.7333,"angle":-5.82},{"time":0.8,"angle":4.94},{"time":0.8667,"angle":0,"curve":"stepped"},{"time":1.3333,"angle":0}]}}}}},"_atlasText":"\nBONUS TIME AVENGERS.png\nsize: 256,256\nformat: RGBA8888\nfilter: Linear,Linear\nrepeat: none\nBONUS\n  rotate: false\n  xy: 1, 1\n  size: 148, 54\n  orig: 148, 54\n  offset: 0, 0\n  index: -1\nLIGHT\n  rotate: false\n  xy: 1, 56\n  size: 198, 198\n  orig: 198, 198\n  offset: 0, 0\n  index: -1\n","textures":[{"__uuid__":"41W3j2a1tCr4Xk6dl2lNYo"}],"textureNames":["BONUS TIME AVENGERS.png"]}