[[{"__type__":"cc.Prefab","_name":"item8","data":{"__id__":1}},{"__type__":"cc.Node","_name":"item8","_components":[{"__type__":"cc.Sprite","node":{"__id__":1},"_materials":[{"__uuid__":"ecpdLyjvZBwrvm+cedCcQy"}],"_spriteFrame":{"__uuid__":"34uiNBigRKVIBRqu+a+kUf"}}],"_prefab":{"__type__":"cc.PrefabInfo","root":{"__id__":1},"asset":{"__uuid__":"294YUueV9O97J2Np1ON+vW"},"fileId":"83tR9kaWRIzbQ4EO9xvh6e"},"_contentSize":{"__type__":"cc.Size","width":143,"height":111},"_trs":{"__type__":"TypedArray","ctor":"Float64Array","array":[0,0,0,0,0,0,1,0.8,0.8,1]}}],{"__type__":"cc.SpriteFrame","content":{"name":"item_4","texture":"c86Rm5WidBao8t/8wzOMUI","rect":[0,0,143,111],"offset":[0,0],"originalSize":[143,111],"capInsets":[0,0,0,0]}}]