[[{"__type__":"cc.Prefab","_name":"itemInfoMuaThe","data":{"__id__":1}},{"__type__":"cc.Node","_name":"itemInfoMuaThe","_children":[{"__id__":2},{"__id__":3},{"__id__":5}],"_components":[{"__type__":"692acli1tBGMJGB7Xh9IFJc","node":{"__id__":1},"bg":{"__id__":2},"menhgia":{"__id__":4},"red":{"__id__":6}}],"_prefab":{"__type__":"cc.PrefabInfo","root":{"__id__":1},"asset":{"__uuid__":"11KgcRI49MyrxZH+Uig/yc"},"fileId":"f6H9Lkh3xA14QPrBSHcZfm"},"_contentSize":{"__type__":"cc.Size","width":400,"height":40},"_trs":{"__type__":"TypedArray","ctor":"Float64Array","array":[0,-22.5,0,0,0,0,1,1,1,1]}},{"__type__":"cc.Node","_name":"sprite","_parent":{"__id__":1},"_components":[{"__type__":"cc.Sprite","node":{"__id__":2},"_materials":[{"__uuid__":"ecpdLyjvZBwrvm+cedCcQy"}],"_spriteFrame":{"__uuid__":"41D7kWhyFGY7q4NDlzkazn"},"_sizeMode":0}],"_prefab":{"__type__":"cc.PrefabInfo","root":{"__id__":1},"asset":{"__uuid__":"11KgcRI49MyrxZH+Uig/yc"},"fileId":"36XIMvWbxECZlwTXdwcwL0"},"_opacity":61,"_color":{"__type__":"cc.Color","r":179,"g":179,"b":179},"_contentSize":{"__type__":"cc.Size","width":400,"height":40},"_trs":{"__type__":"TypedArray","ctor":"Float64Array","array":[0,0,0,0,0,0,1,1,1,1]}},{"__type__":"cc.Node","_name":"the","_parent":{"__id__":1},"_components":[{"__id__":4}],"_prefab":{"__type__":"cc.PrefabInfo","root":{"__id__":1},"asset":{"__uuid__":"11KgcRI49MyrxZH+Uig/yc"},"fileId":"0bDqcswddPep/Bzl9sYZs8"},"_contentSize":{"__type__":"cc.Size","height":26.29},"_trs":{"__type__":"TypedArray","ctor":"Float64Array","array":[-110,0,0,0,0,0,1,1,1,1]}},{"__type__":"cc.Label","node":{"__id__":3},"_materials":[{"__uuid__":"ecpdLyjvZBwrvm+cedCcQy"}],"_useOriginalSize":false,"_fontSize":23,"_N$file":{"__uuid__":"ca/STOHexDCpBHB3XPtG62"},"_isSystemFontUsed":false,"_N$horizontalAlign":1},{"__type__":"cc.Node","_name":"red","_parent":{"__id__":1},"_components":[{"__id__":6}],"_prefab":{"__type__":"cc.PrefabInfo","root":{"__id__":1},"asset":{"__uuid__":"11KgcRI49MyrxZH+Uig/yc"},"fileId":"f1kq/TuyVMgaqOknsIsimR"},"_color":{"__type__":"cc.Color","r":245,"g":255},"_contentSize":{"__type__":"cc.Size","height":26.29},"_trs":{"__type__":"TypedArray","ctor":"Float64Array","array":[108,0,0,0,0,0,1,1,1,1]}},{"__type__":"cc.Label","node":{"__id__":5},"_materials":[{"__uuid__":"ecpdLyjvZBwrvm+cedCcQy"}],"_useOriginalSize":false,"_fontSize":23,"_N$file":{"__uuid__":"ca/STOHexDCpBHB3XPtG62"},"_isSystemFontUsed":false,"_N$horizontalAlign":1}],{"__type__":"cc.SpriteFrame","content":{"name":"singleColor","texture":"a8Anh32NZGRZegUtSgEj26","rect":[0,0,2,2],"offset":[0,0],"originalSize":[2,2],"capInsets":[0,0,0,0]}}]