[[{"__type__":"cc.Prefab","_name":"x50_2","data":{"__id__":1}},{"__type__":"cc.Node","_name":"x50_2","_children":[{"__id__":2},{"__id__":4},{"__id__":6},{"__id__":7},{"__id__":8},{"__id__":9}],"_components":[{"__type__":"655c6/MZdJNZo/YxgAvEk8A","node":{"__id__":1},"fish":{"__id__":5},"shadow":{"__id__":3},"collider":{"__id__":10},"anim":{"__id__":11},"head":{"__id__":6},"end":{"__id__":7},"suoMe":{"__id__":9},"suoOther":{"__id__":8}},{"__id__":11},{"__id__":10}],"_prefab":{"__type__":"cc.PrefabInfo","root":{"__id__":1},"asset":{"__uuid__":"6bUk7419FPjJHfpmnyvSXR"},"fileId":"45aQsYT3BKGoEY4taXix9L"},"_trs":{"__type__":"TypedArray","ctor":"Float64Array","array":[832.207,324.347,0,0,0,0,1,1,1,1]},"_groupIndex":6,"groupIndex":6},{"__type__":"cc.Node","_name":"shadow","_parent":{"__id__":1},"_components":[{"__id__":3}],"_prefab":{"__type__":"cc.PrefabInfo","root":{"__id__":1},"asset":{"__uuid__":"6bUk7419FPjJHfpmnyvSXR"},"fileId":"deYh6Sy+hFEqTLwZupKypZ"},"_trs":{"__type__":"TypedArray","ctor":"Float64Array","array":[-15,-15,0,0,0,0,1,0.85,0.85,1]},"_groupIndex":6,"groupIndex":6},{"__type__":"dragonBones.ArmatureDisplay","node":{"__id__":2},"_materials":[{"__uuid__":"ecpdLyjvZBwrvm+cedCcQy"}],"_armatureName":"baoxiang_shadow","_animationName":"newAnimation","_preCacheMode":0,"_armatureKey":"514a302b-a3f7-4113-896d-740d2beef96b#d9068eba-48ac-48ea-adc9-27c6e54bb651","_N$dragonAsset":{"__uuid__":"51SjAro/dBE4ltdA0r7vlr"},"_N$dragonAtlasAsset":{"__uuid__":"d9Bo66SKxI6q3JJ8blS7ZR"},"_N$timeScale":0.5},{"__type__":"cc.Node","_name":"fish","_parent":{"__id__":1},"_components":[{"__id__":5}],"_prefab":{"__type__":"cc.PrefabInfo","root":{"__id__":1},"asset":{"__uuid__":"6bUk7419FPjJHfpmnyvSXR"},"fileId":"bb0awQUCBEjq97QosHS7L7"},"_trs":{"__type__":"TypedArray","ctor":"Float64Array","array":[0,0,0,0,0,0,1,0.85,0.85,1]}},{"__type__":"dragonBones.ArmatureDisplay","node":{"__id__":4},"_materials":[{"__uuid__":"ecpdLyjvZBwrvm+cedCcQy"}],"_armatureName":"Sprite","_animationName":"Sprite","_preCacheMode":0,"_armatureKey":"a04313b2-2833-4c39-a6fa-c90780d94164#91828583-9ab6-42eb-b1ed-8e090ab59d2c","_N$dragonAsset":{"__uuid__":"a0QxOyKDNMOab6yQeA2UFk"},"_N$dragonAtlasAsset":{"__uuid__":"91goWDmrZC67HtjgkKtZ0s"},"_N$timeScale":0.5},{"__type__":"cc.Node","_name":"head","_parent":{"__id__":1},"_prefab":{"__type__":"cc.PrefabInfo","root":{"__id__":1},"asset":{"__uuid__":"6bUk7419FPjJHfpmnyvSXR"},"fileId":"d0kr0z7FZJKY7D/f+/pv1j"},"_trs":{"__type__":"TypedArray","ctor":"Float64Array","array":[-70.763,-2.665,0,0,0,0,1,1,1,1]}},{"__type__":"cc.Node","_name":"end","_parent":{"__id__":1},"_prefab":{"__type__":"cc.PrefabInfo","root":{"__id__":1},"asset":{"__uuid__":"6bUk7419FPjJHfpmnyvSXR"},"fileId":"acOOLE4M5Hlr0X7bCAY9dy"},"_trs":{"__type__":"TypedArray","ctor":"Float64Array","array":[-10.17,-2.665,0,0,0,0,1,1,1,1]}},{"__type__":"cc.Node","_name":"fish_suoding_other","_parent":{"__id__":1},"_active":false,"_components":[{"__type__":"cc.Sprite","node":{"__id__":8},"_materials":[{"__uuid__":"ecpdLyjvZBwrvm+cedCcQy"}],"_spriteFrame":{"__uuid__":"d6GNvieS9K8pqo+oyuZNkc"}},{"__type__":"cc.Animation","node":{"__id__":8},"_defaultClip":{"__uuid__":"41C/GXlRNOjLlgy6YN7juw"},"_clips":[{"__uuid__":"41C/GXlRNOjLlgy6YN7juw"}],"playOnLoad":true}],"_prefab":{"__type__":"cc.PrefabInfo","root":{"__id__":1},"asset":{"__uuid__":"6bUk7419FPjJHfpmnyvSXR"},"fileId":"e0y9AYaGlMuo51m5McFlPs"},"_opacity":97,"_contentSize":{"__type__":"cc.Size","width":169,"height":169},"_trs":{"__type__":"TypedArray","ctor":"Float64Array","array":[0,0,0,0,0,0,1,0.85,0.85,1]}},{"__type__":"cc.Node","_name":"fish_suoding_me","_parent":{"__id__":1},"_active":false,"_components":[{"__type__":"cc.Sprite","node":{"__id__":9},"_materials":[{"__uuid__":"ecpdLyjvZBwrvm+cedCcQy"}],"_spriteFrame":{"__uuid__":"d6GNvieS9K8pqo+oyuZNkc"}},{"__type__":"cc.Animation","node":{"__id__":9},"_defaultClip":{"__uuid__":"41C/GXlRNOjLlgy6YN7juw"},"_clips":[{"__uuid__":"41C/GXlRNOjLlgy6YN7juw"}],"playOnLoad":true}],"_prefab":{"__type__":"cc.PrefabInfo","root":{"__id__":1},"asset":{"__uuid__":"6bUk7419FPjJHfpmnyvSXR"},"fileId":"ffS0l2hRJCXo4MQ8ObanOT"},"_contentSize":{"__type__":"cc.Size","width":169,"height":169},"_trs":{"__type__":"TypedArray","ctor":"Float64Array","array":[0,0,0,0,0,0,1,1,1,1]}},{"__type__":"cc.PolygonCollider","node":{"__id__":1},"points":[{"__type__":"cc.Vec2","x":47.5,"y":-49},{"__type__":"cc.Vec2","x":55.2,"y":23.8},{"__type__":"cc.Vec2","x":78.6,"y":71},{"__type__":"cc.Vec2","x":14.6,"y":82.1},{"__type__":"cc.Vec2","x":7.2,"y":59.4},{"__type__":"cc.Vec2","x":-49.7,"y":65.3},{"__type__":"cc.Vec2","x":-75.7,"y":-1.9},{"__type__":"cc.Vec2","x":-68.6,"y":-60.9},{"__type__":"cc.Vec2","x":16.9,"y":-95.3}]},{"__type__":"cc.Animation","node":{"__id__":1},"_clips":[{"__uuid__":"a2uj14PmZK2qR1qc4M16Wh"},{"__uuid__":"5ak/Jp0tpLJo8i3ppQg2Ht"},{"__uuid__":"5bOXJB0vdM1b2POlW2S6cd"},{"__uuid__":"5e2pqRy6pHWI1A7H3M4LgW"},{"__uuid__":"6ckG3/NjBMiIeK25O6v4xf"},{"__uuid__":"48LPTdX7ZC97zqY3q/slQC"},{"__uuid__":"2dzf/b09NK6LRPiFhWlwZR"},{"__uuid__":"d2GKY+Wk9Ca4Hy+M7+jvQW"},{"__uuid__":"fcaoDY8RlPtZqFYdLSRuKY"},{"__uuid__":"c6oPxDO+BCw5F2tEuLmCR7"},{"__uuid__":"74yBVnhc1Kp64BwNKQRQCF"},{"__uuid__":"b0PutUKbdFZYncPeoBtb8d"},{"__uuid__":"11kHRlmAtO5KHZqs6zswjQ"},{"__uuid__":"55Z3ewAfpMQadHueU9ZTMu"}]}],{"__type__":"cc.SpriteFrame","content":{"name":"fish_game_pic_suoding1","texture":"bclyb1CdFAXZK7vE6k7C0V","rect":[0,0,169,169],"offset":[-0.5,0.5],"originalSize":[170,170],"capInsets":[0,0,0,0]}}]