{"__type__":"sp.SkeletonData","_name":"ICON","_skeletonJson":{"skeleton":{"hash":"GMV+rjDUE/RaqaBHZnEqzhwR7VE","spine":"3.6.53","width":310.24,"height":391.4,"images":"../Images/"},"bones":[{"name":"root"},{"name":"bone","parent":"root","length":41.42,"rotation":86.48,"x":20.35,"y":-26.1},{"name":"bone2","parent":"bone","length":65.07,"rotation":8.01,"x":41.42},{"name":"bone3","parent":"bone2","length":49.92,"rotation":41.03,"x":21.52,"y":71.04},{"name":"bone4","parent":"bone2","length":55.35,"rotation":-93.17,"x":14.68,"y":-32.41},{"name":"bone5","parent":"root","length":47.72,"rotation":88.47,"x":3.22,"y":-132.35},{"name":"bone6","parent":"root","length":77.06,"rotation":138.68,"x":-74.37,"y":-79.56},{"name":"bone7","parent":"root","length":74.42,"rotation":89.02,"x":-32.4,"y":108.06},{"name":"bone8","parent":"root","length":100.51,"rotation":83.46,"x":67.46,"y":62.26},{"name":"bone9","parent":"root","length":63.72,"rotation":47.6,"x":50.67,"y":-84.94,"scaleX":0.844,"scaleY":0.844},{"name":"bone10","parent":"root","length":65.34,"rotation":100.86,"x":-31.6,"y":-67.27}],"slots":[{"name":"BG2","bone":"bone6","attachment":"BG"},{"name":"BG","bone":"root"},{"name":"8","bone":"bone7","attachment":"1"},{"name":"1","bone":"root"},{"name":"7","bone":"bone8","attachment":"2"},{"name":"2","bone":"root"},{"name":"CUA","bone":"root","attachment":"CUA"},{"name":"6","bone":"bone4","attachment":"3"},{"name":"3","bone":"root"},{"name":"5","bone":"bone3","attachment":"4"},{"name":"4","bone":"root"},{"name":"13","bone":"bone9","attachment":"12"},{"name":"12","bone":"root"},{"name":"ruong 41","bone":"bone10","attachment":"ruong 40"},{"name":"ruong 40","bone":"root"},{"name":"TEXT2","bone":"bone5","attachment":"TEXT"},{"name":"TEXT","bone":"root"}],"skins":{"default":{"5":{"4":{"x":41.72,"y":-20.35,"rotation":-135.52,"width":96,"height":137}},"6":{"3":{"x":41.28,"y":19.03,"rotation":-1.32,"width":70,"height":82}},"7":{"2":{"x":13.57,"y":3.5,"rotation":-83.46,"width":93,"height":95}},"8":{"1":{"x":13.11,"y":-0.7,"rotation":-89.02,"width":93,"height":95}},"13":{"12":{"x":36.95,"y":-0.72,"scaleX":0.502,"scaleY":0.502,"rotation":-114.33,"width":544,"height":408}},"BG2":{"BG":{"x":-3.32,"y":-108.86,"rotation":-138.68,"width":224,"height":378}},"CUA":{"CUA":{"type":"mesh","uvs":[1,1,0.87986,1,0.69542,1,0.53006,1,0.3488,1,0.12938,1,0,1,0,0,0.15164,0,0.33608,0,0.5555,0,0.70496,0,0.87032,0,1,0,0.5396,0.73901,0.55232,0.50152,0.54596,0.26805,0.33926,0.2922,0.33926,0.52164,0.36152,0.81147,0.6986,0.79939,0.70178,0.52567,0.73676,0.28818,0.16436,0.28415,0.18026,0.5941,0.15482,0.85977,0.86078,0.81147,0.84806,0.54982,0.88622,0.30025],"triangles":[16,9,10,23,8,9,17,23,9,22,11,12,16,17,9,16,10,11,22,16,11,28,12,13,22,12,28,15,16,22,17,16,15,18,17,15,23,17,18,21,15,22,27,21,22,28,27,22,24,23,18,8,23,7,23,6,7,28,13,0,14,18,15,14,15,21,20,14,21,20,21,27,0,26,27,20,27,26,19,18,14,24,18,19,24,6,23,25,24,19,24,25,6,5,6,25,4,25,19,5,25,4,3,19,14,3,14,20,4,19,3,2,3,20,2,20,26,0,1,26,2,26,1,28,0,27],"vertices":[2,1,-29.95,-91.55,0.99877,2,-83.42,-80.72,0.00123,2,1,-31.42,-67.57,0.99988,2,-81.54,-56.76,0.00012,1,1,-33.69,-30.75,1,1,1,-35.72,2.26,1,2,1,-37.95,38.45,0.97682,2,-73.24,49.12,0.02318,2,1,-40.64,82.25,0.90106,2,-69.8,92.87,0.09894,2,1,-42.23,108.07,0.8832,2,-67.78,118.67,0.1168,2,1,115.47,117.78,0.11403,2,89.74,106.32,0.88597,2,1,117.33,87.51,0.09071,2,87.36,76.08,0.90929,2,1,119.6,50.69,0.02715,2,84.48,39.31,0.97285,1,2,81.05,-4.44,1,2,1,124.13,-22.95,0.01121,2,78.71,-34.24,0.98879,2,1,126.16,-55.96,0.06264,2,76.13,-67.21,0.93736,2,1,127.76,-81.84,0.08387,2,74.1,-93.07,0.91614,2,1,5.56,2.89,0.99924,2,-35.11,7.86,0.00076,2,1,43.17,2.66,0.17907,2,2.1,2.39,0.82093,2,1,79.91,6.19,0.00019,2,38.98,0.77,0.99981,2,1,73.56,47.22,0.13581,2,38.4,42.28,0.86419,2,1,37.38,44.99,0.52794,2,2.26,45.12,0.47206,2,1,-8.06,37.74,0.94402,2,-43.74,44.26,0.05598,2,1,-2.01,-29.44,0.99539,2,-47.11,-23.1,0.00461,2,1,41.19,-27.41,0.66335,2,-4.04,-27.12,0.33665,2,1,79.08,-32.09,0.13431,2,32.82,-37.02,0.86569,2,1,72.68,82.21,0.22301,2,42.41,77.06,0.77699,2,1,24,76.03,0.62581,2,-6.66,77.71,0.37419,2,1,-18.21,78.53,0.87293,2,-48.11,86.07,0.12707,2,1,-1.92,-61.93,0.96475,2,-51.54,-55.29,0.03525,2,1,39.18,-56.85,0.68381,2,-10.13,-55.98,0.31619,2,1,79.01,-62.04,0.26147,2,28.58,-66.67,0.73853],"hull":14,"edges":[12,14,0,26,18,20,6,8,4,6,20,22,14,16,16,18,8,10,10,12,0,2,2,4,22,24,24,26],"width":200,"height":158}},"TEXT2":{"TEXT":{"x":13.38,"y":4.55,"rotation":-88.47,"width":206,"height":71}},"ruong 41":{"ruong 40":{"x":1.96,"y":2.66,"scaleX":0.509,"scaleY":0.509,"rotation":-100.86,"width":292,"height":210}}}},"animations":{"animation":{"bones":{"root":{"rotate":[{"time":0,"angle":0}],"translate":[{"time":0,"x":0,"y":0}],"scale":[{"time":0,"x":1,"y":1}]},"bone":{"rotate":[{"time":0,"angle":0,"curve":[0.25,0,0.75,1]},{"time":1.3333,"angle":5.09,"curve":[0.25,0,0.75,1]},{"time":2.6667,"angle":0}],"translate":[{"time":0,"x":0,"y":0,"curve":[0.25,0,0.625,0.5]},{"time":1.3333,"x":4.77,"y":10.21,"curve":[0.375,0.5,0.75,1]},{"time":2.6667,"x":0,"y":0}],"scale":[{"time":0,"x":1,"y":1,"curve":[0.25,0,0.625,0.5]},{"time":1.3333,"x":1.039,"y":1.039,"curve":[0.375,0.5,0.75,1]},{"time":2.6667,"x":1,"y":1}]},"bone2":{"rotate":[{"time":0,"angle":0,"curve":[0.25,0,0.75,1]},{"time":1.3333,"angle":5.09,"curve":[0.25,0,0.75,1]},{"time":2.6667,"angle":0}],"translate":[{"time":0,"x":0,"y":0,"curve":"stepped"},{"time":2.6667,"x":0,"y":0}],"scale":[{"time":0,"x":1,"y":1,"curve":"stepped"},{"time":2.6667,"x":1,"y":1}]},"bone3":{"rotate":[{"time":0,"angle":0,"curve":[0.25,0,0.75,1]},{"time":1.3333,"angle":62.33,"curve":[0.25,0,0.75,1]},{"time":2.6667,"angle":0}],"translate":[{"time":0,"x":0,"y":0,"curve":[0.25,0,0.75,1]},{"time":1.3333,"x":7.95,"y":-9.26,"curve":[0.25,0,0.75,1]},{"time":2.6667,"x":0,"y":0}],"scale":[{"time":0,"x":1,"y":1,"curve":"stepped"},{"time":2.6667,"x":1,"y":1}]},"bone4":{"rotate":[{"time":0,"angle":0,"curve":[0.25,0,0.75,1]},{"time":1.3333,"angle":-38.82,"curve":[0.25,0,0.75,1]},{"time":2.6667,"angle":0}],"translate":[{"time":0,"x":0,"y":0,"curve":"stepped"},{"time":2.6667,"x":0,"y":0}],"scale":[{"time":0,"x":1,"y":1,"curve":"stepped"},{"time":2.6667,"x":1,"y":1}]},"bone5":{"rotate":[{"time":0,"angle":0,"curve":[0.25,0,0.75,1]},{"time":0.5,"angle":0.01,"curve":[0.25,0,0.75,1]},{"time":1,"angle":0,"curve":[0.25,0,0.75,1]},{"time":1.8333,"angle":0.01,"curve":[0.25,0,0.75,1]},{"time":2.6667,"angle":0}],"translate":[{"time":0,"x":0,"y":0,"curve":[0.25,0,0.75,1]},{"time":0.5,"x":0,"y":15.73,"curve":[0.25,0,0.75,1]},{"time":1,"x":0,"y":0,"curve":[0.25,0,0.75,1]},{"time":1.8333,"x":0,"y":15.73,"curve":[0.25,0,0.75,1]},{"time":2.6667,"x":0,"y":0}],"scale":[{"time":0,"x":1.088,"y":1.088,"curve":[0.25,0,0.75,1]},{"time":0.5,"x":1.161,"y":1.161,"curve":[0.25,0,0.75,1]},{"time":1,"x":1.088,"y":1.088,"curve":[0.25,0,0.75,1]},{"time":1.8333,"x":1.161,"y":1.161,"curve":[0.25,0,0.75,1]},{"time":2.6667,"x":1.088,"y":1.088}]},"bone6":{"rotate":[{"time":0,"angle":0}],"translate":[{"time":0,"x":0,"y":0}],"scale":[{"time":0,"x":1,"y":1}]},"bone7":{"rotate":[{"time":0,"angle":0,"curve":[0.25,0,0.75,1]},{"time":1.3333,"angle":-251.38,"curve":[0.25,0,0.75,1]},{"time":2.6667,"angle":0}],"translate":[{"time":0,"x":0,"y":0,"curve":[0.25,0,0.75,1]},{"time":1.3333,"x":-15.04,"y":25.15,"curve":[0.25,0,0.75,1]},{"time":2.6667,"x":0,"y":0}],"scale":[{"time":0,"x":1,"y":1,"curve":[0.25,0,0.625,0.5]},{"time":1.3333,"x":0.78,"y":0.78,"curve":[0.375,0.5,0.75,1]},{"time":2.6667,"x":1,"y":1}]},"bone8":{"rotate":[{"time":0,"angle":0,"curve":[0.25,0,0.75,1]},{"time":1.3333,"angle":-43.4,"curve":[0.25,0,0.75,1]},{"time":2.6667,"angle":0}],"translate":[{"time":0,"x":0,"y":0,"curve":[0.25,0,0.75,1]},{"time":1.3333,"x":-20.41,"y":45.94,"curve":[0.25,0,0.75,1]},{"time":2.6667,"x":0,"y":0}],"scale":[{"time":0,"x":0.779,"y":0.779,"curve":"stepped"},{"time":2.6667,"x":0.779,"y":0.779}]},"bone10":{"rotate":[{"time":0,"angle":0,"curve":"stepped"},{"time":2.6667,"angle":0}],"translate":[{"time":0,"x":0,"y":0,"curve":"stepped"},{"time":2.6667,"x":0,"y":0}],"scale":[{"time":0,"x":1,"y":1,"curve":[0.25,0,0.75,1]},{"time":1.3333,"x":1.096,"y":1.096,"curve":[0.25,0,0.75,1]},{"time":2.6667,"x":1,"y":1}]},"bone9":{"rotate":[{"time":0,"angle":10.31,"curve":"stepped"},{"time":2.6667,"angle":10.31}],"scale":[{"time":0,"x":1.011,"y":1.011,"curve":[0.25,0,0.75,1]},{"time":1.3333,"x":0.82,"y":0.82,"curve":[0.25,0,0.75,1]},{"time":2.6667,"x":1.011,"y":1.011}]}}}}},"_atlasText":"\nICON.png\nsize: 1024,512\nformat: RGBA8888\nfilter: Linear,Linear\nrepeat: none\n1\n  rotate: false\n  xy: 349, 3\n  size: 93, 95\n  orig: 93, 95\n  offset: 0, 0\n  index: -1\n12\n  rotate: false\n  xy: 2, 100\n  size: 544, 408\n  orig: 544, 408\n  offset: 0, 0\n  index: -1\n2\n  rotate: false\n  xy: 444, 3\n  size: 93, 95\n  orig: 93, 95\n  offset: 0, 0\n  index: -1\n3\n  rotate: true\n  xy: 548, 58\n  size: 70, 82\n  orig: 70, 82\n  offset: 0, 0\n  index: -1\n4\n  rotate: true\n  xy: 210, 2\n  size: 96, 137\n  orig: 96, 137\n  offset: 0, 0\n  index: -1\nBG\n  rotate: false\n  xy: 548, 130\n  size: 224, 378\n  orig: 224, 378\n  offset: 0, 0\n  index: -1\nCUA\n  rotate: false\n  xy: 774, 56\n  size: 200, 158\n  orig: 200, 158\n  offset: 0, 0\n  index: -1\nTEXT\n  rotate: false\n  xy: 2, 27\n  size: 206, 71\n  orig: 206, 71\n  offset: 0, 0\n  index: -1\nruong 40\n  rotate: true\n  xy: 774, 216\n  size: 292, 210\n  orig: 292, 210\n  offset: 0, 0\n  index: -1\n","textures":[{"__uuid__":"a5YSHiVx5CU4vismC2M2OL"}],"textureNames":["ICON.png"]}