{"__type__":"sp.SkeletonData","_name":"ICON","_skeletonJson":{"skeleton":{"hash":"ts/b15/Kq+cP5YLDlKWsoN/LW9E","spine":"3.6.53","width":179,"height":169,"images":"../Images/"},"bones":[{"name":"root"},{"name":"bone","parent":"root","length":22.85,"rotation":90,"x":2.96,"y":-59.42},{"name":"bone5","parent":"root","length":67.87,"rotation":120.4,"x":-26.67,"y":-20.18},{"name":"bone2","parent":"bone5","length":23.11,"rotation":-30.4,"x":25.39,"y":-19.9},{"name":"bone3","parent":"bone5","length":25.1,"rotation":-33.85,"x":17.1,"y":-39.58},{"name":"bone4","parent":"bone5","length":29.17,"rotation":-28.7,"x":8.79,"y":-61},{"name":"bone6","parent":"bone5","length":26.22,"rotation":-46.92,"x":-18.21,"y":-101.68},{"name":"bone7","parent":"root","length":17.57,"rotation":83.74,"x":80.48,"y":47.09},{"name":"bone8","parent":"root","length":34.73,"rotation":109.16,"x":-46.44,"y":62.66}],"slots":[{"name":"BG2","bone":"bone8","attachment":"BG"},{"name":"BG","bone":"root"},{"name":"mini poker 4","bone":"bone6","attachment":"mini poker 2"},{"name":"mini poker 2","bone":"root"},{"name":"mini poker 5","bone":"bone5","attachment":"mini poker 3"},{"name":"mini poker 3","bone":"root"},{"name":"mini poker2","bone":"bone7","attachment":"mini poker"},{"name":"mini poker","bone":"root"},{"name":"7 co2","bone":"bone3","attachment":"7 co"},{"name":"7 co","bone":"root"},{"name":"7 tep2","bone":"bone4","attachment":"7 tep"},{"name":"7 tep","bone":"root"},{"name":"7 bich2","bone":"bone2","attachment":"7 bich"},{"name":"7 bich","bone":"root"},{"name":"124","bone":"bone","attachment":"123"},{"name":"123","bone":"root"}],"skins":{"default":{"124":{"123":{"x":8.17,"y":5.72,"rotation":-90,"width":179,"height":45}},"7 bich2":{"7 bich":{"x":3.46,"y":1.41,"rotation":-90,"width":19,"height":30}},"7 co2":{"7 co":{"x":0.68,"y":-0.38,"rotation":-86.55,"width":19,"height":30}},"7 tep2":{"7 tep":{"x":-3.07,"y":-1.65,"rotation":-91.7,"width":19,"height":30}},"BG2":{"BG":{"x":-74.43,"y":-23.31,"rotation":-109.16,"width":169,"height":169}},"mini poker 4":{"mini poker 2":{"x":16.74,"y":-1.28,"rotation":-73.48,"width":17,"height":34}},"mini poker 5":{"mini poker 3":{"x":23.84,"y":-45.19,"rotation":-120.4,"width":145,"height":114}},"mini poker2":{"mini poker":{"x":1.02,"y":1.36,"rotation":-83.74,"width":15,"height":16}}}},"animations":{"animation":{"slots":{"7 bich2":{"color":[{"time":0,"color":"ffffffff"},{"time":0.5333,"color":"ffffff00","curve":"stepped"},{"time":0.6333,"color":"ffffff00"},{"time":0.9667,"color":"ffffffff"}]},"7 co2":{"color":[{"time":0,"color":"ffffffff"},{"time":0.5333,"color":"ffffff00","curve":"stepped"},{"time":0.6333,"color":"ffffff00"},{"time":1.0333,"color":"ffffffff"}]},"7 tep2":{"color":[{"time":0,"color":"ffffffff"},{"time":0.5333,"color":"ffffff00"},{"time":0.6333,"color":"ffffff00"},{"time":1.1333,"color":"ffffffff"}]}},"bones":{"root":{"rotate":[{"time":0,"angle":0}],"translate":[{"time":0,"x":0,"y":0}],"scale":[{"time":0,"x":1,"y":1}]},"bone":{"rotate":[{"time":0,"angle":0,"curve":"stepped"},{"time":2.6667,"angle":0}],"translate":[{"time":0,"x":0,"y":0,"curve":[0.25,0,0.75,1]},{"time":0.5,"x":10.92,"y":0,"curve":[0.25,0,0.75,1]},{"time":1,"x":-20.02,"y":0,"curve":[0.25,0,0.75,1]},{"time":1.8333,"x":10.92,"y":0,"curve":[0.25,0,0.75,1]},{"time":2.6667,"x":0,"y":0}],"scale":[{"time":0,"x":1,"y":1,"curve":[0.25,0,0.75,1]},{"time":0.5,"x":0.913,"y":0.913,"curve":[0.25,0,0.75,1]},{"time":1,"x":0.927,"y":0.927,"curve":[0.25,0,0.75,1]},{"time":1.8333,"x":0.913,"y":0.913,"curve":[0.25,0,0.75,1]},{"time":2.6667,"x":1,"y":1}]},"bone5":{"rotate":[{"time":0,"angle":0}],"translate":[{"time":0,"x":0,"y":0}],"scale":[{"time":0,"x":1,"y":1}]},"bone2":{"rotate":[{"time":0,"angle":0}],"translate":[{"time":0,"x":0,"y":0},{"time":0.3333,"x":-26.57,"y":15.59},{"time":0.6667,"x":19,"y":-11.15},{"time":0.9667,"x":1.23,"y":-0.72}],"scale":[{"time":0,"x":1,"y":1}]},"bone3":{"rotate":[{"time":0,"angle":0}],"translate":[{"time":0,"x":0,"y":0},{"time":0.4333,"x":-27.62,"y":16.21},{"time":0.7667,"x":16.54,"y":-9.7},{"time":1.0333,"x":-0.53,"y":0.31}],"scale":[{"time":0,"x":1,"y":1}]},"bone4":{"rotate":[{"time":0,"angle":0}],"translate":[{"time":0,"x":0,"y":0},{"time":0.5333,"x":-27.62,"y":16.21},{"time":0.8667,"x":12.84,"y":-7.54},{"time":1.1333,"x":1.23,"y":-0.72}],"scale":[{"time":0,"x":1,"y":1}]},"bone6":{"rotate":[{"time":0,"angle":0},{"time":0.1,"angle":-11.79},{"time":0.3333,"angle":32.55,"curve":"stepped"},{"time":1.6667,"angle":32.55},{"time":1.8667,"angle":-11.79},{"time":2,"angle":0}],"translate":[{"time":0,"x":0,"y":0},{"time":0.3333,"x":3.92,"y":-1.04,"curve":"stepped"},{"time":1.6667,"x":3.92,"y":-1.04},{"time":2,"x":0,"y":0}],"scale":[{"time":0,"x":1,"y":1},{"time":0.3333,"x":-0.627,"y":1,"curve":"stepped"},{"time":1.6667,"x":-0.627,"y":1},{"time":2,"x":1,"y":1}]},"bone7":{"rotate":[{"time":0,"angle":0,"curve":"stepped"},{"time":2,"angle":0}],"translate":[{"time":0,"x":0,"y":0},{"time":0.3333,"x":-5.43,"y":-51.21,"curve":"stepped"},{"time":1.6667,"x":-5.43,"y":-51.21},{"time":2,"x":0,"y":0}],"scale":[{"time":0,"x":1,"y":1,"curve":"stepped"},{"time":2,"x":1,"y":1}]},"bone8":{"rotate":[{"time":0,"angle":0}],"translate":[{"time":0,"x":0,"y":0}],"scale":[{"time":0,"x":1,"y":1}]}}}}},"_atlasText":"\nICON.png\nsize: 512,256\nformat: RGBA8888\nfilter: Linear,Linear\nrepeat: none\n123\n  rotate: false\n  xy: 320, 180\n  size: 179, 45\n  orig: 179, 45\n  offset: 0, 0\n  index: -1\n7 bich\n  rotate: false\n  xy: 173, 79\n  size: 19, 30\n  orig: 19, 30\n  offset: 0, 0\n  index: -1\n7 co\n  rotate: false\n  xy: 320, 148\n  size: 19, 30\n  orig: 19, 30\n  offset: 0, 0\n  index: -1\n7 tep\n  rotate: false\n  xy: 21, 24\n  size: 19, 30\n  orig: 19, 30\n  offset: 0, 0\n  index: -1\nBG\n  rotate: false\n  xy: 2, 56\n  size: 169, 169\n  orig: 169, 169\n  offset: 0, 0\n  index: -1\nmini poker\n  rotate: false\n  xy: 2, 2\n  size: 15, 16\n  orig: 15, 16\n  offset: 0, 0\n  index: -1\nmini poker 2\n  rotate: false\n  xy: 2, 20\n  size: 17, 34\n  orig: 17, 34\n  offset: 0, 0\n  index: -1\nmini poker 3\n  rotate: false\n  xy: 173, 111\n  size: 145, 114\n  orig: 145, 114\n  offset: 0, 0\n  index: -1\n","textures":[{"__uuid__":"b0dehCuzxO57tMJONDVJAe"}],"textureNames":["ICON.png"]}