{"__type__":"sp.SkeletonData","_name":"gaupanda","_skeletonJson":{"skeleton":{"hash":"tugUXlN3rqzn0qTatPHu753XAM8","spine":"3.6.53","width":280.22,"height":356.59,"images":""},"bones":[{"name":"root"},{"name":"than","parent":"root","length":231.02,"rotation":89.26,"x":7,"y":-135},{"name":"Layer 1","parent":"than","length":59.06,"rotation":-34.62,"x":171.23,"y":-31.02},{"name":"matnham","parent":"than","x":261.86,"y":-23.18}],"slots":[{"name":"Layer 1","bone":"Layer 1","attachment":"Layer 1"},{"name":"than","bone":"than","attachment":"than"},{"name":"matnham","bone":"matnham","attachment":"matnham"}],"skins":{"default":{"Layer 1":{"Layer 1":{"x":60.73,"y":11.52,"rotation":-54.63,"width":100,"height":181}},"matnham":{"matnham":{"x":1.83,"y":2.1,"rotation":-89.26,"width":50,"height":15}},"than":{"than":{"x":134.9,"y":8.75,"rotation":-89.22,"width":280,"height":348}}}},"animations":{"animation":{"slots":{"matnham":{"color":[{"time":0,"color":"ffffff00","curve":"stepped"},{"time":0.3333,"color":"ffffff00","curve":[0.25,0,0.625,0.5]},{"time":0.3667,"color":"ffffffff","curve":[0.375,0.5,0.75,1]},{"time":0.4333,"color":"ffffff00","curve":"stepped"},{"time":0.8667,"color":"ffffff00","curve":[0.25,0,0.625,0.5]},{"time":0.9,"color":"ffffffff","curve":[0.375,0.5,0.75,1]},{"time":0.9667,"color":"ffffff00","curve":"stepped"},{"time":1.4333,"color":"ffffff00","curve":[0.25,0,0.625,0.5]},{"time":1.4667,"color":"ffffffff","curve":[0.375,0.5,0.75,1]},{"time":1.5333,"color":"ffffff00","curve":"stepped"},{"time":2,"color":"ffffff00"}]}},"bones":{"than":{"rotate":[{"time":0,"angle":0,"curve":[0.276,0,0.621,0.4]},{"time":0.5,"angle":-0.56,"curve":[0.314,0.27,0.657,0.64]},{"time":1,"angle":0,"curve":[0.375,0.5,0.75,1]},{"time":1.5667,"angle":-0.56,"curve":[0.314,0.27,0.657,0.64]},{"time":2,"angle":0}],"translate":[{"time":0,"x":0,"y":0,"curve":"stepped"},{"time":1,"x":0,"y":0,"curve":"stepped"},{"time":2,"x":0,"y":0}],"scale":[{"time":0,"x":1,"y":1,"curve":[0.276,0,0.621,0.4]},{"time":0.5,"x":0.95,"y":1,"curve":[0.314,0.27,0.657,0.64]},{"time":1,"x":1,"y":1,"curve":[0.375,0.5,0.75,1]},{"time":1.5667,"x":0.95,"y":1,"curve":[0.314,0.27,0.657,0.64]},{"time":2,"x":1,"y":1}],"shear":[{"time":0,"x":0,"y":0,"curve":[0.284,0,0.625,0.38]},{"time":0.4,"x":0.65,"y":0,"curve":[0.326,0.31,0.66,0.64]},{"time":0.5,"x":1.02,"y":0,"curve":[0.314,0.27,0.657,0.64]},{"time":1,"x":0,"y":0,"curve":[0.375,0.5,0.75,1]},{"time":1.5667,"x":1.02,"y":0,"curve":[0.314,0.27,0.657,0.64]},{"time":2,"x":0,"y":0}]},"matnham":{"rotate":[{"time":0,"angle":0,"curve":"stepped"},{"time":1,"angle":0,"curve":"stepped"},{"time":2,"angle":0}],"translate":[{"time":0,"x":0,"y":0,"curve":"stepped"},{"time":1,"x":0,"y":0,"curve":"stepped"},{"time":2,"x":0,"y":0}],"scale":[{"time":0,"x":1,"y":1,"curve":"stepped"},{"time":1,"x":1,"y":1,"curve":"stepped"},{"time":2,"x":1,"y":1}],"shear":[{"time":0,"x":0,"y":0,"curve":"stepped"},{"time":1,"x":0,"y":0,"curve":"stepped"},{"time":2,"x":0,"y":0}]},"Layer 1":{"rotate":[{"time":0,"angle":0,"curve":[0.276,0,0.621,0.4]},{"time":0.5,"angle":-22.29,"curve":[0.314,0.27,0.657,0.64]},{"time":1,"angle":0,"curve":[0.375,0.5,0.75,1]},{"time":1.5333,"angle":-22.29,"curve":[0.314,0.27,0.657,0.64]},{"time":2,"angle":0}],"translate":[{"time":0,"x":0,"y":0,"curve":[0.276,0,0.621,0.4]},{"time":0.5,"x":6.13,"y":-4.15,"curve":[0.314,0.27,0.657,0.64]},{"time":1,"x":0,"y":0,"curve":[0.375,0.5,0.75,1]},{"time":1.5333,"x":6.13,"y":-4.15,"curve":[0.314,0.27,0.657,0.64]},{"time":2,"x":0,"y":0}],"scale":[{"time":0,"x":1,"y":1,"curve":"stepped"},{"time":1,"x":1,"y":1,"curve":"stepped"},{"time":2,"x":1,"y":1}],"shear":[{"time":0,"x":0,"y":0,"curve":"stepped"},{"time":1,"x":0,"y":0,"curve":"stepped"},{"time":2,"x":0,"y":0}]}}}}},"_atlasText":"\r\ngaupanda.png\r\nsize: 454,284\r\nformat: RGBA8888\r\nfilter: Linear,Linear\r\nrepeat: none\r\nLayer 1\r\n  rotate: false\r\n  xy: 352, 101\r\n  size: 100, 181\r\n  orig: 100, 181\r\n  offset: 0, 0\r\n  index: -1\r\nmatnham\r\n  rotate: false\r\n  xy: 352, 84\r\n  size: 50, 15\r\n  orig: 50, 15\r\n  offset: 0, 0\r\n  index: -1\r\nthan\r\n  rotate: true\r\n  xy: 2, 2\r\n  size: 280, 348\r\n  orig: 280, 348\r\n  offset: 0, 0\r\n  index: -1\r\n","textures":[{"__uuid__":"9bCauLD/VHgq63I62LxRYX"}],"textureNames":["gaupanda.png"]}