{"__type__":"dragonBones.DragonBonesAtlasAsset","_name":"jinlongyu_tex","_atlasJson":"{\"width\":1024,\"height\":1024,\"name\":\"jinlongyu\",\"SubTexture\":[{\"frameY\":-7,\"y\":158,\"frameWidth\":340,\"frameX\":-24,\"frameHeight\":160,\"width\":292,\"height\":153,\"name\":\"kyby_jly_00002\",\"x\":589},{\"frameY\":-13,\"y\":316,\"frameWidth\":340,\"frameX\":-25,\"frameHeight\":160,\"width\":291,\"height\":145,\"name\":\"kyby_jly_00000\",\"x\":291},{\"frameY\":-14,\"y\":463,\"frameWidth\":340,\"frameX\":-25,\"frameHeight\":160,\"width\":291,\"height\":144,\"name\":\"kyby_jly_00010\",\"x\":291},{\"frameY\":-2,\"y\":161,\"frameWidth\":340,\"frameX\":-24,\"frameHeight\":160,\"width\":287,\"height\":152,\"name\":\"kyby_jly_00007\",\"x\":1},{\"frameY\":-7,\"y\":315,\"frameWidth\":340,\"frameX\":-24,\"frameHeight\":160,\"width\":288,\"height\":148,\"name\":\"kyby_jly_00008\",\"x\":1},{\"frameY\":-11,\"y\":313,\"frameWidth\":340,\"frameX\":-24,\"frameHeight\":160,\"width\":293,\"height\":149,\"name\":\"kyby_jly_00001\",\"x\":585},{\"frameY\":0,\"y\":1,\"frameWidth\":340,\"frameX\":-24,\"frameHeight\":160,\"width\":290,\"height\":155,\"name\":\"kyby_jly_00005\",\"x\":589},{\"frameY\":-12,\"y\":464,\"frameWidth\":340,\"frameX\":-24,\"frameHeight\":160,\"width\":290,\"height\":144,\"name\":\"kyby_jly_00009\",\"x\":584},{\"frameY\":0,\"y\":1,\"frameWidth\":340,\"frameX\":-24,\"frameHeight\":160,\"width\":292,\"height\":158,\"name\":\"kyby_jly_00004\",\"x\":1},{\"frameY\":-3,\"y\":1,\"frameWidth\":340,\"frameX\":-24,\"frameHeight\":160,\"width\":292,\"height\":157,\"name\":\"kyby_jly_00003\",\"x\":295},{\"frameY\":0,\"y\":160,\"frameWidth\":340,\"frameX\":-24,\"frameHeight\":160,\"width\":288,\"height\":154,\"name\":\"kyby_jly_00006\",\"x\":295}],\"imagePath\":\"jinlongyu_tex.png\"}","_texture":{"__uuid__":"dcMhoME9ZIhK8uEyvendFq"},"texture":{"__uuid__":"dcMhoME9ZIhK8uEyvendFq"}}