{"__type__":"sp.SkeletonData","_name":"expanda","_skeletonJson":{"skeleton":{"hash":"1cCjLpjG1253Wx66mQzOngX9tQ0","spine":"3.6.53","width":202,"height":468.48,"images":"./images/"},"bones":[{"name":"root"},{"name":"nengau","parent":"root","length":182.53,"rotation":-89.56,"x":110.98,"y":-6.62},{"name":"gau","parent":"nengau","length":141.15,"rotation":-179.02,"x":377.79,"y":13.24},{"name":"icgaube","parent":"nengau","rotation":89.56,"x":2.12,"y":-4.22},{"name":"la","parent":"root","x":39.37,"y":-257.23},{"name":"la2","parent":"root","rotation":93.58,"x":145.35,"y":-51.51,"scaleX":0.8,"scaleY":0.8},{"name":"taichihero","parent":"root","x":115.89,"y":-387.8},{"name":"wild2","parent":"root","rotation":-89.56,"x":112.38,"y":-384.29},{"name":"wxpand0001","parent":"root","x":111.38,"y":-13.09}],"slots":[{"name":"nengau","bone":"nengau","attachment":"nengau"},{"name":"gau","bone":"gau","attachment":"gau"},{"name":"khoi1","bone":"nengau","attachment":"khoi1"},{"name":"khoi2","bone":"nengau","attachment":"khoi2"},{"name":"wxpand0001","bone":"wxpand0001","attachment":"wxpand0003"},{"name":"la","bone":"la","attachment":"la"},{"name":"la2","bone":"la2","attachment":"la"},{"name":"icgaube","bone":"icgaube","attachment":"icgaube"},{"name":"taichihero","bone":"taichihero","attachment":"taichihero"},{"name":"wild1","bone":"wild2","attachment":"wild1"},{"name":"wild2","bone":"wild2","color":"ffffff00","attachment":"wild2"}],"skins":{"default":{"gau":{"gau":{"x":138.25,"y":16.69,"rotation":-91.42,"width":176,"height":411}},"icgaube":{"icgaube":{"x":-0.27,"y":-64.22,"width":171,"height":148}},"khoi1":{"khoi1":{"x":435.84,"y":-6.83,"rotation":89.56,"width":175,"height":49}},"khoi2":{"khoi2":{"x":414.85,"y":-6.17,"rotation":89.56,"width":176,"height":91}},"la":{"la":{"x":5.13,"y":-16.27,"width":91,"height":89}},"la2":{"la":{"x":5.13,"y":-16.27,"width":91,"height":89}},"nengau":{"nengau":{"x":226.34,"y":-5.72,"rotation":89.56,"width":176,"height":468}},"taichihero":{"taichihero":{"x":1.61,"y":3.3,"width":167,"height":165}},"wild1":{"wild1":{"x":-4.32,"y":-3.85,"rotation":89.56,"width":159,"height":54}},"wild2":{"wild2":{"x":-4.34,"y":-6.35,"rotation":89.56,"width":190,"height":92}},"wxpand0001":{"wxpand0003":{"x":-3.9,"y":-220.38,"width":176,"height":468},"wxpand0005":{"x":-3.9,"y":-220.38,"width":176,"height":468},"wxpand0007":{"x":-3.9,"y":-220.38,"width":176,"height":468},"wxpand0009":{"x":-3.9,"y":-220.38,"width":176,"height":468},"wxpand0011":{"x":-3.9,"y":-220.38,"width":176,"height":468},"wxpand0013":{"x":-3.9,"y":-220.38,"width":176,"height":468},"wxpand0015":{"x":-3.9,"y":-220.38,"width":176,"height":468},"wxpand0017":{"x":-3.9,"y":-220.38,"width":176,"height":468},"wxpand0019":{"x":-3.9,"y":-220.38,"width":176,"height":468},"wxpand0021":{"x":-3.9,"y":-220.38,"width":176,"height":468},"wxpand0023":{"x":-3.9,"y":-220.38,"width":176,"height":468},"wxpand0025":{"x":-3.9,"y":-220.38,"width":176,"height":468},"wxpand0027":{"x":-3.9,"y":-220.38,"width":176,"height":468}}}},"animations":{"mowild":{"slots":{"gau":{"color":[{"time":0,"color":"ffffff00","curve":"stepped"},{"time":0.2333,"color":"ffffff00"},{"time":0.3333,"color":"ffffffff"}]},"icgaube":{"color":[{"time":0,"color":"ffffffff","curve":[0.25,0,0.75,1]},{"time":0.2667,"color":"ffffff00"}]},"khoi1":{"color":[{"time":0,"color":"ffffff00","curve":"stepped"},{"time":0.1667,"color":"ffffff00","curve":[0.25,0,0.75,1]},{"time":0.4333,"color":"ffffffff"}]},"khoi2":{"color":[{"time":0,"color":"ffffff00","curve":"stepped"},{"time":0.3333,"color":"ffffff00","curve":[0.25,0,0.75,1]},{"time":0.6,"color":"ffffffff"}]},"la":{"color":[{"time":0,"color":"ffffff00","curve":[0.25,0,0.625,0.5]},{"time":0.1667,"color":"ffffff00","curve":[0.375,0.5,0.75,1]},{"time":0.3333,"color":"ffffffff"}]},"la2":{"color":[{"time":0,"color":"ffffff00","curve":[0.25,0,0.625,0.5]},{"time":0.2667,"color":"ffffff00","curve":[0.375,0.5,0.75,1]},{"time":0.4333,"color":"ffffffff"}]},"nengau":{"color":[{"time":0,"color":"ffffff00","curve":"stepped"},{"time":0.1,"color":"ffffff00"},{"time":0.3,"color":"ffffffff"}]},"wild2":{"color":[{"time":0,"color":"ffffff00","curve":[0.265,0,0.618,0.43]},{"time":0.1,"color":"ffffffff","curve":[0.351,0.4,0.757,1]},{"time":0.2,"color":"ffffff00","curve":"stepped"},{"time":0.4333,"color":"ffffff00","curve":[0.265,0,0.618,0.43]},{"time":0.5,"color":"ffffffff","curve":[0.351,0.4,0.757,1]},{"time":0.5667,"color":"ffffff00","curve":[0.25,0,0.75,1]},{"time":0.6,"color":"ffffffff","curve":[0.351,0.4,0.757,1]},{"time":0.6667,"color":"ffffff00","curve":[0.25,0,0.75,1]},{"time":0.7333,"color":"ffffffff","curve":[0.351,0.4,0.757,1]},{"time":0.8,"color":"ffffff00"}]},"wxpand0001":{"color":[{"time":0,"color":"ffffff00","curve":"stepped"},{"time":0.4333,"color":"ffffff00","curve":[0.25,0,0.75,1]},{"time":0.8,"color":"ffffffff"}]}},"bones":{"root":{"rotate":[{"time":0,"angle":0}],"translate":[{"time":0,"x":0,"y":0}],"scale":[{"time":0,"x":1,"y":1}],"shear":[{"time":0,"x":0,"y":0}]},"wild2":{"rotate":[{"time":0,"angle":0,"curve":"stepped"},{"time":0.2333,"angle":0}],"translate":[{"time":0,"x":0,"y":264.94,"curve":[0.295,0,0.64,1.42]},{"time":0.2333,"x":0,"y":0}],"scale":[{"time":0,"x":0.8,"y":0.8,"curve":[0.314,0,0.649,0.35]},{"time":0.1,"x":0.844,"y":0.994,"curve":[0.314,0.21,0.649,0.55]},{"time":0.3,"x":1,"y":1}],"shear":[{"time":0,"x":0,"y":0,"curve":"stepped"},{"time":0.2333,"x":0,"y":0}]},"taichihero":{"rotate":[{"time":0,"angle":0},{"time":0.0667,"angle":120},{"time":0.1333,"angle":-120},{"time":0.2,"angle":0},{"time":0.2667,"angle":120},{"time":0.3333,"angle":-120},{"time":0.4,"angle":0},{"time":0.4667,"angle":120},{"time":0.5333,"angle":-120},{"time":0.6,"angle":0},{"time":0.6667,"angle":120},{"time":0.7333,"angle":-120},{"time":0.8,"angle":0}],"translate":[{"time":0,"x":0,"y":275.33,"curve":[0.295,0,0.632,0.37]},{"time":0.2333,"x":0,"y":0}],"scale":[{"time":0,"x":0.5,"y":0.5,"curve":[0.295,0,0.632,0.37]},{"time":0.2333,"x":1,"y":1}],"shear":[{"time":0,"x":0,"y":0,"curve":"stepped"},{"time":0.2333,"x":0,"y":0}]},"icgaube":{"rotate":[{"time":0,"angle":0}],"translate":[{"time":0,"x":0,"y":0}],"scale":[{"time":0,"x":1,"y":1,"curve":[0.304,0,0.639,0.36]},{"time":0.2333,"x":1.031,"y":1.364}],"shear":[{"time":0,"x":0,"y":0}]},"gau":{"rotate":[{"time":0,"angle":0}],"translate":[{"time":0,"x":-20.78,"y":0.16,"curve":[0.283,0,0.624,0.39]},{"time":0.3333,"x":0,"y":0}],"scale":[{"time":0,"x":1,"y":1,"curve":"stepped"},{"time":0.3333,"x":1,"y":1,"curve":[0.328,0.31,0.661,0.65]},{"time":0.4333,"x":1.021,"y":1,"curve":[0.327,0.31,0.66,0.65]},{"time":0.5333,"x":1,"y":1,"curve":[0.347,0.38,0.757,1]},{"time":0.6333,"x":1.021,"y":1,"curve":[0.327,0.31,0.66,0.65]},{"time":0.7333,"x":1,"y":1,"curve":[0.347,0.38,0.757,1]},{"time":0.8,"x":1.021,"y":1}],"shear":[{"time":0,"x":0,"y":0}]},"nengau":{"rotate":[{"time":0,"angle":0}],"translate":[{"time":0,"x":0,"y":0}],"scale":[{"time":0,"x":1,"y":1,"curve":"stepped"},{"time":0.1667,"x":1,"y":1,"curve":[0.323,0.26,0.725,1.62]},{"time":0.2333,"x":1.135,"y":1,"curve":[0.325,0.28,0.725,1.62]},{"time":0.3,"x":1,"y":1}],"shear":[{"time":0,"x":0,"y":0}]},"la":{"rotate":[{"time":0,"angle":0,"curve":"stepped"},{"time":0.3333,"angle":0,"curve":"stepped"},{"time":0.8,"angle":0}],"translate":[{"time":0,"x":0,"y":0,"curve":[0.25,0,0.625,0.5]},{"time":0.0333,"x":0,"y":2.08,"curve":[0.375,0.5,0.75,1]},{"time":0.0667,"x":0,"y":0,"curve":[0.25,0,0.75,1]},{"time":0.1,"x":0,"y":2.08,"curve":[0.375,0.5,0.75,1]},{"time":0.1333,"x":0,"y":0,"curve":[0.25,0,0.75,1]},{"time":0.1667,"x":0,"y":2.08,"curve":[0.375,0.5,0.75,1]},{"time":0.2,"x":0,"y":0,"curve":[0.25,0,0.75,1]},{"time":0.2333,"x":0,"y":2.08,"curve":[0.375,0.5,0.75,1]},{"time":0.2667,"x":0,"y":0,"curve":[0.25,0,0.75,1]},{"time":0.3,"x":0,"y":2.08,"curve":[0.375,0.5,0.75,1]},{"time":0.3333,"x":0,"y":0,"curve":[0.25,0,0.75,1]},{"time":0.3667,"x":0,"y":2.08,"curve":[0.375,0.5,0.75,1]},{"time":0.4,"x":0,"y":0,"curve":[0.25,0,0.75,1]},{"time":0.4333,"x":0,"y":2.08,"curve":[0.375,0.5,0.75,1]},{"time":0.4667,"x":0,"y":0,"curve":[0.25,0,0.75,1]},{"time":0.5,"x":0,"y":2.08,"curve":[0.375,0.5,0.75,1]},{"time":0.5333,"x":0,"y":0,"curve":[0.25,0,0.75,1]},{"time":0.5667,"x":0,"y":2.08,"curve":[0.375,0.5,0.75,1]},{"time":0.6,"x":0,"y":0,"curve":[0.25,0,0.75,1]},{"time":0.6333,"x":0,"y":2.08,"curve":[0.375,0.5,0.75,1]},{"time":0.6667,"x":0,"y":0,"curve":[0.25,0,0.75,1]},{"time":0.7,"x":0,"y":2.08,"curve":[0.375,0.5,0.75,1]},{"time":0.7333,"x":0,"y":0,"curve":[0.25,0,0.75,1]},{"time":0.7667,"x":0,"y":2.08,"curve":[0.375,0.5,0.75,1]},{"time":0.8,"x":0,"y":0}],"scale":[{"time":0,"x":0,"y":0,"curve":"stepped"},{"time":0.1667,"x":0,"y":0,"curve":[0.312,0.26,0.652,0.62]},{"time":0.3333,"x":1,"y":1,"curve":"stepped"},{"time":0.8,"x":1,"y":1}],"shear":[{"time":0,"x":0,"y":0,"curve":"stepped"},{"time":0.3333,"x":0,"y":0,"curve":"stepped"},{"time":0.8,"x":0,"y":0}]},"la2":{"rotate":[{"time":0,"angle":0,"curve":"stepped"},{"time":0.3333,"angle":0,"curve":"stepped"},{"time":0.8,"angle":0}],"translate":[{"time":0,"x":0,"y":0,"curve":[0.25,0,0.625,0.5]},{"time":0.0333,"x":0,"y":2.08,"curve":[0.375,0.5,0.75,1]},{"time":0.0667,"x":0,"y":0,"curve":[0.25,0,0.75,1]},{"time":0.1,"x":0,"y":2.08,"curve":[0.375,0.5,0.75,1]},{"time":0.1333,"x":0,"y":0,"curve":[0.25,0,0.75,1]},{"time":0.1667,"x":0,"y":2.08,"curve":[0.375,0.5,0.75,1]},{"time":0.2,"x":0,"y":0,"curve":[0.25,0,0.75,1]},{"time":0.2333,"x":0,"y":2.08,"curve":[0.375,0.5,0.75,1]},{"time":0.2667,"x":0,"y":0,"curve":[0.25,0,0.75,1]},{"time":0.3,"x":0,"y":2.08,"curve":[0.375,0.5,0.75,1]},{"time":0.3333,"x":0,"y":0,"curve":[0.25,0,0.75,1]},{"time":0.3667,"x":0,"y":2.08,"curve":[0.375,0.5,0.75,1]},{"time":0.4,"x":0,"y":0,"curve":[0.25,0,0.75,1]},{"time":0.4333,"x":0,"y":2.08,"curve":[0.375,0.5,0.75,1]},{"time":0.4667,"x":0,"y":0,"curve":[0.25,0,0.75,1]},{"time":0.5,"x":0,"y":2.08,"curve":[0.375,0.5,0.75,1]},{"time":0.5333,"x":0,"y":0,"curve":[0.25,0,0.75,1]},{"time":0.5667,"x":0,"y":2.08,"curve":[0.375,0.5,0.75,1]},{"time":0.6,"x":0,"y":0,"curve":[0.25,0,0.75,1]},{"time":0.6333,"x":0,"y":2.08,"curve":[0.375,0.5,0.75,1]},{"time":0.6667,"x":0,"y":0,"curve":[0.25,0,0.75,1]},{"time":0.7,"x":0,"y":2.08,"curve":[0.375,0.5,0.75,1]},{"time":0.7333,"x":0,"y":0,"curve":[0.25,0,0.75,1]},{"time":0.7667,"x":0,"y":2.08,"curve":[0.375,0.5,0.75,1]},{"time":0.8,"x":0,"y":0}],"scale":[{"time":0,"x":0,"y":0,"curve":"stepped"},{"time":0.2667,"x":0,"y":0,"curve":[0.312,0.26,0.652,0.62]},{"time":0.4333,"x":1,"y":1,"curve":"stepped"},{"time":0.8,"x":1,"y":1}],"shear":[{"time":0,"x":0,"y":0,"curve":"stepped"},{"time":0.4333,"x":0,"y":0,"curve":"stepped"},{"time":0.8,"x":0,"y":0}]}}},"wildexpand":{"slots":{"icgaube":{"color":[{"time":0,"color":"ffffff00"}]},"khoi2":{"color":[{"time":0,"color":"ffffffff","curve":[0.25,0,0.625,0.5]},{"time":0.8,"color":"ffffff55","curve":[0.375,0.5,0.75,1]},{"time":1.6,"color":"ffffffff"}]},"taichihero":{"color":[{"time":0,"color":"ffffffff","curve":[0.299,0,0.636,0.36]},{"time":0.2,"color":"ffffff8d","curve":[0.314,0.27,0.657,0.64]},{"time":0.4,"color":"ffffffff","curve":[0.375,0.5,0.75,1]},{"time":0.6,"color":"ffffff8d","curve":[0.314,0.27,0.657,0.64]},{"time":0.8,"color":"ffffffff","curve":[0.25,0,0.625,0.5]},{"time":1,"color":"ffffff8d","curve":[0.314,0.27,0.657,0.64]},{"time":1.2,"color":"ffffffff","curve":[0.375,0.5,0.75,1]},{"time":1.4,"color":"ffffff8d","curve":[0.314,0.27,0.657,0.64]},{"time":1.6,"color":"ffffffff"}]},"wild2":{"color":[{"time":0,"color":"ffffff00","curve":[0.25,0,0.625,0.5]},{"time":0.4,"color":"ffffffff","curve":[0.375,0.5,0.75,1]},{"time":0.8,"color":"ffffff00","curve":[0.25,0,0.75,1]},{"time":1.2,"color":"ffffffff","curve":[0.375,0.5,0.75,1]},{"time":1.6,"color":"ffffff00"}]},"wxpand0001":{"color":[{"time":0,"color":"ffffffff","curve":[0.276,0,0.621,0.4]},{"time":0.4,"color":"ffffff80","curve":[0.314,0.27,0.657,0.64]},{"time":0.8,"color":"ffffffff","curve":[0.375,0.5,0.75,1]},{"time":1.2,"color":"ffffff80","curve":[0.314,0.27,0.657,0.64]},{"time":1.6,"color":"ffffffff"}],"attachment":[{"time":0,"name":"wxpand0003"},{"time":0.0333,"name":"wxpand0005"},{"time":0.0667,"name":"wxpand0007"},{"time":0.1,"name":"wxpand0009"},{"time":0.1333,"name":"wxpand0011"},{"time":0.1667,"name":"wxpand0013"},{"time":0.2,"name":"wxpand0015"},{"time":0.2333,"name":"wxpand0017"},{"time":0.2667,"name":"wxpand0019"},{"time":0.3,"name":"wxpand0021"},{"time":0.3333,"name":"wxpand0023"},{"time":0.3667,"name":"wxpand0025"},{"time":0.4,"name":"wxpand0027"},{"time":0.4333,"name":"wxpand0003"},{"time":0.4667,"name":"wxpand0005"},{"time":0.5,"name":"wxpand0007"},{"time":0.5333,"name":"wxpand0009"},{"time":0.5667,"name":"wxpand0011"},{"time":0.6,"name":"wxpand0013"},{"time":0.6333,"name":"wxpand0015"},{"time":0.6667,"name":"wxpand0017"},{"time":0.7,"name":"wxpand0019"},{"time":0.7333,"name":"wxpand0021"},{"time":0.7667,"name":"wxpand0023"},{"time":0.8,"name":"wxpand0025"},{"time":0.8333,"name":"wxpand0027"},{"time":0.8667,"name":"wxpand0003"},{"time":0.9,"name":"wxpand0005"},{"time":0.9333,"name":"wxpand0007"},{"time":0.9667,"name":"wxpand0009"},{"time":1,"name":"wxpand0011"},{"time":1.0333,"name":"wxpand0013"},{"time":1.0667,"name":"wxpand0015"},{"time":1.1,"name":"wxpand0017"},{"time":1.1333,"name":"wxpand0019"},{"time":1.1667,"name":"wxpand0021"},{"time":1.2,"name":"wxpand0023"},{"time":1.2333,"name":"wxpand0025"},{"time":1.2667,"name":"wxpand0027"},{"time":1.3,"name":"wxpand0003"},{"time":1.3333,"name":"wxpand0005"},{"time":1.3667,"name":"wxpand0007"},{"time":1.4,"name":"wxpand0009"},{"time":1.4333,"name":"wxpand0011"},{"time":1.4667,"name":"wxpand0013"},{"time":1.5,"name":"wxpand0015"},{"time":1.5333,"name":"wxpand0017"},{"time":1.5667,"name":"wxpand0019"},{"time":1.6,"name":"wxpand0021"}]}},"bones":{"icgaube":{"rotate":[{"time":0,"angle":0,"curve":"stepped"},{"time":0.8,"angle":0,"curve":"stepped"},{"time":1.6,"angle":0}],"translate":[{"time":0,"x":0,"y":0,"curve":"stepped"},{"time":0.8,"x":0,"y":0,"curve":"stepped"},{"time":1.6,"x":0,"y":0}],"scale":[{"time":0,"x":1,"y":1,"curve":"stepped"},{"time":0.8,"x":1,"y":1,"curve":"stepped"},{"time":1.6,"x":1,"y":1}],"shear":[{"time":0,"x":0,"y":0,"curve":"stepped"},{"time":0.8,"x":0,"y":0,"curve":"stepped"},{"time":1.6,"x":0,"y":0}]},"wild2":{"rotate":[{"time":0,"angle":0,"curve":"stepped"},{"time":0.8,"angle":0,"curve":"stepped"},{"time":1.6,"angle":0}],"translate":[{"time":0,"x":0,"y":0,"curve":[0.276,0,0.621,0.4]},{"time":0.4,"x":0,"y":7.64,"curve":[0.314,0.27,0.657,0.64]},{"time":0.8,"x":0,"y":0,"curve":[0.375,0.5,0.75,1]},{"time":1.2,"x":0,"y":7.64,"curve":[0.314,0.27,0.657,0.64]},{"time":1.6,"x":0,"y":0}],"scale":[{"time":0,"x":1,"y":1,"curve":"stepped"},{"time":0.8,"x":1,"y":1,"curve":"stepped"},{"time":1.6,"x":1,"y":1}],"shear":[{"time":0,"x":0,"y":0,"curve":"stepped"},{"time":0.8,"x":0,"y":0,"curve":"stepped"},{"time":1.6,"x":0,"y":0}]},"taichihero":{"rotate":[{"time":0,"angle":0},{"time":0.1333,"angle":120},{"time":0.2667,"angle":-120},{"time":0.4,"angle":0},{"time":0.5333,"angle":120},{"time":0.6667,"angle":-120},{"time":0.8,"angle":0},{"time":1.0667,"angle":120},{"time":1.3333,"angle":-120},{"time":1.6,"angle":0}],"translate":[{"time":0,"x":0,"y":0,"curve":[0.276,0,0.621,0.4]},{"time":0.4,"x":0,"y":14.01,"curve":[0.314,0.27,0.657,0.64]},{"time":0.8,"x":0,"y":0,"curve":[0.375,0.5,0.75,1]},{"time":1.2,"x":0,"y":14.01,"curve":[0.314,0.27,0.657,0.64]},{"time":1.6,"x":0,"y":0}],"scale":[{"time":0,"x":1,"y":1,"curve":"stepped"},{"time":0.8,"x":1,"y":1,"curve":"stepped"},{"time":1.6,"x":1,"y":1}],"shear":[{"time":0,"x":0,"y":0,"curve":"stepped"},{"time":0.8,"x":0,"y":0,"curve":"stepped"},{"time":1.6,"x":0,"y":0}]},"gau":{"rotate":[{"time":0,"angle":0,"curve":"stepped"},{"time":0.8,"angle":0,"curve":"stepped"},{"time":1.6,"angle":0}],"translate":[{"time":0,"x":0,"y":0,"curve":"stepped"},{"time":0.8,"x":0,"y":0,"curve":"stepped"},{"time":1.6,"x":0,"y":0}],"scale":[{"time":0,"x":1,"y":1,"curve":[0.314,0,0.649,0.35]},{"time":0.1,"x":1.031,"y":1,"curve":[0.318,0.23,0.653,0.57]},{"time":0.2,"x":1,"y":1,"curve":[0.312,0.24,0.648,0.59]},{"time":0.3,"x":1.031,"y":1,"curve":[0.318,0.23,0.653,0.57]},{"time":0.4,"x":1,"y":1,"curve":[0.312,0.24,0.648,0.59]},{"time":0.5,"x":1.031,"y":1,"curve":[0.318,0.23,0.653,0.57]},{"time":0.6,"x":1,"y":1,"curve":[0.312,0.24,0.648,0.59]},{"time":0.7,"x":1.031,"y":1,"curve":[0.318,0.23,0.653,0.57]},{"time":0.8,"x":1,"y":1,"curve":[0.312,0.24,0.648,0.59]},{"time":0.9,"x":1.031,"y":1,"curve":[0.318,0.23,0.653,0.57]},{"time":1,"x":1,"y":1,"curve":[0.312,0.24,0.648,0.59]},{"time":1.1,"x":1.031,"y":1,"curve":[0.318,0.23,0.653,0.57]},{"time":1.2,"x":1,"y":1,"curve":[0.312,0.24,0.648,0.59]},{"time":1.3,"x":1.031,"y":1,"curve":[0.318,0.23,0.653,0.57]},{"time":1.4,"x":1,"y":1,"curve":[0.312,0.24,0.648,0.59]},{"time":1.5,"x":1.031,"y":1,"curve":[0.318,0.23,0.653,0.57]},{"time":1.6,"x":1,"y":1}],"shear":[{"time":0,"x":0,"y":0,"curve":"stepped"},{"time":0.8,"x":0,"y":0,"curve":"stepped"},{"time":1.6,"x":0,"y":0}]},"nengau":{"rotate":[{"time":0,"angle":0,"curve":"stepped"},{"time":0.8,"angle":0,"curve":"stepped"},{"time":1.6,"angle":0}],"translate":[{"time":0,"x":0,"y":0,"curve":"stepped"},{"time":0.8,"x":0,"y":0,"curve":"stepped"},{"time":1.6,"x":0,"y":0}],"scale":[{"time":0,"x":1,"y":1,"curve":"stepped"},{"time":0.8,"x":1,"y":1,"curve":"stepped"},{"time":1.6,"x":1,"y":1}],"shear":[{"time":0,"x":0,"y":0,"curve":"stepped"},{"time":0.8,"x":0,"y":0,"curve":"stepped"},{"time":1.6,"x":0,"y":0}]},"la2":{"rotate":[{"time":0,"angle":0,"curve":"stepped"},{"time":0.8,"angle":0,"curve":"stepped"},{"time":1.6,"angle":0}],"translate":[{"time":0,"x":0,"y":0,"curve":[0.327,0,0.66,0.34]},{"time":0.0333,"x":0,"y":1.27,"curve":[0.258,0.04,0.629,0.52]},{"time":0.0667,"x":0,"y":0,"curve":[0.327,0,0.66,0.34]},{"time":0.1,"x":0,"y":1.27,"curve":[0.258,0.04,0.629,0.52]},{"time":0.1333,"x":0,"y":0,"curve":[0.327,0,0.66,0.34]},{"time":0.1667,"x":0,"y":1.27,"curve":[0.258,0.04,0.629,0.52]},{"time":0.2,"x":0,"y":0,"curve":[0.327,0,0.66,0.34]},{"time":0.2333,"x":0,"y":1.27,"curve":[0.258,0.04,0.629,0.52]},{"time":0.2667,"x":0,"y":0,"curve":[0.327,0,0.66,0.34]},{"time":0.3,"x":0,"y":1.27,"curve":[0.258,0.04,0.629,0.52]},{"time":0.3333,"x":0,"y":0,"curve":[0.327,0,0.66,0.34]},{"time":0.3667,"x":0,"y":1.27,"curve":[0.258,0.04,0.629,0.52]},{"time":0.4,"x":0,"y":0,"curve":[0.327,0,0.66,0.34]},{"time":0.4333,"x":0,"y":1.27,"curve":[0.258,0.04,0.629,0.52]},{"time":0.4667,"x":0,"y":0,"curve":[0.327,0,0.66,0.34]},{"time":0.5,"x":0,"y":1.27,"curve":[0.258,0.04,0.629,0.52]},{"time":0.5333,"x":0,"y":0,"curve":[0.327,0,0.66,0.34]},{"time":0.5667,"x":0,"y":1.27,"curve":[0.258,0.04,0.629,0.52]},{"time":0.6,"x":0,"y":0,"curve":[0.327,0,0.66,0.34]},{"time":0.6333,"x":0,"y":1.27,"curve":[0.258,0.04,0.629,0.52]},{"time":0.6667,"x":0,"y":0,"curve":[0.327,0,0.66,0.34]},{"time":0.7,"x":0,"y":1.27,"curve":[0.258,0.04,0.629,0.52]},{"time":0.7333,"x":0,"y":0,"curve":[0.327,0,0.66,0.34]},{"time":0.7667,"x":0,"y":1.27,"curve":[0.258,0.04,0.629,0.52]},{"time":0.8,"x":0,"y":0,"curve":[0.327,0,0.66,0.34]},{"time":0.8333,"x":0,"y":1.27,"curve":[0.258,0.04,0.629,0.52]},{"time":0.8667,"x":0,"y":0,"curve":[0.327,0,0.66,0.34]},{"time":0.9,"x":0,"y":1.27,"curve":[0.258,0.04,0.629,0.52]},{"time":0.9333,"x":0,"y":0,"curve":[0.327,0,0.66,0.34]},{"time":0.9667,"x":0,"y":1.27,"curve":[0.258,0.04,0.629,0.52]},{"time":1,"x":0,"y":0,"curve":[0.327,0,0.66,0.34]},{"time":1.0333,"x":0,"y":1.27,"curve":[0.258,0.04,0.629,0.52]},{"time":1.0667,"x":0,"y":0,"curve":[0.327,0,0.66,0.34]},{"time":1.1,"x":0,"y":1.27,"curve":[0.258,0.04,0.629,0.52]},{"time":1.1333,"x":0,"y":0,"curve":[0.327,0,0.66,0.34]},{"time":1.1667,"x":0,"y":1.27,"curve":[0.258,0.04,0.629,0.52]},{"time":1.2,"x":0,"y":0,"curve":[0.327,0,0.66,0.34]},{"time":1.2333,"x":0,"y":1.27,"curve":[0.258,0.04,0.629,0.52]},{"time":1.2667,"x":0,"y":0,"curve":[0.327,0,0.66,0.34]},{"time":1.3,"x":0,"y":1.27,"curve":[0.258,0.04,0.629,0.52]},{"time":1.3333,"x":0,"y":0,"curve":[0.327,0,0.66,0.34]},{"time":1.3667,"x":0,"y":1.27,"curve":[0.258,0.04,0.629,0.52]},{"time":1.4,"x":0,"y":0,"curve":[0.327,0,0.66,0.34]},{"time":1.4333,"x":0,"y":1.27,"curve":[0.258,0.04,0.629,0.52]},{"time":1.4667,"x":0,"y":0,"curve":[0.327,0,0.66,0.34]},{"time":1.5,"x":0,"y":1.27,"curve":[0.258,0.04,0.629,0.52]},{"time":1.5333,"x":0,"y":0,"curve":[0.327,0,0.66,0.34]},{"time":1.5667,"x":0,"y":1.27,"curve":[0.258,0.04,0.629,0.52]},{"time":1.6,"x":0,"y":0}],"scale":[{"time":0,"x":1,"y":1,"curve":"stepped"},{"time":0.8,"x":1,"y":1,"curve":"stepped"},{"time":1.6,"x":1,"y":1}],"shear":[{"time":0,"x":0,"y":0,"curve":"stepped"},{"time":0.8,"x":0,"y":0,"curve":"stepped"},{"time":1.6,"x":0,"y":0}]},"la":{"rotate":[{"time":0,"angle":0,"curve":"stepped"},{"time":0.8,"angle":0,"curve":"stepped"},{"time":1.6,"angle":0}],"translate":[{"time":0,"x":0,"y":0,"curve":[0.327,0,0.66,0.34]},{"time":0.0333,"x":-2.55,"y":0,"curve":[0.327,0.22,0.661,0.56]},{"time":0.0667,"x":0,"y":0,"curve":[0.265,0.07,0.632,0.54]},{"time":0.1,"x":-2.55,"y":0,"curve":[0.327,0.22,0.661,0.56]},{"time":0.1333,"x":0,"y":0,"curve":[0.265,0.07,0.632,0.54]},{"time":0.1667,"x":-2.55,"y":0,"curve":[0.327,0.22,0.661,0.56]},{"time":0.2,"x":0,"y":0,"curve":[0.265,0.07,0.632,0.54]},{"time":0.2333,"x":-2.55,"y":0,"curve":[0.327,0.22,0.661,0.56]},{"time":0.2667,"x":0,"y":0,"curve":[0.265,0.07,0.632,0.54]},{"time":0.3,"x":-2.55,"y":0,"curve":[0.327,0.22,0.661,0.56]},{"time":0.3333,"x":0,"y":0,"curve":[0.265,0.07,0.632,0.54]},{"time":0.3667,"x":-2.55,"y":0,"curve":[0.327,0.22,0.661,0.56]},{"time":0.4,"x":0,"y":0,"curve":[0.265,0.07,0.632,0.54]},{"time":0.4333,"x":-2.55,"y":0,"curve":[0.327,0.22,0.661,0.56]},{"time":0.4667,"x":0,"y":0,"curve":[0.265,0.07,0.632,0.54]},{"time":0.5,"x":-2.55,"y":0,"curve":[0.327,0.22,0.661,0.56]},{"time":0.5333,"x":0,"y":0,"curve":[0.265,0.07,0.632,0.54]},{"time":0.5667,"x":-2.55,"y":0,"curve":[0.327,0.22,0.661,0.56]},{"time":0.6,"x":0,"y":0,"curve":[0.265,0.07,0.632,0.54]},{"time":0.6333,"x":-2.55,"y":0,"curve":[0.327,0.22,0.661,0.56]},{"time":0.6667,"x":0,"y":0,"curve":[0.265,0.07,0.632,0.54]},{"time":0.7,"x":-2.55,"y":0,"curve":[0.327,0.22,0.661,0.56]},{"time":0.7333,"x":0,"y":0,"curve":[0.265,0.07,0.632,0.54]},{"time":0.7667,"x":-2.55,"y":0,"curve":[0.327,0.22,0.661,0.56]},{"time":0.8,"x":0,"y":0,"curve":[0.265,0.07,0.632,0.54]},{"time":0.8333,"x":-2.55,"y":0,"curve":[0.327,0.22,0.661,0.56]},{"time":0.8667,"x":0,"y":0,"curve":[0.265,0.07,0.632,0.54]},{"time":0.9,"x":-2.55,"y":0,"curve":[0.327,0.22,0.661,0.56]},{"time":0.9333,"x":0,"y":0,"curve":[0.265,0.07,0.632,0.54]},{"time":0.9667,"x":-2.55,"y":0,"curve":[0.327,0.22,0.661,0.56]},{"time":1,"x":0,"y":0,"curve":[0.265,0.07,0.632,0.54]},{"time":1.0333,"x":-2.55,"y":0,"curve":[0.327,0.22,0.661,0.56]},{"time":1.0667,"x":0,"y":0,"curve":[0.265,0.07,0.632,0.54]},{"time":1.1,"x":-2.55,"y":0,"curve":[0.327,0.22,0.661,0.56]},{"time":1.1333,"x":0,"y":0,"curve":[0.265,0.07,0.632,0.54]},{"time":1.1667,"x":-2.55,"y":0,"curve":[0.327,0.22,0.661,0.56]},{"time":1.2,"x":0,"y":0,"curve":[0.265,0.07,0.632,0.54]},{"time":1.2333,"x":-2.55,"y":0,"curve":[0.327,0.22,0.661,0.56]},{"time":1.2667,"x":0,"y":0,"curve":[0.265,0.07,0.632,0.54]},{"time":1.3,"x":-2.55,"y":0,"curve":[0.327,0.22,0.661,0.56]},{"time":1.3333,"x":0,"y":0,"curve":[0.265,0.07,0.632,0.54]},{"time":1.3667,"x":-2.55,"y":0,"curve":[0.327,0.22,0.661,0.56]},{"time":1.4,"x":0,"y":0,"curve":[0.265,0.07,0.632,0.54]},{"time":1.4333,"x":-2.55,"y":0,"curve":[0.327,0.22,0.661,0.56]},{"time":1.4667,"x":0,"y":0,"curve":[0.265,0.07,0.632,0.54]},{"time":1.5,"x":-2.55,"y":0,"curve":[0.327,0.22,0.661,0.56]},{"time":1.5333,"x":0,"y":0,"curve":[0.265,0.07,0.632,0.54]},{"time":1.5667,"x":-2.55,"y":0,"curve":[0.327,0.22,0.661,0.56]},{"time":1.6,"x":0,"y":0}],"scale":[{"time":0,"x":1,"y":1,"curve":"stepped"},{"time":0.8,"x":1,"y":1,"curve":"stepped"},{"time":1.6,"x":1,"y":1}],"shear":[{"time":0,"x":0,"y":0,"curve":"stepped"},{"time":0.8,"x":0,"y":0,"curve":"stepped"},{"time":1.6,"x":0,"y":0}]},"wxpand0001":{"rotate":[{"time":0,"angle":0,"curve":"stepped"},{"time":1.6,"angle":0}],"translate":[{"time":0,"x":0,"y":0,"curve":"stepped"},{"time":1.6,"x":0,"y":0}],"scale":[{"time":0,"x":1,"y":1,"curve":"stepped"},{"time":1.6,"x":1,"y":1}],"shear":[{"time":0,"x":0,"y":0,"curve":"stepped"},{"time":1.6,"x":0,"y":0}]}}}}},"_atlasText":"\r\nexpanda.png\r\nsize: 1234,1114\r\nformat: RGBA8888\r\nfilter: Linear,Linear\r\nrepeat: none\r\ngau\r\n  rotate: false\r\n  xy: 882, 235\r\n  size: 174, 409\r\n  orig: 176, 411\r\n  offset: 1, 1\r\n  index: -1\r\nicgaube\r\n  rotate: false\r\n  xy: 1058, 242\r\n  size: 169, 146\r\n  orig: 171, 148\r\n  offset: 1, 1\r\n  index: -1\r\nkhoi1\r\n  rotate: true\r\n  xy: 1030, 60\r\n  size: 173, 47\r\n  orig: 175, 49\r\n  offset: 1, 1\r\n  index: -1\r\nkhoi2\r\n  rotate: false\r\n  xy: 1058, 555\r\n  size: 174, 89\r\n  orig: 176, 91\r\n  offset: 1, 1\r\n  index: -1\r\nla\r\n  rotate: false\r\n  xy: 1133, 153\r\n  size: 89, 87\r\n  orig: 91, 89\r\n  offset: 1, 1\r\n  index: -1\r\nnengau\r\n  rotate: false\r\n  xy: 2, 178\r\n  size: 174, 466\r\n  orig: 176, 468\r\n  offset: 1, 1\r\n  index: -1\r\ntaichihero\r\n  rotate: false\r\n  xy: 1058, 390\r\n  size: 165, 163\r\n  orig: 167, 165\r\n  offset: 1, 1\r\n  index: -1\r\nwild1\r\n  rotate: true\r\n  xy: 1079, 83\r\n  size: 157, 52\r\n  orig: 159, 54\r\n  offset: 1, 1\r\n  index: -1\r\nwild2\r\n  rotate: true\r\n  xy: 938, 45\r\n  size: 188, 90\r\n  orig: 190, 92\r\n  offset: 1, 1\r\n  index: -1\r\nwxpand0003\r\n  rotate: true\r\n  xy: 2, 2\r\n  size: 174, 466\r\n  orig: 176, 468\r\n  offset: 1, 1\r\n  index: -1\r\nwxpand0005\r\n  rotate: false\r\n  xy: 178, 646\r\n  size: 174, 466\r\n  orig: 176, 468\r\n  offset: 1, 1\r\n  index: -1\r\nwxpand0007\r\n  rotate: false\r\n  xy: 178, 178\r\n  size: 174, 466\r\n  orig: 176, 468\r\n  offset: 1, 1\r\n  index: -1\r\nwxpand0009\r\n  rotate: false\r\n  xy: 354, 646\r\n  size: 174, 466\r\n  orig: 176, 468\r\n  offset: 1, 1\r\n  index: -1\r\nwxpand0011\r\n  rotate: false\r\n  xy: 354, 178\r\n  size: 174, 466\r\n  orig: 176, 468\r\n  offset: 1, 1\r\n  index: -1\r\nwxpand0013\r\n  rotate: true\r\n  xy: 470, 2\r\n  size: 174, 466\r\n  orig: 176, 468\r\n  offset: 1, 1\r\n  index: -1\r\nwxpand0015\r\n  rotate: false\r\n  xy: 530, 646\r\n  size: 174, 466\r\n  orig: 176, 468\r\n  offset: 1, 1\r\n  index: -1\r\nwxpand0017\r\n  rotate: false\r\n  xy: 530, 178\r\n  size: 174, 466\r\n  orig: 176, 468\r\n  offset: 1, 1\r\n  index: -1\r\nwxpand0019\r\n  rotate: false\r\n  xy: 706, 646\r\n  size: 174, 466\r\n  orig: 176, 468\r\n  offset: 1, 1\r\n  index: -1\r\nwxpand0021\r\n  rotate: false\r\n  xy: 706, 178\r\n  size: 174, 466\r\n  orig: 176, 468\r\n  offset: 1, 1\r\n  index: -1\r\nwxpand0023\r\n  rotate: false\r\n  xy: 882, 646\r\n  size: 174, 466\r\n  orig: 176, 468\r\n  offset: 1, 1\r\n  index: -1\r\nwxpand0025\r\n  rotate: false\r\n  xy: 1058, 646\r\n  size: 174, 466\r\n  orig: 176, 468\r\n  offset: 1, 1\r\n  index: -1\r\nwxpand0027\r\n  rotate: false\r\n  xy: 2, 646\r\n  size: 174, 466\r\n  orig: 176, 468\r\n  offset: 1, 1\r\n  index: -1\r\n","textures":[{"__uuid__":"82NyUsKw5C2IxXhCU3o0RW"}],"textureNames":["expanda.png"]}