{"__type__":"sp.SkeletonData","_name":"taixiu","_skeletonJson":{"skeleton":{"hash":"0IIIifXJ8JpsjH9VTSppjtzV4bc","spine":"3.7.94","width":296,"height":250,"images":"./images/","audio":"C:/Users/Toanp/OneDrive/Máy tính/giao dien r79/spine/ic_taixiu"},"bones":[{"name":"root","x":12.42,"y":-6.21},{"name":"Layer 105","parent":"root","x":-70.07,"y":5.98},{"name":"Layer 107","parent":"root","x":8.59,"y":86.71},{"name":"Layer 106","parent":"root","x":64.48,"y":3.91},{"name":"Layer 108","parent":"root","x":-51.44,"y":-64.4},{"name":"tài xỉu","parent":"root","x":45.85,"y":-60.26}],"slots":[{"name":"Layer 78","bone":"root","attachment":"Layer 78"},{"name":"Layer 105","bone":"Layer 105","attachment":"Layer 105"},{"name":"Layer 106","bone":"Layer 106","attachment":"Layer 106"},{"name":"Layer 107","bone":"Layer 107","attachment":"Layer 107"},{"name":"tài xỉu","bone":"tài xỉu","attachment":"tài xỉu"},{"name":"Layer 108","bone":"Layer 108","attachment":"Layer 108"}],"skins":{"default":{"Layer 105":{"Layer 105":{"x":2.77,"y":4.24,"width":133,"height":126}},"Layer 106":{"Layer 106":{"x":-4.78,"y":1.81,"width":103,"height":105}},"Layer 107":{"Layer 107":{"x":1.61,"y":5.51,"width":90,"height":88}},"Layer 108":{"Layer 108":{"x":-5.86,"y":6.12,"width":97,"height":59}},"Layer 78":{"Layer 78":{"x":-8.8,"y":10.72,"width":296,"height":249}},"tài xỉu":{"tài xỉu":{"x":-1.65,"y":2.48,"width":108,"height":62}}}},"animations":{"animation":{"bones":{"Layer 105":{"rotate":[{"time":0,"angle":0},{"time":0.6667,"angle":-24.6},{"time":1.3333,"angle":0}],"translate":[{"time":0,"x":0,"y":0},{"time":0.6667,"x":0,"y":19.58},{"time":1.3333,"x":0,"y":0}],"scale":[{"time":0,"x":1,"y":1},{"time":0.6667,"x":0.93,"y":0.93},{"time":1.3333,"x":1,"y":1}]},"Layer 106":{"rotate":[{"time":0,"angle":0},{"time":0.6667,"angle":-27.03},{"time":1.3,"angle":0}],"translate":[{"time":0,"x":0,"y":0},{"time":0.6667,"x":0,"y":-21.08},{"time":1.3333,"x":0,"y":0}]},"Layer 107":{"translate":[{"time":0,"x":0,"y":0},{"time":0.6667,"x":0,"y":-3.77},{"time":1.3333,"x":0,"y":0}],"scale":[{"time":0,"x":1,"y":1},{"time":0.6667,"x":0.889,"y":0.889},{"time":1.3333,"x":1,"y":1}]},"Layer 108":{"translate":[{"time":0,"x":0,"y":0},{"time":0.6667,"x":0,"y":15.41},{"time":1.3333,"x":0,"y":0}],"scale":[{"time":0,"x":1,"y":1},{"time":0.1,"x":1.097,"y":1.097},{"time":0.1667,"x":1,"y":1},{"time":0.2333,"x":1.097,"y":1.097},{"time":0.3333,"x":1,"y":1}]},"tài xỉu":{"translate":[{"time":0,"x":0,"y":12.16},{"time":0.6667,"x":0,"y":1.62},{"time":1.3333,"x":0,"y":12.16}],"scale":[{"time":0.6667,"x":1,"y":1},{"time":0.7667,"x":1.097,"y":1.097},{"time":0.8333,"x":1,"y":1},{"time":0.9,"x":1.097,"y":1.097},{"time":1,"x":1,"y":1}]}}}}},"_atlasText":"\ntaixiu.png\nsize: 1024,256\nformat: RGBA8888\nfilter: Linear,Linear\nrepeat: none\nLayer 105\n  rotate: false\n  xy: 300, 125\n  size: 133, 126\n  orig: 133, 126\n  offset: 0, 0\n  index: -1\nLayer 106\n  rotate: false\n  xy: 300, 18\n  size: 103, 105\n  orig: 103, 105\n  offset: 0, 0\n  index: -1\nLayer 107\n  rotate: false\n  xy: 435, 163\n  size: 90, 88\n  orig: 90, 88\n  offset: 0, 0\n  index: -1\nLayer 108\n  rotate: false\n  xy: 637, 192\n  size: 97, 59\n  orig: 97, 59\n  offset: 0, 0\n  index: -1\nLayer 78\n  rotate: false\n  xy: 2, 2\n  size: 296, 249\n  orig: 296, 249\n  offset: 0, 0\n  index: -1\ntài xỉu\n  rotate: false\n  xy: 527, 189\n  size: 108, 62\n  orig: 108, 62\n  offset: 0, 0\n  index: -1\n","textures":[{"__uuid__":"cdJT97qi5Pe6QgMTeWJWWo"}],"textureNames":["taixiu.png"]}