{"__type__":"cc.AnimationClip","_name":"icon_wind","_duration":2.1666666666666665,"wrapMode":"2","curveData":{"paths":{"star":{"props":{"scale":[{"frame":0,"value":{"__type__":"cc.Vec2"}},{"frame":0.4166666666666667,"value":{"__type__":"cc.Vec2","x":1,"y":1}},{"frame":0.8333333333333334,"value":{"__type__":"cc.Vec2"}}],"angle":[{"frame":0,"value":0},{"frame":0.4166666666666667,"value":360},{"frame":0.8333333333333334,"value":0}]}},"star2":{"props":{"scale":[{"frame":1.3333333333333333,"value":{"__type__":"cc.Vec2"}},{"frame":1.75,"value":{"__type__":"cc.Vec2","x":1,"y":1}},{"frame":2.1666666666666665,"value":{"__type__":"cc.Vec2"}}],"angle":[{"frame":1.3333333333333333,"value":0},{"frame":1.75,"value":360},{"frame":2.1666666666666665,"value":0}]}},"star3":{"props":{"scale":[{"frame":1.3333333333333333,"value":{"__type__":"cc.Vec2"}},{"frame":1.75,"value":{"__type__":"cc.Vec2","x":1,"y":1}},{"frame":2.1666666666666665,"value":{"__type__":"cc.Vec2"}}],"angle":[{"frame":1.3333333333333333,"value":0},{"frame":1.75,"value":360},{"frame":2.1666666666666665,"value":0}]}},"wind_1/wind_1/light":{"props":{"x":[{"frame":0.8333333333333334,"value":-73},{"frame":1.1666666666666667,"value":71.3},{"frame":1.5,"value":-73}]}}}}}