[{"__type__":"cc.Prefab","_name":"moneyMe","data":{"__id__":1}},{"__type__":"cc.Node","_name":"moneyMe","_components":[{"__type__":"cc.Label","node":{"__id__":1},"_materials":[{"__uuid__":"ecpdLyjvZBwrvm+cedCcQy"}],"_fontSize":35,"_lineHeight":32,"_N$file":{"__uuid__":"a9CpSkRAFHV6ZRwgQ+1uDu"},"_isSystemFontUsed":false},{"__type__":"97c8fPfWQNA06NAGRRSUoDf","node":{"__id__":1}}],"_prefab":{"__type__":"cc.PrefabInfo","root":{"__id__":1},"asset":{"__id__":0},"fileId":"d85qbcZ8JEFbPmaNFnBUl5"},"_contentSize":{"__type__":"cc.Size","height":35},"_trs":{"__type__":"TypedArray","ctor":"Float64Array","array":[0,0,0,0,0,0,1,1,1,1]}}]