{"__type__":"sp.SkeletonData","_name":"mitpandamaster","_skeletonJson":{"skeleton":{"hash":"9atesAypjpbmiBmDADHFFibtJRk","spine":"3.6.53","width":238,"height":423,"images":""},"bones":[{"name":"root"},{"name":"gaumeo","parent":"root","length":53.08,"rotation":86.73,"x":49.85,"y":84.98},{"name":"gauthuong","parent":"root","length":106.02,"rotation":91.64,"x":2.16,"y":-149.69},{"name":"la","parent":"root","x":-87.92,"y":14.58},{"name":"la2","parent":"root","x":74.83,"y":84.23}],"slots":[{"name":"gaumeo","bone":"gaumeo","attachment":"gaumeo"},{"name":"gauthuong","bone":"gauthuong","attachment":"gauthuong"},{"name":"la","bone":"la","attachment":"la"},{"name":"la2","bone":"la2","attachment":"la"},{"name":"matgaumeo","bone":"gaumeo","attachment":"matgaumeo"},{"name":"matgauthuong","bone":"gauthuong","attachment":"matgauthuong"}],"skins":{"default":{"gaumeo":{"gaumeo":{"x":63.64,"y":8.5,"rotation":-86.73,"width":98,"height":139}},"gauthuong":{"gauthuong":{"x":149.69,"y":-2.12,"rotation":-91.64,"width":214,"height":352}},"la":{"la":{"x":7.92,"y":-16.58,"width":92,"height":89}},"la2":{"la":{"x":-7.97,"y":-12.04,"scaleX":-0.842,"scaleY":0.919,"rotation":1.33,"width":92,"height":89}},"matgaumeo":{"matgaumeo":{"x":88.95,"y":-0.84,"rotation":-86.73,"width":32,"height":13}},"matgauthuong":{"matgauthuong":{"x":284.72,"y":-9.22,"rotation":-91.64,"width":49,"height":20}}}},"animations":{"animation":{"slots":{"gauthuong":{"color":[{"time":0,"color":"ffffffff"}]},"matgaumeo":{"color":[{"time":0,"color":"ffffff00","curve":"stepped"},{"time":0.3,"color":"ffffff00","curve":[0.265,0,0.618,0.43]},{"time":0.3667,"color":"ffffffff","curve":[0.351,0.4,0.757,1]},{"time":0.4333,"color":"ffffff00","curve":"stepped"},{"time":1.3667,"color":"ffffff00","curve":[0.265,0,0.618,0.43]},{"time":1.4333,"color":"ffffffff","curve":[0.351,0.4,0.757,1]},{"time":1.5,"color":"ffffff00","curve":"stepped"},{"time":2,"color":"ffffff00"}]},"matgauthuong":{"color":[{"time":0,"color":"ffffff00","curve":"stepped"},{"time":0.4667,"color":"ffffff00","curve":[0.331,0.33,0.664,0.66]},{"time":0.5333,"color":"fffffffb","curve":[0.332,0.33,0.666,0.66]},{"time":0.6,"color":"ffffff00","curve":"stepped"},{"time":1.3667,"color":"ffffff00","curve":[0.331,0.33,0.664,0.66]},{"time":1.4333,"color":"fffffffb","curve":[0.332,0.33,0.666,0.66]},{"time":1.5,"color":"ffffff00","curve":"stepped"},{"time":2,"color":"ffffff00"}]}},"bones":{"la2":{"rotate":[{"time":0,"angle":0,"curve":"stepped"},{"time":1,"angle":0,"curve":"stepped"},{"time":2,"angle":0}],"translate":[{"time":0,"x":0,"y":1.97,"curve":[0.328,0.22,0.662,0.56]},{"time":0.0333,"x":0,"y":0,"curve":[0.328,0,0.661,0.34]},{"time":0.0667,"x":0,"y":1.97,"curve":[0.328,0.22,0.662,0.56]},{"time":0.1,"x":0,"y":0,"curve":[0.262,0.06,0.631,0.53]},{"time":0.1333,"x":0,"y":1.97,"curve":[0.328,0.22,0.662,0.56]},{"time":0.1667,"x":0,"y":0,"curve":[0.262,0.06,0.631,0.53]},{"time":0.2,"x":0,"y":1.97,"curve":[0.328,0.22,0.662,0.56]},{"time":0.2333,"x":0,"y":0,"curve":[0.262,0.06,0.631,0.53]},{"time":0.2667,"x":0,"y":1.97,"curve":[0.328,0.22,0.662,0.56]},{"time":0.3,"x":0,"y":0,"curve":[0.262,0.06,0.631,0.53]},{"time":0.3333,"x":0,"y":1.97,"curve":[0.328,0.22,0.662,0.56]},{"time":0.3667,"x":0,"y":0,"curve":[0.262,0.06,0.631,0.53]},{"time":0.4,"x":0,"y":1.97,"curve":[0.328,0.22,0.662,0.56]},{"time":0.4333,"x":0,"y":0,"curve":[0.262,0.06,0.631,0.53]},{"time":0.4667,"x":0,"y":1.97,"curve":[0.328,0.22,0.662,0.56]},{"time":0.5,"x":0,"y":0,"curve":[0.262,0.06,0.631,0.53]},{"time":0.5333,"x":0,"y":1.97,"curve":[0.328,0.22,0.662,0.56]},{"time":0.5667,"x":0,"y":0,"curve":[0.262,0.06,0.631,0.53]},{"time":0.6,"x":0,"y":1.97,"curve":[0.328,0.22,0.662,0.56]},{"time":0.6333,"x":0,"y":0,"curve":[0.262,0.06,0.631,0.53]},{"time":0.6667,"x":0,"y":1.97,"curve":[0.328,0.22,0.662,0.56]},{"time":0.7,"x":0,"y":0,"curve":[0.262,0.06,0.631,0.53]},{"time":0.7333,"x":0,"y":1.97,"curve":[0.328,0.22,0.662,0.56]},{"time":0.7667,"x":0,"y":0,"curve":[0.262,0.06,0.631,0.53]},{"time":0.8,"x":0,"y":1.97,"curve":[0.328,0.22,0.662,0.56]},{"time":0.8333,"x":0,"y":0,"curve":[0.262,0.06,0.631,0.53]},{"time":0.8667,"x":0,"y":1.97,"curve":[0.328,0.22,0.662,0.56]},{"time":0.9,"x":0,"y":0,"curve":[0.262,0.06,0.631,0.53]},{"time":0.9333,"x":0,"y":1.97,"curve":[0.328,0.22,0.662,0.56]},{"time":0.9667,"x":0,"y":0,"curve":[0.262,0.06,0.631,0.53]},{"time":1,"x":0,"y":1.97,"curve":[0.328,0.22,0.662,0.56]},{"time":1.0333,"x":0,"y":0,"curve":[0.262,0.06,0.631,0.53]},{"time":1.0667,"x":0,"y":1.97,"curve":[0.328,0.22,0.662,0.56]},{"time":1.1,"x":0,"y":0,"curve":[0.262,0.06,0.631,0.53]},{"time":1.1333,"x":0,"y":1.97,"curve":[0.328,0.22,0.662,0.56]},{"time":1.1667,"x":0,"y":0,"curve":[0.262,0.06,0.631,0.53]},{"time":1.2,"x":0,"y":1.97,"curve":[0.328,0.22,0.662,0.56]},{"time":1.2333,"x":0,"y":0,"curve":[0.262,0.06,0.631,0.53]},{"time":1.2667,"x":0,"y":1.97,"curve":[0.328,0.22,0.662,0.56]},{"time":1.3,"x":0,"y":0,"curve":[0.262,0.06,0.631,0.53]},{"time":1.3333,"x":0,"y":1.97,"curve":[0.328,0.22,0.662,0.56]},{"time":1.3667,"x":0,"y":0,"curve":[0.262,0.06,0.631,0.53]},{"time":1.4,"x":0,"y":1.97,"curve":[0.328,0.22,0.662,0.56]},{"time":1.4333,"x":0,"y":0,"curve":[0.262,0.06,0.631,0.53]},{"time":1.4667,"x":0,"y":1.97,"curve":[0.328,0.22,0.662,0.56]},{"time":1.5,"x":0,"y":0,"curve":[0.262,0.06,0.631,0.53]},{"time":1.5333,"x":0,"y":1.97,"curve":[0.328,0.22,0.662,0.56]},{"time":1.5667,"x":0,"y":0,"curve":[0.262,0.06,0.631,0.53]},{"time":1.6,"x":0,"y":1.97,"curve":[0.328,0.22,0.662,0.56]},{"time":1.6333,"x":0,"y":0,"curve":[0.262,0.06,0.631,0.53]},{"time":1.6667,"x":0,"y":1.97,"curve":[0.328,0.22,0.662,0.56]},{"time":1.7,"x":0,"y":0,"curve":[0.262,0.06,0.631,0.53]},{"time":1.7333,"x":0,"y":1.97,"curve":[0.328,0.22,0.662,0.56]},{"time":1.7667,"x":0,"y":0,"curve":[0.262,0.06,0.631,0.53]},{"time":1.8,"x":0,"y":1.97,"curve":[0.328,0.22,0.662,0.56]},{"time":1.8333,"x":0,"y":0,"curve":[0.262,0.06,0.631,0.53]},{"time":1.8667,"x":0,"y":1.97,"curve":[0.328,0.22,0.662,0.56]},{"time":1.9,"x":0,"y":0,"curve":[0.262,0.06,0.631,0.53]},{"time":1.9333,"x":0,"y":1.97,"curve":[0.328,0.22,0.662,0.56]},{"time":1.9667,"x":0,"y":0,"curve":[0.262,0.06,0.631,0.53]},{"time":2,"x":0,"y":1.97}],"scale":[{"time":0,"x":1,"y":1,"curve":"stepped"},{"time":1,"x":1,"y":1,"curve":"stepped"},{"time":2,"x":1,"y":1}],"shear":[{"time":0,"x":0,"y":0,"curve":"stepped"},{"time":1,"x":0,"y":0,"curve":"stepped"},{"time":2,"x":0,"y":0}]},"la":{"rotate":[{"time":0,"angle":0,"curve":"stepped"},{"time":1,"angle":0,"curve":"stepped"},{"time":2,"angle":0}],"translate":[{"time":0,"x":0,"y":0,"curve":[0.328,0,0.661,0.34]},{"time":0.0333,"x":-3.94,"y":0,"curve":[0.328,0.22,0.662,0.56]},{"time":0.0667,"x":0,"y":0,"curve":[0.262,0.06,0.631,0.53]},{"time":0.1,"x":-3.94,"y":0,"curve":[0.328,0.22,0.662,0.56]},{"time":0.1333,"x":0,"y":0,"curve":[0.262,0.06,0.631,0.53]},{"time":0.1667,"x":-3.94,"y":0,"curve":[0.328,0.22,0.662,0.56]},{"time":0.2,"x":0,"y":0,"curve":[0.262,0.06,0.631,0.53]},{"time":0.2333,"x":-3.94,"y":0,"curve":[0.328,0.22,0.662,0.56]},{"time":0.2667,"x":0,"y":0,"curve":[0.262,0.06,0.631,0.53]},{"time":0.3,"x":-3.94,"y":0,"curve":[0.328,0.22,0.662,0.56]},{"time":0.3333,"x":0,"y":0,"curve":[0.262,0.06,0.631,0.53]},{"time":0.3667,"x":-3.94,"y":0,"curve":[0.328,0.22,0.662,0.56]},{"time":0.4,"x":0,"y":0,"curve":[0.262,0.06,0.631,0.53]},{"time":0.4333,"x":-3.94,"y":0,"curve":[0.328,0.22,0.662,0.56]},{"time":0.4667,"x":0,"y":0,"curve":[0.262,0.06,0.631,0.53]},{"time":0.5,"x":-3.94,"y":0,"curve":[0.328,0.22,0.662,0.56]},{"time":0.5333,"x":0,"y":0,"curve":[0.262,0.06,0.631,0.53]},{"time":0.5667,"x":-3.94,"y":0,"curve":[0.328,0.22,0.662,0.56]},{"time":0.6,"x":0,"y":0,"curve":[0.262,0.06,0.631,0.53]},{"time":0.6333,"x":-3.94,"y":0,"curve":[0.328,0.22,0.662,0.56]},{"time":0.6667,"x":0,"y":0,"curve":[0.262,0.06,0.631,0.53]},{"time":0.7,"x":-3.94,"y":0,"curve":[0.328,0.22,0.662,0.56]},{"time":0.7333,"x":0,"y":0,"curve":[0.262,0.06,0.631,0.53]},{"time":0.7667,"x":-3.94,"y":0,"curve":[0.328,0.22,0.662,0.56]},{"time":0.8,"x":0,"y":0,"curve":[0.262,0.06,0.631,0.53]},{"time":0.8333,"x":-3.94,"y":0,"curve":[0.328,0.22,0.662,0.56]},{"time":0.8667,"x":0,"y":0,"curve":[0.262,0.06,0.631,0.53]},{"time":0.9,"x":-3.94,"y":0,"curve":[0.328,0.22,0.662,0.56]},{"time":0.9333,"x":0,"y":0,"curve":[0.262,0.06,0.631,0.53]},{"time":0.9667,"x":-3.94,"y":0,"curve":[0.328,0.22,0.662,0.56]},{"time":1,"x":0,"y":0,"curve":[0.262,0.06,0.631,0.53]},{"time":1.0333,"x":-3.94,"y":0,"curve":[0.328,0.22,0.662,0.56]},{"time":1.0667,"x":0,"y":0,"curve":[0.262,0.06,0.631,0.53]},{"time":1.1,"x":-3.94,"y":0,"curve":[0.328,0.22,0.662,0.56]},{"time":1.1333,"x":0,"y":0,"curve":[0.262,0.06,0.631,0.53]},{"time":1.1667,"x":-3.94,"y":0,"curve":[0.328,0.22,0.662,0.56]},{"time":1.2,"x":0,"y":0,"curve":[0.262,0.06,0.631,0.53]},{"time":1.2333,"x":-3.94,"y":0,"curve":[0.328,0.22,0.662,0.56]},{"time":1.2667,"x":0,"y":0,"curve":[0.262,0.06,0.631,0.53]},{"time":1.3,"x":-3.94,"y":0,"curve":[0.328,0.22,0.662,0.56]},{"time":1.3333,"x":0,"y":0,"curve":[0.262,0.06,0.631,0.53]},{"time":1.3667,"x":-3.94,"y":0,"curve":[0.328,0.22,0.662,0.56]},{"time":1.4,"x":0,"y":0,"curve":[0.262,0.06,0.631,0.53]},{"time":1.4333,"x":-3.94,"y":0,"curve":[0.328,0.22,0.662,0.56]},{"time":1.4667,"x":0,"y":0,"curve":[0.262,0.06,0.631,0.53]},{"time":1.5,"x":-3.94,"y":0,"curve":[0.328,0.22,0.662,0.56]},{"time":1.5333,"x":0,"y":0,"curve":[0.262,0.06,0.631,0.53]},{"time":1.5667,"x":-3.94,"y":0,"curve":[0.328,0.22,0.662,0.56]},{"time":1.6,"x":0,"y":0,"curve":[0.262,0.06,0.631,0.53]},{"time":1.6333,"x":-3.94,"y":0,"curve":[0.328,0.22,0.662,0.56]},{"time":1.6667,"x":0,"y":0,"curve":[0.262,0.06,0.631,0.53]},{"time":1.7,"x":-3.94,"y":0,"curve":[0.328,0.22,0.662,0.56]},{"time":1.7333,"x":0,"y":0,"curve":[0.262,0.06,0.631,0.53]},{"time":1.7667,"x":-3.94,"y":0,"curve":[0.328,0.22,0.662,0.56]},{"time":1.8,"x":0,"y":0,"curve":[0.262,0.06,0.631,0.53]},{"time":1.8333,"x":-3.94,"y":0,"curve":[0.328,0.22,0.662,0.56]},{"time":1.8667,"x":0,"y":0,"curve":[0.262,0.06,0.631,0.53]},{"time":1.9,"x":-3.94,"y":0,"curve":[0.328,0.22,0.662,0.56]},{"time":1.9333,"x":0,"y":0,"curve":[0.262,0.06,0.631,0.53]},{"time":1.9667,"x":-3.94,"y":0,"curve":[0.328,0.22,0.662,0.56]},{"time":2,"x":0,"y":0}],"scale":[{"time":0,"x":1,"y":1,"curve":"stepped"},{"time":1,"x":1,"y":1,"curve":"stepped"},{"time":2,"x":1,"y":1}],"shear":[{"time":0,"x":0,"y":0,"curve":"stepped"},{"time":1,"x":0,"y":0,"curve":"stepped"},{"time":2,"x":0,"y":0}]},"gaumeo":{"rotate":[{"time":0,"angle":0,"curve":[0.276,0,0.621,0.4]},{"time":0.5,"angle":-1.37,"curve":[0.314,0.27,0.657,0.64]},{"time":1,"angle":0,"curve":[0.375,0.5,0.75,1]},{"time":1.5,"angle":-1.37,"curve":[0.314,0.27,0.657,0.64]},{"time":2,"angle":0}],"translate":[{"time":0,"x":0,"y":0,"curve":[0.276,0,0.621,0.4]},{"time":0.5,"x":0,"y":3.94,"curve":[0.314,0.27,0.657,0.64]},{"time":1,"x":0,"y":0,"curve":[0.375,0.5,0.75,1]},{"time":1.5,"x":0,"y":3.94,"curve":[0.314,0.27,0.657,0.64]},{"time":2,"x":0,"y":0}],"scale":[{"time":0,"x":1,"y":1,"curve":[0.25,0,0.625,0.5]},{"time":0.5,"x":1.03,"y":1,"curve":[0.375,0.62,0.716,1]},{"time":1,"x":1,"y":1,"curve":[0.347,0.38,0.694,0.76]},{"time":1.5,"x":1.03,"y":1,"curve":[0.375,0.62,0.716,1]},{"time":2,"x":1,"y":1}],"shear":[{"time":0,"x":0,"y":0,"curve":"stepped"},{"time":1,"x":0,"y":0,"curve":"stepped"},{"time":2,"x":0,"y":0}]},"gauthuong":{"rotate":[{"time":0,"angle":0,"curve":"stepped"},{"time":1,"angle":0,"curve":"stepped"},{"time":2,"angle":0}],"translate":[{"time":0,"x":0,"y":0,"curve":"stepped"},{"time":1,"x":0,"y":0,"curve":"stepped"},{"time":2,"x":0,"y":0}],"scale":[{"time":0,"x":1,"y":1,"curve":[0.276,0,0.621,0.4]},{"time":0.5,"x":1.039,"y":1,"curve":[0.314,0.27,0.657,0.64]},{"time":1,"x":1,"y":1,"curve":[0.375,0.5,0.75,1]},{"time":1.5,"x":1.039,"y":1,"curve":[0.314,0.27,0.657,0.64]},{"time":2,"x":1,"y":1}],"shear":[{"time":0,"x":0,"y":0,"curve":[0.276,0,0.621,0.4]},{"time":0.5,"x":-0.94,"y":0,"curve":[0.314,0.27,0.657,0.64]},{"time":1,"x":0,"y":0,"curve":[0.375,0.5,0.75,1]},{"time":1.5,"x":-0.94,"y":0,"curve":[0.314,0.27,0.657,0.64]},{"time":2,"x":0,"y":0}]},"root":{"rotate":[{"time":1,"angle":0,"curve":"stepped"},{"time":2,"angle":0}],"translate":[{"time":1,"x":0,"y":0,"curve":"stepped"},{"time":2,"x":0,"y":0}],"scale":[{"time":1,"x":1,"y":1,"curve":"stepped"},{"time":2,"x":1,"y":1}],"shear":[{"time":1,"x":0,"y":0,"curve":"stepped"},{"time":2,"x":0,"y":0}]}}}}},"_atlasText":"\r\nmitpandamaster.png\r\nsize: 1101,228\r\nformat: RGBA8888\r\nfilter: Linear,Linear\r\nrepeat: none\r\nche\r\n  rotate: false\r\n  xy: 767, 116\r\n  size: 216, 110\r\n  orig: 216, 110\r\n  offset: 0, 0\r\n  index: -1\r\ngaumeo\r\n  rotate: true\r\n  xy: 767, 16\r\n  size: 98, 139\r\n  orig: 98, 139\r\n  offset: 0, 0\r\n  index: -1\r\ngauthuong\r\n  rotate: true\r\n  xy: 413, 12\r\n  size: 214, 352\r\n  orig: 214, 352\r\n  offset: 0, 0\r\n  index: -1\r\nla\r\n  rotate: false\r\n  xy: 985, 137\r\n  size: 92, 89\r\n  orig: 92, 89\r\n  offset: 0, 0\r\n  index: -1\r\nmaster\r\n  rotate: false\r\n  xy: 908, 19\r\n  size: 183, 45\r\n  orig: 183, 45\r\n  offset: 0, 0\r\n  index: -1\r\nmatgaumeo\r\n  rotate: false\r\n  xy: 985, 122\r\n  size: 32, 13\r\n  orig: 32, 13\r\n  offset: 0, 0\r\n  index: -1\r\nmatgauthuong\r\n  rotate: true\r\n  xy: 1079, 177\r\n  size: 49, 20\r\n  orig: 49, 20\r\n  offset: 0, 0\r\n  index: -1\r\nnengame\r\n  rotate: true\r\n  xy: 2, 2\r\n  size: 224, 409\r\n  orig: 224, 409\r\n  offset: 0, 0\r\n  index: -1\r\npanda\r\n  rotate: false\r\n  xy: 908, 66\r\n  size: 137, 48\r\n  orig: 137, 48\r\n  offset: 0, 0\r\n  index: -1\r\n","textures":[{"__uuid__":"73XLaI1KBAWp/qM+eeFcm7"}],"textureNames":["mitpandamaster.png"]}