{"__type__":"dragonBones.DragonBonesAtlasAsset","_name":"haitun_shadow_tex","_atlasJson":"{\"width\":512,\"imagePath\":\"haitun_shadow_tex.png\",\"height\":1024,\"name\":\"haitun_shadow\",\"SubTexture\":[{\"y\":332,\"frameX\":-144,\"frameHeight\":512,\"frameY\":-189,\"width\":235,\"frameWidth\":512,\"height\":100,\"name\":\"00015\",\"x\":258},{\"y\":627,\"frameX\":-164,\"frameHeight\":512,\"frameY\":-179,\"width\":246,\"frameWidth\":512,\"height\":118,\"name\":\"00000\",\"x\":1},{\"y\":1,\"frameX\":-163,\"frameHeight\":512,\"frameY\":-180,\"width\":249,\"frameWidth\":512,\"height\":121,\"name\":\"00055\",\"x\":257},{\"y\":747,\"frameX\":-142,\"frameHeight\":512,\"frameY\":-187,\"width\":247,\"frameWidth\":512,\"height\":114,\"name\":\"00025\",\"x\":1},{\"y\":129,\"frameX\":-155,\"frameHeight\":512,\"frameY\":-180,\"width\":255,\"frameWidth\":512,\"height\":125,\"name\":\"00040\",\"x\":1},{\"y\":863,\"frameX\":-159,\"frameHeight\":512,\"frameY\":-181,\"width\":247,\"frameWidth\":512,\"height\":111,\"name\":\"00005\",\"x\":1},{\"y\":1,\"frameX\":-150,\"frameHeight\":512,\"frameY\":-178,\"width\":254,\"frameWidth\":512,\"height\":126,\"name\":\"00035\",\"x\":1},{\"y\":506,\"frameX\":-162,\"frameHeight\":512,\"frameY\":-184,\"width\":251,\"frameWidth\":512,\"height\":119,\"name\":\"00050\",\"x\":1},{\"y\":124,\"frameX\":-142,\"frameHeight\":512,\"frameY\":-192,\"width\":238,\"frameWidth\":512,\"height\":104,\"name\":\"00020\",\"x\":258},{\"y\":382,\"frameX\":-159,\"frameHeight\":512,\"frameY\":-184,\"width\":255,\"frameWidth\":512,\"height\":122,\"name\":\"00045\",\"x\":1},{\"y\":256,\"frameX\":-145,\"frameHeight\":512,\"frameY\":-180,\"width\":252,\"frameWidth\":512,\"height\":124,\"name\":\"00030\",\"x\":1},{\"y\":230,\"frameX\":-150,\"frameHeight\":512,\"frameY\":-187,\"width\":242,\"frameWidth\":512,\"height\":100,\"name\":\"00010\",\"x\":258}]}","_texture":{"__uuid__":"c8fbyubINND7WbuKsNxV/E"},"texture":{"__uuid__":"c8fbyubINND7WbuKsNxV/E"}}