{"__type__":"sp.SkeletonData","_name":"tai suu","_skeletonJson":{"skeleton":{"hash":"o7DtJBAiEHKLHyLLGejkoWbw81s","spine":"3.7.94","width":269,"height":401,"images":"./images/","audio":"C:/Users/Toanp/Desktop/NGOC/PTS/0. 200k/hk86"},"bones":[{"name":"root"},{"name":"Layer 17","parent":"root","x":60.19,"y":108.34},{"name":"Layer 16","parent":"root","x":-57.31,"y":35.83},{"name":"Layer 15","parent":"root","x":42.54,"y":2.58},{"name":"Layer 18","parent":"root","x":-60.12,"y":45.72},{"name":"Taøi","parent":"root","x":-69.27,"y":-70.25},{"name":"Xæu","parent":"root","x":81.04,"y":-122.14},{"name":"bone","parent":"root"},{"name":"Layer 19","parent":"root","x":-57.31,"y":35.83}],"slots":[{"name":"bg","bone":"root","attachment":"bg"},{"name":"Layer 12","bone":"bone","attachment":"Layer 12","blend":"additive"},{"name":"Layer 13","bone":"root","attachment":"Layer 13","blend":"additive"},{"name":"Layer 14","bone":"root","attachment":"Layer 14"},{"name":"Xæu","bone":"Xæu","attachment":"Xæu"},{"name":"Taøi","bone":"Taøi","attachment":"Taøi"},{"name":"Layer 15","bone":"Layer 15","attachment":"Layer 15"},{"name":"Layer 16","bone":"Layer 18","attachment":"Layer 16"},{"name":"Layer 17","bone":"Layer 17","attachment":"Layer 17"},{"name":"Layer 737 copy","bone":"Layer 16","attachment":"Layer 737 copy"},{"name":"Layer 737 copy2","bone":"Layer 19","attachment":"Layer 737 copy"}],"skins":{"default":{"Layer 12":{"Layer 12":{"x":3.06,"y":52.46,"width":237,"height":271}},"Layer 13":{"Layer 13":{"x":3.06,"y":60.96,"width":237,"height":254}},"Layer 14":{"Layer 14":{"x":7.06,"y":-0.54,"width":269,"height":401}},"Layer 15":{"Layer 15":{"x":-1.98,"y":2.38,"width":78,"height":80}},"Layer 16":{"Layer 16":{"x":-0.32,"y":4.24,"width":114,"height":116}},"Layer 17":{"Layer 17":{"x":-6.13,"y":2.12,"width":129,"height":117}},"Layer 737 copy":{"Layer 737 copy":{"x":2.87,"y":0.13,"width":128,"height":146}},"Layer 737 copy2":{"Layer 737 copy":{"x":2.87,"y":0.13,"width":128,"height":146}},"Taøi":{"Taøi":{"x":-5.67,"y":-2.29,"width":103,"height":67}},"Xæu":{"Xæu":{"x":-3.48,"y":2.6,"width":94,"height":53}},"bg":{"bg":{"x":3.06,"y":0.46,"width":237,"height":375}}}},"animations":{"animation":{"slots":{"Layer 12":{"color":[{"time":0,"color":"ffffff00","curve":"stepped"},{"time":0.6667,"color":"ffffff00","curve":[0.25,0,0.75,1]},{"time":1,"color":"ffffffff","curve":[0.25,0,0.75,1]},{"time":1.3333,"color":"ffffff00"}]},"Layer 13":{"color":[{"time":0,"color":"ffffffff","curve":[0.25,0,0.75,1]},{"time":0.3667,"color":"ffffff00","curve":[0.25,0,0.75,1]},{"time":0.6667,"color":"ffffffff","curve":"stepped"},{"time":1.3333,"color":"ffffffff","curve":[0.25,0,0.75,1]},{"time":1.7,"color":"ffffff00","curve":[0.25,0,0.75,1]},{"time":2,"color":"ffffffff"}]},"Layer 737 copy":{"color":[{"time":0.8333,"color":"ffffffff"},{"time":1.1667,"color":"ffffff00"}]},"Layer 737 copy2":{"color":[{"time":0,"color":"ffffff00","curve":"stepped"},{"time":0.8333,"color":"ffffff00"},{"time":1.6667,"color":"ffffffff"},{"time":2,"color":"ffffff00"}]}},"bones":{"Layer 18":{"rotate":[{"time":0,"angle":-4.13,"curve":[0.382,0.57,0.735,1]},{"time":0.3333,"angle":0},{"time":1.3333,"angle":-14.54,"curve":[0.243,0,0.649,0.6]},{"time":2,"angle":-4.13}],"scale":[{"time":0,"x":0.869,"y":0.869,"curve":[0.382,0.57,0.735,1]},{"time":0.3333,"x":0.817,"y":0.817,"curve":[0.25,0,0.75,1]},{"time":1.3333,"x":1,"y":1,"curve":[0.243,0,0.649,0.6]},{"time":2,"x":0.869,"y":0.869}]},"Layer 17":{"rotate":[{"time":0,"angle":-3.77,"curve":[0.371,0.62,0.71,1]},{"time":0.1667,"angle":-6.37},{"time":1.1667,"angle":20.59,"curve":[0.243,0,0.689,0.75]},{"time":2,"angle":-3.77}],"translate":[{"time":0,"x":0,"y":-1.53,"curve":[0.311,0.25,0.757,1]},{"time":0.8333,"x":0,"y":-15.89,"curve":[0.25,0,0.75,1]},{"time":1.8333,"x":0,"y":0,"curve":[0.29,0,0.629,0.38]},{"time":2,"x":0,"y":-1.53}],"scale":[{"time":0,"x":0.864,"y":0.864,"curve":[0.371,0.62,0.71,1]},{"time":0.1667,"x":0.85,"y":0.85,"curve":[0.25,0,0.75,1]},{"time":1.1667,"x":0.848,"y":0.848,"curve":[0.243,0,0.689,0.75]},{"time":2,"x":0.864,"y":0.864}]},"Layer 15":{"rotate":[{"time":0,"angle":-27.78,"curve":[0.372,0.48,0.752,1]},{"time":0.5333,"angle":0,"curve":[0.25,0,0.75,1]},{"time":1.5333,"angle":-51.06,"curve":[0.252,0,0.622,0.48]},{"time":2,"angle":-27.78}],"translate":[{"time":0,"x":0,"y":-4.05,"curve":[0.382,0.56,0.739,1]},{"time":0.3667,"x":0,"y":0,"curve":[0.25,0,0.75,1]},{"time":1.3667,"x":0,"y":-12.44,"curve":[0.244,0,0.643,0.58]},{"time":2,"x":0,"y":-4.05}],"scale":[{"time":0,"x":0.992,"y":0.992,"curve":[0.371,0.62,0.71,1]},{"time":0.1667,"x":1,"y":1,"curve":[0.25,0,0.75,1]},{"time":1.1667,"x":0.919,"y":0.919,"curve":[0.243,0,0.689,0.75]},{"time":2,"x":0.992,"y":0.992}]},"Layer 16":{"rotate":[{"time":0,"angle":0},{"time":1.1667,"angle":90}],"scale":[{"time":0,"x":0.489,"y":0.489},{"time":1.1667,"x":1.622,"y":1.622}]},"Layer 19":{"rotate":[{"time":0,"angle":0},{"time":2,"angle":-90}],"translate":[{"time":0,"x":117.77,"y":0}],"scale":[{"time":0,"x":0.489,"y":0.489,"curve":"stepped"},{"time":0.8333,"x":0.489,"y":0.489},{"time":2,"x":1.622,"y":1.622}]},"Taøi":{"scale":[{"time":0.6667,"x":1,"y":1},{"time":0.7333,"x":1.132,"y":1.132},{"time":0.8333,"x":1,"y":1},{"time":0.9,"x":1.132,"y":1.132},{"time":1,"x":1,"y":1}]},"Xæu":{"scale":[{"time":1,"x":1,"y":1},{"time":1.0667,"x":1.132,"y":1.132},{"time":1.1667,"x":1,"y":1},{"time":1.2333,"x":1.132,"y":1.132},{"time":1.3333,"x":1,"y":1}]}}}}},"_atlasText":"\ntai suu.png\nsize: 1024,512\nformat: RGBA8888\nfilter: Linear,Linear\nrepeat: none\nLayer 12\n  rotate: false\n  xy: 512, 201\n  size: 237, 271\n  orig: 237, 271\n  offset: 0, 0\n  index: -1\nLayer 13\n  rotate: false\n  xy: 751, 218\n  size: 237, 254\n  orig: 237, 254\n  offset: 0, 0\n  index: -1\nLayer 14\n  rotate: false\n  xy: 2, 71\n  size: 269, 401\n  orig: 269, 401\n  offset: 0, 0\n  index: -1\nLayer 15\n  rotate: false\n  xy: 895, 136\n  size: 78, 80\n  orig: 78, 80\n  offset: 0, 0\n  index: -1\nLayer 16\n  rotate: false\n  xy: 779, 100\n  size: 114, 116\n  orig: 114, 116\n  offset: 0, 0\n  index: -1\nLayer 17\n  rotate: true\n  xy: 660, 70\n  size: 129, 117\n  orig: 129, 117\n  offset: 0, 0\n  index: -1\nLayer 737 copy\n  rotate: true\n  xy: 512, 71\n  size: 128, 146\n  orig: 128, 146\n  offset: 0, 0\n  index: -1\nTaøi\n  rotate: false\n  xy: 2, 2\n  size: 103, 67\n  orig: 103, 67\n  offset: 0, 0\n  index: -1\nXæu\n  rotate: false\n  xy: 107, 16\n  size: 94, 53\n  orig: 94, 53\n  offset: 0, 0\n  index: -1\nbg\n  rotate: false\n  xy: 273, 97\n  size: 237, 375\n  orig: 237, 375\n  offset: 0, 0\n  index: -1\n","textures":[{"__uuid__":"74Xh4uBLpMvKfjQJOSJw7J"}],"textureNames":["tai suu.png"]}