[{"__type__":"cc.SpriteFrame","content":{"name":"HUfreespin2","texture":"7crY9JvK9Gt7XfhUS/4Wo8","rect":[518,0,299,309],"offset":[0,0],"originalSize":[299,309],"capInsets":[0,0,0,0]}},{"__type__":"cc.SpriteFrame","content":{"name":"HUfreespin3","texture":"7crY9JvK9Gt7XfhUS/4Wo8","rect":[0,518,421,100],"offset":[0,0],"originalSize":[421,100],"capInsets":[0,0,0,0]}},{"__type__":"cc.SpriteFrame","content":{"name":"HUfreespin1","texture":"7crY9JvK9Gt7XfhUS/4Wo8","rect":[0,0,517,517],"offset":[0,0],"originalSize":[517,517],"capInsets":[0,0,0,0]}},{"__type__":"cc.SpriteAtlas","_name":"aladdin_freespin.plist","_spriteFrames":{"HUfreespin1":{"__uuid__":"92xNkeRkZATpo/MmY11Z9H"},"HUfreespin2":{"__uuid__":"1fWj+I67JIDqPbDOclE2on"},"HUfreespin3":{"__uuid__":"7dU4YWBz1O1Kk0XoBFFz/7"}}}]