[{"__type__":"cc.SpriteFrame","content":{"name":"StarBigFull","texture":"71eeJICXxKP7HUsL/s2GYK","rect":[587,690,312,305],"offset":[0,0],"originalSize":[312,305],"capInsets":[0,0,0,0]}},{"__type__":"cc.SpriteFrame","content":{"name":"Spot","texture":"71eeJICXxKP7HUsL/s2GYK","rect":[2,2,526,409],"offset":[0,0],"originalSize":[526,409],"capInsets":[0,0,0,0]}},{"__type__":"cc.SpriteFrame","content":{"name":"GLOW","texture":"71eeJICXxKP7HUsL/s2GYK","rect":[587,443,63,64],"offset":[0,0],"originalSize":[63,64],"capInsets":[0,0,0,0]}},{"__type__":"cc.SpriteFrame","content":{"name":"Layer222","texture":"71eeJICXxKP7HUsL/s2GYK","rect":[2,413,583,582],"offset":[0,0],"originalSize":[583,582],"capInsets":[0,0,0,0]}},[{"__type__":"cc.Prefab","_name":"EF_NoHu","data":{"__id__":1}},{"__type__":"cc.Node","_name":"EF_NoHu","_children":[{"__id__":2},{"__id__":3},{"__id__":4},{"__id__":5},{"__id__":6},{"__id__":7},{"__id__":8},{"__id__":9}],"_components":[{"__type__":"cc.Animation","node":{"__id__":1},"_defaultClip":{"__uuid__":"77F85iLbZIU5rDpxCB++kh"},"_clips":[{"__uuid__":"77F85iLbZIU5rDpxCB++kh"}]},{"__type__":"69875aVuIhMXIrGxl2Od9Bs","node":{"__id__":1},"close":{"__id__":9}},{"__type__":"8618cQMVlxIpJJWyUWs76o+","node":{"__id__":1}}],"_prefab":{"__type__":"cc.PrefabInfo","root":{"__id__":1},"asset":{"__uuid__":"75aARgvk1LcY3a6JPOoRrD"},"fileId":"2dBNG0z5FAsKhClJYAdkG1"},"_trs":{"__type__":"TypedArray","ctor":"Float64Array","array":[0,0,0,0,0,0,1,1,1,1]}},{"__type__":"cc.Node","_name":"background","_parent":{"__id__":1},"_components":[{"__type__":"cc.Sprite","node":{"__id__":2},"_materials":[{"__uuid__":"ecpdLyjvZBwrvm+cedCcQy"}],"_spriteFrame":{"__uuid__":"e3BauAtsBKEJ45vqQioKZc"},"_sizeMode":0},{"__type__":"cc.Button","node":{"__id__":2},"_N$normalColor":{"__type__":"cc.Color","r":214,"g":214,"b":214}},{"__type__":"8618cQMVlxIpJJWyUWs76o+","node":{"__id__":2}}],"_prefab":{"__type__":"cc.PrefabInfo","root":{"__id__":1},"asset":{"__uuid__":"75aARgvk1LcY3a6JPOoRrD"},"fileId":"22PokzaBpKGY+7MsysVzPf"},"_contentSize":{"__type__":"cc.Size","width":1398,"height":786},"_trs":{"__type__":"TypedArray","ctor":"Float64Array","array":[0,0,0,0,0,0,1,1,1,1]}},{"__type__":"cc.Node","_name":"Layer222","_parent":{"__id__":1},"_active":false,"_components":[{"__type__":"cc.Sprite","node":{"__id__":3},"_spriteFrame":{"__uuid__":"6e6pmNDSxN1qMSLxL81zsr"}}],"_prefab":{"__type__":"cc.PrefabInfo","root":{"__id__":1},"asset":{"__uuid__":"75aARgvk1LcY3a6JPOoRrD"},"fileId":"429CZvGwJKKIZ6+mm3REYo"},"_contentSize":{"__type__":"cc.Size","width":583,"height":582},"_trs":{"__type__":"TypedArray","ctor":"Float64Array","array":[0,0,0,0,0,0,1,1,1,1]}},{"__type__":"cc.Node","_name":"Spot","_parent":{"__id__":1},"_active":false,"_components":[{"__type__":"cc.Sprite","node":{"__id__":4},"_spriteFrame":{"__uuid__":"51YalZLLpDd41tOQ/O+dkK"}}],"_prefab":{"__type__":"cc.PrefabInfo","root":{"__id__":1},"asset":{"__uuid__":"75aARgvk1LcY3a6JPOoRrD"},"fileId":"31FagTLtBA9JbEnp7dsg+0"},"_contentSize":{"__type__":"cc.Size","width":526,"height":409},"_trs":{"__type__":"TypedArray","ctor":"Float64Array","array":[0,0,0,0,0,0,1,1,1,1]}},{"__type__":"cc.Node","_name":"StarBigFull","_parent":{"__id__":1},"_components":[{"__type__":"cc.Sprite","node":{"__id__":5},"_materials":[{"__uuid__":"ecpdLyjvZBwrvm+cedCcQy"}],"_spriteFrame":{"__uuid__":"40Qpmk7QpAoJ7i3eEkrjuw"}}],"_prefab":{"__type__":"cc.PrefabInfo","root":{"__id__":1},"asset":{"__uuid__":"75aARgvk1LcY3a6JPOoRrD"},"fileId":"2c1pBji15OBJT7f+kjk/Uc"},"_contentSize":{"__type__":"cc.Size","width":312,"height":305},"_trs":{"__type__":"TypedArray","ctor":"Float64Array","array":[0,0,0,0,0,0,1,1,1,1]}},{"__type__":"cc.Node","_name":"nohu","_parent":{"__id__":1},"_components":[{"__type__":"cc.Sprite","node":{"__id__":6},"_materials":[{"__uuid__":"ecpdLyjvZBwrvm+cedCcQy"}],"_spriteFrame":{"__uuid__":"b1624i+kNDD4+rS5brjL6J"}}],"_prefab":{"__type__":"cc.PrefabInfo","root":{"__id__":1},"asset":{"__uuid__":"75aARgvk1LcY3a6JPOoRrD"},"fileId":"6eyr4AN55OvKwElluMbM3E"},"_contentSize":{"__type__":"cc.Size","width":379,"height":179},"_trs":{"__type__":"TypedArray","ctor":"Float64Array","array":[0,126,0,0,0,0,1,1,1,1]}},{"__type__":"cc.Node","_name":"GLOW","_parent":{"__id__":1},"_active":false,"_components":[{"__type__":"cc.Sprite","node":{"__id__":7},"_spriteFrame":{"__uuid__":"65DTzNxXhAMIs92Pd3mroG"}}],"_prefab":{"__type__":"cc.PrefabInfo","root":{"__id__":1},"asset":{"__uuid__":"75aARgvk1LcY3a6JPOoRrD"},"fileId":"5f82IH3JpJkaqOJmweq5Sc"},"_contentSize":{"__type__":"cc.Size","width":63,"height":64},"_trs":{"__type__":"TypedArray","ctor":"Float64Array","array":[0,0,0,0,0,0,1,1,1,1]}},{"__type__":"cc.Node","_name":"label","_parent":{"__id__":1},"_components":[{"__type__":"cc.Label","node":{"__id__":8},"_materials":[{"__uuid__":"ecpdLyjvZBwrvm+cedCcQy"}],"_useOriginalSize":false,"_fontSize":25,"_lineHeight":100,"_N$file":{"__uuid__":"eaB9i6iGpFwLh39BXgvSoV"},"_isSystemFontUsed":false,"_N$horizontalAlign":1}],"_prefab":{"__type__":"cc.PrefabInfo","root":{"__id__":1},"asset":{"__uuid__":"75aARgvk1LcY3a6JPOoRrD"},"fileId":"23+1GMt/lMXKrjOhFmnF3Y"},"_contentSize":{"__type__":"cc.Size","height":78.13},"_trs":{"__type__":"TypedArray","ctor":"Float64Array","array":[0,0,0,0,0,0,1,1,1,1]}},{"__type__":"cc.Node","_name":"close","_parent":{"__id__":1},"_active":false,"_components":[{"__type__":"cc.Button","node":{"__id__":9},"clickEvents":[{"__type__":"cc.ClickEvent","target":{"__id__":1},"_componentId":"69875aVuIhMXIrGxl2Od9Bs","handler":"onCloseClick"}],"_N$normalColor":{"__type__":"cc.Color","r":214,"g":214,"b":214}},{"__type__":"8618cQMVlxIpJJWyUWs76o+","node":{"__id__":9}}],"_prefab":{"__type__":"cc.PrefabInfo","root":{"__id__":1},"asset":{"__uuid__":"75aARgvk1LcY3a6JPOoRrD"},"fileId":"10xRbRFOVKdIDGZpjmFWnr"},"_contentSize":{"__type__":"cc.Size","width":1398,"height":786},"_trs":{"__type__":"TypedArray","ctor":"Float64Array","array":[0,0,0,0,0,0,1,1,1,1]}}],{"__type__":"cc.SpriteFrame","content":{"name":"nohu","texture":"71eeJICXxKP7HUsL/s2GYK","rect":[587,509,379,179],"offset":[0,0],"originalSize":[379,179],"capInsets":[0,0,0,0]}},{"__type__":"cc.SpriteFrame","content":{"name":"bg-line-3","texture":"021WCpFKZKQaPvuQf4zmuT","rect":[0,0,49,59],"offset":[0,0],"originalSize":[49,59],"capInsets":[0,0,0,0]}}]