[{"__type__":"cc.SpriteFrame","content":{"name":"default-1-4","texture":"16puH6BWNJq7Sa4Gl27VSh","rect":[52,1,1,15],"offset":[0,0],"originalSize":[1,15],"capInsets":[0,0,0,0]}},{"__type__":"cc.SpriteFrame","content":{"name":"default-1-2","texture":"16puH6BWNJq7Sa4Gl27VSh","rect":[1,1,15,15],"offset":[0,0],"originalSize":[15,15],"capInsets":[0,0,0,0]}},{"__type__":"cc.SpriteFrame","content":{"name":"default-1","texture":"16puH6BWNJq7Sa4Gl27VSh","rect":[35,1,15,15],"offset":[0,0],"originalSize":[15,15],"capInsets":[0,0,0,0]}},{"__type__":"cc.SpriteAtlas","_name":"bg_body.plist","_spriteFrames":{"default-1-2":{"__uuid__":"28cLsknXJHRpWWgauO7WsF"},"default-1-3":{"__uuid__":"b3W9WPeDFBnpJ8G9QCDYoL"},"default-1-4":{"__uuid__":"12Oi9eFsNNTZMLwy2qQ6py"},"default-1-5":{"__uuid__":"6d5lL7LMBFnZiyFdVSu7iM"},"default-1":{"__uuid__":"2d6hEcAqhBVYLPScd4Z13X"}}},{"__type__":"cc.SpriteFrame","content":{"name":"default-1-5","texture":"16puH6BWNJq7Sa4Gl27VSh","rect":[18,1,15,15],"offset":[0,0],"originalSize":[15,15],"capInsets":[0,0,0,0]}},{"__type__":"cc.SpriteFrame","content":{"name":"default-1-3","texture":"16puH6BWNJq7Sa4Gl27VSh","rect":[55,1,15,1],"offset":[0,0],"originalSize":[15,1],"rotated":1,"capInsets":[0,0,0,0]}}]