[{"__type__":"cc.Prefab","_name":"item","data":{"__id__":1}},{"__type__":"cc.Node","_name":"item","_children":[{"__id__":2}],"_components":[{"__type__":"9394bXHjwdMpZC0cTOy8c/e","node":{"__id__":1},"item":{"__id__":3}}],"_prefab":{"__type__":"cc.PrefabInfo","root":{"__id__":1},"asset":{"__id__":0},"fileId":"651YbSjx1NfbnxRWWmCzAY"},"_contentSize":{"__type__":"cc.Size","width":120,"height":120},"_trs":{"__type__":"TypedArray","ctor":"Float64Array","array":[0,60,0,0,0,0,1,1,1,1]}},{"__type__":"cc.Node","_name":"sprite","_parent":{"__id__":1},"_components":[{"__id__":3}],"_prefab":{"__type__":"cc.PrefabInfo","root":{"__id__":1},"asset":{"__id__":0},"fileId":"81i59AzZVFyqYMCmXFMuAZ"},"_contentSize":{"__type__":"cc.Size","width":100,"height":69},"_trs":{"__type__":"TypedArray","ctor":"Float64Array","array":[0,0,0,0,0,0,1,1,1,1]}},{"__type__":"cc.Sprite","node":{"__id__":2},"_materials":[{"__uuid__":"ecpdLyjvZBwrvm+cedCcQy"}]}]