{"__type__":"sp.SkeletonData","_name":"CT","_skeletonJson":{"skeleton":{"hash":"WAKO5WGL9GOrrpCgELyTS44w42Q","spine":"3.7.94","width":296,"height":249,"images":"./images/","audio":"C:/Users/Toanp/OneDrive/Máy tính/giao dien r79/spine/ic_cao thap"},"bones":[{"name":"root","x":4.64,"y":-9.28},{"name":"bone","parent":"root","x":-4.64,"y":9.28},{"name":"Layer 6795","parent":"bone","x":-54.88,"y":22.36},{"name":"Layer 6796","parent":"bone","x":60.68,"y":27.52},{"name":"Layer 6802","parent":"root","x":-65.4,"y":-62.57},{"name":"cao THẤP","parent":"root","x":58.25,"y":-55.21},{"name":"bone2","parent":"root","x":-4.64,"y":9.28},{"name":"Layer 6797","parent":"bone2","x":-54.88,"y":22.36},{"name":"Layer 6798","parent":"bone2","x":60.68,"y":27.52}],"slots":[{"name":"Layer 78 copy","bone":"root","attachment":"Layer 78 copy"},{"name":"Layer 6795","bone":"Layer 6795","attachment":"Layer 6795"},{"name":"Layer 6797","bone":"Layer 6797","color":"ffffff4e","attachment":"Layer 6795"},{"name":"Layer 6796","bone":"Layer 6796","attachment":"Layer 6796"},{"name":"Layer 6798","bone":"Layer 6798","color":"ffffff53","attachment":"Layer 6796"},{"name":"cao THẤP","bone":"cao THẤP","attachment":"cao THẤP"},{"name":"Layer 6802","bone":"Layer 6802","attachment":"Layer 6802"}],"skins":{"default":{"Layer 6795":{"Layer 6795":{"x":2.61,"y":3.73,"width":154,"height":118}},"Layer 6796":{"Layer 6796":{"x":4.56,"y":-4.92,"width":155,"height":119}},"Layer 6797":{"Layer 6795":{"x":2.61,"y":3.73,"width":154,"height":118}},"Layer 6798":{"Layer 6796":{"x":4.56,"y":-4.92,"width":155,"height":119}},"Layer 6802":{"Layer 6802":{"x":3.5,"y":5.44,"width":104,"height":45}},"Layer 78 copy":{"Layer 78 copy":{"x":-0.9,"y":8.87,"width":296,"height":249}},"cao THẤP":{"cao THẤP":{"x":-0.65,"y":3.58,"width":135,"height":56}}}},"animations":{"animation":{"slots":{"Layer 6797":{"attachment":[{"time":0.6667,"name":null}]},"Layer 6798":{"attachment":[{"time":0.6667,"name":null}]}},"bones":{"Layer 6802":{"translate":[{"time":0,"x":0,"y":20.61},{"time":0.6667,"x":0,"y":-2.21},{"time":1.3333,"x":0,"y":20.61}],"scale":[{"time":0,"x":1,"y":1},{"time":0.1333,"x":0.947,"y":0.947},{"time":0.2333,"x":1,"y":1},{"time":0.3,"x":0.947,"y":0.947},{"time":0.4333,"x":1,"y":1}]},"cao THẤP":{"translate":[{"time":0,"x":0,"y":0},{"time":0.6667,"x":0,"y":17.66},{"time":1.3333,"x":0,"y":0}],"scale":[{"time":0.6667,"x":1,"y":1},{"time":0.8,"x":0.947,"y":0.947},{"time":0.9,"x":1,"y":1},{"time":1,"x":0.947,"y":0.947},{"time":1.1333,"x":1,"y":1}]},"bone2":{"scale":[{"time":0.4333,"x":1,"y":1},{"time":0.6667,"x":1.099,"y":1.099}]}}}}},"_atlasText":"\nCT.png\nsize: 1024,256\nformat: RGBA8888\nfilter: Linear,Linear\nrepeat: none\nLayer 6795\n  rotate: false\n  xy: 300, 12\n  size: 154, 118\n  orig: 154, 118\n  offset: 0, 0\n  index: -1\nLayer 6796\n  rotate: false\n  xy: 300, 132\n  size: 155, 119\n  orig: 155, 119\n  offset: 0, 0\n  index: -1\nLayer 6802\n  rotate: false\n  xy: 457, 148\n  size: 104, 45\n  orig: 104, 45\n  offset: 0, 0\n  index: -1\nLayer 78 copy\n  rotate: false\n  xy: 2, 2\n  size: 296, 249\n  orig: 296, 249\n  offset: 0, 0\n  index: -1\ncao THẤP\n  rotate: false\n  xy: 457, 195\n  size: 135, 56\n  orig: 135, 56\n  offset: 0, 0\n  index: -1\n","textures":[{"__uuid__":"24FqInrT1Eq6vaYVFksvDm"}],"textureNames":["CT.png"]}