{"__type__":"sp.SkeletonData","_name":"RONG","_skeletonJson":{"skeleton":{"hash":"SrpKcuWG1Bnf7NEHTuasjBjitng","spine":"3.6.53","width":140,"height":213,"images":"../Images/"},"bones":[{"name":"root"},{"name":"bone","parent":"root","length":37.33,"rotation":133.26,"x":-82.44,"y":-46.23},{"name":"bone2","parent":"bone","length":46.75,"rotation":-14.65,"x":38.08,"y":0.02},{"name":"bone3","parent":"bone2","length":56.86,"rotation":-22.15,"x":46.75},{"name":"bone4","parent":"bone3","length":137.31,"rotation":-119.54,"x":-22.63,"y":-84.8}],"slots":[{"name":"rong 3","bone":"root","attachment":"rong 3"},{"name":"phunlua","bone":"bone4"},{"name":"phunlua2","bone":"bone4"},{"name":"phunlua3","bone":"bone4"},{"name":"phunlua4","bone":"bone4"},{"name":"phunlua5","bone":"bone4"},{"name":"phunlua6","bone":"bone4"},{"name":"phunlua7","bone":"bone4"},{"name":"phunlua8","bone":"bone4"},{"name":"phunlua9","bone":"bone4"},{"name":"phunlua10","bone":"bone4"},{"name":"phunlua11","bone":"bone4"},{"name":"phunlua12","bone":"bone4"},{"name":"phunlua13","bone":"bone4"},{"name":"phunlua14","bone":"bone4"},{"name":"phunlua15","bone":"bone4"},{"name":"phunlua16","bone":"bone4"},{"name":"phunlua17","bone":"bone4"},{"name":"phunlua18","bone":"bone4"},{"name":"phunlua19","bone":"bone4"},{"name":"phunlua20","bone":"bone4"},{"name":"phunlua21","bone":"bone4"},{"name":"phunlua22","bone":"bone4"},{"name":"phunlua23","bone":"bone4"},{"name":"phunlua24","bone":"bone4"},{"name":"phunlua25","bone":"bone4"},{"name":"phunlua26","bone":"bone4"},{"name":"phunlua27","bone":"bone4"},{"name":"phunlua28","bone":"bone4"},{"name":"phunlua29","bone":"bone4"},{"name":"phunlua30","bone":"bone4"},{"name":"phunlua31","bone":"bone4"},{"name":"phunlua32","bone":"bone4"},{"name":"phunlua33","bone":"bone4"},{"name":"phunlua34","bone":"bone4"},{"name":"phunlua35","bone":"bone4"},{"name":"phunlua36","bone":"bone4"},{"name":"phunlua37","bone":"bone4"},{"name":"phunlua38","bone":"bone4"},{"name":"phunlua39","bone":"bone4"},{"name":"phunlua40","bone":"bone4"},{"name":"phunlua41","bone":"bone4"},{"name":"phunlua42","bone":"bone4"},{"name":"phunlua43","bone":"bone4"},{"name":"phunlua44","bone":"bone4"},{"name":"phunlua45","bone":"bone4"}],"skins":{"default":{"phunlua":{"phunlua":{"x":2.35,"y":-3.45,"rotation":23.08,"width":129,"height":153}},"phunlua10":{"phunlua10":{"x":97.74,"y":-7.92,"rotation":23.08,"width":311,"height":260}},"phunlua11":{"phunlua11":{"x":95.83,"y":-9.82,"rotation":23.08,"width":306,"height":262}},"phunlua12":{"phunlua12":{"x":100.75,"y":-9.89,"rotation":23.08,"width":312,"height":264}},"phunlua13":{"phunlua13":{"x":99.44,"y":-9.36,"rotation":23.08,"width":313,"height":265}},"phunlua14":{"phunlua14":{"x":102.53,"y":-10.22,"rotation":23.08,"width":313,"height":268}},"phunlua15":{"phunlua15":{"x":99.04,"y":-12.25,"rotation":23.08,"width":312,"height":270}},"phunlua16":{"phunlua16":{"x":100.16,"y":-12.32,"rotation":23.08,"width":311,"height":271}},"phunlua17":{"phunlua17":{"x":101.93,"y":-12.65,"rotation":23.08,"width":313,"height":274}},"phunlua18":{"phunlua18":{"x":101.4,"y":-13.96,"rotation":23.08,"width":314,"height":273}},"phunlua19":{"phunlua19":{"x":97.99,"y":-14.88,"rotation":23.08,"width":314,"height":270}},"phunlua2":{"phunlua2":{"x":31.31,"y":-2.53,"rotation":23.08,"width":177,"height":179}},"phunlua20":{"phunlua20":{"x":100.02,"y":-14.55,"rotation":23.08,"width":314,"height":270}},"phunlua21":{"phunlua21":{"x":96.48,"y":-13.89,"rotation":23.08,"width":313,"height":268}},"phunlua22":{"phunlua22":{"x":94.97,"y":-12.9,"rotation":23.08,"width":311,"height":266}},"phunlua23":{"phunlua23":{"x":95.57,"y":-10.47,"rotation":23.08,"width":309,"height":264}},"phunlua24":{"phunlua24":{"x":93.53,"y":-10.8,"rotation":23.08,"width":302,"height":261}},"phunlua25":{"phunlua25":{"x":92.61,"y":-11.19,"rotation":23.08,"width":304,"height":259}},"phunlua26":{"phunlua26":{"x":94.38,"y":-11.52,"rotation":23.08,"width":304,"height":260}},"phunlua27":{"phunlua27":{"x":94.52,"y":-9.29,"rotation":23.08,"width":307,"height":260}},"phunlua28":{"phunlua28":{"x":95.97,"y":-7.58,"rotation":23.08,"width":310,"height":262}},"phunlua29":{"phunlua29":{"x":95.44,"y":-8.9,"rotation":23.08,"width":309,"height":261}},"phunlua3":{"phunlua3":{"x":56.98,"y":-0.28,"rotation":23.08,"width":229,"height":202}},"phunlua30":{"phunlua30":{"x":96.55,"y":-8.96,"rotation":23.08,"width":308,"height":263}},"phunlua31":{"phunlua31":{"x":98,"y":-7.26,"rotation":23.08,"width":310,"height":264}},"phunlua32":{"phunlua32":{"x":97.01,"y":-8.77,"rotation":23.08,"width":311,"height":263}},"phunlua33":{"phunlua33":{"x":99.51,"y":-8.25,"rotation":23.08,"width":308,"height":262}},"phunlua34":{"phunlua34":{"x":95.63,"y":-9.36,"rotation":23.08,"width":304,"height":258}},"phunlua35":{"phunlua35":{"x":98.13,"y":-8.84,"rotation":23.08,"width":307,"height":256}},"phunlua36":{"phunlua36":{"x":97.67,"y":-9.03,"rotation":23.08,"width":305,"height":252}},"phunlua37":{"phunlua37":{"x":97.54,"y":-7.46,"rotation":23.08,"width":304,"height":249}},"phunlua38":{"phunlua38":{"x":95.97,"y":-7.58,"rotation":23.08,"width":303,"height":246}},"phunlua39":{"phunlua39":{"x":89.07,"y":-6.72,"rotation":23.08,"width":295,"height":244}},"phunlua4":{"phunlua4":{"x":81.21,"y":0.26,"rotation":23.08,"width":284,"height":225}},"phunlua40":{"phunlua40":{"x":87.76,"y":-6.19,"rotation":23.08,"width":296,"height":241}},"phunlua41":{"phunlua41":{"x":79.23,"y":-2.76,"rotation":23.08,"width":277,"height":228}},"phunlua42":{"phunlua42":{"x":64.53,"y":-1.41,"rotation":23.08,"width":242,"height":212}},"phunlua43":{"phunlua43":{"x":48.25,"y":-0.2,"rotation":23.08,"width":214,"height":198}},"phunlua44":{"phunlua44":{"x":34.07,"y":-1.35,"rotation":23.08,"width":184,"height":185}},"phunlua45":{"phunlua45":{"x":18.96,"y":-2.9,"rotation":23.08,"width":149,"height":168}},"phunlua5":{"phunlua5":{"x":96.36,"y":-8.5,"rotation":23.08,"width":307,"height":254}},"phunlua6":{"phunlua6":{"x":98,"y":-7.26,"rotation":23.08,"width":307,"height":255}},"phunlua7":{"phunlua7":{"x":99.05,"y":-8.44,"rotation":23.08,"width":307,"height":257}},"phunlua8":{"phunlua8":{"x":96.82,"y":-8.31,"rotation":23.08,"width":308,"height":258}},"phunlua9":{"phunlua9":{"x":95.51,"y":-7.78,"rotation":23.08,"width":309,"height":259}},"rong 3":{"rong 3":{"type":"mesh","uvs":[1,0.8053,1,1,0,1,0,0,1,0,0.7933,0.9079,0.55726,0.77027,0.34025,0.61763,0.25269,0.44747,0.41259,0.2698,0.67528,0.36739,0.67528,0.54506,0.49635,0.49751,0.55726,0.62263,0.74381,0.71021,0.59533,0.95294,0.39736,0.84784,0.21462,0.72773,0.10421,0.52754,0.06995,0.30984,0.23746,0.12717,0.66767,0.11966,0.80853,0.23977,0.94178,0.39241,0.91894,0.56508],"triangles":[21,3,4,20,3,21,22,21,4,9,20,21,19,3,20,10,21,22,9,21,10,23,22,4,10,22,23,8,20,9,19,20,8,12,9,10,8,9,12,0,23,4,18,19,8,11,12,10,11,10,23,24,11,23,7,8,12,18,8,7,13,12,11,7,12,13,14,11,24,13,11,14,17,18,7,6,13,14,24,23,0,14,24,0,6,16,7,6,7,13,17,7,16,5,14,0,6,14,5,15,6,5,16,6,15,19,2,3,2,19,18,2,18,17,5,0,1,15,5,1,2,17,16,2,16,15,2,15,1],"vertices":[2,1,-31.52,-45.94,0.96806,3,-71.5,-96.12,0.03194,1,1,-61.72,-17.51,1,2,1,34.23,84.44,0.31489,2,-25.08,80.69,0.68511,1,3,114.69,23.69,1,2,1,93.39,-163.5,0.188,3,98.94,-115.42,0.812,2,1,-27.6,-9.89,0.99785,3,-89.95,-64.91,0.00215,2,1,16.39,-5.91,0.99554,3,-57.11,-35.37,0.00446,3,1,60.89,-6.07,0.00092,2,23.61,-0.13,0.99869,3,-21.38,-8.84,0.00038,3,1,95.69,-21.99,0.0011,2,61.3,-6.72,0.00119,3,16.01,-0.74,0.99771,3,1,107.9,-64.22,0.07156,2,83.8,-44.49,0.00152,3,51.09,-27.24,0.92692,3,1,67.56,-76.76,0.33604,2,47.94,-66.83,0.02384,3,26.3,-61.45,0.64012,3,1,40,-50.82,0.64593,2,14.72,-48.71,0.06837,3,-11.3,-57.19,0.2857,3,1,64.54,-39.52,0.30404,2,35.6,-31.56,0.24767,3,1.58,-33.44,0.44829,3,1,39.29,-27.47,0.73408,2,8.12,-26.29,0.1525,3,-25.86,-38.91,0.11341,2,1,7.81,-33.7,0.9326,3,-47.34,-62.76,0.0674,2,1,-15.59,16.87,0.97506,2,-56.19,2.72,0.02494,2,1,19.7,21.71,0.74504,2,-23.27,16.33,0.25496,2,1,55.87,22.81,0.06072,2,11.44,26.54,0.93928,2,2,56.28,19.7,0.42309,3,1.4,21.83,0.57691,1,3,48.02,21.38,1,2,1,146.83,-67.19,0.01015,3,84.04,-6.3,0.98985,2,1,106.71,-112.15,0.14972,3,78.85,-66.32,0.85028,3,1,74.57,-108.97,0.26696,2,62.87,-96.22,0.00054,3,51.21,-83.04,0.7325,3,1,38.11,-100.27,0.47876,2,25.4,-97.03,0.00077,3,16.81,-97.92,0.52047,3,1,13.52,-72.74,0.74466,2,-5.36,-76.61,0.0012,3,-19.38,-90.6,0.25414],"hull":5,"edges":[2,4,4,6,6,8,2,0,0,8],"width":138,"height":211}}}},"animations":{"animation":{"slots":{"phunlua":{"attachment":[{"time":1,"name":"phunlua"},{"time":1.0333,"name":null}]},"phunlua2":{"attachment":[{"time":1.0333,"name":"phunlua2"},{"time":1.0667,"name":null}]},"phunlua3":{"attachment":[{"time":1.0667,"name":"phunlua3"},{"time":1.1,"name":null}]},"phunlua4":{"attachment":[{"time":1.1,"name":"phunlua4"},{"time":1.1333,"name":null}]},"phunlua5":{"attachment":[{"time":1.1333,"name":"phunlua5"},{"time":1.1667,"name":null}]},"phunlua6":{"attachment":[{"time":1.1667,"name":"phunlua6"},{"time":1.2,"name":null}]},"phunlua7":{"attachment":[{"time":1.2,"name":"phunlua7"},{"time":1.2333,"name":null}]},"phunlua8":{"attachment":[{"time":1.2333,"name":"phunlua8"},{"time":1.2667,"name":null}]},"phunlua9":{"attachment":[{"time":1.2667,"name":"phunlua9"},{"time":1.3,"name":null}]},"phunlua10":{"attachment":[{"time":1.3,"name":"phunlua10"},{"time":1.3333,"name":null}]},"phunlua11":{"attachment":[{"time":1.3333,"name":"phunlua11"},{"time":1.3667,"name":null}]},"phunlua12":{"attachment":[{"time":1.3667,"name":"phunlua12"},{"time":1.4,"name":null}]},"phunlua13":{"attachment":[{"time":1.4,"name":"phunlua13"},{"time":1.4333,"name":null}]},"phunlua14":{"attachment":[{"time":1.4333,"name":"phunlua14"},{"time":1.4667,"name":null}]},"phunlua15":{"attachment":[{"time":1.4667,"name":"phunlua15"},{"time":1.5,"name":null}]},"phunlua16":{"attachment":[{"time":1.5,"name":"phunlua16"},{"time":1.5333,"name":null}]},"phunlua17":{"attachment":[{"time":1.5333,"name":"phunlua17"},{"time":1.5667,"name":null}]},"phunlua18":{"attachment":[{"time":1.5667,"name":"phunlua18"},{"time":1.6,"name":null}]},"phunlua19":{"attachment":[{"time":1.6,"name":"phunlua19"},{"time":1.6333,"name":null}]},"phunlua20":{"attachment":[{"time":1.6333,"name":"phunlua20"},{"time":1.6667,"name":null}]},"phunlua21":{"attachment":[{"time":1.6667,"name":"phunlua21"},{"time":1.7,"name":null}]},"phunlua22":{"attachment":[{"time":1.7,"name":"phunlua22"},{"time":1.7333,"name":null}]},"phunlua23":{"attachment":[{"time":1.7333,"name":"phunlua23"},{"time":1.7667,"name":null}]},"phunlua24":{"attachment":[{"time":1.7667,"name":"phunlua24"},{"time":1.8,"name":null}]},"phunlua25":{"attachment":[{"time":1.8,"name":"phunlua25"},{"time":1.8333,"name":null}]},"phunlua26":{"attachment":[{"time":1.8333,"name":"phunlua26"},{"time":1.8667,"name":null}]},"phunlua27":{"attachment":[{"time":1.8667,"name":"phunlua27"},{"time":1.9,"name":null}]},"phunlua28":{"attachment":[{"time":1.9,"name":"phunlua28"},{"time":1.9333,"name":null}]},"phunlua29":{"attachment":[{"time":1.9333,"name":"phunlua29"},{"time":1.9667,"name":null}]},"phunlua30":{"attachment":[{"time":1.9667,"name":"phunlua30"},{"time":2,"name":null}]},"phunlua31":{"attachment":[{"time":2,"name":"phunlua31"},{"time":2.0333,"name":null}]},"phunlua32":{"attachment":[{"time":2.0333,"name":"phunlua32"},{"time":2.0667,"name":null}]},"phunlua33":{"attachment":[{"time":2.0667,"name":"phunlua33"},{"time":2.1,"name":null}]},"phunlua34":{"attachment":[{"time":2.1,"name":"phunlua34"},{"time":2.1333,"name":null}]},"phunlua35":{"attachment":[{"time":2.1333,"name":"phunlua35"},{"time":2.1667,"name":null}]},"phunlua36":{"attachment":[{"time":2.1667,"name":"phunlua36"},{"time":2.2,"name":null}]},"phunlua37":{"attachment":[{"time":2.2,"name":"phunlua37"},{"time":2.2333,"name":null}]},"phunlua38":{"attachment":[{"time":2.2333,"name":"phunlua38"},{"time":2.2667,"name":null}]},"phunlua39":{"attachment":[{"time":2.2667,"name":"phunlua39"},{"time":2.3,"name":null}]},"phunlua40":{"attachment":[{"time":2.3,"name":"phunlua40"},{"time":2.3333,"name":null}]},"phunlua41":{"attachment":[{"time":2.3333,"name":"phunlua41"},{"time":2.3667,"name":null}]},"phunlua42":{"attachment":[{"time":2.3667,"name":"phunlua42"},{"time":2.4,"name":null}]},"phunlua43":{"attachment":[{"time":2.4,"name":"phunlua43"},{"time":2.4333,"name":null}]},"phunlua44":{"attachment":[{"time":2.4333,"name":"phunlua44"},{"time":2.4667,"name":null}]},"phunlua45":{"attachment":[{"time":2.4667,"name":"phunlua45"},{"time":2.5,"name":null}]}},"bones":{"root":{"rotate":[{"time":0,"angle":0}],"translate":[{"time":0,"x":0,"y":0}],"scale":[{"time":0,"x":1,"y":1}]},"bone":{"rotate":[{"time":0,"angle":0,"curve":[0.25,0,0.75,1]},{"time":1,"angle":5.95,"curve":"stepped"},{"time":2.5,"angle":5.95,"curve":[0.25,0,0.75,1]},{"time":3.5,"angle":0,"curve":[0.25,0,0.75,1]},{"time":4.5333,"angle":5.95,"curve":[0.25,0,0.75,1]},{"time":5.6333,"angle":0}],"translate":[{"time":0,"x":0,"y":0,"curve":"stepped"},{"time":3.5,"x":0,"y":0,"curve":"stepped"},{"time":5.6333,"x":0,"y":0}],"scale":[{"time":0,"x":1,"y":1,"curve":"stepped"},{"time":3.5,"x":1,"y":1,"curve":"stepped"},{"time":5.6333,"x":1,"y":1}]},"bone2":{"rotate":[{"time":0,"angle":0,"curve":[0.25,0,0.75,1]},{"time":1,"angle":5.95,"curve":"stepped"},{"time":2.5,"angle":5.95,"curve":[0.25,0,0.75,1]},{"time":3.5,"angle":0,"curve":[0.25,0,0.75,1]},{"time":4.5333,"angle":5.95,"curve":[0.25,0,0.75,1]},{"time":5.6333,"angle":0}],"translate":[{"time":0,"x":0,"y":0,"curve":"stepped"},{"time":3.5,"x":0,"y":0,"curve":"stepped"},{"time":5.6333,"x":0,"y":0}],"scale":[{"time":0,"x":1,"y":1,"curve":"stepped"},{"time":3.5,"x":1,"y":1,"curve":"stepped"},{"time":5.6333,"x":1,"y":1}]},"bone3":{"rotate":[{"time":0,"angle":0,"curve":[0.25,0,0.75,1]},{"time":1,"angle":5.95,"curve":"stepped"},{"time":2.5,"angle":5.95,"curve":[0.25,0,0.75,1]},{"time":3.5,"angle":0,"curve":[0.25,0,0.75,1]},{"time":4.5333,"angle":5.95,"curve":[0.25,0,0.75,1]},{"time":5.6333,"angle":0}],"translate":[{"time":0,"x":0,"y":0,"curve":"stepped"},{"time":3.5,"x":0,"y":0,"curve":"stepped"},{"time":5.6333,"x":0,"y":0}],"scale":[{"time":0,"x":1,"y":1,"curve":"stepped"},{"time":3.5,"x":1,"y":1,"curve":"stepped"},{"time":5.6333,"x":1,"y":1}]},"bone4":{"rotate":[{"time":0,"angle":0}],"translate":[{"time":0,"x":0,"y":0}],"scale":[{"time":0,"x":1,"y":1}]}}}}},"_atlasText":"\nRONG.png\nsize: 2048,2048\nformat: RGBA8888\nfilter: Linear,Linear\nrepeat: none\nphunlua\n  rotate: false\n  xy: 188, 34\n  size: 129, 153\n  orig: 129, 153\n  offset: 0, 0\n  index: -1\nphunlua10\n  rotate: true\n  xy: 277, 1451\n  size: 311, 260\n  orig: 311, 260\n  offset: 0, 0\n  index: -1\nphunlua11\n  rotate: true\n  xy: 1621, 1466\n  size: 306, 262\n  orig: 306, 262\n  offset: 0, 0\n  index: -1\nphunlua12\n  rotate: false\n  xy: 1575, 1774\n  size: 312, 264\n  orig: 312, 264\n  offset: 0, 0\n  index: -1\nphunlua13\n  rotate: false\n  xy: 1260, 1773\n  size: 313, 265\n  orig: 313, 265\n  offset: 0, 0\n  index: -1\nphunlua14\n  rotate: true\n  xy: 2, 817\n  size: 313, 268\n  orig: 313, 268\n  offset: 0, 0\n  index: -1\nphunlua15\n  rotate: false\n  xy: 633, 1768\n  size: 312, 270\n  orig: 312, 270\n  offset: 0, 0\n  index: -1\nphunlua16\n  rotate: false\n  xy: 947, 1767\n  size: 311, 271\n  orig: 311, 271\n  offset: 0, 0\n  index: -1\nphunlua17\n  rotate: false\n  xy: 2, 1764\n  size: 313, 274\n  orig: 313, 274\n  offset: 0, 0\n  index: -1\nphunlua18\n  rotate: true\n  xy: 2, 1448\n  size: 314, 273\n  orig: 314, 273\n  offset: 0, 0\n  index: -1\nphunlua19\n  rotate: false\n  xy: 317, 1768\n  size: 314, 270\n  orig: 314, 270\n  offset: 0, 0\n  index: -1\nphunlua2\n  rotate: true\n  xy: 1747, 470\n  size: 177, 179\n  orig: 177, 179\n  offset: 0, 0\n  index: -1\nphunlua20\n  rotate: true\n  xy: 2, 1132\n  size: 314, 270\n  orig: 314, 270\n  offset: 0, 0\n  index: -1\nphunlua21\n  rotate: true\n  xy: 2, 502\n  size: 313, 268\n  orig: 313, 268\n  offset: 0, 0\n  index: -1\nphunlua22\n  rotate: true\n  xy: 2, 189\n  size: 311, 266\n  orig: 311, 266\n  offset: 0, 0\n  index: -1\nphunlua23\n  rotate: false\n  xy: 851, 1236\n  size: 309, 264\n  orig: 309, 264\n  offset: 0, 0\n  index: -1\nphunlua24\n  rotate: true\n  xy: 1780, 853\n  size: 302, 261\n  orig: 302, 261\n  offset: 0, 0\n  index: -1\nphunlua25\n  rotate: true\n  xy: 272, 517\n  size: 304, 259\n  orig: 304, 259\n  offset: 0, 0\n  index: -1\nphunlua26\n  rotate: false\n  xy: 533, 715\n  size: 304, 260\n  orig: 304, 260\n  offset: 0, 0\n  index: -1\nphunlua27\n  rotate: true\n  xy: 270, 193\n  size: 307, 260\n  orig: 307, 260\n  offset: 0, 0\n  index: -1\nphunlua28\n  rotate: false\n  xy: 539, 1238\n  size: 310, 262\n  orig: 310, 262\n  offset: 0, 0\n  index: -1\nphunlua29\n  rotate: false\n  xy: 850, 973\n  size: 309, 261\n  orig: 309, 261\n  offset: 0, 0\n  index: -1\nphunlua3\n  rotate: false\n  xy: 1758, 649\n  size: 229, 202\n  orig: 229, 202\n  offset: 0, 0\n  index: -1\nphunlua30\n  rotate: true\n  xy: 274, 1138\n  size: 308, 263\n  orig: 308, 263\n  offset: 0, 0\n  index: -1\nphunlua31\n  rotate: false\n  xy: 539, 1502\n  size: 310, 264\n  orig: 310, 264\n  offset: 0, 0\n  index: -1\nphunlua32\n  rotate: false\n  xy: 851, 1502\n  size: 311, 263\n  orig: 311, 263\n  offset: 0, 0\n  index: -1\nphunlua33\n  rotate: false\n  xy: 1471, 1202\n  size: 308, 262\n  orig: 308, 262\n  offset: 0, 0\n  index: -1\nphunlua34\n  rotate: false\n  xy: 839, 713\n  size: 304, 258\n  orig: 304, 258\n  offset: 0, 0\n  index: -1\nphunlua35\n  rotate: true\n  xy: 272, 823\n  size: 307, 256\n  orig: 307, 256\n  offset: 0, 0\n  index: -1\nphunlua36\n  rotate: false\n  xy: 1145, 711\n  size: 305, 252\n  orig: 305, 252\n  offset: 0, 0\n  index: -1\nphunlua37\n  rotate: false\n  xy: 1452, 694\n  size: 304, 249\n  orig: 304, 249\n  offset: 0, 0\n  index: -1\nphunlua38\n  rotate: false\n  xy: 533, 467\n  size: 303, 246\n  orig: 303, 246\n  offset: 0, 0\n  index: -1\nphunlua39\n  rotate: false\n  xy: 532, 221\n  size: 295, 244\n  orig: 295, 244\n  offset: 0, 0\n  index: -1\nphunlua4\n  rotate: true\n  xy: 1164, 1481\n  size: 284, 225\n  orig: 284, 225\n  offset: 0, 0\n  index: -1\nphunlua40\n  rotate: false\n  xy: 838, 470\n  size: 296, 241\n  orig: 296, 241\n  offset: 0, 0\n  index: -1\nphunlua41\n  rotate: true\n  xy: 1391, 1494\n  size: 277, 228\n  orig: 277, 228\n  offset: 0, 0\n  index: -1\nphunlua42\n  rotate: false\n  xy: 1136, 497\n  size: 242, 212\n  orig: 242, 212\n  offset: 0, 0\n  index: -1\nphunlua43\n  rotate: false\n  xy: 1380, 494\n  size: 214, 198\n  orig: 214, 198\n  offset: 0, 0\n  index: -1\nphunlua44\n  rotate: false\n  xy: 2, 2\n  size: 184, 185\n  orig: 184, 185\n  offset: 0, 0\n  index: -1\nphunlua45\n  rotate: false\n  xy: 1596, 524\n  size: 149, 168\n  orig: 149, 168\n  offset: 0, 0\n  index: -1\nphunlua5\n  rotate: false\n  xy: 1162, 1225\n  size: 307, 254\n  orig: 307, 254\n  offset: 0, 0\n  index: -1\nphunlua6\n  rotate: false\n  xy: 1471, 945\n  size: 307, 255\n  orig: 307, 255\n  offset: 0, 0\n  index: -1\nphunlua7\n  rotate: true\n  xy: 1781, 1157\n  size: 307, 257\n  orig: 307, 257\n  offset: 0, 0\n  index: -1\nphunlua8\n  rotate: false\n  xy: 1161, 965\n  size: 308, 258\n  orig: 308, 258\n  offset: 0, 0\n  index: -1\nphunlua9\n  rotate: false\n  xy: 539, 977\n  size: 309, 259\n  orig: 309, 259\n  offset: 0, 0\n  index: -1\nrong 3\n  rotate: false\n  xy: 1889, 1827\n  size: 138, 211\n  orig: 138, 211\n  offset: 0, 0\n  index: -1\n","textures":[{"__uuid__":"1bEZB1WIZLG4iJcquOP4pX"}],"textureNames":["RONG.png"]}