{"__type__":"sp.SkeletonData","_name":"ICON","_skeletonJson":{"skeleton":{"hash":"RrVX+jB540+x0c2Er+d0Wf/rO0I","spine":"3.6.53","width":181,"height":175.15,"images":"../Images/"},"bones":[{"name":"root"},{"name":"bone","parent":"root","length":37.15,"rotation":138.51,"x":-25.03,"y":-29.29},{"name":"bone2","parent":"root","length":26.3,"rotation":129.68,"x":-21.81,"y":-7.67},{"name":"bone3","parent":"root","length":29.32,"rotation":117.57,"x":-9.39,"y":8.2},{"name":"bone4","parent":"root","length":23.64,"rotation":109.32,"x":8.55,"y":13.95},{"name":"bone5","parent":"root","length":32.43,"rotation":101.87,"x":31.78,"y":17.17},{"name":"bone6","parent":"root","length":23.37,"rotation":110.75,"x":12.69,"y":59.49},{"name":"bone7","parent":"root","length":25.95,"rotation":114.07,"x":-10.77,"y":48.68},{"name":"bone8","parent":"root","length":26.87,"rotation":128.05,"x":-29.17,"y":34.42},{"name":"bone9","parent":"root","length":28.24,"rotation":139.96,"x":-44.35,"y":17.86},{"name":"bone10","parent":"root","length":29.45,"rotation":141.34,"x":-62.06,"y":3.83},{"name":"bone11","parent":"root","length":24.2,"rotation":126.11,"x":-72.64,"y":38.1},{"name":"bone12","parent":"root","length":27.34,"rotation":112.25,"x":-51.71,"y":51.44},{"name":"bone13","parent":"root","length":23.39,"rotation":120.09,"x":-31.47,"y":70.07},{"name":"bone14","parent":"root","length":36.27,"rotation":74.55,"x":47.65,"y":39.02},{"name":"bone15","parent":"root","length":41.74,"rotation":80.49,"x":30.86,"y":-29.29},{"name":"bone16","parent":"root","length":32.21,"rotation":91.23,"x":0.04,"y":-65.4}],"slots":[{"name":"BG2","bone":"bone14","attachment":"BG"},{"name":"BG","bone":"root"},{"name":"30","bone":"bone11","attachment":"1"},{"name":"1","bone":"root"},{"name":"29","bone":"bone12","attachment":"2"},{"name":"2","bone":"root"},{"name":"28","bone":"bone13","attachment":"3"},{"name":"3","bone":"root"},{"name":"22","bone":"bone10","attachment":"4"},{"name":"4","bone":"root"},{"name":"21","bone":"bone9","attachment":"5"},{"name":"5","bone":"root"},{"name":"20","bone":"bone8","attachment":"6"},{"name":"6","bone":"root"},{"name":"19","bone":"bone7","attachment":"7"},{"name":"7","bone":"root"},{"name":"18","bone":"bone6","attachment":"8"},{"name":"8","bone":"root"},{"name":"23","bone":"bone","attachment":"9"},{"name":"9","bone":"root"},{"name":"24","bone":"bone2","attachment":"10"},{"name":"10","bone":"root"},{"name":"25","bone":"bone3","attachment":"11"},{"name":"11","bone":"root"},{"name":"26","bone":"bone4","attachment":"12"},{"name":"12","bone":"root"},{"name":"27","bone":"bone5","attachment":"13"},{"name":"13","bone":"root"},{"name":"17","bone":"bone15","attachment":"14"},{"name":"14","bone":"root"},{"name":"16","bone":"bone16","attachment":"15"},{"name":"15","bone":"root"}],"skins":{"default":{"16":{"15":{"x":11.08,"y":1.18,"rotation":-91.23,"width":155,"height":56}},"17":{"14":{"x":3.52,"y":-0.18,"rotation":-80.49,"width":121,"height":107}},"18":{"8":{"x":-12.88,"y":-2,"rotation":-110.75,"width":52,"height":65}},"19":{"7":{"x":-7.46,"y":-8.05,"rotation":-114.07,"width":57,"height":65}},"20":{"6":{"x":-6.64,"y":-7.24,"rotation":-128.05,"width":61,"height":64}},"21":{"5":{"x":-2.71,"y":-5.28,"rotation":-139.96,"width":64,"height":63}},"22":{"4":{"x":-8.37,"y":-5.83,"rotation":-141.34,"width":64,"height":59}},"23":{"9":{"x":14.45,"y":-4.5,"rotation":-138.51,"width":64,"height":60}},"24":{"10":{"x":4.66,"y":-5.07,"rotation":-129.68,"width":64,"height":63}},"25":{"11":{"x":0.49,"y":-7.6,"rotation":-117.57,"width":62,"height":65}},"26":{"12":{"x":2.24,"y":-9.34,"rotation":-109.32,"width":57,"height":65}},"27":{"13":{"x":5.27,"y":-4.01,"rotation":-101.87,"width":47,"height":63}},"28":{"3":{"x":-16.74,"y":-3.12,"rotation":-120.09,"width":57,"height":65}},"29":{"2":{"x":-8.81,"y":-7.56,"rotation":-112.25,"width":61,"height":65}},"30":{"1":{"x":-14.09,"y":-9.23,"rotation":-126.11,"width":64,"height":61}},"BG2":{"BG":{"x":-50.3,"y":35.54,"rotation":-74.55,"width":171,"height":171}}}},"animations":{"animation":{"bones":{"root":{"rotate":[{"time":0,"angle":0}],"translate":[{"time":0,"x":0,"y":0}],"scale":[{"time":0,"x":1,"y":1}]},"bone":{"rotate":[{"time":0,"angle":-52.93,"curve":[0.25,0,0.75,1]},{"time":0.6667,"angle":0,"curve":"stepped"},{"time":2,"angle":0,"curve":[0.25,0,0.75,1]},{"time":2.6667,"angle":-52.93}],"translate":[{"time":0,"x":9.05,"y":0.94,"curve":[0.25,0,0.75,1]},{"time":0.6667,"x":0,"y":0,"curve":"stepped"},{"time":2,"x":0,"y":0,"curve":[0.25,0,0.75,1]},{"time":2.6667,"x":9.05,"y":0.94}],"scale":[{"time":0,"x":1,"y":1,"curve":"stepped"},{"time":0.6667,"x":1,"y":1,"curve":"stepped"},{"time":2,"x":1,"y":1,"curve":"stepped"},{"time":2.6667,"x":1,"y":1}]},"bone2":{"rotate":[{"time":0,"angle":-43.79,"curve":[0.25,0,0.75,1]},{"time":0.6667,"angle":0,"curve":"stepped"},{"time":2,"angle":0,"curve":[0.25,0,0.75,1]},{"time":2.6667,"angle":-43.79}],"translate":[{"time":0,"x":7.18,"y":-12.48,"curve":[0.25,0,0.75,1]},{"time":0.6667,"x":0,"y":0,"curve":"stepped"},{"time":2,"x":0,"y":0,"curve":[0.25,0,0.75,1]},{"time":2.6667,"x":7.18,"y":-12.48}],"scale":[{"time":0,"x":1,"y":1,"curve":"stepped"},{"time":0.6667,"x":1,"y":1,"curve":"stepped"},{"time":2,"x":1,"y":1,"curve":"stepped"},{"time":2.6667,"x":1,"y":1}]},"bone3":{"rotate":[{"time":0,"angle":-30.26,"curve":[0.25,0,0.75,1]},{"time":0.6667,"angle":0,"curve":"stepped"},{"time":2,"angle":0,"curve":[0.25,0,0.75,1]},{"time":2.6667,"angle":-30.26}],"translate":[{"time":0,"x":-7.49,"y":-23.4,"curve":[0.25,0,0.75,1]},{"time":0.6667,"x":0,"y":0,"curve":"stepped"},{"time":2,"x":0,"y":0,"curve":[0.25,0,0.75,1]},{"time":2.6667,"x":-7.49,"y":-23.4}],"scale":[{"time":0,"x":1,"y":1,"curve":"stepped"},{"time":0.6667,"x":1,"y":1,"curve":"stepped"},{"time":2,"x":1,"y":1,"curve":"stepped"},{"time":2.6667,"x":1,"y":1}]},"bone4":{"rotate":[{"time":0,"angle":-20.17,"curve":[0.25,0,0.75,1]},{"time":0.6667,"angle":0,"curve":"stepped"},{"time":2,"angle":0,"curve":[0.25,0,0.75,1]},{"time":2.6667,"angle":-20.17}],"translate":[{"time":0,"x":-27.46,"y":-31.51,"curve":[0.25,0,0.75,1]},{"time":0.6667,"x":0,"y":0,"curve":"stepped"},{"time":2,"x":0,"y":0,"curve":[0.25,0,0.75,1]},{"time":2.6667,"x":-27.46,"y":-31.51}],"scale":[{"time":0,"x":1,"y":1,"curve":"stepped"},{"time":0.6667,"x":1,"y":1,"curve":"stepped"},{"time":2,"x":1,"y":1,"curve":"stepped"},{"time":2.6667,"x":1,"y":1}]},"bone5":{"rotate":[{"time":0,"angle":-4.37,"curve":[0.25,0,0.75,1]},{"time":0.6667,"angle":0,"curve":"stepped"},{"time":2,"angle":0,"curve":[0.25,0,0.75,1]},{"time":2.6667,"angle":-4.37}],"translate":[{"time":0,"x":-43.99,"y":-35.88,"curve":[0.25,0,0.75,1]},{"time":0.6667,"x":0,"y":0,"curve":"stepped"},{"time":2,"x":0,"y":0,"curve":[0.25,0,0.75,1]},{"time":2.6667,"x":-43.99,"y":-35.88}],"scale":[{"time":0,"x":1,"y":1,"curve":"stepped"},{"time":0.6667,"x":1,"y":1,"curve":"stepped"},{"time":2,"x":1,"y":1,"curve":"stepped"},{"time":2.6667,"x":1,"y":1}]},"bone6":{"rotate":[{"time":0,"angle":-8.23,"curve":[0.25,0,0.75,1]},{"time":0.6667,"angle":0,"curve":"stepped"},{"time":2,"angle":0,"curve":[0.25,0,0.75,1]},{"time":2.6667,"angle":-8.23}],"translate":[{"time":0,"x":-27.77,"y":-62.09,"curve":[0.25,0,0.75,1]},{"time":0.6667,"x":0,"y":0,"curve":"stepped"},{"time":2,"x":0,"y":0,"curve":[0.25,0,0.75,1]},{"time":2.6667,"x":-27.77,"y":-62.09}],"scale":[{"time":0,"x":1,"y":1,"curve":"stepped"},{"time":0.6667,"x":1,"y":1,"curve":"stepped"},{"time":2,"x":1,"y":1,"curve":"stepped"},{"time":2.6667,"x":1,"y":1}]},"bone7":{"rotate":[{"time":0,"angle":-18.23,"curve":[0.25,0,0.75,1]},{"time":0.6667,"angle":0,"curve":"stepped"},{"time":2,"angle":0,"curve":[0.25,0,0.75,1]},{"time":2.6667,"angle":-18.23}],"translate":[{"time":0,"x":-9.05,"y":-56.47,"curve":[0.25,0,0.75,1]},{"time":0.6667,"x":0,"y":0,"curve":"stepped"},{"time":2,"x":0,"y":0,"curve":[0.25,0,0.75,1]},{"time":2.6667,"x":-9.05,"y":-56.47}],"scale":[{"time":0,"x":1,"y":1,"curve":"stepped"},{"time":0.6667,"x":1,"y":1,"curve":"stepped"},{"time":2,"x":1,"y":1,"curve":"stepped"},{"time":2.6667,"x":1,"y":1}]},"bone8":{"rotate":[{"time":0,"angle":-29.19,"curve":[0.25,0,0.75,1]},{"time":0.6667,"angle":0,"curve":"stepped"},{"time":2,"angle":0,"curve":[0.25,0,0.75,1]},{"time":2.6667,"angle":-29.19}],"translate":[{"time":0,"x":9.36,"y":-43.68,"curve":[0.25,0,0.75,1]},{"time":0.6667,"x":0,"y":0,"curve":"stepped"},{"time":2,"x":0,"y":0,"curve":[0.25,0,0.75,1]},{"time":2.6667,"x":9.36,"y":-43.68}],"scale":[{"time":0,"x":1,"y":1,"curve":"stepped"},{"time":0.6667,"x":1,"y":1,"curve":"stepped"},{"time":2,"x":1,"y":1,"curve":"stepped"},{"time":2.6667,"x":1,"y":1}]},"bone9":{"rotate":[{"time":0,"angle":-39.38,"curve":[0.25,0,0.75,1]},{"time":0.6667,"angle":0,"curve":"stepped"},{"time":2,"angle":0,"curve":[0.25,0,0.75,1]},{"time":2.6667,"angle":-39.38}],"translate":[{"time":0,"x":27.46,"y":-30.89,"curve":[0.25,0,0.75,1]},{"time":0.6667,"x":0,"y":0,"curve":"stepped"},{"time":2,"x":0,"y":0,"curve":[0.25,0,0.75,1]},{"time":2.6667,"x":27.46,"y":-30.89}],"scale":[{"time":0,"x":1,"y":1,"curve":"stepped"},{"time":0.6667,"x":1,"y":1,"curve":"stepped"},{"time":2,"x":1,"y":1,"curve":"stepped"},{"time":2.6667,"x":1,"y":1}]},"bone10":{"rotate":[{"time":0,"angle":-48.53,"curve":[0.25,0,0.75,1]},{"time":0.6667,"angle":0,"curve":"stepped"},{"time":2,"angle":0,"curve":[0.25,0,0.75,1]},{"time":2.6667,"angle":-48.53}],"translate":[{"time":0,"x":43.37,"y":-10.61,"curve":[0.25,0,0.75,1]},{"time":0.6667,"x":0,"y":0,"curve":"stepped"},{"time":2,"x":0,"y":0,"curve":[0.25,0,0.75,1]},{"time":2.6667,"x":43.37,"y":-10.61}],"scale":[{"time":0,"x":1,"y":1,"curve":"stepped"},{"time":0.6667,"x":1,"y":1,"curve":"stepped"},{"time":2,"x":1,"y":1,"curve":"stepped"},{"time":2.6667,"x":1,"y":1}]},"bone11":{"rotate":[{"time":0,"angle":-46.52,"curve":[0.25,0,0.75,1]},{"time":0.6667,"angle":0,"curve":"stepped"},{"time":2,"angle":0,"curve":[0.25,0,0.75,1]},{"time":2.6667,"angle":-46.52}],"translate":[{"time":0,"x":53.98,"y":-38.06,"curve":[0.25,0,0.75,1]},{"time":0.6667,"x":0,"y":0,"curve":"stepped"},{"time":2,"x":0,"y":0,"curve":[0.25,0,0.75,1]},{"time":2.6667,"x":53.98,"y":-38.06}],"scale":[{"time":0,"x":1,"y":1,"curve":"stepped"},{"time":0.6667,"x":1,"y":1,"curve":"stepped"},{"time":2,"x":1,"y":1,"curve":"stepped"},{"time":2.6667,"x":1,"y":1}]},"bone12":{"rotate":[{"time":0,"angle":-35.09,"curve":[0.25,0,0.75,1]},{"time":0.6667,"angle":0,"curve":"stepped"},{"time":2,"angle":0,"curve":[0.25,0,0.75,1]},{"time":2.6667,"angle":-35.09}],"translate":[{"time":0,"x":32.45,"y":-56.16,"curve":[0.25,0,0.75,1]},{"time":0.6667,"x":0,"y":0,"curve":"stepped"},{"time":2,"x":0,"y":0,"curve":[0.25,0,0.75,1]},{"time":2.6667,"x":32.45,"y":-56.16}],"scale":[{"time":0,"x":1,"y":1,"curve":"stepped"},{"time":0.6667,"x":1,"y":1,"curve":"stepped"},{"time":2,"x":1,"y":1,"curve":"stepped"},{"time":2.6667,"x":1,"y":1}]},"bone13":{"rotate":[{"time":0,"angle":-17.84,"curve":[0.25,0,0.75,1]},{"time":0.6667,"angle":0,"curve":"stepped"},{"time":2,"angle":0,"curve":[0.25,0,0.75,1]},{"time":2.6667,"angle":-17.84}],"translate":[{"time":0,"x":13.42,"y":-68.95,"curve":[0.25,0,0.75,1]},{"time":0.6667,"x":0,"y":0,"curve":"stepped"},{"time":2,"x":0,"y":0,"curve":[0.25,0,0.75,1]},{"time":2.6667,"x":13.42,"y":-68.95}],"scale":[{"time":0,"x":1,"y":1,"curve":"stepped"},{"time":0.6667,"x":1,"y":1,"curve":"stepped"},{"time":2,"x":1,"y":1,"curve":"stepped"},{"time":2.6667,"x":1,"y":1}]},"bone14":{"rotate":[{"time":0,"angle":0}],"translate":[{"time":0,"x":0,"y":0}],"scale":[{"time":0,"x":1,"y":1}]},"bone15":{"rotate":[{"time":0,"angle":0,"curve":[0.25,0,0.75,1]},{"time":1.3333,"angle":-9.92,"curve":[0.25,0,0.75,1]},{"time":2.6667,"angle":0}],"translate":[{"time":0,"x":0,"y":0,"curve":[0.25,0,0.75,1]},{"time":1.3333,"x":0,"y":-6.86,"curve":[0.25,0,0.75,1]},{"time":2.6667,"x":0,"y":0}],"scale":[{"time":0,"x":1,"y":1,"curve":"stepped"},{"time":2.6667,"x":1,"y":1}]},"bone16":{"rotate":[{"time":0,"angle":0,"curve":"stepped"},{"time":1,"angle":0,"curve":"stepped"},{"time":2.6667,"angle":0}],"translate":[{"time":0,"x":0,"y":0,"curve":[0.25,0,0.75,1]},{"time":0.5,"x":0,"y":-5.89,"curve":[0.25,0,0.75,1]},{"time":1,"x":0,"y":0,"curve":[0.25,0,0.75,1]},{"time":1.8333,"x":0,"y":-5.89,"curve":[0.25,0,0.75,1]},{"time":2.6667,"x":0,"y":0}],"scale":[{"time":0,"x":1,"y":1,"curve":[0.25,0,0.75,1]},{"time":0.5,"x":0.897,"y":0.897,"curve":[0.25,0,0.75,1]},{"time":1,"x":1,"y":1,"curve":[0.25,0,0.75,1]},{"time":1.8333,"x":0.897,"y":0.897,"curve":[0.25,0,0.75,1]},{"time":2.6667,"x":1,"y":1}]}}}}},"_atlasText":"\nICON.png\nsize: 512,256\nformat: RGBA8888\nfilter: Linear,Linear\nrepeat: none\n1\n  rotate: true\n  xy: 242, 61\n  size: 64, 61\n  orig: 64, 61\n  offset: 0, 0\n  index: -1\n10\n  rotate: false\n  xy: 364, 171\n  size: 64, 63\n  orig: 64, 63\n  offset: 0, 0\n  index: -1\n11\n  rotate: true\n  xy: 175, 63\n  size: 62, 65\n  orig: 62, 65\n  offset: 0, 0\n  index: -1\n12\n  rotate: false\n  xy: 372, 38\n  size: 57, 65\n  orig: 57, 65\n  offset: 0, 0\n  index: -1\n13\n  rotate: false\n  xy: 431, 47\n  size: 47, 63\n  orig: 47, 63\n  offset: 0, 0\n  index: -1\n14\n  rotate: false\n  xy: 175, 127\n  size: 121, 107\n  orig: 121, 107\n  offset: 0, 0\n  index: -1\n15\n  rotate: false\n  xy: 2, 5\n  size: 155, 56\n  orig: 155, 56\n  offset: 0, 0\n  index: -1\n2\n  rotate: true\n  xy: 430, 173\n  size: 61, 65\n  orig: 61, 65\n  offset: 0, 0\n  index: -1\n3\n  rotate: true\n  xy: 159, 4\n  size: 57, 65\n  orig: 57, 65\n  offset: 0, 0\n  index: -1\n4\n  rotate: false\n  xy: 430, 112\n  size: 64, 59\n  orig: 64, 59\n  offset: 0, 0\n  index: -1\n5\n  rotate: false\n  xy: 298, 171\n  size: 64, 63\n  orig: 64, 63\n  offset: 0, 0\n  index: -1\n6\n  rotate: false\n  xy: 305, 105\n  size: 61, 64\n  orig: 61, 64\n  offset: 0, 0\n  index: -1\n7\n  rotate: true\n  xy: 226, 2\n  size: 57, 65\n  orig: 57, 65\n  offset: 0, 0\n  index: -1\n8\n  rotate: true\n  xy: 305, 51\n  size: 52, 65\n  orig: 52, 65\n  offset: 0, 0\n  index: -1\n9\n  rotate: true\n  xy: 368, 105\n  size: 64, 60\n  orig: 64, 60\n  offset: 0, 0\n  index: -1\nBG\n  rotate: false\n  xy: 2, 63\n  size: 171, 171\n  orig: 171, 171\n  offset: 0, 0\n  index: -1\n","textures":[{"__uuid__":"48ahA0c99JjpagXFYsuorr"}],"textureNames":["ICON.png"]}