[{"__type__":"cc.Prefab","_name":"TaiXiuChat_item","data":{"__id__":1}},{"__type__":"cc.Node","_name":"TaiXiuChat_item","_children":[{"__id__":2}],"_components":[{"__type__":"cc.Label","node":{"__id__":1},"_materials":[{"__uuid__":"ecpdLyjvZBwrvm+cedCcQy"}],"_useOriginalSize":false,"_fontSize":14,"_N$file":{"__uuid__":"ca/STOHexDCpBHB3XPtG62"},"_isSystemFontUsed":false,"_N$verticalAlign":1,"_N$overflow":3}],"_prefab":{"__type__":"cc.PrefabInfo","root":{"__id__":1},"asset":{"__uuid__":"a6AIXKvrZIU65lMG63KK3X"},"fileId":"35QwVdjy9A95Nu5u+bmw7W"},"_contentSize":{"__type__":"cc.Size","width":245.99,"height":16},"_anchorPoint":{"__type__":"cc.Vec2","y":1},"_trs":{"__type__":"TypedArray","ctor":"Float64Array","array":[-120,0,0,0,0,0,1,1,1,1]}},{"__type__":"cc.Node","_name":"name","_parent":{"__id__":1},"_components":[{"__type__":"cc.Label","node":{"__id__":2},"_materials":[{"__uuid__":"ecpdLyjvZBwrvm+cedCcQy"}],"_useOriginalSize":false,"_fontSize":14,"_N$file":{"__uuid__":"ca/STOHexDCpBHB3XPtG62"},"_isSystemFontUsed":false,"_N$verticalAlign":1}],"_prefab":{"__type__":"cc.PrefabInfo","root":{"__id__":1},"asset":{"__uuid__":"a6AIXKvrZIU65lMG63KK3X"},"fileId":"e9sb70Nb5M2q7xsXTtLdxD"},"_color":{"__type__":"cc.Color","r":245,"g":255},"_contentSize":{"__type__":"cc.Size","height":16},"_anchorPoint":{"__type__":"cc.Vec2","y":1},"_trs":{"__type__":"TypedArray","ctor":"Float64Array","array":[0,0,0,0,0,0,1,1,1,1]}}]