[{"__type__":"cc.BitmapFont","_name":"aladdin_font","spriteFrame":{"__uuid__":"7anHQlYS1JFLPIhF8vRDh9"},"fontSize":28,"_fntConfig":{"commonHeight":42,"fontSize":28,"atlasName":"aladdin_font.png","fontDefDictionary":{"9":{"rect":{"x":0,"y":0,"width":0,"height":0},"xOffset":0,"yOffset":0,"xAdvance":80},"32":{"rect":{"x":0,"y":0,"width":0,"height":0},"xOffset":0,"yOffset":0,"xAdvance":10},"43":{"rect":{"x":0,"y":78,"width":35,"height":34},"xOffset":0,"yOffset":8,"xAdvance":32},"44":{"rect":{"x":68,"y":120,"width":20,"height":22},"xOffset":0,"yOffset":22,"xAdvance":17},"45":{"rect":{"x":36,"y":40,"width":23,"height":19},"xOffset":0,"yOffset":15,"xAdvance":20},"46":{"rect":{"x":108,"y":120,"width":19,"height":20},"xOffset":0,"yOffset":22,"xAdvance":16},"48":{"rect":{"x":35,"y":78,"width":35,"height":40},"xOffset":0,"yOffset":2,"xAdvance":32},"49":{"rect":{"x":131,"y":80,"width":22,"height":39},"xOffset":0,"yOffset":3,"xAdvance":19},"50":{"rect":{"x":74,"y":0,"width":31,"height":40},"xOffset":0,"yOffset":2,"xAdvance":28},"51":{"rect":{"x":103,"y":40,"width":30,"height":40},"xOffset":0,"yOffset":2,"xAdvance":27},"52":{"rect":{"x":40,"y":0,"width":34,"height":40},"xOffset":0,"yOffset":2,"xAdvance":31},"53":{"rect":{"x":101,"y":80,"width":30,"height":40},"xOffset":0,"yOffset":2,"xAdvance":27},"54":{"rect":{"x":35,"y":118,"width":33,"height":39},"xOffset":0,"yOffset":3,"xAdvance":30},"55":{"rect":{"x":105,"y":0,"width":28,"height":40},"xOffset":0,"yOffset":2,"xAdvance":25},"56":{"rect":{"x":70,"y":80,"width":31,"height":40},"xOffset":0,"yOffset":2,"xAdvance":28},"57":{"rect":{"x":70,"y":40,"width":33,"height":40},"xOffset":0,"yOffset":2,"xAdvance":30},"58":{"rect":{"x":88,"y":120,"width":20,"height":36},"xOffset":0,"yOffset":8,"xAdvance":17},"75":{"rect":{"x":0,"y":112,"width":35,"height":39},"xOffset":0,"yOffset":3,"xAdvance":32},"77":{"rect":{"x":0,"y":0,"width":40,"height":39},"xOffset":0,"yOffset":3,"xAdvance":37},"88":{"rect":{"x":0,"y":39,"width":36,"height":39},"xOffset":0,"yOffset":3,"xAdvance":33}},"kerningDict":{}}},{"__type__":"cc.SpriteFrame","content":{"name":"aladdin_font","texture":"519Fi6eRtHw4UIQS25hNeR","rect":[0,0,153,157],"offset":[0,0],"originalSize":[153,157],"capInsets":[0,0,0,0]}}]