[{"__type__":"cc.SpriteFrame","content":{"name":"avenger_btn_back","texture":"d8BFKZo4BKs7elsFrtjJkB","rect":[1350,0,83,74],"offset":[0,0],"originalSize":[83,74],"capInsets":[0,0,0,0]}},{"__type__":"cc.SpriteFrame","content":{"name":"avenger_bangthuong_btn_right","texture":"d8BFKZo4BKs7elsFrtjJkB","rect":[1251,593,119,121],"offset":[0,0],"originalSize":[119,121],"capInsets":[0,0,0,0]}},{"__type__":"cc.SpriteFrame","content":{"name":"avenger_mng_bg_thongbao","texture":"d8BFKZo4BKs7elsFrtjJkB","rect":[1103,111,807,481],"offset":[0,0],"originalSize":[807,481],"capInsets":[89,113,139,81]}},{"__type__":"cc.SpriteFrame","content":{"name":"avenger_symbol_1_10","texture":"d8BFKZo4BKs7elsFrtjJkB","rect":[1106,747,144,109],"offset":[0,0],"originalSize":[185,185],"capInsets":[0,0,0,0]}},{"__type__":"cc.SpriteFrame","content":{"name":"avenger_symbol_1_6","texture":"d8BFKZo4BKs7elsFrtjJkB","rect":[668,696,144,153],"offset":[0,0],"originalSize":[185,185],"capInsets":[0,0,0,0]}},{"__type__":"cc.SpriteFrame","content":{"name":"avenger_bg_so_phong","texture":"d8BFKZo4BKs7elsFrtjJkB","rect":[0,853,189,94],"offset":[0,0],"originalSize":[189,94],"capInsets":[0,0,0,0]}},{"__type__":"cc.SpriteFrame","content":{"name":"avenger_bg_play_trial","texture":"d8BFKZo4BKs7elsFrtjJkB","rect":[0,789,228,63],"offset":[0,0],"originalSize":[233,66],"capInsets":[0,0,0,0]}},{"__type__":"cc.SpriteFrame","content":{"name":"avenger_symbol_1_8","texture":"d8BFKZo4BKs7elsFrtjJkB","rect":[667,856,148,153],"offset":[0,0],"originalSize":[185,185],"capInsets":[0,0,0,0]}},{"__type__":"cc.SpriteFrame","content":{"name":"avenger_tick","texture":"d8BFKZo4BKs7elsFrtjJkB","rect":[1363,942,78,69],"offset":[0,0],"originalSize":[93,85],"capInsets":[0,0,0,0]}},{"__type__":"cc.SpriteFrame","content":{"name":"avenger_top_0","texture":"d8BFKZo4BKs7elsFrtjJkB","rect":[0,0,1263,110],"offset":[0,0],"originalSize":[1263,110],"capInsets":[0,0,0,0]}},{"__type__":"cc.SpriteFrame","content":{"name":"avenger_numb_0","texture":"d8BFKZo4BKs7elsFrtjJkB","rect":[131,979,30,30],"offset":[0,0],"originalSize":[30,30],"capInsets":[0,0,0,0]}},{"__type__":"cc.SpriteFrame","content":{"name":"avenger_line_numb_0","texture":"d8BFKZo4BKs7elsFrtjJkB","rect":[1251,715,86,83],"offset":[0,0],"originalSize":[86,83],"capInsets":[0,0,0,0]}},{"__type__":"cc.SpriteFrame","content":{"name":"avenger_line_numb_1","texture":"d8BFKZo4BKs7elsFrtjJkB","rect":[1251,715,86,83],"offset":[0,0],"originalSize":[86,83],"capInsets":[0,0,0,0]}},{"__type__":"cc.SpriteFrame","content":{"name":"avenger_coin","texture":"d8BFKZo4BKs7elsFrtjJkB","rect":[162,979,20,36],"offset":[0,0],"originalSize":[20,36],"capInsets":[0,0,0,0]}},{"__type__":"cc.SpriteFrame","content":{"name":"avenger_setting_bg","texture":"d8BFKZo4BKs7elsFrtjJkB","rect":[1103,111,807,481],"offset":[0,0],"originalSize":[807,481],"capInsets":[0,0,0,0]}},{"__type__":"cc.SpriteFrame","content":{"name":"avenger_bangthuong_btn_left","texture":"d8BFKZo4BKs7elsFrtjJkB","rect":[1243,857,119,121],"offset":[0,0],"originalSize":[119,121],"capInsets":[0,0,0,0]}},{"__type__":"cc.SpriteFrame","content":{"name":"avenger_btn_lsgd","texture":"d8BFKZo4BKs7elsFrtjJkB","rect":[183,979,18,37],"offset":[0,0],"originalSize":[70,70],"capInsets":[0,0,0,0]}},{"__type__":"cc.SpriteFrame","content":{"name":"avenger_symbol_1_2","texture":"d8BFKZo4BKs7elsFrtjJkB","rect":[231,696,169,156],"offset":[0,0],"originalSize":[185,185],"capInsets":[0,0,0,0]}},{"__type__":"cc.SpriteFrame","content":{"name":"avenger_symbol_1_0","texture":"d8BFKZo4BKs7elsFrtjJkB","rect":[516,696,151,159],"offset":[0,0],"originalSize":[160,160],"capInsets":[0,0,0,0]}},{"__type__":"cc.SpriteFrame","content":{"name":"avenger_symbol_1_7","texture":"d8BFKZo4BKs7elsFrtjJkB","rect":[1106,593,144,153],"offset":[0,0],"originalSize":[185,185],"capInsets":[0,0,0,0]}},{"__type__":"cc.SpriteFrame","content":{"name":"avenger_btn_bangthuong","texture":"d8BFKZo4BKs7elsFrtjJkB","rect":[0,696,230,92],"offset":[0,0],"originalSize":[235,96],"capInsets":[0,0,0,0]}},{"__type__":"cc.SpriteFrame","content":{"name":"avenger_symbol_1_9","texture":"d8BFKZo4BKs7elsFrtjJkB","rect":[401,696,114,126],"offset":[0,0],"originalSize":[185,185],"capInsets":[0,0,0,0]}},{"__type__":"cc.SpriteFrame","content":{"name":"avenger_btn_sieutoc","texture":"d8BFKZo4BKs7elsFrtjJkB","rect":[984,593,101,52],"offset":[0,0],"originalSize":[130,68],"capInsets":[0,0,0,0]}},{"__type__":"cc.SpriteFrame","content":{"name":"avenger_symbol_1_12","texture":"d8BFKZo4BKs7elsFrtjJkB","rect":[961,854,144,166],"offset":[0,0],"originalSize":[185,185],"capInsets":[0,0,0,0]}},{"__type__":"cc.SpriteAtlas","_name":"slots_avenger.plist","_spriteFrames":{"avenger_bangthuong_btn_close":{"__uuid__":"a3/xOxmY5FY5NM4fq/zFaf"},"avenger_bangthuong_btn_left":{"__uuid__":"5bCriMC3BLRZki584mdavF"},"avenger_bangthuong_btn_right":{"__uuid__":"08XUJ5oxJCt44DWITo6P0a"},"avenger_bg_freespins":{"__uuid__":"batFssA6VEEbotGJfxiabI"},"avenger_bg_play_trial":{"__uuid__":"1dn4Yq3KJA/YU8XNa4mEHr"},"avenger_bg_slots":{"__uuid__":"87EnUTDGdED7jLCpgkqIED"},"avenger_bg_so_phong":{"__uuid__":"18UynLGRBJtrBSEV1gvHlv"},"avenger_bottom":{"__uuid__":"91S56Bm5BNab7YsW9ST1co"},"avenger_btn_back":{"__uuid__":"07UoppA0tNCIeXdqnYcfal"},"avenger_btn_bangthuong":{"__uuid__":"6bzvRnJNhNVYEDZhcefKSl"},"avenger_btn_lsgd":{"__uuid__":"5bLhYTJbRDEouBJcnZlQ9/"},"avenger_btn_settings":{"__uuid__":"96OM0sRe9FvZYCdmYs2JZQ"},"avenger_btn_sieutoc":{"__uuid__":"748ZiX7UhKQK2scH6jPtUY"},"avenger_btn_sieutoc2":{"__uuid__":"ebsPjRDR9BHYkBLL6/qvRN"},"avenger_coin":{"__uuid__":"57La0zKS1JmLToq8LFRF80"},"avenger_line_numb_0":{"__uuid__":"45vPmZMHVNYarxmDZsz1U+"},"avenger_line_numb_1":{"__uuid__":"450xhb6rBOiYS2KV6U9TvY"},"avenger_mng_bg_thongbao":{"__uuid__":"0aHD0ia8ZCpoG3QKPJ8N5e"},"avenger_mng_btn_close":{"__uuid__":"da+VSeK5BM8bJoGWvw7BqQ"},"avenger_numb_0":{"__uuid__":"3biAHVDXRDppd1DtkW1AdN"},"avenger_setting_bg":{"__uuid__":"5aZAR0Ye1P/78m3WmkZuhO"},"avenger_setting_btn_close":{"__uuid__":"83nC8dAUZFVLvIpnAcRS9V"},"avenger_symbol_1_0":{"__uuid__":"65LYpQ7ZRJQLcJa5Xdk4ig"},"avenger_symbol_1_1":{"__uuid__":"dbuRsVUbNGAaKCFnRPSPH8"},"avenger_symbol_1_10":{"__uuid__":"15EWeuJZtP472FqsXGWTIL"},"avenger_symbol_1_11":{"__uuid__":"b0PgqBQxxPCKC6J5CogKRm"},"avenger_symbol_1_12":{"__uuid__":"7aiXQ+nDlHtqqy+V2NuIp4"},"avenger_symbol_1_13":{"__uuid__":"e1OxxYEDZP2JQ83gNjJl0k"},"avenger_symbol_1_14":{"__uuid__":"8fiz8nzyBFc5ddf8zRunc8"},"avenger_symbol_1_2":{"__uuid__":"5cvqF7HqVECYG+/tAisoa5"},"avenger_symbol_1_3":{"__uuid__":"a8R+n6cyxKJoQshzCIPlwW"},"avenger_symbol_1_4":{"__uuid__":"94wwx7xvVIw4Ta9TiAYv9Q"},"avenger_symbol_1_5":{"__uuid__":"b9zQ8AUIZMsaXwlfVN13cL"},"avenger_symbol_1_6":{"__uuid__":"15WRWOFHtH8Iazn2TbOkkI"},"avenger_symbol_1_7":{"__uuid__":"6ai/WjiUtAyapsgbxqrbow"},"avenger_symbol_1_8":{"__uuid__":"22m23HMEpOHog4+q4xzyIw"},"avenger_symbol_1_9":{"__uuid__":"74LnGo2StLhJrBDuJNJM/a"},"avenger_tick":{"__uuid__":"25stZhZN9MJ7iZUQngTGf8"},"avenger_top_0":{"__uuid__":"35hNrwYeNNiIEF8zva9cxV"},"avenger_untick":{"__uuid__":"f0nGkF11dJ9rOtxkOhvQnH"}}},{"__type__":"cc.SpriteFrame","content":{"name":"avenger_setting_btn_close","texture":"d8BFKZo4BKs7elsFrtjJkB","rect":[1363,866,83,75],"offset":[0,0],"originalSize":[83,75],"capInsets":[0,0,0,0]}},{"__type__":"cc.SpriteFrame","content":{"name":"avenger_bg_slots","texture":"d8BFKZo4BKs7elsFrtjJkB","rect":[0,111,1102,464],"offset":[0,0],"originalSize":[1102,464],"capInsets":[0,0,0,0]}},{"__type__":"cc.SpriteFrame","content":{"name":"avenger_symbol_1_14","texture":"d8BFKZo4BKs7elsFrtjJkB","rect":[1106,857,136,152],"offset":[0,0],"originalSize":[185,185],"capInsets":[0,0,0,0]}},{"__type__":"cc.SpriteFrame","content":{"name":"avenger_bottom","texture":"d8BFKZo4BKs7elsFrtjJkB","rect":[0,576,983,119],"offset":[0,0],"originalSize":[1294,119],"capInsets":[0,0,0,0]}},{"__type__":"cc.SpriteFrame","content":{"name":"avenger_symbol_1_4","texture":"d8BFKZo4BKs7elsFrtjJkB","rect":[961,696,144,157],"offset":[0,0],"originalSize":[185,185],"capInsets":[0,0,0,0]}},{"__type__":"cc.SpriteFrame","content":{"name":"avenger_btn_settings","texture":"d8BFKZo4BKs7elsFrtjJkB","rect":[1371,593,82,85],"offset":[0,0],"originalSize":[82,85],"capInsets":[0,0,0,0]}},{"__type__":"cc.SpriteFrame","content":{"name":"avenger_bangthuong_btn_close","texture":"d8BFKZo4BKs7elsFrtjJkB","rect":[1363,866,83,75],"offset":[0,0],"originalSize":[83,75],"capInsets":[0,0,0,0]}},{"__type__":"cc.SpriteFrame","content":{"name":"avenger_symbol_1_3","texture":"d8BFKZo4BKs7elsFrtjJkB","rect":[813,696,144,152],"offset":[0,0],"originalSize":[185,185],"capInsets":[0,0,0,0]}},{"__type__":"cc.SpriteFrame","content":{"name":"avenger_symbol_1_11","texture":"d8BFKZo4BKs7elsFrtjJkB","rect":[1363,715,109,150],"offset":[0,0],"originalSize":[185,185],"capInsets":[0,0,0,0]}},{"__type__":"cc.SpriteFrame","content":{"name":"avenger_symbol_1_5","texture":"d8BFKZo4BKs7elsFrtjJkB","rect":[816,849,144,151],"offset":[0,0],"originalSize":[185,185],"capInsets":[0,0,0,0]}},{"__type__":"cc.SpriteFrame","content":{"name":"avenger_bg_freespins","texture":"d8BFKZo4BKs7elsFrtjJkB","rect":[190,853,172,125],"offset":[0,0],"originalSize":[172,125],"capInsets":[0,0,0,0]}},{"__type__":"cc.SpriteFrame","content":{"name":"avenger_mng_btn_close","texture":"d8BFKZo4BKs7elsFrtjJkB","rect":[1363,866,83,75],"offset":[0,0],"originalSize":[83,75],"capInsets":[0,0,0,0]}},{"__type__":"cc.SpriteFrame","content":{"name":"avenger_symbol_1_1","texture":"d8BFKZo4BKs7elsFrtjJkB","rect":[363,853,152,162],"offset":[0,0],"originalSize":[185,185],"capInsets":[0,0,0,0]}},{"__type__":"cc.SpriteFrame","content":{"name":"avenger_symbol_1_13","texture":"d8BFKZo4BKs7elsFrtjJkB","rect":[516,856,150,152],"offset":[0,0],"originalSize":[185,185],"capInsets":[0,0,0,0]}},{"__type__":"cc.SpriteFrame","content":{"name":"avenger_btn_sieutoc2","texture":"d8BFKZo4BKs7elsFrtjJkB","rect":[0,948,130,68],"offset":[0,0],"originalSize":[130,68],"capInsets":[0,0,0,0]}},{"__type__":"cc.SpriteFrame","content":{"name":"avenger_untick","texture":"d8BFKZo4BKs7elsFrtjJkB","rect":[1264,0,85,85],"offset":[0,0],"originalSize":[93,85],"capInsets":[33,31,32,33]}}]