[{"__type__":"cc.BitmapFont","_name":"roboto-bold","spriteFrame":{"__uuid__":"df8XXHqKBFSYLTaWRN3nDY"},"fontSize":35,"_fntConfig":{"commonHeight":43,"fontSize":35,"atlasName":"roboto-bold.png","fontDefDictionary":{"32":{"rect":{"x":28,"y":386,"width":0,"height":0},"xOffset":0,"yOffset":33,"xAdvance":9},"33":{"rect":{"x":306,"y":358,"width":8,"height":28},"xOffset":3,"yOffset":7,"xAdvance":10},"34":{"rect":{"x":266,"y":430,"width":12,"height":12},"xOffset":3,"yOffset":7,"xAdvance":15},"35":{"rect":{"x":248,"y":144,"width":22,"height":28},"xOffset":1,"yOffset":7,"xAdvance":21},"36":{"rect":{"x":112,"y":342,"width":20,"height":36},"xOffset":2,"yOffset":2,"xAdvance":21},"37":{"rect":{"x":254,"y":78,"width":26,"height":28},"xOffset":2,"yOffset":7,"xAdvance":26},"38":{"rect":{"x":336,"y":110,"width":24,"height":28},"xOffset":2,"yOffset":7,"xAdvance":24},"39":{"rect":{"x":404,"y":274,"width":8,"height":12},"xOffset":2,"yOffset":7,"xAdvance":8},"40":{"rect":{"x":266,"y":314,"width":12,"height":38},"xOffset":3,"yOffset":4,"xAdvance":13},"41":{"rect":{"x":266,"y":274,"width":12,"height":38},"xOffset":1,"yOffset":4,"xAdvance":13},"42":{"rect":{"x":376,"y":274,"width":16,"height":16},"xOffset":1,"yOffset":13,"xAdvance":15},"43":{"rect":{"x":408,"y":242,"width":20,"height":22},"xOffset":1,"yOffset":10,"xAdvance":20},"44":{"rect":{"x":22,"y":430,"width":10,"height":12},"xOffset":2,"yOffset":28,"xAdvance":10},"45":{"rect":{"x":134,"y":436,"width":14,"height":6},"xOffset":3,"yOffset":20,"xAdvance":16},"46":{"rect":{"x":406,"y":134,"width":8,"height":8},"xOffset":3,"yOffset":27,"xAdvance":11},"47":{"rect":{"x":302,"y":242,"width":16,"height":30},"xOffset":0,"yOffset":7,"xAdvance":15},"48":{"rect":{"x":244,"y":362,"width":20,"height":28},"xOffset":2,"yOffset":7,"xAdvance":21},"49":{"rect":{"x":430,"y":242,"width":14,"height":28},"xOffset":4,"yOffset":7,"xAdvance":21},"50":{"rect":{"x":244,"y":332,"width":20,"height":28},"xOffset":2,"yOffset":7,"xAdvance":21},"51":{"rect":{"x":244,"y":302,"width":20,"height":28},"xOffset":2,"yOffset":7,"xAdvance":21},"52":{"rect":{"x":176,"y":268,"width":22,"height":28},"xOffset":1,"yOffset":7,"xAdvance":21},"53":{"rect":{"x":244,"y":272,"width":20,"height":28},"xOffset":2,"yOffset":7,"xAdvance":21},"54":{"rect":{"x":244,"y":242,"width":20,"height":28},"xOffset":2,"yOffset":7,"xAdvance":21},"55":{"rect":{"x":222,"y":392,"width":20,"height":28},"xOffset":2,"yOffset":7,"xAdvance":21},"56":{"rect":{"x":222,"y":362,"width":20,"height":28},"xOffset":2,"yOffset":7,"xAdvance":21},"57":{"rect":{"x":222,"y":332,"width":20,"height":28},"xOffset":2,"yOffset":7,"xAdvance":21},"58":{"rect":{"x":394,"y":274,"width":8,"height":22},"xOffset":3,"yOffset":11,"xAdvance":10},"59":{"rect":{"x":306,"y":298,"width":10,"height":28},"xOffset":2,"yOffset":12,"xAdvance":10},"60":{"rect":{"x":340,"y":274,"width":18,"height":20},"xOffset":1,"yOffset":13,"xAdvance":18},"61":{"rect":{"x":2,"y":430,"width":18,"height":14},"xOffset":3,"yOffset":15,"xAdvance":21},"62":{"rect":{"x":320,"y":274,"width":18,"height":20},"xOffset":3,"yOffset":13,"xAdvance":19},"63":{"rect":{"x":222,"y":302,"width":20,"height":28},"xOffset":1,"yOffset":7,"xAdvance":18},"64":{"rect":{"x":34,"y":2,"width":32,"height":34},"xOffset":1,"yOffset":8,"xAdvance":32},"65":{"rect":{"x":310,"y":110,"width":24,"height":28},"xOffset":1,"yOffset":7,"xAdvance":23},"66":{"rect":{"x":176,"y":238,"width":22,"height":28},"xOffset":3,"yOffset":7,"xAdvance":23},"67":{"rect":{"x":176,"y":208,"width":22,"height":28},"xOffset":2,"yOffset":7,"xAdvance":23},"68":{"rect":{"x":176,"y":178,"width":22,"height":28},"xOffset":3,"yOffset":7,"xAdvance":24},"69":{"rect":{"x":244,"y":392,"width":18,"height":28},"xOffset":3,"yOffset":7,"xAdvance":20},"70":{"rect":{"x":222,"y":272,"width":20,"height":28},"xOffset":3,"yOffset":7,"xAdvance":20},"71":{"rect":{"x":422,"y":144,"width":22,"height":28},"xOffset":2,"yOffset":7,"xAdvance":24},"72":{"rect":{"x":284,"y":110,"width":24,"height":28},"xOffset":3,"yOffset":7,"xAdvance":25},"73":{"rect":{"x":306,"y":328,"width":8,"height":28},"xOffset":3,"yOffset":7,"xAdvance":11},"74":{"rect":{"x":222,"y":242,"width":20,"height":28},"xOffset":1,"yOffset":7,"xAdvance":20},"75":{"rect":{"x":258,"y":110,"width":24,"height":28},"xOffset":3,"yOffset":7,"xAdvance":23},"76":{"rect":{"x":420,"y":210,"width":20,"height":28},"xOffset":3,"yOffset":7,"xAdvance":20},"77":{"rect":{"x":402,"y":2,"width":28,"height":28},"xOffset":3,"yOffset":7,"xAdvance":31},"78":{"rect":{"x":232,"y":110,"width":24,"height":28},"xOffset":3,"yOffset":7,"xAdvance":25},"79":{"rect":{"x":206,"y":110,"width":24,"height":28},"xOffset":2,"yOffset":7,"xAdvance":25},"80":{"rect":{"x":398,"y":144,"width":22,"height":28},"xOffset":3,"yOffset":7,"xAdvance":23},"81":{"rect":{"x":198,"y":78,"width":26,"height":30},"xOffset":2,"yOffset":7,"xAdvance":25},"82":{"rect":{"x":374,"y":144,"width":22,"height":28},"xOffset":3,"yOffset":7,"xAdvance":23},"83":{"rect":{"x":350,"y":144,"width":22,"height":28},"xOffset":2,"yOffset":7,"xAdvance":22},"84":{"rect":{"x":326,"y":144,"width":22,"height":28},"xOffset":1,"yOffset":7,"xAdvance":21},"85":{"rect":{"x":302,"y":144,"width":22,"height":28},"xOffset":3,"yOffset":7,"xAdvance":25},"86":{"rect":{"x":226,"y":78,"width":26,"height":28},"xOffset":1,"yOffset":7,"xAdvance":23},"87":{"rect":{"x":68,"y":2,"width":34,"height":28},"xOffset":1,"yOffset":7,"xAdvance":31},"88":{"rect":{"x":412,"y":78,"width":24,"height":28},"xOffset":1,"yOffset":7,"xAdvance":23},"89":{"rect":{"x":386,"y":78,"width":24,"height":28},"xOffset":1,"yOffset":7,"xAdvance":23},"90":{"rect":{"x":398,"y":210,"width":20,"height":28},"xOffset":2,"yOffset":7,"xAdvance":20},"92":{"rect":{"x":134,"y":404,"width":18,"height":30},"xOffset":1,"yOffset":7,"xAdvance":15},"94":{"rect":{"x":176,"y":426,"width":16,"height":16},"xOffset":1,"yOffset":6,"xAdvance":16},"95":{"rect":{"x":386,"y":134,"width":18,"height":6},"xOffset":1,"yOffset":32,"xAdvance":16},"97":{"rect":{"x":386,"y":242,"width":20,"height":22},"xOffset":1,"yOffset":13,"xAdvance":19},"98":{"rect":{"x":222,"y":210,"width":20,"height":30},"xOffset":2,"yOffset":5,"xAdvance":20},"99":{"rect":{"x":364,"y":242,"width":20,"height":22},"xOffset":2,"yOffset":13,"xAdvance":19},"100":{"rect":{"x":200,"y":402,"width":20,"height":30},"xOffset":2,"yOffset":5,"xAdvance":20},"101":{"rect":{"x":342,"y":242,"width":20,"height":22},"xOffset":2,"yOffset":13,"xAdvance":19},"102":{"rect":{"x":284,"y":242,"width":16,"height":30},"xOffset":1,"yOffset":5,"xAdvance":13},"103":{"rect":{"x":200,"y":370,"width":20,"height":30},"xOffset":2,"yOffset":12,"xAdvance":20},"104":{"rect":{"x":200,"y":338,"width":20,"height":30},"xOffset":2,"yOffset":5,"xAdvance":20},"105":{"rect":{"x":296,"y":404,"width":8,"height":30},"xOffset":3,"yOffset":5,"xAdvance":10},"106":{"rect":{"x":432,"y":38,"width":12,"height":38},"xOffset":-1,"yOffset":4,"xAdvance":10},"107":{"rect":{"x":200,"y":306,"width":20,"height":30},"xOffset":2,"yOffset":5,"xAdvance":19},"108":{"rect":{"x":296,"y":372,"width":8,"height":30},"xOffset":3,"yOffset":5,"xAdvance":10},"109":{"rect":{"x":386,"y":110,"width":30,"height":22},"xOffset":2,"yOffset":13,"xAdvance":31},"110":{"rect":{"x":320,"y":242,"width":20,"height":22},"xOffset":2,"yOffset":13,"xAdvance":20},"111":{"rect":{"x":244,"y":422,"width":20,"height":22},"xOffset":2,"yOffset":13,"xAdvance":20},"112":{"rect":{"x":376,"y":210,"width":20,"height":28},"xOffset":2,"yOffset":14,"xAdvance":20},"113":{"rect":{"x":354,"y":210,"width":20,"height":28},"xOffset":2,"yOffset":14,"xAdvance":20},"114":{"rect":{"x":360,"y":274,"width":14,"height":22},"xOffset":2,"yOffset":13,"xAdvance":13},"115":{"rect":{"x":300,"y":274,"width":18,"height":22},"xOffset":1,"yOffset":13,"xAdvance":19},"116":{"rect":{"x":280,"y":298,"width":14,"height":26},"xOffset":1,"yOffset":9,"xAdvance":13},"117":{"rect":{"x":222,"y":422,"width":20,"height":22},"xOffset":2,"yOffset":13,"xAdvance":20},"118":{"rect":{"x":154,"y":422,"width":20,"height":22},"xOffset":1,"yOffset":13,"xAdvance":18},"119":{"rect":{"x":272,"y":144,"width":28,"height":22},"xOffset":1,"yOffset":13,"xAdvance":26},"120":{"rect":{"x":112,"y":420,"width":20,"height":22},"xOffset":1,"yOffset":13,"xAdvance":18},"121":{"rect":{"x":332,"y":210,"width":20,"height":28},"xOffset":1,"yOffset":14,"xAdvance":18},"122":{"rect":{"x":280,"y":274,"width":18,"height":22},"xOffset":2,"yOffset":13,"xAdvance":18},"124":{"rect":{"x":306,"y":388,"width":6,"height":32},"xOffset":3,"yOffset":7,"xAdvance":9},"126":{"rect":{"x":86,"y":434,"width":22,"height":10},"xOffset":2,"yOffset":18,"xAdvance":23},"192":{"rect":{"x":350,"y":2,"width":24,"height":34},"xOffset":1,"yOffset":1,"xAdvance":23},"193":{"rect":{"x":376,"y":2,"width":24,"height":34},"xOffset":1,"yOffset":1,"xAdvance":23},"194":{"rect":{"x":298,"y":2,"width":24,"height":34},"xOffset":1,"yOffset":1,"xAdvance":23},"195":{"rect":{"x":60,"y":154,"width":24,"height":36},"xOffset":1,"yOffset":-1,"xAdvance":23},"200":{"rect":{"x":134,"y":294,"width":18,"height":34},"xOffset":3,"yOffset":1,"xAdvance":20},"201":{"rect":{"x":134,"y":330,"width":18,"height":34},"xOffset":3,"yOffset":1,"xAdvance":20},"202":{"rect":{"x":134,"y":222,"width":18,"height":34},"xOffset":3,"yOffset":1,"xAdvance":20},"204":{"rect":{"x":432,"y":2,"width":12,"height":34},"xOffset":-1,"yOffset":1,"xAdvance":11},"205":{"rect":{"x":266,"y":354,"width":12,"height":34},"xOffset":3,"yOffset":1,"xAdvance":11},"210":{"rect":{"x":406,"y":38,"width":24,"height":36},"xOffset":2,"yOffset":-1,"xAdvance":25},"211":{"rect":{"x":60,"y":78,"width":24,"height":36},"xOffset":2,"yOffset":-1,"xAdvance":25},"212":{"rect":{"x":354,"y":38,"width":24,"height":36},"xOffset":2,"yOffset":-1,"xAdvance":25},"213":{"rect":{"x":380,"y":38,"width":24,"height":36},"xOffset":2,"yOffset":-1,"xAdvance":25},"217":{"rect":{"x":60,"y":310,"width":22,"height":36},"xOffset":3,"yOffset":-1,"xAdvance":25},"218":{"rect":{"x":60,"y":348,"width":22,"height":36},"xOffset":3,"yOffset":-1,"xAdvance":25},"221":{"rect":{"x":246,"y":2,"width":24,"height":34},"xOffset":1,"yOffset":1,"xAdvance":23},"224":{"rect":{"x":200,"y":242,"width":20,"height":30},"xOffset":1,"yOffset":5,"xAdvance":19},"225":{"rect":{"x":200,"y":274,"width":20,"height":30},"xOffset":1,"yOffset":5,"xAdvance":19},"226":{"rect":{"x":398,"y":178,"width":20,"height":30},"xOffset":1,"yOffset":5,"xAdvance":19},"227":{"rect":{"x":200,"y":210,"width":20,"height":30},"xOffset":1,"yOffset":5,"xAdvance":19},"232":{"rect":{"x":354,"y":178,"width":20,"height":30},"xOffset":2,"yOffset":5,"xAdvance":19},"233":{"rect":{"x":376,"y":178,"width":20,"height":30},"xOffset":2,"yOffset":5,"xAdvance":19},"234":{"rect":{"x":310,"y":178,"width":20,"height":30},"xOffset":2,"yOffset":5,"xAdvance":19},"236":{"rect":{"x":280,"y":326,"width":12,"height":30},"xOffset":-1,"yOffset":5,"xAdvance":10},"237":{"rect":{"x":280,"y":358,"width":12,"height":30},"xOffset":3,"yOffset":5,"xAdvance":10},"242":{"rect":{"x":266,"y":178,"width":20,"height":30},"xOffset":2,"yOffset":5,"xAdvance":20},"243":{"rect":{"x":288,"y":178,"width":20,"height":30},"xOffset":2,"yOffset":5,"xAdvance":20},"244":{"rect":{"x":222,"y":178,"width":20,"height":30},"xOffset":2,"yOffset":5,"xAdvance":20},"245":{"rect":{"x":244,"y":178,"width":20,"height":30},"xOffset":2,"yOffset":5,"xAdvance":20},"249":{"rect":{"x":176,"y":330,"width":20,"height":30},"xOffset":2,"yOffset":5,"xAdvance":20},"250":{"rect":{"x":176,"y":362,"width":20,"height":30},"xOffset":2,"yOffset":5,"xAdvance":20},"253":{"rect":{"x":112,"y":110,"width":20,"height":36},"xOffset":1,"yOffset":6,"xAdvance":18},"258":{"rect":{"x":60,"y":116,"width":24,"height":36},"xOffset":1,"yOffset":-1,"xAdvance":23},"259":{"rect":{"x":420,"y":178,"width":20,"height":30},"xOffset":1,"yOffset":5,"xAdvance":19},"272":{"rect":{"x":360,"y":78,"width":24,"height":28},"xOffset":0,"yOffset":7,"xAdvance":24},"273":{"rect":{"x":362,"y":110,"width":22,"height":30},"xOffset":2,"yOffset":5,"xAdvance":20},"296":{"rect":{"x":134,"y":366,"width":16,"height":36},"xOffset":-1,"yOffset":-1,"xAdvance":11},"297":{"rect":{"x":266,"y":242,"width":16,"height":30},"xOffset":-1,"yOffset":5,"xAdvance":10},"360":{"rect":{"x":60,"y":272,"width":22,"height":36},"xOffset":3,"yOffset":-1,"xAdvance":25},"361":{"rect":{"x":176,"y":298,"width":20,"height":30},"xOffset":2,"yOffset":5,"xAdvance":20},"416":{"rect":{"x":136,"y":2,"width":28,"height":30},"xOffset":2,"yOffset":5,"xAdvance":25},"417":{"rect":{"x":60,"y":420,"width":24,"height":24},"xOffset":2,"yOffset":11,"xAdvance":21},"431":{"rect":{"x":104,"y":2,"width":30,"height":30},"xOffset":3,"yOffset":5,"xAdvance":25},"432":{"rect":{"x":220,"y":144,"width":26,"height":24},"xOffset":2,"yOffset":11,"xAdvance":20},"7840":{"rect":{"x":324,"y":2,"width":24,"height":34},"xOffset":1,"yOffset":7,"xAdvance":23},"7841":{"rect":{"x":310,"y":210,"width":20,"height":28},"xOffset":1,"yOffset":12,"xAdvance":19},"7842":{"rect":{"x":302,"y":38,"width":24,"height":38},"xOffset":1,"yOffset":-3,"xAdvance":23},"7843":{"rect":{"x":198,"y":144,"width":20,"height":32},"xOffset":1,"yOffset":3,"xAdvance":19},"7844":{"rect":{"x":144,"y":38,"width":26,"height":38},"xOffset":1,"yOffset":-3,"xAdvance":23},"7845":{"rect":{"x":86,"y":246,"width":24,"height":32},"xOffset":1,"yOffset":3,"xAdvance":19},"7846":{"rect":{"x":116,"y":38,"width":26,"height":38},"xOffset":-1,"yOffset":-3,"xAdvance":23},"7847":{"rect":{"x":86,"y":212,"width":24,"height":32},"xOffset":-3,"yOffset":3,"xAdvance":19},"7848":{"rect":{"x":250,"y":38,"width":24,"height":38},"xOffset":1,"yOffset":-3,"xAdvance":23},"7849":{"rect":{"x":182,"y":110,"width":22,"height":32},"xOffset":1,"yOffset":3,"xAdvance":19},"7850":{"rect":{"x":224,"y":38,"width":24,"height":38},"xOffset":1,"yOffset":-3,"xAdvance":23},"7851":{"rect":{"x":154,"y":388,"width":20,"height":32},"xOffset":1,"yOffset":3,"xAdvance":19},"7852":{"rect":{"x":34,"y":82,"width":24,"height":40},"xOffset":1,"yOffset":1,"xAdvance":23},"7853":{"rect":{"x":112,"y":224,"width":20,"height":36},"xOffset":1,"yOffset":4,"xAdvance":19},"7854":{"rect":{"x":276,"y":38,"width":24,"height":38},"xOffset":1,"yOffset":-3,"xAdvance":23},"7855":{"rect":{"x":176,"y":144,"width":20,"height":32},"xOffset":1,"yOffset":3,"xAdvance":19},"7856":{"rect":{"x":34,"y":208,"width":24,"height":40},"xOffset":1,"yOffset":-5,"xAdvance":23},"7857":{"rect":{"x":154,"y":216,"width":20,"height":34},"xOffset":1,"yOffset":1,"xAdvance":19},"7858":{"rect":{"x":34,"y":166,"width":24,"height":40},"xOffset":1,"yOffset":-5,"xAdvance":23},"7859":{"rect":{"x":154,"y":180,"width":20,"height":34},"xOffset":1,"yOffset":1,"xAdvance":19},"7860":{"rect":{"x":34,"y":124,"width":24,"height":40},"xOffset":1,"yOffset":-5,"xAdvance":23},"7861":{"rect":{"x":154,"y":144,"width":20,"height":34},"xOffset":1,"yOffset":1,"xAdvance":19},"7862":{"rect":{"x":34,"y":38,"width":24,"height":42},"xOffset":1,"yOffset":-1,"xAdvance":23},"7863":{"rect":{"x":112,"y":262,"width":20,"height":36},"xOffset":1,"yOffset":4,"xAdvance":19},"7864":{"rect":{"x":134,"y":258,"width":18,"height":34},"xOffset":3,"yOffset":6,"xAdvance":20},"7865":{"rect":{"x":288,"y":210,"width":20,"height":28},"xOffset":2,"yOffset":13,"xAdvance":19},"7866":{"rect":{"x":134,"y":144,"width":18,"height":38},"xOffset":3,"yOffset":-3,"xAdvance":20},"7867":{"rect":{"x":154,"y":354,"width":20,"height":32},"xOffset":2,"yOffset":3,"xAdvance":19},"7868":{"rect":{"x":134,"y":184,"width":18,"height":36},"xOffset":3,"yOffset":-1,"xAdvance":20},"7869":{"rect":{"x":332,"y":178,"width":20,"height":30},"xOffset":2,"yOffset":5,"xAdvance":19},"7870":{"rect":{"x":198,"y":38,"width":24,"height":38},"xOffset":3,"yOffset":-3,"xAdvance":20},"7871":{"rect":{"x":86,"y":178,"width":24,"height":32},"xOffset":2,"yOffset":3,"xAdvance":19},"7872":{"rect":{"x":172,"y":38,"width":24,"height":38},"xOffset":-2,"yOffset":-3,"xAdvance":20},"7873":{"rect":{"x":86,"y":144,"width":24,"height":32},"xOffset":-3,"yOffset":3,"xAdvance":19},"7874":{"rect":{"x":60,"y":232,"width":22,"height":38},"xOffset":3,"yOffset":-3,"xAdvance":20},"7875":{"rect":{"x":158,"y":110,"width":22,"height":32},"xOffset":2,"yOffset":3,"xAdvance":19},"7876":{"rect":{"x":112,"y":380,"width":18,"height":38},"xOffset":3,"yOffset":-3,"xAdvance":20},"7877":{"rect":{"x":154,"y":320,"width":20,"height":32},"xOffset":2,"yOffset":3,"xAdvance":19},"7878":{"rect":{"x":112,"y":300,"width":18,"height":40},"xOffset":3,"yOffset":0,"xAdvance":20},"7879":{"rect":{"x":112,"y":186,"width":20,"height":36},"xOffset":2,"yOffset":5,"xAdvance":19},"7880":{"rect":{"x":266,"y":390,"width":10,"height":38},"xOffset":3,"yOffset":-3,"xAdvance":11},"7881":{"rect":{"x":280,"y":390,"width":10,"height":32},"xOffset":3,"yOffset":3,"xAdvance":10},"7882":{"rect":{"x":296,"y":336,"width":8,"height":34},"xOffset":3,"yOffset":6,"xAdvance":11},"7883":{"rect":{"x":296,"y":298,"width":8,"height":36},"xOffset":2,"yOffset":4,"xAdvance":10},"7884":{"rect":{"x":272,"y":2,"width":24,"height":34},"xOffset":2,"yOffset":7,"xAdvance":25},"7885":{"rect":{"x":266,"y":210,"width":20,"height":28},"xOffset":2,"yOffset":13,"xAdvance":20},"7886":{"rect":{"x":34,"y":370,"width":24,"height":38},"xOffset":2,"yOffset":-3,"xAdvance":25},"7887":{"rect":{"x":154,"y":286,"width":20,"height":32},"xOffset":2,"yOffset":3,"xAdvance":20},"7888":{"rect":{"x":88,"y":38,"width":26,"height":38},"xOffset":2,"yOffset":-3,"xAdvance":25},"7889":{"rect":{"x":86,"y":110,"width":24,"height":32},"xOffset":2,"yOffset":3,"xAdvance":20},"7890":{"rect":{"x":60,"y":38,"width":26,"height":38},"xOffset":0,"yOffset":-3,"xAdvance":25},"7891":{"rect":{"x":60,"y":386,"width":24,"height":32},"xOffset":-2,"yOffset":3,"xAdvance":20},"7892":{"rect":{"x":34,"y":330,"width":24,"height":38},"xOffset":2,"yOffset":-3,"xAdvance":25},"7893":{"rect":{"x":134,"y":110,"width":22,"height":32},"xOffset":2,"yOffset":3,"xAdvance":20},"7894":{"rect":{"x":34,"y":290,"width":24,"height":38},"xOffset":2,"yOffset":-3,"xAdvance":25},"7895":{"rect":{"x":154,"y":252,"width":20,"height":32},"xOffset":2,"yOffset":3,"xAdvance":20},"7896":{"rect":{"x":2,"y":386,"width":24,"height":42},"xOffset":2,"yOffset":-1,"xAdvance":25},"7897":{"rect":{"x":112,"y":148,"width":20,"height":36},"xOffset":2,"yOffset":5,"xAdvance":20},"7898":{"rect":{"x":2,"y":348,"width":28,"height":36},"xOffset":2,"yOffset":-1,"xAdvance":25},"7899":{"rect":{"x":334,"y":78,"width":24,"height":30},"xOffset":2,"yOffset":5,"xAdvance":21},"7900":{"rect":{"x":2,"y":310,"width":28,"height":36},"xOffset":2,"yOffset":-1,"xAdvance":25},"7901":{"rect":{"x":308,"y":78,"width":24,"height":30},"xOffset":2,"yOffset":5,"xAdvance":21},"7902":{"rect":{"x":2,"y":194,"width":28,"height":38},"xOffset":2,"yOffset":-3,"xAdvance":25},"7903":{"rect":{"x":34,"y":410,"width":24,"height":32},"xOffset":2,"yOffset":3,"xAdvance":21},"7904":{"rect":{"x":2,"y":272,"width":28,"height":36},"xOffset":2,"yOffset":-1,"xAdvance":25},"7905":{"rect":{"x":200,"y":178,"width":20,"height":30},"xOffset":2,"yOffset":5,"xAdvance":20},"7906":{"rect":{"x":2,"y":234,"width":28,"height":36},"xOffset":2,"yOffset":5,"xAdvance":25},"7907":{"rect":{"x":282,"y":78,"width":24,"height":30},"xOffset":2,"yOffset":11,"xAdvance":21},"7908":{"rect":{"x":86,"y":360,"width":22,"height":34},"xOffset":3,"yOffset":7,"xAdvance":25},"7909":{"rect":{"x":244,"y":210,"width":20,"height":28},"xOffset":2,"yOffset":13,"xAdvance":20},"7910":{"rect":{"x":60,"y":192,"width":22,"height":38},"xOffset":3,"yOffset":-3,"xAdvance":25},"7911":{"rect":{"x":418,"y":110,"width":20,"height":32},"xOffset":2,"yOffset":3,"xAdvance":20},"7912":{"rect":{"x":2,"y":156,"width":30,"height":36},"xOffset":3,"yOffset":-1,"xAdvance":25},"7913":{"rect":{"x":170,"y":78,"width":26,"height":30},"xOffset":2,"yOffset":5,"xAdvance":20},"7914":{"rect":{"x":2,"y":118,"width":30,"height":36},"xOffset":3,"yOffset":-1,"xAdvance":25},"7915":{"rect":{"x":142,"y":78,"width":26,"height":30},"xOffset":2,"yOffset":5,"xAdvance":20},"7916":{"rect":{"x":2,"y":2,"width":30,"height":38},"xOffset":3,"yOffset":-3,"xAdvance":25},"7917":{"rect":{"x":166,"y":2,"width":26,"height":32},"xOffset":2,"yOffset":3,"xAdvance":20},"7918":{"rect":{"x":2,"y":80,"width":30,"height":36},"xOffset":3,"yOffset":-1,"xAdvance":25},"7919":{"rect":{"x":114,"y":78,"width":26,"height":30},"xOffset":2,"yOffset":5,"xAdvance":20},"7920":{"rect":{"x":2,"y":42,"width":30,"height":36},"xOffset":3,"yOffset":5,"xAdvance":25},"7921":{"rect":{"x":86,"y":78,"width":26,"height":30},"xOffset":2,"yOffset":11,"xAdvance":20},"7922":{"rect":{"x":220,"y":2,"width":24,"height":34},"xOffset":1,"yOffset":1,"xAdvance":23},"7923":{"rect":{"x":86,"y":396,"width":20,"height":36},"xOffset":1,"yOffset":6,"xAdvance":18},"7924":{"rect":{"x":194,"y":2,"width":24,"height":34},"xOffset":1,"yOffset":6,"xAdvance":23},"7925":{"rect":{"x":176,"y":394,"width":20,"height":30},"xOffset":1,"yOffset":14,"xAdvance":18},"7926":{"rect":{"x":34,"y":250,"width":24,"height":38},"xOffset":1,"yOffset":-3,"xAdvance":23},"7927":{"rect":{"x":86,"y":320,"width":20,"height":38},"xOffset":1,"yOffset":4,"xAdvance":18},"7928":{"rect":{"x":328,"y":38,"width":24,"height":36},"xOffset":1,"yOffset":-1,"xAdvance":23},"7929":{"rect":{"x":86,"y":280,"width":20,"height":38},"xOffset":1,"yOffset":4,"xAdvance":18},"9824":{"rect":{"x":18,"y":182,"width":28,"height":36},"xOffset":2,"yOffset":14,"xAdvance":27},"9827":{"rect":{"x":14,"y":180,"width":36,"height":36},"xOffset":2,"yOffset":14,"xAdvance":33},"9829":{"rect":{"x":16,"y":178,"width":32,"height":36},"xOffset":2,"yOffset":14,"xAdvance":30},"9830":{"rect":{"x":18,"y":176,"width":28,"height":36},"xOffset":2,"yOffset":14,"xAdvance":26}},"kerningDict":{}}},{"__type__":"cc.SpriteFrame","content":{"name":"roboto-bold","texture":"6eEJCZNeRDWZc2ZKT5Te9e","rect":[3,3,441,441],"offset":[-0.5,0.5],"originalSize":[448,448],"capInsets":[0,0,0,0]}}]