[[{"__type__":"cc.Prefab","_name":"x4_2","data":{"__id__":1}},{"__type__":"cc.Node","_name":"x4_2","_children":[{"__id__":2},{"__id__":4},{"__id__":6},{"__id__":7},{"__id__":8},{"__id__":9}],"_components":[{"__type__":"655c6/MZdJNZo/YxgAvEk8A","node":{"__id__":1},"fish":{"__id__":5},"shadow":{"__id__":3},"collider":{"__id__":10},"anim":{"__id__":11},"head":{"__id__":6},"end":{"__id__":7},"suoMe":{"__id__":9},"suoOther":{"__id__":8}},{"__id__":11},{"__id__":10}],"_prefab":{"__type__":"cc.PrefabInfo","root":{"__id__":1},"asset":{"__uuid__":"67WWFLqOREqoA+WAc7X3IO"},"fileId":"cbbtEB0URNDb0HwVH2ewxP"},"_trs":{"__type__":"TypedArray","ctor":"Float64Array","array":[0,0,0,0,0,0,1,1,1,1]},"_groupIndex":6,"groupIndex":6},{"__type__":"cc.Node","_name":"shadow","_parent":{"__id__":1},"_components":[{"__id__":3}],"_prefab":{"__type__":"cc.PrefabInfo","root":{"__id__":1},"asset":{"__uuid__":"67WWFLqOREqoA+WAc7X3IO"},"fileId":"72ORvw7o1Odb4E7ytW5LA2"},"_trs":{"__type__":"TypedArray","ctor":"Float64Array","array":[-16,-19,0,0,0,0,1,1,1,1]},"_groupIndex":6,"groupIndex":6},{"__type__":"dragonBones.ArmatureDisplay","node":{"__id__":2},"_materials":[{"__uuid__":"ecpdLyjvZBwrvm+cedCcQy"}],"_armatureName":"Sjiewenyu_shadow","_animationName":"Sjiewenyu_shadow","_preCacheMode":0,"_armatureKey":"acfc67db-ddbb-4913-a4b0-427a5e9fa136#44d9b77d-1e69-465d-9bbe-76f6d43d47ee","_N$dragonAsset":{"__uuid__":"ac/Gfb3btJE6SwQnpen6E2"},"_N$dragonAtlasAsset":{"__uuid__":"442bd9HmlGXZu+dvbUPUfu"},"_N$timeScale":0.5},{"__type__":"cc.Node","_name":"fish","_parent":{"__id__":1},"_components":[{"__id__":5}],"_prefab":{"__type__":"cc.PrefabInfo","root":{"__id__":1},"asset":{"__uuid__":"67WWFLqOREqoA+WAc7X3IO"},"fileId":"4cfU8crklCJ5VvQS7ts7u+"},"_trs":{"__type__":"TypedArray","ctor":"Float64Array","array":[0,0,0,0,0,0,1,1,1,1]}},{"__type__":"dragonBones.ArmatureDisplay","node":{"__id__":4},"_materials":[{"__uuid__":"ecpdLyjvZBwrvm+cedCcQy"}],"_armatureName":"jiewenyu","_animationName":"jiewenyu","_preCacheMode":0,"_armatureKey":"c5a8df80-7637-41f7-9df3-4c4bdcf0e59d#74ef8b0e-7859-4d5e-86a8-2464d3dada9d","_N$dragonAsset":{"__uuid__":"c5qN+AdjdB953zTEvc8OWd"},"_N$dragonAtlasAsset":{"__uuid__":"7474sOeFlNXoaoJGTT2tqd"},"_N$timeScale":0.5},{"__type__":"cc.Node","_name":"head","_parent":{"__id__":1},"_prefab":{"__type__":"cc.PrefabInfo","root":{"__id__":1},"asset":{"__uuid__":"67WWFLqOREqoA+WAc7X3IO"},"fileId":"5fxfMVmgNHdJ3ebeDMKSSV"},"_trs":{"__type__":"TypedArray","ctor":"Float64Array","array":[-60.451,-3.417,0,0,0,0,1,1,1,1]}},{"__type__":"cc.Node","_name":"end","_parent":{"__id__":1},"_prefab":{"__type__":"cc.PrefabInfo","root":{"__id__":1},"asset":{"__uuid__":"67WWFLqOREqoA+WAc7X3IO"},"fileId":"7cBbFv7XNO3pcuo3Nvz+mC"},"_trs":{"__type__":"TypedArray","ctor":"Float64Array","array":[27.961,3.954,0,0,0,0,1,1,1,1]}},{"__type__":"cc.Node","_name":"fish_suoding_other","_parent":{"__id__":1},"_active":false,"_components":[{"__type__":"cc.Sprite","node":{"__id__":8},"_materials":[{"__uuid__":"ecpdLyjvZBwrvm+cedCcQy"}],"_spriteFrame":{"__uuid__":"d6GNvieS9K8pqo+oyuZNkc"}},{"__type__":"cc.Animation","node":{"__id__":8},"_defaultClip":{"__uuid__":"41C/GXlRNOjLlgy6YN7juw"},"_clips":[{"__uuid__":"41C/GXlRNOjLlgy6YN7juw"}],"playOnLoad":true}],"_prefab":{"__type__":"cc.PrefabInfo","root":{"__id__":1},"asset":{"__uuid__":"67WWFLqOREqoA+WAc7X3IO"},"fileId":"802iVxrUlHWIC1V7kG2O0v"},"_opacity":97,"_contentSize":{"__type__":"cc.Size","width":169,"height":169},"_trs":{"__type__":"TypedArray","ctor":"Float64Array","array":[0,0,0,0,0,0,1,0.85,0.85,1]}},{"__type__":"cc.Node","_name":"fish_suoding_me","_parent":{"__id__":1},"_active":false,"_components":[{"__type__":"cc.Sprite","node":{"__id__":9},"_materials":[{"__uuid__":"ecpdLyjvZBwrvm+cedCcQy"}],"_spriteFrame":{"__uuid__":"d6GNvieS9K8pqo+oyuZNkc"}},{"__type__":"cc.Animation","node":{"__id__":9},"_defaultClip":{"__uuid__":"41C/GXlRNOjLlgy6YN7juw"},"_clips":[{"__uuid__":"41C/GXlRNOjLlgy6YN7juw"}],"playOnLoad":true}],"_prefab":{"__type__":"cc.PrefabInfo","root":{"__id__":1},"asset":{"__uuid__":"67WWFLqOREqoA+WAc7X3IO"},"fileId":"1feBoG91RD1Ijh2cJ+up3V"},"_contentSize":{"__type__":"cc.Size","width":169,"height":169},"_trs":{"__type__":"TypedArray","ctor":"Float64Array","array":[0,0,0,0,0,0,1,1,1,1]}},{"__type__":"cc.PolygonCollider","node":{"__id__":1},"_offset":{"__type__":"cc.Vec2","x":-9.4,"y":-15.9},"points":[{"__type__":"cc.Vec2","x":-10.8,"y":-0.5},{"__type__":"cc.Vec2","x":7.8,"y":12.1},{"__type__":"cc.Vec2","x":39.8,"y":-6},{"__type__":"cc.Vec2","x":71.1,"y":5.3},{"__type__":"cc.Vec2","x":88.5,"y":53.5},{"__type__":"cc.Vec2","x":62.4,"y":60.6},{"__type__":"cc.Vec2","x":5.6,"y":21.9},{"__type__":"cc.Vec2","x":-13.9,"y":43.3},{"__type__":"cc.Vec2","x":-72.9,"y":32.8},{"__type__":"cc.Vec2","x":-57.6,"y":-5.7}]},{"__type__":"cc.Animation","node":{"__id__":1},"_clips":[{"__uuid__":"9b06iGFmNGu7JZ0EYstWMm"},{"__uuid__":"ba18u7wvBIS6nHeiPw1C8o"},{"__uuid__":"e1FIOL6BVFkbGQYaXbJwD3"},{"__uuid__":"787i0KisVJfqLJzCx20xjN"}]}],{"__type__":"cc.SpriteFrame","content":{"name":"fish_game_pic_suoding1","texture":"bclyb1CdFAXZK7vE6k7C0V","rect":[0,0,169,169],"offset":[-0.5,0.5],"originalSize":[170,170],"capInsets":[0,0,0,0]}}]