[{"__type__":"cc.SpriteFrame","content":{"name":"btn_forgot_password_header","texture":"d61GZ9DAhJ4IMuxy4N2x/9","rect":[273,143,187,36],"offset":[0,0],"originalSize":[187,36],"capInsets":[0,0,0,0]}},{"__type__":"cc.SpriteFrame","content":{"name":"background_header_1","texture":"d61GZ9DAhJ4IMuxy4N2x/9","rect":[0,0,1424,68],"offset":[0,0],"originalSize":[1424,68],"capInsets":[0,0,0,0]}},{"__type__":"cc.SpriteFrame","content":{"name":"btn_login_header","texture":"d61GZ9DAhJ4IMuxy4N2x/9","rect":[962,130,271,58],"offset":[0,0],"originalSize":[271,58],"capInsets":[0,0,0,0]}},{"__type__":"cc.SpriteFrame","content":{"name":"btn_register_header","texture":"d61GZ9DAhJ4IMuxy4N2x/9","rect":[962,70,272,58],"offset":[0,0],"originalSize":[272,58],"capInsets":[0,0,0,0]}},{"__type__":"cc.SpriteFrame","content":{"name":"background_header_2","texture":"d61GZ9DAhJ4IMuxy4N2x/9","rect":[0,70,960,71],"offset":[0,0],"originalSize":[960,71],"capInsets":[0,0,0,0]}},{"__type__":"cc.SpriteAtlas","_name":"header_login.plist","_spriteFrames":{"background_header_1":{"__uuid__":"11RJHUBvFEl5GCTcs2zd6K"},"background_header_2":{"__uuid__":"a42mU4Ux1KKo0xiFhRVSHw"},"btn_facebook_header":{"__uuid__":"f95zictrdJ+5qQFrXr/RvF"},"btn_forgot_password_header":{"__uuid__":"0fy5Mu/wNOw7Te55Jefikp"},"btn_login_header":{"__uuid__":"2dzuU4e0VFNoFaszkRsNVG"},"btn_register_header":{"__uuid__":"68dcc6qpFPWpT0gS/V1pVj"}}},{"__type__":"cc.SpriteFrame","content":{"name":"btn_facebook_header","texture":"d61GZ9DAhJ4IMuxy4N2x/9","rect":[0,143,271,57],"offset":[0,0],"originalSize":[271,57],"capInsets":[0,0,0,0]}}]