[{"__type__":"cc.SpriteFrame","content":{"name":"font-gold","texture":"741wD2HClMlov6taYBlLwM","rect":[14,15,672,52],"offset":[-0.5,0],"originalSize":[701,82],"capInsets":[0,0,0,0]}},{"__type__":"cc.BitmapFont","_name":"font-gold","spriteFrame":{"__uuid__":"853G42Sv9F46KISLQX6h9u"},"fontSize":67,"_fntConfig":{"commonHeight":93,"fontSize":67,"atlasName":"font-gold.png","fontDefDictionary":{"32":{"rect":{"x":0,"y":0,"width":0,"height":0},"xOffset":2,"yOffset":8,"xAdvance":14},"43":{"rect":{"x":572,"y":15,"width":36,"height":36},"xOffset":2,"yOffset":8,"xAdvance":35},"46":{"rect":{"x":623,"y":15,"width":24,"height":20},"xOffset":2,"yOffset":32,"xAdvance":21},"48":{"rect":{"x":512,"y":15,"width":45,"height":52},"xOffset":1,"yOffset":0,"xAdvance":42},"49":{"rect":{"x":15,"y":15,"width":34,"height":51},"xOffset":2,"yOffset":1,"xAdvance":30},"50":{"rect":{"x":64,"y":15,"width":39,"height":51},"xOffset":1,"yOffset":0,"xAdvance":34},"51":{"rect":{"x":118,"y":15,"width":39,"height":51},"xOffset":1,"yOffset":1,"xAdvance":34},"52":{"rect":{"x":172,"y":15,"width":46,"height":51},"xOffset":0,"yOffset":1,"xAdvance":41},"53":{"rect":{"x":233,"y":15,"width":38,"height":51},"xOffset":1,"yOffset":1,"xAdvance":34},"54":{"rect":{"x":286,"y":15,"width":43,"height":52},"xOffset":1,"yOffset":0,"xAdvance":39},"55":{"rect":{"x":344,"y":15,"width":39,"height":51},"xOffset":1,"yOffset":1,"xAdvance":34},"56":{"rect":{"x":398,"y":15,"width":41,"height":52},"xOffset":1,"yOffset":0,"xAdvance":37},"57":{"rect":{"x":454,"y":15,"width":43,"height":52},"xOffset":1,"yOffset":0,"xAdvance":39},"59":{"rect":{"x":662,"y":15,"width":24,"height":50},"xOffset":2,"yOffset":8,"xAdvance":22}},"kerningDict":{"2818097":-1,"2818098":-1,"2818102":-2,"3014704":-1,"3014705":-1,"3014707":1,"3014710":-1,"3014711":-1,"3014713":-4,"3145774":-1,"3145777":0,"3145779":-1,"3145781":0,"3145783":-1,"3145784":0,"3211310":1,"3211312":-1,"3211314":1,"3211315":1,"3211317":1,"3211320":1,"3211321":-1,"3276854":-1,"3276855":-1,"3276857":-1,"3342379":-1,"3342392":0,"3407920":-1,"3407927":-1,"3407929":-1,"3473458":0,"3473460":0,"3473463":-1,"3473465":-1,"3538993":0,"3538994":0,"3538995":0,"3538999":-2,"3539001":-1,"3604523":-1,"3604526":-5,"3604528":-1,"3604532":-3,"3604533":-1,"3604534":-2,"3604536":-1,"3604537":0,"3670066":0,"3670068":0,"3670071":-1,"3670072":-1,"3670073":-1,"3735598":-3,"3735602":-1,"3735603":-1,"3735604":-1,"3735607":-1,"3866679":0}}}]