[{"__type__":"cc.SpriteFrame","content":{"name":"kyby_zidan5","texture":"8cH9PPH0FHD5YZ3e/bb5V9","rect":[0,0,34,81],"offset":[0,0.5],"originalSize":[34,82],"capInsets":[0,0,0,0]}},[{"__type__":"cc.Prefab","_name":"5","data":{"__id__":1}},{"__type__":"cc.Node","_name":"5","_children":[{"__id__":2}],"_components":[{"__type__":"b002ckgsd9Ndr4/xSE5GpV3","node":{"__id__":1},"body":{"__id__":3},"collider":{"__id__":4},"icon":{"__id__":2}},{"__id__":3},{"__id__":4},{"__type__":"cc.CircleCollider","node":{"__id__":1},"_radius":7}],"_prefab":{"__type__":"cc.PrefabInfo","root":{"__id__":1},"asset":{"__uuid__":"2aCcJNyplFhoEzYYs12v8/"},"fileId":"6efRd4SHlBBovXxYjpUJR9"},"_trs":{"__type__":"TypedArray","ctor":"Float64Array","array":[0,0,0,0,0,0,1,1,1,1]}},{"__type__":"cc.Node","_name":"bullet","_parent":{"__id__":1},"_components":[{"__type__":"cc.Sprite","node":{"__id__":2},"_materials":[{"__uuid__":"ecpdLyjvZBwrvm+cedCcQy"}],"_spriteFrame":{"__uuid__":"03HcB5M7pB06jf1mZByC1N"}}],"_prefab":{"__type__":"cc.PrefabInfo","root":{"__id__":1},"asset":{"__uuid__":"2aCcJNyplFhoEzYYs12v8/"},"fileId":"673WekcRpH6I92qWJG1xOk"},"_contentSize":{"__type__":"cc.Size","width":34,"height":81},"_anchorPoint":{"__type__":"cc.Vec2","x":0.51,"y":0.88},"_trs":{"__type__":"TypedArray","ctor":"Float64Array","array":[0,0,0,0,0,0,1,1,1,1]}},{"__type__":"cc.RigidBody","node":{"__id__":1},"_fixedRotation":true,"enabledContactListener":true},{"__type__":"cc.PhysicsCircleCollider","node":{"__id__":1},"_density":0,"_friction":0,"_restitution":1,"_radius":7}]]