{"__type__":"sp.SkeletonData","_name":"3cay","_skeletonJson":{"skeleton":{"hash":"uTH+upOhwHuVFSj6RlNp8jAcCWc","spine":"3.7.94","width":296,"height":249,"images":"./images/","audio":"C:/Users/Toanp/OneDrive/Máy tính/giao dien r79/spine/ic_ ba cay"},"bones":[{"name":"root","x":23.19,"y":-12.37},{"name":"bone","parent":"root","x":-23.19,"y":32.18},{"name":"Layer 6806","parent":"bone","length":101.94,"rotation":82.07,"x":39.95,"y":-43.55},{"name":"Layer 6805","parent":"bone","length":96.9,"rotation":95.3,"x":13.11,"y":-40.99},{"name":"Layer 6804","parent":"bone","length":99.76,"rotation":117.88,"x":4.17,"y":-36.52},{"name":"Mini","parent":"root","x":-25.86,"y":-27.83},{"name":"3 CÂY","parent":"root","x":-1.46,"y":-65.65}],"slots":[{"name":"Layer 78 copy","bone":"root","attachment":"Layer 78 copy"},{"name":"Layer 6804","bone":"Layer 6804","attachment":"Layer 6804"},{"name":"Layer 6805","bone":"Layer 6805","attachment":"Layer 6805"},{"name":"Layer 6806","bone":"Layer 6806","attachment":"Layer 6806"},{"name":"Mini","bone":"Mini","attachment":"Mini"},{"name":"3 CÂY","bone":"3 CÂY","attachment":"3 CÂY"}],"skins":{"default":{"3 CÂY":{"3 CÂY":{"x":4.37,"y":6.92,"width":146,"height":52}},"Layer 6804":{"Layer 6804":{"x":51.31,"y":-1.61,"rotation":-117.88,"width":133,"height":143}},"Layer 6805":{"Layer 6805":{"x":52.08,"y":-7.83,"rotation":-95.3,"width":100,"height":125}},"Layer 6806":{"Layer 6806":{"x":53.62,"y":0.25,"rotation":-82.07,"width":98,"height":125}},"Layer 78 copy":{"Layer 78 copy":{"x":-5.09,"y":14.77,"width":296,"height":249}},"Mini":{"Mini":{"x":-0.23,"y":2.1,"width":80,"height":36}}}},"animations":{"animation":{"slots":{"3 CÂY":{"color":[{"time":0,"color":"ffffff00","curve":[0.25,0,0.75,1]},{"time":0.1667,"color":"ffffffff"}]},"Mini":{"color":[{"time":0,"color":"ffffff00","curve":[0.25,0,0.75,1]},{"time":0.1667,"color":"ffffffff"}]}},"bones":{"Mini":{"translate":[{"time":0,"x":-187.16,"y":0,"curve":[0.25,0,0.75,1]},{"time":0.3333,"x":-0.89,"y":0}],"scale":[{"time":0,"x":0,"y":0,"curve":[0.25,0,0.75,1]},{"time":0.3333,"x":1,"y":1}]},"3 CÂY":{"translate":[{"time":0,"x":243.93,"y":0,"curve":[0.25,0,0.75,1]},{"time":0.3333,"x":-12.42,"y":0}],"scale":[{"time":0,"x":0,"y":0,"curve":[0.25,0,0.75,1]},{"time":0.3333,"x":1,"y":1}]},"Layer 6806":{"rotate":[{"time":0,"angle":0,"curve":[0.25,0,0.75,1]},{"time":0.6667,"angle":-17.18,"curve":[0.25,0,0.75,1]},{"time":1.3333,"angle":0,"curve":[0.25,0,0.75,1]},{"time":2,"angle":-17.18,"curve":[0.25,0,0.75,1]},{"time":2.6667,"angle":0}]},"Layer 6804":{"rotate":[{"time":0,"angle":-12.93,"curve":[0.25,0,0.75,1]},{"time":0.6667,"angle":-2.59,"curve":[0.25,0,0.75,1]},{"time":1.3333,"angle":-12.93,"curve":[0.25,0,0.75,1]},{"time":2,"angle":-2.59,"curve":[0.25,0,0.75,1]},{"time":2.6667,"angle":-12.93}]}}}}},"_atlasText":"\n3cay.png\nsize: 1024,256\nformat: RGBA8888\nfilter: Linear,Linear\nrepeat: none\n3 CÂY\n  rotate: false\n  xy: 535, 199\n  size: 146, 52\n  orig: 146, 52\n  offset: 0, 0\n  index: -1\nLayer 6804\n  rotate: false\n  xy: 300, 108\n  size: 133, 143\n  orig: 133, 143\n  offset: 0, 0\n  index: -1\nLayer 6805\n  rotate: true\n  xy: 300, 6\n  size: 100, 125\n  orig: 100, 125\n  offset: 0, 0\n  index: -1\nLayer 6806\n  rotate: false\n  xy: 435, 126\n  size: 98, 125\n  orig: 98, 125\n  offset: 0, 0\n  index: -1\nLayer 78 copy\n  rotate: false\n  xy: 2, 2\n  size: 296, 249\n  orig: 296, 249\n  offset: 0, 0\n  index: -1\nMini\n  rotate: false\n  xy: 535, 161\n  size: 80, 36\n  orig: 80, 36\n  offset: 0, 0\n  index: -1\n","textures":[{"__uuid__":"63Wj8W6GRLqKt/vDShxwX3"}],"textureNames":["3cay.png"]}