[{"__type__":"cc.BitmapFont","_name":"avenger_text_game","spriteFrame":{"__uuid__":"45wE4oo3tM0rUWIzNSAyK2"},"fontSize":32,"_fntConfig":{"commonHeight":60,"fontSize":32,"atlasName":"avenger_text_game.png","fontDefDictionary":{"9":{"rect":{"x":0,"y":0,"width":0,"height":0},"xOffset":0,"yOffset":0,"xAdvance":80},"32":{"rect":{"x":0,"y":0,"width":0,"height":0},"xOffset":0,"yOffset":0,"xAdvance":10},"33":{"rect":{"x":528,"y":51,"width":12,"height":37},"xOffset":0,"yOffset":24,"xAdvance":11},"34":{"rect":{"x":428,"y":217,"width":19,"height":19},"xOffset":0,"yOffset":22,"xAdvance":18},"35":{"rect":{"x":113,"y":481,"width":35,"height":33},"xOffset":0,"yOffset":27,"xAdvance":34},"36":{"rect":{"x":372,"y":316,"width":27,"height":39},"xOffset":0,"yOffset":24,"xAdvance":26},"37":{"rect":{"x":0,"y":37,"width":44,"height":38},"xOffset":0,"yOffset":23,"xAdvance":43},"38":{"rect":{"x":114,"y":220,"width":34,"height":38},"xOffset":0,"yOffset":23,"xAdvance":33},"39":{"rect":{"x":25,"y":533,"width":10,"height":19},"xOffset":0,"yOffset":22,"xAdvance":9},"40":{"rect":{"x":524,"y":187,"width":16,"height":48},"xOffset":0,"yOffset":21,"xAdvance":15},"41":{"rect":{"x":507,"y":187,"width":16,"height":48},"xOffset":0,"yOffset":21,"xAdvance":15},"42":{"rect":{"x":314,"y":300,"width":22,"height":24},"xOffset":0,"yOffset":24,"xAdvance":21},"43":{"rect":{"x":454,"y":528,"width":24,"height":26},"xOffset":0,"yOffset":32,"xAdvance":23},"44":{"rect":{"x":149,"y":533,"width":13,"height":21},"xOffset":0,"yOffset":46,"xAdvance":12},"45":{"rect":{"x":83,"y":109,"width":18,"height":13},"xOffset":0,"yOffset":37,"xAdvance":17},"46":{"rect":{"x":100,"y":531,"width":12,"height":15},"xOffset":0,"yOffset":46,"xAdvance":11},"47":{"rect":{"x":506,"y":277,"width":23,"height":50},"xOffset":0,"yOffset":21,"xAdvance":22},"48":{"rect":{"x":251,"y":383,"width":31,"height":38},"xOffset":0,"yOffset":23,"xAdvance":30},"49":{"rect":{"x":454,"y":260,"width":26,"height":36},"xOffset":0,"yOffset":24,"xAdvance":25},"50":{"rect":{"x":314,"y":74,"width":28,"height":37},"xOffset":0,"yOffset":23,"xAdvance":27},"51":{"rect":{"x":313,"y":325,"width":29,"height":38},"xOffset":0,"yOffset":23,"xAdvance":28},"52":{"rect":{"x":186,"y":145,"width":32,"height":36},"xOffset":0,"yOffset":24,"xAdvance":31},"53":{"rect":{"x":313,"y":432,"width":29,"height":37},"xOffset":0,"yOffset":24,"xAdvance":28},"54":{"rect":{"x":283,"y":416,"width":29,"height":38},"xOffset":0,"yOffset":23,"xAdvance":28},"55":{"rect":{"x":400,"y":463,"width":26,"height":36},"xOffset":0,"yOffset":24,"xAdvance":25},"56":{"rect":{"x":256,"y":37,"width":30,"height":38},"xOffset":0,"yOffset":23,"xAdvance":29},"57":{"rect":{"x":313,"y":470,"width":29,"height":38},"xOffset":0,"yOffset":23,"xAdvance":28},"58":{"rect":{"x":527,"y":519,"width":12,"height":31},"xOffset":0,"yOffset":30,"xAdvance":11},"59":{"rect":{"x":507,"y":236,"width":13,"height":37},"xOffset":0,"yOffset":30,"xAdvance":12},"60":{"rect":{"x":252,"y":165,"width":19,"height":27},"xOffset":0,"yOffset":31,"xAdvance":18},"61":{"rect":{"x":76,"y":531,"width":23,"height":20},"xOffset":0,"yOffset":35,"xAdvance":22},"62":{"rect":{"x":116,"y":192,"width":20,"height":27},"xOffset":0,"yOffset":31,"xAdvance":19},"63":{"rect":{"x":343,"y":399,"width":28,"height":38},"xOffset":0,"yOffset":23,"xAdvance":27},"64":{"rect":{"x":0,"y":76,"width":44,"height":47},"xOffset":0,"yOffset":23,"xAdvance":43},"65":{"rect":{"x":45,"y":87,"width":37,"height":36},"xOffset":0,"yOffset":24,"xAdvance":36},"66":{"rect":{"x":287,"y":37,"width":29,"height":36},"xOffset":0,"yOffset":24,"xAdvance":28},"67":{"rect":{"x":224,"y":37,"width":31,"height":38},"xOffset":0,"yOffset":23,"xAdvance":30},"68":{"rect":{"x":224,"y":0,"width":31,"height":36},"xOffset":0,"yOffset":24,"xAdvance":30},"69":{"rect":{"x":480,"y":491,"width":25,"height":36},"xOffset":0,"yOffset":24,"xAdvance":24},"70":{"rect":{"x":454,"y":489,"width":25,"height":36},"xOffset":0,"yOffset":24,"xAdvance":24},"71":{"rect":{"x":184,"y":493,"width":33,"height":38},"xOffset":0,"yOffset":23,"xAdvance":32},"72":{"rect":{"x":219,"y":195,"width":31,"height":36},"xOffset":0,"yOffset":24,"xAdvance":30},"73":{"rect":{"x":541,"y":143,"width":11,"height":36},"xOffset":0,"yOffset":24,"xAdvance":10},"74":{"rect":{"x":481,"y":277,"width":24,"height":37},"xOffset":0,"yOffset":24,"xAdvance":23},"75":{"rect":{"x":49,"y":0,"width":32,"height":36},"xOffset":0,"yOffset":24,"xAdvance":31},"76":{"rect":{"x":481,"y":347,"width":24,"height":36},"xOffset":0,"yOffset":24,"xAdvance":23},"77":{"rect":{"x":0,"y":186,"width":39,"height":36},"xOffset":0,"yOffset":24,"xAdvance":38},"78":{"rect":{"x":218,"y":513,"width":31,"height":36},"xOffset":0,"yOffset":24,"xAdvance":30},"79":{"rect":{"x":149,"y":494,"width":34,"height":38},"xOffset":0,"yOffset":23,"xAdvance":33},"80":{"rect":{"x":313,"y":395,"width":29,"height":36},"xOffset":0,"yOffset":24,"xAdvance":28},"81":{"rect":{"x":149,"y":348,"width":34,"height":47},"xOffset":0,"yOffset":23,"xAdvance":33},"82":{"rect":{"x":256,"y":0,"width":30,"height":36},"xOffset":0,"yOffset":24,"xAdvance":29},"83":{"rect":{"x":283,"y":377,"width":29,"height":38},"xOffset":0,"yOffset":23,"xAdvance":28},"84":{"rect":{"x":251,"y":470,"width":30,"height":36},"xOffset":0,"yOffset":24,"xAdvance":29},"85":{"rect":{"x":251,"y":296,"width":31,"height":37},"xOffset":0,"yOffset":24,"xAdvance":30},"86":{"rect":{"x":83,"y":59,"width":35,"height":36},"xOffset":0,"yOffset":23,"xAdvance":34},"87":{"rect":{"x":0,"y":0,"width":48,"height":36},"xOffset":0,"yOffset":23,"xAdvance":47},"88":{"rect":{"x":113,"y":515,"width":35,"height":36},"xOffset":0,"yOffset":23,"xAdvance":34},"89":{"rect":{"x":119,"y":59,"width":34,"height":36},"xOffset":0,"yOffset":23,"xAdvance":33},"90":{"rect":{"x":287,"y":0,"width":29,"height":36},"xOffset":0,"yOffset":23,"xAdvance":28},"91":{"rect":{"x":507,"y":138,"width":17,"height":48},"xOffset":0,"yOffset":20,"xAdvance":16},"92":{"rect":{"x":506,"y":328,"width":23,"height":49},"xOffset":0,"yOffset":21,"xAdvance":22},"93":{"rect":{"x":507,"y":89,"width":17,"height":48},"xOffset":0,"yOffset":20,"xAdvance":16},"94":{"rect":{"x":184,"y":532,"width":24,"height":22},"xOffset":0,"yOffset":21,"xAdvance":23},"95":{"rect":{"x":83,"y":96,"width":22,"height":12},"xOffset":0,"yOffset":55,"xAdvance":21},"96":{"rect":{"x":114,"y":464,"width":14,"height":16},"xOffset":0,"yOffset":17,"xAdvance":13},"97":{"rect":{"x":317,"y":39,"width":25,"height":31},"xOffset":0,"yOffset":29,"xAdvance":24},"98":{"rect":{"x":372,"y":72,"width":28,"height":39},"xOffset":0,"yOffset":21,"xAdvance":27},"99":{"rect":{"x":375,"y":0,"width":25,"height":31},"xOffset":0,"yOffset":29,"xAdvance":24},"100":{"rect":{"x":372,"y":388,"width":27,"height":39},"xOffset":0,"yOffset":21,"xAdvance":26},"101":{"rect":{"x":372,"y":356,"width":27,"height":31},"xOffset":0,"yOffset":29,"xAdvance":26},"102":{"rect":{"x":506,"y":428,"width":21,"height":40},"xOffset":0,"yOffset":19,"xAdvance":20},"103":{"rect":{"x":372,"y":32,"width":28,"height":39},"xOffset":0,"yOffset":29,"xAdvance":27},"104":{"rect":{"x":372,"y":428,"width":27,"height":38},"xOffset":0,"yOffset":21,"xAdvance":26},"105":{"rect":{"x":530,"y":287,"width":12,"height":41},"xOffset":0,"yOffset":18,"xAdvance":11},"106":{"rect":{"x":528,"y":0,"width":15,"height":50},"xOffset":0,"yOffset":18,"xAdvance":14},"107":{"rect":{"x":317,"y":0,"width":28,"height":38},"xOffset":0,"yOffset":21,"xAdvance":27},"108":{"rect":{"x":541,"y":104,"width":11,"height":38},"xOffset":0,"yOffset":21,"xAdvance":10},"109":{"rect":{"x":0,"y":155,"width":40,"height":30},"xOffset":0,"yOffset":29,"xAdvance":39},"110":{"rect":{"x":454,"y":401,"width":26,"height":30},"xOffset":0,"yOffset":29,"xAdvance":25},"111":{"rect":{"x":346,"y":0,"width":28,"height":31},"xOffset":0,"yOffset":29,"xAdvance":27},"112":{"rect":{"x":400,"y":198,"width":27,"height":38},"xOffset":0,"yOffset":29,"xAdvance":26},"113":{"rect":{"x":314,"y":165,"width":28,"height":38},"xOffset":0,"yOffset":29,"xAdvance":27},"114":{"rect":{"x":506,"y":519,"width":20,"height":30},"xOffset":0,"yOffset":29,"xAdvance":19},"115":{"rect":{"x":481,"y":315,"width":24,"height":31},"xOffset":0,"yOffset":29,"xAdvance":23},"116":{"rect":{"x":481,"y":384,"width":21,"height":36},"xOffset":0,"yOffset":24,"xAdvance":20},"117":{"rect":{"x":372,"y":196,"width":27,"height":31},"xOffset":0,"yOffset":29,"xAdvance":26},"118":{"rect":{"x":282,"y":523,"width":30,"height":30},"xOffset":0,"yOffset":29,"xAdvance":29},"119":{"rect":{"x":0,"y":124,"width":40,"height":30},"xOffset":0,"yOffset":29,"xAdvance":39},"120":{"rect":{"x":313,"y":364,"width":29,"height":30},"xOffset":0,"yOffset":29,"xAdvance":28},"121":{"rect":{"x":283,"y":131,"width":30,"height":39},"xOffset":0,"yOffset":29,"xAdvance":29},"122":{"rect":{"x":481,"y":246,"width":25,"height":30},"xOffset":0,"yOffset":29,"xAdvance":24},"123":{"rect":{"x":506,"y":469,"width":21,"height":49},"xOffset":0,"yOffset":20,"xAdvance":20},"124":{"rect":{"x":541,"y":180,"width":9,"height":48},"xOffset":0,"yOffset":21,"xAdvance":8},"125":{"rect":{"x":506,"y":378,"width":22,"height":49},"xOffset":0,"yOffset":20,"xAdvance":21},"126":{"rect":{"x":0,"y":533,"width":24,"height":14},"xOffset":0,"yOffset":35,"xAdvance":23},"192":{"rect":{"x":38,"y":444,"width":37,"height":47},"xOffset":0,"yOffset":13,"xAdvance":36},"193":{"rect":{"x":79,"y":124,"width":36,"height":47},"xOffset":0,"yOffset":13,"xAdvance":35},"194":{"rect":{"x":39,"y":280,"width":37,"height":47},"xOffset":0,"yOffset":13,"xAdvance":36},"195":{"rect":{"x":0,"y":389,"width":37,"height":46},"xOffset":0,"yOffset":14,"xAdvance":36},"200":{"rect":{"x":455,"y":147,"width":25,"height":47},"xOffset":0,"yOffset":13,"xAdvance":24},"201":{"rect":{"x":481,"y":141,"width":25,"height":47},"xOffset":0,"yOffset":13,"xAdvance":24},"202":{"rect":{"x":455,"y":48,"width":25,"height":47},"xOffset":0,"yOffset":13,"xAdvance":24},"204":{"rect":{"x":528,"y":471,"width":14,"height":47},"xOffset":0,"yOffset":13,"xAdvance":13},"205":{"rect":{"x":525,"y":89,"width":15,"height":47},"xOffset":0,"yOffset":13,"xAdvance":14},"210":{"rect":{"x":184,"y":444,"width":33,"height":48},"xOffset":0,"yOffset":13,"xAdvance":32},"211":{"rect":{"x":149,"y":396,"width":34,"height":48},"xOffset":0,"yOffset":13,"xAdvance":33},"212":{"rect":{"x":186,"y":96,"width":33,"height":48},"xOffset":0,"yOffset":13,"xAdvance":32},"213":{"rect":{"x":114,"y":259,"width":34,"height":47},"xOffset":0,"yOffset":14,"xAdvance":33},"217":{"rect":{"x":252,"y":116,"width":30,"height":48},"xOffset":0,"yOffset":13,"xAdvance":29},"218":{"rect":{"x":251,"y":334,"width":31,"height":48},"xOffset":0,"yOffset":13,"xAdvance":30},"221":{"rect":{"x":116,"y":144,"width":34,"height":47},"xOffset":0,"yOffset":12,"xAdvance":33},"224":{"rect":{"x":428,"y":129,"width":26,"height":43},"xOffset":0,"yOffset":17,"xAdvance":25},"225":{"rect":{"x":428,"y":173,"width":26,"height":43},"xOffset":0,"yOffset":17,"xAdvance":25},"226":{"rect":{"x":454,"y":217,"width":26,"height":42},"xOffset":0,"yOffset":18,"xAdvance":25},"227":{"rect":{"x":428,"y":42,"width":26,"height":41},"xOffset":0,"yOffset":19,"xAdvance":25},"232":{"rect":{"x":400,"y":324,"width":26,"height":43},"xOffset":0,"yOffset":17,"xAdvance":25},"233":{"rect":{"x":372,"y":272,"width":27,"height":43},"xOffset":0,"yOffset":17,"xAdvance":26},"234":{"rect":{"x":400,"y":368,"width":26,"height":42},"xOffset":0,"yOffset":18,"xAdvance":25},"236":{"rect":{"x":525,"y":137,"width":15,"height":42},"xOffset":0,"yOffset":17,"xAdvance":14},"237":{"rect":{"x":528,"y":428,"width":15,"height":42},"xOffset":0,"yOffset":17,"xAdvance":14},"242":{"rect":{"x":314,"y":204,"width":28,"height":43},"xOffset":0,"yOffset":17,"xAdvance":27},"243":{"rect":{"x":343,"y":269,"width":28,"height":43},"xOffset":0,"yOffset":17,"xAdvance":27},"244":{"rect":{"x":343,"y":92,"width":28,"height":42},"xOffset":0,"yOffset":18,"xAdvance":27},"245":{"rect":{"x":313,"y":509,"width":28,"height":41},"xOffset":0,"yOffset":19,"xAdvance":27},"249":{"rect":{"x":372,"y":228,"width":27,"height":43},"xOffset":0,"yOffset":17,"xAdvance":26},"250":{"rect":{"x":400,"y":154,"width":27,"height":43},"xOffset":0,"yOffset":17,"xAdvance":26},"253":{"rect":{"x":283,"y":223,"width":30,"height":51},"xOffset":0,"yOffset":17,"xAdvance":29},"258":{"rect":{"x":0,"y":487,"width":37,"height":45},"xOffset":0,"yOffset":15,"xAdvance":36},"259":{"rect":{"x":428,"y":0,"width":26,"height":41},"xOffset":0,"yOffset":19,"xAdvance":25},"272":{"rect":{"x":151,"y":96,"width":34,"height":36},"xOffset":0,"yOffset":24,"xAdvance":33},"273":{"rect":{"x":252,"y":76,"width":30,"height":39},"xOffset":0,"yOffset":21,"xAdvance":29},"296":{"rect":{"x":507,"y":41,"width":20,"height":47},"xOffset":0,"yOffset":13,"xAdvance":19},"297":{"rect":{"x":507,"y":0,"width":20,"height":40},"xOffset":0,"yOffset":19,"xAdvance":19},"360":{"rect":{"x":251,"y":195,"width":31,"height":48},"xOffset":0,"yOffset":13,"xAdvance":30},"361":{"rect":{"x":427,"y":448,"width":26,"height":41},"xOffset":0,"yOffset":19,"xAdvance":25},"416":{"rect":{"x":154,"y":56,"width":34,"height":39},"xOffset":0,"yOffset":22,"xAdvance":33},"417":{"rect":{"x":342,"y":509,"width":28,"height":33},"xOffset":0,"yOffset":27,"xAdvance":27},"431":{"rect":{"x":41,"y":181,"width":37,"height":39},"xOffset":0,"yOffset":22,"xAdvance":36},"432":{"rect":{"x":189,"y":58,"width":32,"height":33},"xOffset":0,"yOffset":27,"xAdvance":31},"7840":{"rect":{"x":79,"y":172,"width":36,"height":47},"xOffset":0,"yOffset":24,"xAdvance":35},"7841":{"rect":{"x":481,"y":99,"width":25,"height":41},"xOffset":0,"yOffset":29,"xAdvance":24},"7842":{"rect":{"x":0,"y":436,"width":37,"height":50},"xOffset":0,"yOffset":10,"xAdvance":36},"7843":{"rect":{"x":428,"y":84,"width":26,"height":44},"xOffset":0,"yOffset":16,"xAdvance":25},"7844":{"rect":{"x":0,"y":223,"width":38,"height":53},"xOffset":0,"yOffset":7,"xAdvance":37},"7845":{"rect":{"x":219,"y":145,"width":32,"height":49},"xOffset":0,"yOffset":11,"xAdvance":31},"7846":{"rect":{"x":76,"y":424,"width":37,"height":56},"xOffset":0,"yOffset":4,"xAdvance":36},"7847":{"rect":{"x":401,"y":52,"width":26,"height":52},"xOffset":0,"yOffset":8,"xAdvance":25},"7848":{"rect":{"x":38,"y":492,"width":37,"height":54},"xOffset":0,"yOffset":6,"xAdvance":36},"7849":{"rect":{"x":343,"y":438,"width":28,"height":51},"xOffset":0,"yOffset":9,"xAdvance":27},"7850":{"rect":{"x":39,"y":223,"width":37,"height":56},"xOffset":0,"yOffset":4,"xAdvance":36},"7851":{"rect":{"x":401,"y":0,"width":26,"height":51},"xOffset":0,"yOffset":9,"xAdvance":25},"7852":{"rect":{"x":83,"y":0,"width":36,"height":58},"xOffset":0,"yOffset":13,"xAdvance":35},"7853":{"rect":{"x":427,"y":237,"width":26,"height":52},"xOffset":0,"yOffset":18,"xAdvance":25},"7854":{"rect":{"x":0,"y":332,"width":37,"height":56},"xOffset":0,"yOffset":4,"xAdvance":36},"7855":{"rect":{"x":427,"y":395,"width":26,"height":52},"xOffset":0,"yOffset":8,"xAdvance":25},"7856":{"rect":{"x":38,"y":387,"width":37,"height":56},"xOffset":0,"yOffset":4,"xAdvance":36},"7857":{"rect":{"x":427,"y":342,"width":26,"height":52},"xOffset":0,"yOffset":8,"xAdvance":25},"7858":{"rect":{"x":77,"y":271,"width":36,"height":54},"xOffset":0,"yOffset":6,"xAdvance":35},"7859":{"rect":{"x":427,"y":290,"width":26,"height":51},"xOffset":0,"yOffset":9,"xAdvance":25},"7860":{"rect":{"x":38,"y":332,"width":37,"height":54},"xOffset":0,"yOffset":6,"xAdvance":36},"7861":{"rect":{"x":481,"y":48,"width":25,"height":50},"xOffset":0,"yOffset":10,"xAdvance":24},"7862":{"rect":{"x":41,"y":124,"width":37,"height":56},"xOffset":0,"yOffset":15,"xAdvance":36},"7863":{"rect":{"x":454,"y":297,"width":26,"height":51},"xOffset":0,"yOffset":19,"xAdvance":25},"7864":{"rect":{"x":455,"y":0,"width":25,"height":47},"xOffset":0,"yOffset":24,"xAdvance":24},"7865":{"rect":{"x":400,"y":237,"width":26,"height":41},"xOffset":0,"yOffset":29,"xAdvance":25},"7866":{"rect":{"x":455,"y":96,"width":25,"height":50},"xOffset":0,"yOffset":10,"xAdvance":24},"7867":{"rect":{"x":400,"y":279,"width":26,"height":44},"xOffset":0,"yOffset":16,"xAdvance":25},"7868":{"rect":{"x":481,"y":0,"width":25,"height":47},"xOffset":0,"yOffset":13,"xAdvance":24},"7869":{"rect":{"x":401,"y":105,"width":26,"height":41},"xOffset":0,"yOffset":19,"xAdvance":25},"7870":{"rect":{"x":184,"y":390,"width":33,"height":53},"xOffset":0,"yOffset":7,"xAdvance":32},"7871":{"rect":{"x":218,"y":463,"width":32,"height":49},"xOffset":0,"yOffset":11,"xAdvance":31},"7872":{"rect":{"x":454,"y":432,"width":25,"height":56},"xOffset":0,"yOffset":4,"xAdvance":24},"7873":{"rect":{"x":454,"y":349,"width":26,"height":51},"xOffset":0,"yOffset":9,"xAdvance":25},"7874":{"rect":{"x":283,"y":76,"width":30,"height":54},"xOffset":0,"yOffset":6,"xAdvance":29},"7875":{"rect":{"x":283,"y":325,"width":29,"height":51},"xOffset":0,"yOffset":9,"xAdvance":28},"7876":{"rect":{"x":481,"y":189,"width":25,"height":56},"xOffset":0,"yOffset":4,"xAdvance":24},"7877":{"rect":{"x":400,"y":411,"width":26,"height":51},"xOffset":0,"yOffset":9,"xAdvance":25},"7878":{"rect":{"x":480,"y":432,"width":25,"height":58},"xOffset":0,"yOffset":13,"xAdvance":24},"7879":{"rect":{"x":400,"y":500,"width":26,"height":52},"xOffset":0,"yOffset":18,"xAdvance":25},"7880":{"rect":{"x":530,"y":236,"width":13,"height":50},"xOffset":0,"yOffset":10,"xAdvance":12},"7881":{"rect":{"x":529,"y":378,"width":13,"height":43},"xOffset":0,"yOffset":16,"xAdvance":12},"7882":{"rect":{"x":530,"y":329,"width":11,"height":47},"xOffset":0,"yOffset":24,"xAdvance":10},"7883":{"rect":{"x":541,"y":51,"width":12,"height":52},"xOffset":0,"yOffset":18,"xAdvance":11},"7884":{"rect":{"x":149,"y":251,"width":34,"height":48},"xOffset":0,"yOffset":23,"xAdvance":33},"7885":{"rect":{"x":372,"y":112,"width":28,"height":41},"xOffset":0,"yOffset":29,"xAdvance":27},"7886":{"rect":{"x":184,"y":185,"width":34,"height":51},"xOffset":0,"yOffset":10,"xAdvance":33},"7887":{"rect":{"x":343,"y":135,"width":28,"height":44},"xOffset":0,"yOffset":16,"xAdvance":27},"7888":{"rect":{"x":0,"y":277,"width":38,"height":54},"xOffset":0,"yOffset":7,"xAdvance":37},"7889":{"rect":{"x":184,"y":339,"width":33,"height":50},"xOffset":0,"yOffset":10,"xAdvance":32},"7890":{"rect":{"x":114,"y":307,"width":34,"height":57},"xOffset":0,"yOffset":4,"xAdvance":33},"7891":{"rect":{"x":314,"y":112,"width":28,"height":52},"xOffset":0,"yOffset":8,"xAdvance":27},"7892":{"rect":{"x":155,"y":0,"width":34,"height":55},"xOffset":0,"yOffset":6,"xAdvance":33},"7893":{"rect":{"x":283,"y":171,"width":30,"height":51},"xOffset":0,"yOffset":9,"xAdvance":29},"7894":{"rect":{"x":190,"y":0,"width":33,"height":57},"xOffset":0,"yOffset":4,"xAdvance":32},"7895":{"rect":{"x":314,"y":248,"width":28,"height":51},"xOffset":0,"yOffset":9,"xAdvance":27},"7896":{"rect":{"x":149,"y":192,"width":34,"height":58},"xOffset":0,"yOffset":13,"xAdvance":33},"7897":{"rect":{"x":343,"y":39,"width":28,"height":52},"xOffset":0,"yOffset":18,"xAdvance":27},"7898":{"rect":{"x":184,"y":237,"width":34,"height":50},"xOffset":0,"yOffset":11,"xAdvance":33},"7899":{"rect":{"x":371,"y":490,"width":28,"height":43},"xOffset":0,"yOffset":17,"xAdvance":27},"7900":{"rect":{"x":184,"y":288,"width":33,"height":50},"xOffset":0,"yOffset":11,"xAdvance":32},"7901":{"rect":{"x":343,"y":180,"width":28,"height":43},"xOffset":0,"yOffset":17,"xAdvance":27},"7902":{"rect":{"x":151,"y":133,"width":34,"height":51},"xOffset":0,"yOffset":10,"xAdvance":33},"7903":{"rect":{"x":343,"y":224,"width":28,"height":44},"xOffset":0,"yOffset":16,"xAdvance":27},"7904":{"rect":{"x":149,"y":445,"width":34,"height":48},"xOffset":0,"yOffset":13,"xAdvance":33},"7905":{"rect":{"x":343,"y":313,"width":28,"height":41},"xOffset":0,"yOffset":19,"xAdvance":27},"7906":{"rect":{"x":120,"y":0,"width":34,"height":49},"xOffset":0,"yOffset":22,"xAdvance":33},"7907":{"rect":{"x":343,"y":355,"width":28,"height":43},"xOffset":0,"yOffset":27,"xAdvance":27},"7908":{"rect":{"x":251,"y":422,"width":31,"height":47},"xOffset":0,"yOffset":24,"xAdvance":30},"7909":{"rect":{"x":372,"y":154,"width":27,"height":41},"xOffset":0,"yOffset":29,"xAdvance":26},"7910":{"rect":{"x":251,"y":244,"width":31,"height":51},"xOffset":0,"yOffset":10,"xAdvance":30},"7911":{"rect":{"x":427,"y":490,"width":26,"height":44},"xOffset":0,"yOffset":16,"xAdvance":25},"7912":{"rect":{"x":77,"y":221,"width":36,"height":49},"xOffset":0,"yOffset":12,"xAdvance":35},"7913":{"rect":{"x":218,"y":419,"width":32,"height":43},"xOffset":0,"yOffset":17,"xAdvance":31},"7914":{"rect":{"x":45,"y":37,"width":37,"height":49},"xOffset":0,"yOffset":11,"xAdvance":36},"7915":{"rect":{"x":219,"y":232,"width":31,"height":43},"xOffset":0,"yOffset":17,"xAdvance":30},"7916":{"rect":{"x":76,"y":328,"width":37,"height":49},"xOffset":0,"yOffset":11,"xAdvance":36},"7917":{"rect":{"x":218,"y":330,"width":32,"height":44},"xOffset":0,"yOffset":16,"xAdvance":31},"7918":{"rect":{"x":76,"y":378,"width":37,"height":45},"xOffset":0,"yOffset":15,"xAdvance":36},"7919":{"rect":{"x":218,"y":288,"width":32,"height":41},"xOffset":0,"yOffset":19,"xAdvance":31},"7920":{"rect":{"x":76,"y":481,"width":36,"height":49},"xOffset":0,"yOffset":21,"xAdvance":35},"7921":{"rect":{"x":218,"y":375,"width":32,"height":43},"xOffset":0,"yOffset":27,"xAdvance":31},"7922":{"rect":{"x":116,"y":96,"width":34,"height":47},"xOffset":0,"yOffset":12,"xAdvance":33},"7923":{"rect":{"x":220,"y":92,"width":31,"height":51},"xOffset":0,"yOffset":17,"xAdvance":30},"7924":{"rect":{"x":149,"y":300,"width":34,"height":47},"xOffset":0,"yOffset":23,"xAdvance":33},"7925":{"rect":{"x":250,"y":513,"width":31,"height":41},"xOffset":0,"yOffset":29,"xAdvance":30},"7926":{"rect":{"x":114,"y":413,"width":34,"height":50},"xOffset":0,"yOffset":9,"xAdvance":33},"7927":{"rect":{"x":282,"y":470,"width":30,"height":52},"xOffset":0,"yOffset":16,"xAdvance":29},"7928":{"rect":{"x":114,"y":365,"width":34,"height":47},"xOffset":0,"yOffset":12,"xAdvance":33},"7929":{"rect":{"x":283,"y":275,"width":30,"height":49},"xOffset":0,"yOffset":19,"xAdvance":29}},"kerningDict":{"2883632":-3,"3014704":-3,"3014705":-4,"3014706":-3,"3014707":-4,"3014708":-2,"3014709":-3,"3014710":-2,"3014711":-5,"3014712":-2,"3014713":-3,"3145772":-2,"3145774":-2,"3145776":-1,"3145777":-2,"3145778":-3,"3145779":-3,"3145780":-1,"3145781":-2,"3145782":-1,"3145783":-2,"3145784":-1,"3145785":-1,"3145803":-1,"3145805":-1,"3211308":-2,"3211310":-1,"3211312":-2,"3211313":-3,"3211314":-2,"3211315":-3,"3211316":-1,"3211317":-2,"3211318":-1,"3211319":-4,"3211320":-1,"3211321":-2,"3211339":-1,"3211341":-1,"3276844":-2,"3276846":-1,"3276848":-2,"3276849":-2,"3276850":-2,"3276851":-3,"3276852":-1,"3276853":-2,"3276854":-1,"3276855":-2,"3276856":-1,"3276857":-2,"3276875":-1,"3276877":-1,"3342380":-2,"3342382":-2,"3342384":-2,"3342385":-2,"3342386":-3,"3342387":-3,"3342388":-1,"3342389":-2,"3342390":-1,"3342391":-2,"3342392":-1,"3342393":-3,"3342411":-1,"3342413":-1,"3407916":-2,"3407918":-2,"3407920":-2,"3407921":-3,"3407922":-3,"3407923":-3,"3407924":-1,"3407925":-2,"3407926":-1,"3407927":-5,"3407928":-1,"3407929":-4,"3407949":-1,"3407979":-1,"3473452":-2,"3473454":-2,"3473456":-2,"3473457":-3,"3473458":-3,"3473459":-3,"3473460":-1,"3473461":-2,"3473462":-1,"3473463":-3,"3473464":-1,"3473465":-3,"3473483":-1,"3473485":-1,"3538988":-2,"3538990":-2,"3538992":-2,"3538993":-3,"3538994":-3,"3538995":-3,"3538996":-1,"3538997":-2,"3538998":-1,"3538999":-3,"3539000":-1,"3539001":-2,"3539019":-1,"3539021":-1,"3604524":-9,"3604526":-9,"3604528":-3,"3604529":-1,"3604530":-2,"3604531":-3,"3604532":-6,"3604533":-4,"3604534":-3,"3604535":-1,"3604536":-2,"3604537":-2,"3604555":-1,"3604557":-2,"3670060":-2,"3670062":-2,"3670064":-2,"3670065":-2,"3670066":-3,"3670067":-3,"3670068":-1,"3670069":-2,"3670070":-1,"3670071":-2,"3670072":-1,"3670073":-3,"3670091":-1,"3670093":-1,"3735596":-3,"3735598":-3,"3735600":-1,"3735601":-2,"3735602":-3,"3735603":-4,"3735604":-2,"3735605":-3,"3735606":-1,"3735607":-2,"3735608":-2,"3735609":-1,"3735627":-1,"3735629":-2,"4259879":-10,"4259907":-4,"4259911":-4,"4259919":-5,"4259921":-5,"4259924":-10,"4259925":-4,"4259926":-11,"4259927":-9,"4259929":-12,"4259930":-1,"4259939":-4,"4259940":-4,"4259941":-4,"4259943":-4,"4259951":-4,"4259952":-1,"4259953":-4,"4259956":-7,"4259957":-4,"4259958":-9,"4259959":-7,"4259961":-4,"4259962":-1,"4325420":-2,"4325422":-2,"4325441":-3,"4325445":-1,"4325452":-1,"4325456":-1,"4325458":-1,"4325461":-1,"4325462":-4,"4325463":-4,"4325465":-5,"4325474":-1,"4325481":-2,"4325483":-1,"4325484":-1,"4325490":-1,"4325493":-1,"4325497":-3,"4390956":-4,"4390958":-4,"4390977":-4,"4390988":-3,"4390991":-4,"4390994":-3,"4391009":-3,"4391020":-3,"4391026":-3,"4456492":-3,"4456494":-3,"4456513":-4,"4456516":-1,"4456517":-1,"4456521":-1,"4456524":-1,"4456525":-2,"4456526":-1,"4456527":-1,"4456528":-1,"4456530":-1,"4456533":-1,"4456534":-4,"4456535":-4,"4456537":-5,"4456545":-2,"4522051":-1,"4522063":-2,"4522101":-1,"4522102":-1,"4587564":-14,"4587566":-13,"4587578":-2,"4587579":-3,"4587585":-9,"4587587":-2,"4587591":-3,"4587599":-3,"4587617":-4,"4587621":-3,"4587625":-2,"4587631":-3,"4587634":-1,"4587636":-1,"4587637":-1,"4587641":-1,"4653125":-1,"4653135":-1,"4653138":-1,"4653141":-1,"4653173":-1,"4718671":-1,"4718693":-1,"4718703":-1,"4718709":-1,"4718713":-1,"4784195":-1,"4784199":-1,"4784205":-1,"4784207":-1,"4784211":-2,"4784227":-1,"4784228":-1,"4784237":-1,"4784239":-1,"4784241":-1,"4784243":-2,"4784244":-1,"4849708":-2,"4849710":-2,"4849729":-3,"4849743":-1,"4849761":-1,"4849765":-1,"4849775":-1,"4849781":-1,"4915279":-5,"4915301":-4,"4915311":-4,"4915317":-4,"4980775":-11,"4980803":-1,"4980807":-1,"4980815":-2,"4980820":-11,"4980821":-1,"4980822":-9,"4980823":-7,"4980825":-12,"4980853":-1,"4980857":-4,"5046343":-1,"5046351":-1,"5046369":-1,"5046371":-1,"5046372":-1,"5046373":-1,"5046383":-1,"5111852":-2,"5111854":-1,"5111875":-1,"5111879":-1,"5111887":-1,"5111905":-1,"5111909":-1,"5111913":-2,"5111919":-1,"5111925":-1,"5177388":-3,"5177390":-3,"5177409":-4,"5177410":-1,"5177411":-1,"5177412":-1,"5177413":-1,"5177414":-1,"5177415":-1,"5177416":-1,"5177417":-1,"5177419":-1,"5177420":-1,"5177421":-2,"5177422":-1,"5177424":-1,"5177426":-1,"5177428":-3,"5177429":-1,"5177430":-4,"5177431":-4,"5177432":-5,"5177433":-5,"5177441":-2,"5177442":-1,"5177443":-1,"5177447":-1,"5177448":-1,"5177451":-1,"5177452":-1,"5242924":-6,"5242926":-6,"5242938":-1,"5242939":-1,"5242945":-7,"5242949":-1,"5242956":-1,"5242959":-1,"5242960":-1,"5242963":-3,"5242965":-1,"5242969":-4,"5242977":-3,"5242981":-1,"5242991":-1,"5242995":-2,"5308501":-1,"5374019":-2,"5374023":-2,"5374036":-2,"5374037":-2,"5374038":-3,"5374039":-3,"5374041":-4,"5374052":-2,"5374053":-2,"5374063":-2,"5374068":-2,"5374069":-2,"5439532":-2,"5439534":-2,"5439561":-1,"5439565":-1,"5439572":-2,"5439573":-1,"5439593":-2,"5439600":-1,"5439605":-1,"5505068":-11,"5505070":-10,"5505082":-2,"5505083":-3,"5505089":-10,"5505091":-2,"5505096":-1,"5505097":-1,"5505103":-3,"5505121":-4,"5505123":-4,"5505125":-4,"5505128":-1,"5505129":-2,"5505135":-4,"5505138":-1,"5505139":-3,"5505141":-1,"5505143":-1,"5505145":-1,"5570604":-3,"5570606":-3,"5570625":-4,"5570627":-1,"5570631":-1,"5570633":-1,"5570637":-2,"5570639":-1,"5570643":-3,"5570657":-2,"5570663":-1,"5570665":-2,"5570669":-1,"5570670":-1,"5570672":-1,"5570675":-2,"5636140":-10,"5636142":-10,"5636154":-4,"5636155":-5,"5636161":-11,"5636163":-4,"5636167":-5,"5636175":-5,"5636179":-5,"5636193":-6,"5636197":-6,"5636201":-2,"5636207":-6,"5636210":-3,"5636213":-3,"5701676":-8,"5701678":-8,"5701690":-4,"5701691":-5,"5701697":-9,"5701699":-4,"5701703":-5,"5701711":-5,"5701732":-5,"5701737":-3,"5701741":-3,"5701742":-3,"5701746":-3,"5701748":-3,"5701749":-3,"5701753":-3,"5767265":-3,"5767269":-4,"5767279":-4,"5767285":-4,"5767289":-4,"5832748":-14,"5832750":-13,"5832762":-5,"5832763":-6,"5832769":-13,"5832771":-5,"5832783":-6,"5832787":-6,"5832804":-6,"5832805":-7,"5832809":-2,"5832816":-4,"5832821":-4,"5832822":-4,"5898319":-2,"5898329":-3,"5898361":-1,"6357082":-1,"6357091":-1,"6357092":-1,"6357093":-1,"6357094":-1,"6357095":-1,"6357104":-1,"6357108":-1,"6357109":-1,"6357110":-2,"6357111":-2,"6357113":-2,"6357114":-1,"6422572":-2,"6422574":-2,"6422636":-1,"6422642":-1,"6422645":-1,"6422649":-3,"6488140":-2,"6488161":-2,"6488168":-2,"6488171":-2,"6488172":-2,"6553644":-2,"6553646":-1,"6553697":-1,"6553699":-1,"6553701":-1,"6553703":-1,"6553711":-1,"6553716":-1,"6553717":-1,"6553718":-1,"6553719":-1,"6553721":-1,"6619180":-4,"6619182":-4,"6619233":-3,"6619241":-3,"6619244":-2,"6619245":-2,"6619246":-2,"6619248":-2,"6619250":-2,"6619252":-2,"6619253":-2,"6619254":-4,"6619255":-3,"6619257":-4,"6684716":-9,"6684718":-8,"6684769":-4,"6684773":-2,"6684774":-2,"6684777":-1,"6684780":-1,"6684783":-2,"6750252":-2,"6750254":-1,"6750305":-1,"6750309":-1,"6750311":-1,"6750312":-1,"6750316":-1,"6750319":-1,"6815843":-1,"6815844":-1,"6815845":-1,"6815847":-1,"6815855":-1,"6815856":-1,"6815860":-1,"6815861":-1,"6815862":-3,"6815863":-2,"6815865":-3,"6881357":-1,"6881363":-2,"6881379":-1,"6881380":-1,"6881381":-1,"6881383":-1,"6881389":-1,"6881391":-1,"6881392":-1,"6881395":-2,"6881396":-1,"6881397":-1,"6881398":-1,"6946860":-3,"6946862":-2,"6946913":-2,"6946917":-2,"6946927":-2,"6946933":-2,"7012449":-3,"7012451":-4,"7012452":-4,"7012453":-4,"7012455":-4,"7012463":-4,"7077985":-1,"7077987":-1,"7077988":-1,"7077989":-1,"7077990":-1,"7077991":-1,"7077999":-1,"7078000":-1,"7078001":-1,"7078005":-1,"7078006":-1,"7078007":-1,"7078009":-1,"7143521":-1,"7143523":-1,"7143524":-1,"7143525":-1,"7143527":-1,"7143534":-1,"7143535":-1,"7143536":-1,"7143540":-1,"7143541":-1,"7143542":-2,"7143545":-2,"7209059":-1,"7209060":-1,"7209061":-1,"7209063":-1,"7209071":-1,"7209072":-1,"7209076":-1,"7209077":-1,"7209078":-2,"7209079":-2,"7209081":-2,"7274540":-2,"7274542":-2,"7274563":-1,"7274567":-1,"7274594":-1,"7274595":-1,"7274598":-1,"7274599":-1,"7274600":-1,"7274602":-4,"7274603":-1,"7274604":-1,"7274605":-1,"7274606":-1,"7274608":-1,"7274610":-1,"7274613":-1,"7274614":-3,"7274615":-2,"7274616":-4,"7274617":-3,"7340076":-2,"7340078":-2,"7340129":-1,"7340136":-1,"7340137":-2,"7340140":-1,"7340144":-1,"7340147":-2,"7340149":-1,"7405685":-1,"7471148":-11,"7471150":-10,"7471201":-3,"7471204":-1,"7471205":-1,"7471207":-1,"7471211":-1,"7471212":-1,"7471213":-1,"7471214":-1,"7471215":-1,"7471217":-1,"7471218":-1,"7471220":-1,"7471222":-1,"7471225":-1,"7536684":-2,"7536686":-2,"7536744":-1,"7536756":-2,"7536757":-1,"7602220":-3,"7602222":-2,"7602249":-2,"7602273":-2,"7602276":-2,"7602277":-2,"7602280":-2,"7602281":-3,"7602287":-2,"7667785":-1,"7667809":-1,"7667811":-1,"7667812":-1,"7667813":-1,"7667815":-1,"7667817":-2,"7667821":-1,"7667823":-1,"7667824":-1,"7667825":-1,"7667828":-1,"7667830":-1,"7667831":-1,"7667833":-1,"7733292":-8,"7733294":-8,"7733345":-4,"7733346":-1,"7733347":-3,"7733348":-3,"7733349":-3,"7733351":-3,"7733359":-3,"7733366":-1,"7733369":-1,"7798828":-6,"7798830":-6,"7798881":-4,"7798884":-2,"7798885":-2,"7798887":-2,"7798888":-1,"7798894":-1,"7798895":-2,"7798904":-1,"7864417":-3,"7864421":-3,"7864431":-3,"7929900":-7,"7929902":-7,"7929953":-4,"7929955":-3,"7929956":-3,"7929957":-3,"7929967":-3,"7995481":-3,"7995513":-1}}},{"__type__":"cc.SpriteFrame","content":{"name":"avenger_text_game","texture":"7dVWEyK7pD4Lk+B8Mj4k9X","rect":[0,0,553,554],"offset":[-0.5,0.5],"originalSize":[554,555],"capInsets":[0,0,0,0]}}]