[{"__type__":"cc.SpriteFrame","content":{"name":"plate-xoc-1","texture":"a44XIGkZNPpp8aIizzbkFl","rect":[271,0,217,176],"offset":[0,0],"originalSize":[217,176],"capInsets":[0,0,0,0]}},{"__type__":"cc.SpriteFrame","content":{"name":"plate-xoc-3","texture":"a44XIGkZNPpp8aIizzbkFl","rect":[705,0,217,176],"offset":[0,0],"originalSize":[217,176],"capInsets":[0,0,0,0]}},{"__type__":"cc.SpriteFrame","content":{"name":"plate-xoc-2","texture":"a44XIGkZNPpp8aIizzbkFl","rect":[488,0,217,176],"offset":[0,0],"originalSize":[217,176],"capInsets":[0,0,0,0]}},{"__type__":"cc.AnimationClip","_name":"BauCua_plate","_duration":2.6666666666666665,"speed":1.2,"wrapMode":"0","curveData":{"paths":{"plate-xoc":{"comps":{"cc.Sprite":{"spriteFrame":[{"frame":0,"value":{"__uuid__":"9cwqXQjLRA9qXdB9hAE/Lq"}},{"frame":0.08333333333333333,"value":{"__uuid__":"3fUDvA6PZAGbn9EFoOlD7W"}},{"frame":0.16666666666666666,"value":{"__uuid__":"9cwqXQjLRA9qXdB9hAE/Lq"}},{"frame":0.25,"value":{"__uuid__":"49gLZaKddAK6Hzwgek9Pcx"}},{"frame":0.3333333333333333,"value":{"__uuid__":"9cwqXQjLRA9qXdB9hAE/Lq"}},{"frame":0.4166666666666667,"value":{"__uuid__":"3fUDvA6PZAGbn9EFoOlD7W"}},{"frame":0.5,"value":{"__uuid__":"9cwqXQjLRA9qXdB9hAE/Lq"}},{"frame":0.5833333333333334,"value":{"__uuid__":"49gLZaKddAK6Hzwgek9Pcx"}},{"frame":0.6666666666666666,"value":{"__uuid__":"9cwqXQjLRA9qXdB9hAE/Lq"}},{"frame":0.75,"value":{"__uuid__":"3fUDvA6PZAGbn9EFoOlD7W"}},{"frame":0.8333333333333334,"value":{"__uuid__":"9cwqXQjLRA9qXdB9hAE/Lq"}}]}},"props":{"active":[{"frame":0,"value":true},{"frame":0.9166666666666666,"value":false}]}},"plate-dia":{"props":{"active":[{"frame":0,"value":false},{"frame":0.9166666666666666,"value":true}]}},"plate-bat":{"props":{"active":[{"frame":0,"value":false},{"frame":0.9166666666666666,"value":true}],"position":[{"frame":0.9166666666666666,"value":[0.5,-9]},{"frame":2,"value":[-60.1,-79.6]},{"frame":2.6666666666666665,"value":[-60.1,-79.6]}]}}}}}]