[{"__type__":"cc.SpriteFrame","content":{"name":"fontKV-export","texture":"2c2q1SgapNHaZ46mq5y/Ng","rect":[0,0,256,256],"offset":[0,0],"originalSize":[256,256],"capInsets":[0,0,0,0]}},{"__type__":"cc.BitmapFont","_name":"fontKV-export","spriteFrame":{"__uuid__":"3d0yjK/5JGTYC5sJdP2wiI"},"fontSize":32,"_fntConfig":{"commonHeight":91,"fontSize":32,"atlasName":"fontKV-export.png","fontDefDictionary":{"9":{"rect":{"x":0,"y":0,"width":0,"height":0},"xOffset":0,"yOffset":0,"xAdvance":124},"32":{"rect":{"x":0,"y":0,"width":0,"height":0},"xOffset":0,"yOffset":0,"xAdvance":31},"35":{"rect":{"x":0,"y":0,"width":59,"height":72},"xOffset":0,"yOffset":19,"xAdvance":59},"43":{"rect":{"x":0,"y":73,"width":59,"height":60},"xOffset":0,"yOffset":19,"xAdvance":59},"44":{"rect":{"x":35,"y":219,"width":25,"height":32},"xOffset":0,"yOffset":59,"xAdvance":25},"45":{"rect":{"x":0,"y":207,"width":34,"height":18},"xOffset":0,"yOffset":41,"xAdvance":34},"46":{"rect":{"x":0,"y":226,"width":19,"height":16},"xOffset":0,"yOffset":75,"xAdvance":19},"48":{"rect":{"x":60,"y":0,"width":51,"height":72},"xOffset":0,"yOffset":19,"xAdvance":51},"49":{"rect":{"x":206,"y":146,"width":34,"height":73},"xOffset":0,"yOffset":18,"xAdvance":34},"50":{"rect":{"x":163,"y":0,"width":46,"height":72},"xOffset":0,"yOffset":18,"xAdvance":46},"51":{"rect":{"x":157,"y":73,"width":49,"height":72},"xOffset":0,"yOffset":19,"xAdvance":49},"52":{"rect":{"x":0,"y":134,"width":53,"height":72},"xOffset":0,"yOffset":18,"xAdvance":53},"53":{"rect":{"x":157,"y":146,"width":48,"height":72},"xOffset":0,"yOffset":18,"xAdvance":48},"54":{"rect":{"x":106,"y":146,"width":50,"height":72},"xOffset":0,"yOffset":19,"xAdvance":50},"55":{"rect":{"x":106,"y":73,"width":50,"height":72},"xOffset":0,"yOffset":19,"xAdvance":50},"56":{"rect":{"x":54,"y":134,"width":51,"height":72},"xOffset":0,"yOffset":19,"xAdvance":51},"57":{"rect":{"x":112,"y":0,"width":50,"height":72},"xOffset":0,"yOffset":19,"xAdvance":50}},"kerningDict":{}}}]