{"__type__":"dragonBones.DragonBonesAsset","_name":"hongshanyu_shadow_ske","_dragonBonesJson":"{\"frameRate\":24,\"name\":\"hongshanyu_shadow\",\"version\":\"5.5\",\"compatibleVersion\":\"5.5\",\"armature\":[{\"type\":\"Sheet\",\"frameRate\":24,\"name\":\"hongshanyu_shadow\",\"aabb\":{\"x\":-494,\"y\":-413.5,\"width\":1020,\"height\":765},\"bone\":[{\"name\":\"root\"}],\"slot\":[{\"name\":\"sheetSlot\",\"parent\":\"root\"}],\"skin\":[{\"slot\":[{\"name\":\"sheetSlot\",\"display\":[{\"name\":\"00000\",\"transform\":{\"x\":16,\"y\":-31}},{\"name\":\"00001\",\"transform\":{\"x\":16,\"y\":-31}},{\"name\":\"00002\",\"transform\":{\"x\":16,\"y\":-31}},{\"name\":\"00003\",\"transform\":{\"x\":16,\"y\":-31}},{\"name\":\"00004\",\"transform\":{\"x\":16,\"y\":-31}},{\"name\":\"00005\",\"transform\":{\"x\":16,\"y\":-31}},{\"name\":\"00006\",\"transform\":{\"x\":16,\"y\":-31}},{\"name\":\"00007\",\"transform\":{\"x\":16,\"y\":-31}}]}]}],\"animation\":[{\"duration\":8,\"playTimes\":0,\"name\":\"hongshanyu_shadow\",\"slot\":[{\"name\":\"sheetSlot\",\"displayFrame\":[{},{\"value\":1},{\"value\":2},{\"value\":3},{\"value\":4},{\"value\":5},{\"value\":6},{\"value\":7}]}]}],\"defaultActions\":[{\"gotoAndPlay\":\"hongshanyu_shadow\"}]}]}"}