[{"__type__":"cc.Prefab","_name":"ef_bullet5","data":{"__id__":1}},{"__type__":"cc.Node","_name":"ef_bullet5","_components":[{"__id__":2},{"__type__":"3a330//WeBF2b3HjqWpZzen","node":{"__id__":1},"anim":{"__id__":2},"typeBet":5}],"_prefab":{"__type__":"cc.PrefabInfo","root":{"__id__":1},"asset":{"__id__":0},"fileId":"11ZWydp+BJ/qv7uau4vG0B"},"_trs":{"__type__":"TypedArray","ctor":"Float64Array","array":[0,0,0,0,0,0,1,1,1,1]}},{"__type__":"dragonBones.ArmatureDisplay","node":{"__id__":1},"_materials":[{"__uuid__":"ecpdLyjvZBwrvm+cedCcQy"}],"_armatureName":"kyby_zidan5-hit","_preCacheMode":0,"_armatureKey":"20801487-b66f-44cf-bb2a-4bf4e5f08c37#047d066f-8d7e-4b79-8004-bde0016a8272","_N$dragonAsset":{"__uuid__":"20gBSHtm9Ez7sqS/Tl8Iw3"},"_N$dragonAtlasAsset":{"__uuid__":"04fQZvjX5LeYAEveABaoJy"}}]