{"__type__":"dragonBones.DragonBonesAsset","_name":"baolongwang_ske","_dragonBonesJson":"{\"frameRate\":24,\"name\":\"baolongwang\",\"version\":\"5.5\",\"compatibleVersion\":\"5.5\",\"armature\":[{\"type\":\"Sheet\",\"frameRate\":24,\"name\":\"Sprite\",\"aabb\":{\"x\":-640,\"y\":-360,\"width\":1280,\"height\":720},\"bone\":[{\"name\":\"root\"}],\"slot\":[{\"displayIndex\":7,\"name\":\"sheetSlot\",\"parent\":\"root\"}],\"skin\":[{\"slot\":[{\"name\":\"sheetSlot\",\"display\":[{\"name\":\"bailongwang_00000\"},{\"name\":\"bailongwang_00001\"},{\"name\":\"bailongwang_00002\"},{\"name\":\"bailongwang_00003\"},{\"name\":\"bailongwang_00004\"},{\"name\":\"bailongwang_00005\"},{\"name\":\"bailongwang_00006\"},{\"name\":\"bailongwang_00007\"},{\"name\":\"bailongwang_00008\"},{\"name\":\"bailongwang_00009\"},{\"name\":\"bailongwang_00010\"},{\"name\":\"bailongwang_00011\"},{\"name\":\"bailongwang_00012\"},{\"name\":\"bailongwang_00013\"},{\"name\":\"bailongwang_00014\"},{\"name\":\"bailongwang_00015\"}]}]}],\"animation\":[{\"duration\":16,\"playTimes\":0,\"name\":\"Sprite\",\"slot\":[{\"name\":\"sheetSlot\",\"displayFrame\":[{},{\"value\":1},{\"value\":2},{\"value\":3},{\"value\":4},{\"value\":5},{\"value\":6},{\"value\":7},{\"value\":8},{\"value\":9},{\"value\":10},{\"value\":11},{\"value\":12},{\"value\":13},{\"value\":14},{\"value\":15}]}]}],\"defaultActions\":[{\"gotoAndPlay\":\"Sprite\"}]}]}"}