{"__type__":"sp.SkeletonData","_name":"titleTAIXIU","_skeletonJson":{"skeleton":{"hash":"8nl6uIwAWcTyQ2NaETXfJ1OhSoI","spine":"3.6.53","width":660,"height":297,"images":""},"bones":[{"name":"root"},{"name":"Layer 1","parent":"root","x":255.07,"y":-32.66},{"name":"Layer 2","parent":"root","x":-231.59,"y":-33.9},{"name":"Layer 3","parent":"root","x":-0.21,"y":-20.22},{"name":"Layer 5","parent":"Layer 2","length":50.35,"rotation":-152.8,"x":-3.11,"y":99.52},{"name":"bone","parent":"Layer 3","length":100,"x":-208.77,"y":19.94},{"name":"bone2","parent":"Layer 3","length":100,"x":211.39,"y":-4.74},{"name":"bone3","parent":"root","x":-100,"y":-22},{"name":"bone4","parent":"bone3","x":-100},{"name":"bone5","parent":"bone3","x":-75.27},{"name":"bone6","parent":"bone3","x":-47.21},{"name":"bone7","parent":"bone3","x":-19.16},{"name":"bone8","parent":"bone3","x":17.99},{"name":"bone9","parent":"bone3","x":44.89},{"name":"bone10","parent":"bone3","x":72.5,"y":-5},{"name":"bone11","parent":"bone3","x":100.83},{"name":"bone12","parent":"bone3","x":130},{"name":"bone13","parent":"bone3","x":166.85},{"name":"bone14","parent":"bone3","x":194.37},{"name":"bone15","parent":"bone3","x":226.45,"y":1},{"name":"bone16","parent":"bone3","x":271.56,"y":1},{"name":"bone17","parent":"bone3","x":295.64,"y":8},{"name":"bone18","parent":"bone3","x":319.4,"y":1}],"slots":[{"name":"Layer 1","bone":"Layer 1","attachment":"Layer 1"},{"name":"Layer 2","bone":"Layer 2","attachment":"Layer 2"},{"name":"Layer 3","bone":"Layer 3","attachment":"Layer 1893"},{"name":"Layer 4","bone":"Layer 5","attachment":"Layer 4"},{"name":"Layer 8 copy 4","bone":"bone","attachment":"Layer 8 copy 4","blend":"additive"},{"name":"Layer 8 copy 5","bone":"bone2","attachment":"Layer 8 copy 4","blend":"additive"},{"name":"Group 23_01","bone":"bone4","attachment":"Group 23_01"},{"name":"Group 23_1","bone":"bone5","attachment":"Group 23_02"},{"name":"Group 23_2","bone":"bone6","attachment":"Group 23_03"},{"name":"Group 23_3","bone":"bone7","attachment":"Group 23_04"},{"name":"Group 23_4","bone":"bone8","attachment":"Group 23_05"},{"name":"Group 23_5","bone":"bone9","attachment":"Group 23_06"},{"name":"Group 23_6","bone":"bone10","attachment":"Group 23_07"},{"name":"Group 23_7","bone":"bone11","attachment":"Group 23_08"},{"name":"Group 23_8","bone":"bone12","attachment":"Group 23_09"},{"name":"Group 23_9","bone":"bone13","attachment":"Group 23_10"},{"name":"Group 23_10","bone":"bone14","attachment":"Group 23_11"},{"name":"Group 23_11","bone":"bone15","attachment":"Group 23_12"},{"name":"Group 23_12","bone":"bone16","attachment":"Group 23_13"},{"name":"Group 23_13","bone":"bone17","attachment":"Group 23_14"},{"name":"Group 23_14","bone":"bone18","attachment":"Group 23_15"}],"skins":{"default":{"Group 23_01":{"Group 23_01":{"width":37,"height":48}},"Group 23_1":{"Group 23_02":{"width":42,"height":47}},"Group 23_10":{"Group 23_11":{"width":41,"height":47}},"Group 23_11":{"Group 23_12":{"width":52,"height":47}},"Group 23_12":{"Group 23_13":{"width":42,"height":46}},"Group 23_13":{"Group 23_14":{"width":42,"height":60}},"Group 23_14":{"Group 23_15":{"width":39,"height":46}},"Group 23_2":{"Group 23_03":{"width":45,"height":47}},"Group 23_3":{"Group 23_04":{"width":42,"height":48}},"Group 23_4":{"Group 23_05":{"width":40,"height":47}},"Group 23_5":{"Group 23_06":{"width":42,"height":47}},"Group 23_6":{"Group 23_07":{"width":41,"height":54}},"Group 23_7":{"Group 23_08":{"width":45,"height":47}},"Group 23_8":{"Group 23_09":{"width":42,"height":48}},"Group 23_9":{"Group 23_10":{"width":43,"height":47}},"Layer 1":{"Layer 1":{"type":"mesh","uvs":[1,0.24048,0.91679,0.20076,0.83312,0.22949,0.80623,0.28527,0.8122,0.3402,0.77037,0.33175,0.78979,0.24386,0.85105,0.16019,0.77037,0.1509,0.60603,0.05286,0.56436,0,0.35071,0,0.2267,0.0852,0.20429,0.1807,0.12361,0.21704,0.12212,0.26014,0.11913,0.3024,0.08776,0.33789,0,0.37254,0,0.50522,0.09224,0.57368,0.14752,0.61171,0.1012,0.64664,0.11166,0.69819,0.15499,0.71086,0.05937,0.70748,0,0.74129,0,1,0.7795,1,0.91247,0.63874,0.8288,0.55676,0.62711,0.52296,0.64055,0.50775,0.70928,0.5069,0.80042,0.52296,0.82582,0.47479,0.82283,0.44183,0.89305,0.37675,0.97223,0.33872,1,0.30556,0.24088,0.40304,0.29838,0.46483,0.41913,0.51579,0.22938,0.33257,0.27922,0.33799,0.40188,0.31739,0.51113,0.26752,0.52646,0.24149,0.59163,0.26643,0.55521,0.31413],"triangles":[7,6,8,47,11,10,47,10,9,48,47,9,8,48,9,6,48,8,11,45,12,11,47,45,45,13,12,1,0,39,49,47,48,46,47,49,47,46,45,5,48,6,44,43,13,15,14,13,43,15,13,16,15,43,45,44,13,38,1,39,37,4,3,38,37,2,38,2,1,37,3,2,40,43,44,36,4,37,41,44,45,40,44,41,19,18,17,5,49,48,5,32,49,36,33,5,36,5,4,33,32,5,49,42,45,49,45,46,31,42,49,41,45,42,32,31,49,35,34,33,35,33,36,17,40,20,43,17,16,40,17,43,21,20,40,19,17,20,41,21,40,24,23,22,42,24,21,24,22,21,24,27,26,24,26,25,28,31,30,28,30,29,42,31,28,42,21,41,28,24,42,27,24,28],"vertices":[101.39,50.06,87.41,61.85,73.36,53.32,68.84,36.75,69.84,20.44,62.81,22.95,66.08,49.05,76.37,73.9,62.81,76.66,35.2,105.78,28.2,121.48,-7.69,121.48,-28.52,96.17,-32.29,67.81,-45.84,57.02,-46.09,44.22,-46.59,31.67,-51.86,21.12,-66.61,10.83,-66.61,-28.57,-51.11,-48.91,-41.82,-60.2,-49.61,-70.57,-47.85,-85.88,-40.57,-89.65,-56.63,-88.65,-66.61,-98.69,-66.61,-175.52,64.35,-175.52,86.69,-68.23,72.63,-43.88,38.75,-33.84,41.01,-29.32,52.55,-29.07,67.86,-33.84,72.13,-19.53,71.63,-9.75,83.42,9.58,96.73,20.88,101.39,30.73,-26.14,1.78,-16.48,-16.58,3.81,-31.71,-28.07,22.71,-19.7,21.1,0.91,27.21,19.26,42.03,21.84,49.75,32.79,42.35,26.67,28.18],"hull":40,"edges":[0,2,2,4,4,6,6,8,8,10,10,12,12,14,14,16,16,18,18,20,20,22,22,24,24,26,26,28,28,30,30,32,32,34,34,36,36,38,38,40,40,42,42,44,44,46,46,48,48,50,50,52,52,54,54,56,56,58,58,60,60,62,62,64,64,66,66,68,68,70,70,72,72,74,74,76,76,78,0,78,80,82,82,84,86,88,88,90,90,92,92,94,94,96,96,98],"width":168,"height":297}},"Layer 2":{"Layer 2":{"type":"mesh","uvs":[0.7765,0.1854,0.60598,0.1361,0.40558,0.12131,0.49172,0.07078,0.2632,0.09296,0.12432,0.18293,0.13839,0.28893,0,0.38999,0,0.57363,0.04873,0.73878,0.20694,0.86079,0.38801,0.9939,0.66048,1,0.45656,0.88914,0.81693,0.95816,1,0.95583,1,0.87202,0.77298,0.85969,1,0.8067,1,0.7537,0.7097,0.71673,1,0.68098,1,0.36917,0.70618,0.34822,0.60598,0.32234,0.62708,0.26194,0.72728,0.23853],"triangles":[2,4,3,26,1,0,25,1,26,6,5,4,25,2,1,24,2,25,8,7,6,23,22,21,20,23,21,10,9,8,17,20,19,18,17,19,6,24,10,2,6,4,24,6,2,10,8,6,13,10,24,20,13,24,14,17,16,15,14,16,20,24,23,13,20,17,13,17,14,11,10,13,11,13,12],"vertices":[78.2,70.91,45.8,84.27,7.72,88.27,24.09,101.97,-19.33,95.96,-45.72,71.57,-43.04,42.85,-69.34,15.46,-69.34,-34.3,-60.08,-79.06,-30.02,-112.13,4.38,-148.2,56.15,-149.85,17.41,-119.81,85.88,-138.51,120.66,-137.88,120.66,-115.17,77.53,-111.83,120.66,-97.47,120.66,-83.1,65.51,-73.08,120.66,-63.4,120.66,21.1,64.84,26.78,45.8,33.8,49.81,50.16,68.85,56.51],"hull":27,"edges":[0,2,2,4,4,6,6,8,8,10,10,12,12,14,14,16,16,18,18,20,20,22,22,24,24,26,26,28,28,30,30,32,32,34,34,36,36,38,38,40,40,42,42,44,44,46,46,48,48,50,50,52,0,52],"width":190,"height":271}},"Layer 3":{"Layer 1893":{"x":9.45,"y":20.22,"width":579,"height":114}},"Layer 4":{"Layer 4":{"type":"mesh","uvs":[1,0.09726,0.67177,0.03853,0.12222,0.05419,0,0.17949,0,0.39289,0.02472,0.70615,0.29949,1,0.56245,1,0.35268,0.67091,0.36745,0.4066,0.47972,0.25389,0.69245,0.17558,1,0.14817],"triangles":[11,1,0,12,11,0,10,2,1,10,1,11,3,9,4,2,9,3,2,10,9,8,4,9,5,4,8,6,5,8,6,8,7],"vertices":[-37.69,16.74,-10.03,-8.44,44.92,-33.76,66.39,-21.4,82.58,10.11,103.93,57.6,99.34,114.8,73.62,128.02,69.17,68.89,47.67,30.61,25.1,13.7,-1.66,12.84,-33.83,24.25],"hull":13,"edges":[0,2,2,4,4,6,6,8,8,10,10,12,12,14,14,16,16,18,18,20,20,22,22,24,0,24],"width":110,"height":166}},"Layer 8 copy 4":{"Layer 8 copy 4":{"width":54,"height":56}},"Layer 8 copy 5":{"Layer 8 copy 4":{"width":54,"height":56}}}},"animations":{"animation":{"bones":{"Layer 3":{"scale":[{"time":0,"x":1,"y":1},{"time":1.3333,"x":0.935,"y":0.935},{"time":2.6667,"x":1,"y":1}]},"Layer 2":{"translate":[{"time":0,"x":0,"y":0},{"time":1.3333,"x":0,"y":-15},{"time":2.6667,"x":0,"y":0}]},"Layer 5":{"rotate":[{"time":0,"angle":0},{"time":1.3333,"angle":-11.06},{"time":2.6667,"angle":0}]},"Layer 1":{"rotate":[{"time":0,"angle":0},{"time":1.3333,"angle":4.5},{"time":2.6667,"angle":0}],"translate":[{"time":0,"x":0,"y":0},{"time":1.3333,"x":0,"y":-5},{"time":2.6667,"x":0,"y":0}]},"bone":{"rotate":[{"time":0,"angle":0},{"time":0.5,"angle":-179.56},{"time":1,"angle":2.03}],"scale":[{"time":0,"x":0,"y":0},{"time":0.5,"x":1,"y":1},{"time":1,"x":0,"y":0}]},"bone2":{"rotate":[{"time":0,"angle":0},{"time":0.5,"angle":-179.56},{"time":1,"angle":2.03}],"scale":[{"time":0,"x":0,"y":0},{"time":0.5,"x":1,"y":1},{"time":1,"x":0,"y":0}]},"bone4":{"translate":[{"time":0,"x":0,"y":0},{"time":0.1667,"x":0,"y":10},{"time":0.2667,"x":0,"y":0}]},"bone5":{"translate":[{"time":0,"x":0,"y":0,"curve":"stepped"},{"time":0.0667,"x":0,"y":0},{"time":0.2333,"x":0,"y":10},{"time":0.3333,"x":0,"y":0}]},"bone6":{"translate":[{"time":0,"x":0,"y":0,"curve":"stepped"},{"time":0.1333,"x":0,"y":0},{"time":0.3,"x":0,"y":10},{"time":0.4,"x":0,"y":0}]},"bone7":{"translate":[{"time":0,"x":0,"y":0,"curve":"stepped"},{"time":0.2,"x":0,"y":0},{"time":0.3667,"x":0,"y":10},{"time":0.4667,"x":0,"y":0}]},"bone8":{"translate":[{"time":0,"x":0,"y":0,"curve":"stepped"},{"time":0.2667,"x":0,"y":0},{"time":0.4333,"x":0,"y":10},{"time":0.5333,"x":0,"y":0}]},"bone9":{"translate":[{"time":0,"x":0,"y":0,"curve":"stepped"},{"time":0.3333,"x":0,"y":0},{"time":0.5,"x":0,"y":10},{"time":0.6,"x":0,"y":0}]},"bone10":{"translate":[{"time":0,"x":0,"y":0,"curve":"stepped"},{"time":0.4,"x":0,"y":0},{"time":0.5667,"x":0,"y":10},{"time":0.6667,"x":0,"y":0}]},"bone11":{"translate":[{"time":0,"x":0,"y":0,"curve":"stepped"},{"time":0.4667,"x":0,"y":0},{"time":0.6333,"x":0,"y":10},{"time":0.7333,"x":0,"y":0}]},"bone12":{"translate":[{"time":0,"x":0,"y":0,"curve":"stepped"},{"time":0.5333,"x":0,"y":0},{"time":0.7,"x":0,"y":10},{"time":0.8,"x":0,"y":0}]},"bone13":{"translate":[{"time":0,"x":0,"y":0,"curve":"stepped"},{"time":0.6,"x":0,"y":0},{"time":0.7667,"x":0,"y":10},{"time":0.8667,"x":0,"y":0}]},"bone14":{"translate":[{"time":0,"x":0,"y":0,"curve":"stepped"},{"time":0.6667,"x":0,"y":0},{"time":0.8333,"x":0,"y":10},{"time":0.9333,"x":0,"y":0}]},"bone15":{"translate":[{"time":0,"x":0,"y":0,"curve":"stepped"},{"time":0.7333,"x":0,"y":0},{"time":0.9,"x":0,"y":10},{"time":1,"x":0,"y":0}]},"bone16":{"translate":[{"time":0,"x":0,"y":0,"curve":"stepped"},{"time":0.8,"x":0,"y":0},{"time":0.9667,"x":0,"y":10},{"time":1.0667,"x":0,"y":0}]},"bone17":{"translate":[{"time":0,"x":0,"y":0,"curve":"stepped"},{"time":0.8667,"x":0,"y":0},{"time":1.0333,"x":0,"y":10},{"time":1.1333,"x":0,"y":0}]},"bone18":{"translate":[{"time":0,"x":0,"y":0,"curve":"stepped"},{"time":0.9333,"x":0,"y":0},{"time":1.1,"x":0,"y":10},{"time":1.2,"x":0,"y":0}]}},"deform":{"default":{"Layer 1":{"Layer 1":[{"time":0},{"time":1.3333,"vertices":[3.06314,-17.08178,9.58728,-12.17488,7.27438,-5.21017,0.51749,-1.59494,-2.38507,-2.39631,-1.97928,-2.28756,-6.68637,8.82976,-10.91162,10.18347,-11.18094,7.91768,-15.59167,2.98252,-18.07764,1.61806,-17.58929,-4.28261,-13.14575,-7.3632,-8.43173,-7.59628,-6.47299,-9.67765,-4.36502,-9.54472,-2.29504,-9.4565,0,0,0,0,0,0,0,0,0,0,0,0,0,0,0,0,0,0,0,0,0,0,0,0,0,0,0,0,0,0,0,0,0,0,0,0,0,0,0,0,-4.37375,-4.49862,-9.16608,-12.14651,-5.34564,-15.15686,0,0,0,0,0,0,-1.07397,-6.28965,-0.92328,-4.89143,-2.20944,-1.58677,-4.89426,1.22906,-6.19983,1.54741,-5.13129,3.44798,-2.7189,2.63494]},{"time":2.6667}]},"Layer 2":{"Layer 2":[{"time":0},{"time":1.3333,"vertices":[-0.1515,-10.929,0.81134,-1.98266,1.16328,5.65907,2.03987,4.53743,1.73563,7.44572,0.16873,9.25921,-1.58191,11.69529,0,10,0,10,0,10,0,10,0,10,0,10,0,10,0,10,0,10,0,10,0,10,0,10,0,10,0,10,0,10,0,10,0,10,0,6.02401,-1.47137,2.938,-1.09064,1.65455]},{"time":2.6667}]},"Layer 4":{"Layer 4":[{"time":0},{"time":1.3333,"offset":2,"vertices":[1.08421,3.74623,2.25873,7.80466,2.25873,7.80466,4.68257,-1.35522,2.5797,-15.63353,14.75484,-19.1573,22.87152,-21.5065,2.5797,-15.63353,4.68257,-1.35522]},{"time":2.6667}]}}}}}},"_atlasText":"\ntitleTAIXIU.png\nsize: 1024,512\nformat: RGBA8888\nfilter: Linear,Linear\nrepeat: none\nGroup 23_01\n  rotate: true\n  xy: 794, 426\n  size: 37, 48\n  orig: 37, 48\n  offset: 0, 0\n  index: -1\nGroup 23_02\n  rotate: false\n  xy: 803, 465\n  size: 42, 47\n  orig: 42, 47\n  offset: 0, 0\n  index: -1\nGroup 23_03\n  rotate: false\n  xy: 406, 349\n  size: 45, 47\n  orig: 45, 47\n  offset: 0, 0\n  index: -1\nGroup 23_08\n  rotate: false\n  xy: 406, 349\n  size: 45, 47\n  orig: 45, 47\n  offset: 0, 0\n  index: -1\nGroup 23_04\n  rotate: false\n  xy: 362, 286\n  size: 42, 48\n  orig: 42, 48\n  offset: 0, 0\n  index: -1\nGroup 23_09\n  rotate: false\n  xy: 362, 286\n  size: 42, 48\n  orig: 42, 48\n  offset: 0, 0\n  index: -1\nGroup 23_05\n  rotate: false\n  xy: 362, 237\n  size: 40, 47\n  orig: 40, 47\n  offset: 0, 0\n  index: -1\nGroup 23_06\n  rotate: false\n  xy: 406, 300\n  size: 42, 47\n  orig: 42, 47\n  offset: 0, 0\n  index: -1\nGroup 23_07\n  rotate: false\n  xy: 56, 43\n  size: 41, 54\n  orig: 41, 54\n  offset: 0, 0\n  index: -1\nGroup 23_10\n  rotate: false\n  xy: 749, 416\n  size: 43, 47\n  orig: 43, 47\n  offset: 0, 0\n  index: -1\nGroup 23_11\n  rotate: true\n  xy: 56, 0\n  size: 41, 47\n  orig: 41, 47\n  offset: 0, 0\n  index: -1\nGroup 23_12\n  rotate: false\n  xy: 749, 465\n  size: 52, 47\n  orig: 52, 47\n  offset: 0, 0\n  index: -1\nGroup 23_13\n  rotate: false\n  xy: 453, 350\n  size: 42, 46\n  orig: 42, 46\n  offset: 0, 0\n  index: -1\nGroup 23_14\n  rotate: false\n  xy: 362, 336\n  size: 42, 60\n  orig: 42, 60\n  offset: 0, 0\n  index: -1\nGroup 23_15\n  rotate: true\n  xy: 0, 0\n  size: 39, 46\n  orig: 39, 46\n  offset: 0, 0\n  index: -1\nLayer 1\n  rotate: false\n  xy: 0, 99\n  size: 168, 297\n  orig: 168, 297\n  offset: 0, 0\n  index: -1\nLayer 1893\n  rotate: false\n  xy: 0, 398\n  size: 579, 114\n  orig: 579, 114\n  offset: 0, 0\n  index: -1\nLayer 2\n  rotate: false\n  xy: 170, 125\n  size: 190, 271\n  orig: 190, 271\n  offset: 0, 0\n  index: -1\nLayer 4\n  rotate: true\n  xy: 581, 402\n  size: 110, 166\n  orig: 110, 166\n  offset: 0, 0\n  index: -1\nLayer 8 copy 4\n  rotate: false\n  xy: 0, 41\n  size: 54, 56\n  orig: 54, 56\n  offset: 0, 0\n  index: -1\n","textures":[{"__uuid__":"2a+2yfk2tJJKe9JB39+Qag"}],"textureNames":["titleTAIXIU.png"]}