[{"__type__":"cc.Prefab","_name":"icon","data":{"__id__":1}},{"__type__":"cc.Node","_name":"icon","_components":[{"__type__":"b2ae4rWXqlM36UY11Ju7VVp","node":{"__id__":1},"icons":[{"__uuid__":"726jIfp/5FPrsvuTady4+P"},{"__uuid__":"32N9rPo0NAwLQBz6Vrd8Wr"},{"__uuid__":"ceqIdPHgBKcoZwWrpLgdwV"},{"__uuid__":"294YUueV9O97J2Np1ON+vW"},{"__uuid__":"31BgsGJf9JrrIWu5LkBSgM"},{"__uuid__":"6abVaFjdxP4KVfI6KuyDJ7"},{"__uuid__":"4dpNA5XTZDLYmOBgq3NzhH"},{"__uuid__":"30teUNjGhFCoPcwEU+nDc4"},{"__uuid__":"3ceg1BFQZAtIWHbFJfpHIu"},{"__uuid__":"570712IQFAL7gI4o9sMZv0"},{"__uuid__":"023h2SRB1JSa1scbC8IDrq"}]}],"_prefab":{"__type__":"cc.PrefabInfo","root":{"__id__":1},"asset":{"__uuid__":"77hDv5YuBKtIWeb52iRTDh"},"fileId":"04VxKR11VA1KZ6hP79UDgz"},"_contentSize":{"__type__":"cc.Size","width":165,"height":132},"_trs":{"__type__":"TypedArray","ctor":"Float64Array","array":[0,0,0,0,0,0,1,0.8,0.8,1]}}]