{"__type__":"dragonBones.DragonBonesAsset","_name":"kyby_eff_bubble_ske","_dragonBonesJson":"{\"frameRate\":30,\"name\":\"kyby_eff_bubble\",\"version\":\"5.5\",\"compatibleVersion\":\"5.5\",\"armature\":[{\"type\":\"Armature\",\"frameRate\":30,\"name\":\"kyby_eff_bubble\",\"bone\":[{\"name\":\"root\"},{\"name\":\"all\",\"parent\":\"root\",\"transform\":{\"x\":1.52,\"y\":1.52}},{\"name\":\"qipao\",\"parent\":\"all\",\"transform\":{\"x\":-357.78,\"y\":-362.32}},{\"name\":\"qipao2\",\"parent\":\"all\",\"transform\":{\"x\":-357.78,\"y\":-362.32}},{\"name\":\"qipao3\",\"parent\":\"all\",\"transform\":{\"x\":-357.78,\"y\":-362.32}},{\"name\":\"qipao4\",\"parent\":\"all\",\"transform\":{\"x\":-357.78,\"y\":-362.32}},{\"name\":\"qipao5\",\"parent\":\"all\",\"transform\":{\"x\":-357.78,\"y\":-362.32}},{\"name\":\"qipao6\",\"parent\":\"all\",\"transform\":{\"x\":-357.78,\"y\":-362.32}},{\"name\":\"qipao7\",\"parent\":\"all\",\"transform\":{\"x\":-357.78,\"y\":-362.32}},{\"name\":\"qipao8\",\"parent\":\"all\",\"transform\":{\"x\":-357.78,\"y\":-362.32}},{\"name\":\"qipao9\",\"parent\":\"all\",\"transform\":{\"x\":-357.78,\"y\":-362.32}},{\"name\":\"qipao10\",\"parent\":\"all\",\"transform\":{\"x\":-357.78,\"y\":-362.32}},{\"name\":\"qipao11\",\"parent\":\"all\",\"transform\":{\"x\":-357.78,\"y\":-362.32}},{\"name\":\"qipao12\",\"parent\":\"all\",\"transform\":{\"x\":-357.78,\"y\":-362.32}},{\"name\":\"qipao13\",\"parent\":\"all\",\"transform\":{\"x\":-357.78,\"y\":-362.32}},{\"name\":\"qipao14\",\"parent\":\"all\",\"transform\":{\"x\":-357.78,\"y\":-362.32}},{\"name\":\"qipao15\",\"parent\":\"all\",\"transform\":{\"x\":-357.78,\"y\":-362.32}},{\"name\":\"qipao16\",\"parent\":\"all\",\"transform\":{\"x\":-357.78,\"y\":-362.32}},{\"name\":\"qipao17\",\"parent\":\"all\",\"transform\":{\"x\":-357.78,\"y\":-362.32}},{\"name\":\"qipao18\",\"parent\":\"all\",\"transform\":{\"x\":-357.78,\"y\":-362.32}},{\"name\":\"qipao19\",\"parent\":\"all\",\"transform\":{\"x\":-357.78,\"y\":-362.32}},{\"name\":\"qipao20\",\"parent\":\"all\",\"transform\":{\"x\":-357.78,\"y\":-362.32}},{\"name\":\"qipao21\",\"parent\":\"all\",\"transform\":{\"x\":-357.78,\"y\":-362.32}},{\"name\":\"qipao22\",\"parent\":\"all\",\"transform\":{\"x\":-357.78,\"y\":-362.32}},{\"name\":\"qipao23\",\"parent\":\"all\",\"transform\":{\"x\":-357.78,\"y\":-362.32}},{\"name\":\"qipao24\",\"parent\":\"all\",\"transform\":{\"x\":-357.78,\"y\":-362.32}},{\"name\":\"qipao25\",\"parent\":\"all\",\"transform\":{\"x\":-357.78,\"y\":-362.32}},{\"name\":\"qipao26\",\"parent\":\"all\",\"transform\":{\"x\":-357.78,\"y\":-362.32}},{\"name\":\"qipao27\",\"parent\":\"all\",\"transform\":{\"x\":-357.78,\"y\":-362.32}},{\"name\":\"qipao28\",\"parent\":\"all\",\"transform\":{\"x\":-357.78,\"y\":-363.87}},{\"name\":\"qipao29\",\"parent\":\"all\",\"transform\":{\"x\":-357.78,\"y\":-362.32}},{\"name\":\"qipao30\",\"parent\":\"all\",\"transform\":{\"x\":-357.78,\"y\":-362.32}}],\"slot\":[{\"displayIndex\":-1,\"name\":\"eff_qipao_01\",\"parent\":\"qipao\"},{\"displayIndex\":-1,\"name\":\"eff_qipao_16\",\"parent\":\"qipao17\"},{\"displayIndex\":-1,\"name\":\"eff_qipao_17\",\"parent\":\"qipao18\"},{\"displayIndex\":-1,\"name\":\"eff_qipao_18\",\"parent\":\"qipao19\"},{\"displayIndex\":-1,\"name\":\"eff_qipao_19\",\"parent\":\"qipao20\"},{\"displayIndex\":-1,\"name\":\"eff_qipao_20\",\"parent\":\"qipao21\"},{\"displayIndex\":-1,\"name\":\"eff_qipao_21\",\"parent\":\"qipao22\"},{\"displayIndex\":-1,\"name\":\"eff_qipao_22\",\"parent\":\"qipao23\"},{\"displayIndex\":-1,\"name\":\"eff_qipao_23\",\"parent\":\"qipao24\"},{\"displayIndex\":-1,\"name\":\"eff_qipao_24\",\"parent\":\"qipao25\"},{\"displayIndex\":-1,\"name\":\"eff_qipao_25\",\"parent\":\"qipao26\"},{\"displayIndex\":-1,\"name\":\"eff_qipao_26\",\"parent\":\"qipao27\"},{\"displayIndex\":-1,\"name\":\"eff_qipao_27\",\"parent\":\"qipao28\"},{\"displayIndex\":-1,\"name\":\"eff_qipao_28\",\"parent\":\"qipao29\"},{\"displayIndex\":-1,\"name\":\"eff_qipao_29\",\"parent\":\"qipao30\"},{\"displayIndex\":-1,\"name\":\"eff_qipao_7\",\"parent\":\"qipao8\"},{\"displayIndex\":-1,\"name\":\"eff_qipao_8\",\"parent\":\"qipao9\"},{\"displayIndex\":-1,\"name\":\"eff_qipao_9\",\"parent\":\"qipao10\"},{\"displayIndex\":-1,\"name\":\"eff_qipao_10\",\"parent\":\"qipao11\"},{\"displayIndex\":-1,\"name\":\"eff_qipao_11\",\"parent\":\"qipao12\"},{\"displayIndex\":-1,\"name\":\"eff_qipao_12\",\"parent\":\"qipao13\"},{\"displayIndex\":-1,\"name\":\"eff_qipao_13\",\"parent\":\"qipao14\"},{\"displayIndex\":-1,\"name\":\"eff_qipao_14\",\"parent\":\"qipao15\"},{\"displayIndex\":-1,\"name\":\"eff_qipao_15\",\"parent\":\"qipao16\"},{\"displayIndex\":-1,\"name\":\"eff_qipao_1\",\"parent\":\"qipao2\"},{\"displayIndex\":-1,\"name\":\"eff_qipao_2\",\"parent\":\"qipao3\"},{\"displayIndex\":-1,\"name\":\"eff_qipao_3\",\"parent\":\"qipao4\"},{\"displayIndex\":-1,\"name\":\"eff_qipao_4\",\"parent\":\"qipao5\"},{\"displayIndex\":-1,\"name\":\"eff_qipao_5\",\"parent\":\"qipao6\"},{\"displayIndex\":-1,\"name\":\"eff_qipao_6\",\"parent\":\"qipao7\"}],\"skin\":[{\"slot\":[{\"name\":\"eff_qipao_18\",\"display\":[{\"name\":\"eff_qipao_01\"}]},{\"name\":\"eff_qipao_21\",\"display\":[{\"name\":\"eff_qipao_01\"}]},{\"name\":\"eff_qipao_14\",\"display\":[{\"name\":\"eff_qipao_01\"}]},{\"name\":\"eff_qipao_9\",\"display\":[{\"name\":\"eff_qipao_01\"}]},{\"name\":\"eff_qipao_01\",\"display\":[{\"name\":\"eff_qipao_01\"}]},{\"name\":\"eff_qipao_6\",\"display\":[{\"name\":\"eff_qipao_01\"}]},{\"name\":\"eff_qipao_1\",\"display\":[{\"name\":\"eff_qipao_01\"}]},{\"name\":\"eff_qipao_11\",\"display\":[{\"name\":\"eff_qipao_01\"}]},{\"name\":\"eff_qipao_7\",\"display\":[{\"name\":\"eff_qipao_01\"}]},{\"name\":\"eff_qipao_17\",\"display\":[{\"name\":\"eff_qipao_01\"}]},{\"name\":\"eff_qipao_28\",\"display\":[{\"name\":\"eff_qipao_01\"}]},{\"name\":\"eff_qipao_13\",\"display\":[{\"name\":\"eff_qipao_01\"}]},{\"name\":\"eff_qipao_24\",\"display\":[{\"name\":\"eff_qipao_01\"}]},{\"name\":\"eff_qipao_15\",\"display\":[{\"name\":\"eff_qipao_01\"}]},{\"name\":\"eff_qipao_16\",\"display\":[{\"name\":\"eff_qipao_01\"}]},{\"name\":\"eff_qipao_20\",\"display\":[{\"name\":\"eff_qipao_01\"}]},{\"name\":\"eff_qipao_19\",\"display\":[{\"name\":\"eff_qipao_01\"}]},{\"name\":\"eff_qipao_26\",\"display\":[{\"name\":\"eff_qipao_01\"}]},{\"name\":\"eff_qipao_2\",\"display\":[{\"name\":\"eff_qipao_01\"}]},{\"name\":\"eff_qipao_12\",\"display\":[{\"name\":\"eff_qipao_01\"}]},{\"name\":\"eff_qipao_8\",\"display\":[{\"name\":\"eff_qipao_01\"}]},{\"name\":\"eff_qipao_10\",\"display\":[{\"name\":\"eff_qipao_01\"}]},{\"name\":\"eff_qipao_22\",\"display\":[{\"name\":\"eff_qipao_01\"}]},{\"name\":\"eff_qipao_25\",\"display\":[{\"name\":\"eff_qipao_01\"}]},{\"name\":\"eff_qipao_27\",\"display\":[{\"name\":\"eff_qipao_01\"}]},{\"name\":\"eff_qipao_29\",\"display\":[{\"name\":\"eff_qipao_01\"}]},{\"name\":\"eff_qipao_3\",\"display\":[{\"name\":\"eff_qipao_01\"}]},{\"name\":\"eff_qipao_4\",\"display\":[{\"name\":\"eff_qipao_01\"}]},{\"name\":\"eff_qipao_23\",\"display\":[{\"name\":\"eff_qipao_01\"}]},{\"name\":\"eff_qipao_5\",\"display\":[{\"name\":\"eff_qipao_01\"}]}]}],\"animation\":[{\"duration\":150,\"playTimes\":0,\"name\":\"large\",\"bone\":[{\"name\":\"qipao\",\"translateFrame\":[{\"duration\":15,\"tweenEasing\":0,\"x\":308.16,\"y\":302.59},{\"duration\":10,\"tweenEasing\":0,\"x\":320.22,\"y\":269.08},{\"duration\":18,\"tweenEasing\":0,\"x\":323.63,\"y\":246.74},{\"duration\":17,\"tweenEasing\":0,\"x\":310.71,\"y\":203.94},{\"duration\":25,\"tweenEasing\":0,\"x\":307.58,\"y\":164.68},{\"duration\":23,\"tweenEasing\":0,\"x\":318.62,\"y\":116.91},{\"duration\":42,\"x\":316.04,\"y\":87.24}],\"scaleFrame\":[{\"duration\":150,\"x\":0.3,\"y\":0.3}]},{\"name\":\"qipao2\",\"translateFrame\":[{\"duration\":15,\"tweenEasing\":0,\"x\":312.54,\"y\":327.7},{\"duration\":15,\"tweenEasing\":0,\"x\":319.05,\"y\":310.2},{\"duration\":20,\"tweenEasing\":0,\"x\":317.85,\"y\":290.33},{\"duration\":25,\"tweenEasing\":0,\"x\":310.09,\"y\":263.83},{\"duration\":15,\"tweenEasing\":0,\"x\":315.44,\"y\":235.73},{\"duration\":13,\"tweenEasing\":0,\"x\":317.66,\"y\":221.12},{\"duration\":47,\"x\":316.11,\"y\":213.65}],\"rotateFrame\":[{\"duration\":150,\"rotate\":-1.2}],\"scaleFrame\":[{\"duration\":150,\"x\":0.12,\"y\":0.12}]},{\"name\":\"qipao3\",\"translateFrame\":[{\"duration\":30,\"tweenEasing\":0,\"x\":362.41,\"y\":327.94},{\"duration\":25,\"tweenEasing\":0,\"x\":347.06,\"y\":272.1},{\"duration\":30,\"tweenEasing\":0,\"x\":361.26,\"y\":222.37},{\"duration\":25,\"tweenEasing\":0,\"x\":351.88,\"y\":171.68},{\"duration\":40,\"x\":352.69,\"y\":147.41}],\"scaleFrame\":[{\"duration\":150,\"x\":0.18,\"y\":0.18}]},{\"name\":\"qipao4\",\"translateFrame\":[{\"duration\":24,\"tweenEasing\":0,\"x\":293.52,\"y\":360.51},{\"duration\":17,\"tweenEasing\":0,\"x\":295.6,\"y\":319.63},{\"duration\":4,\"tweenEasing\":0,\"x\":282.09,\"y\":284.88},{\"duration\":30,\"tweenEasing\":0,\"x\":280.02,\"y\":274.54},{\"duration\":35,\"tweenEasing\":0,\"x\":295.33,\"y\":207.56},{\"duration\":20,\"tweenEasing\":0,\"x\":283.06,\"y\":142.36},{\"duration\":20,\"x\":286.05,\"y\":116.9}],\"scaleFrame\":[{\"duration\":150,\"x\":0.2,\"y\":0.2}]},{\"name\":\"qipao5\",\"translateFrame\":[{\"duration\":20,\"tweenEasing\":0,\"x\":343.82,\"y\":230.34},{\"duration\":35,\"tweenEasing\":0,\"x\":357.91,\"y\":180.96},{\"duration\":20,\"tweenEasing\":0,\"x\":343.98,\"y\":110.49},{\"duration\":75,\"x\":348.35,\"y\":87.2}],\"scaleFrame\":[{\"duration\":150,\"x\":0.32,\"y\":0.32}]},{\"name\":\"qipao6\",\"translateFrame\":[{\"duration\":10,\"tweenEasing\":0,\"x\":331.11,\"y\":103.63},{\"duration\":10,\"tweenEasing\":0,\"x\":335.98,\"y\":84.12},{\"duration\":10,\"tweenEasing\":0,\"x\":333.98,\"y\":69.19},{\"duration\":120,\"x\":328.82,\"y\":58.88}],\"scaleFrame\":[{\"duration\":150,\"x\":0.36,\"y\":0.36}]},{\"name\":\"qipao7\",\"translateFrame\":[{\"duration\":15,\"tweenEasing\":0,\"x\":345.37,\"y\":177.34},{\"duration\":15,\"tweenEasing\":0,\"x\":352.03,\"y\":141.75},{\"duration\":21,\"tweenEasing\":0,\"x\":361.08,\"y\":106.15},{\"duration\":99,\"x\":352.12,\"y\":70.93}],\"scaleFrame\":[{\"duration\":150,\"x\":0.24,\"y\":0.24}]},{\"name\":\"qipao8\",\"translateFrame\":[{\"duration\":15,\"tweenEasing\":0,\"x\":403.6,\"y\":262.09},{\"duration\":15,\"tweenEasing\":0,\"x\":398.2,\"y\":225.64},{\"duration\":20,\"tweenEasing\":0,\"x\":387.4,\"y\":189.19},{\"duration\":35,\"tweenEasing\":0,\"x\":391.86,\"y\":148.1},{\"duration\":65,\"x\":396.81,\"y\":95.63}],\"scaleFrame\":[{\"duration\":150,\"x\":0.2,\"y\":0.2}]},{\"name\":\"qipao9\",\"translateFrame\":[{\"duration\":30,\"tweenEasing\":0,\"x\":404.01,\"y\":246.6},{\"duration\":25,\"tweenEasing\":0,\"x\":386.32,\"y\":175.84},{\"duration\":20,\"tweenEasing\":0,\"x\":397.29,\"y\":125.07},{\"duration\":75,\"x\":398.66,\"y\":101.06}],\"scaleFrame\":[{\"duration\":150,\"x\":0.2,\"y\":0.2}]},{\"name\":\"qipao10\",\"translateFrame\":[{\"duration\":17,\"tweenEasing\":0,\"x\":321.67,\"y\":227.47},{\"duration\":25,\"tweenEasing\":0,\"x\":315.48,\"y\":191.57},{\"duration\":25,\"tweenEasing\":0,\"x\":326.97,\"y\":146.16},{\"duration\":83,\"x\":324.84,\"y\":117.48}],\"scaleFrame\":[{\"duration\":150,\"x\":0.17,\"y\":0.17}]},{\"name\":\"qipao11\",\"translateFrame\":[{\"duration\":14,\"tweenEasing\":0,\"x\":273.99,\"y\":170.38},{\"duration\":14,\"tweenEasing\":0,\"x\":267.81,\"y\":144.42},{\"duration\":21,\"tweenEasing\":0,\"x\":260.4,\"y\":114.14},{\"duration\":101,\"x\":265.96,\"y\":83.86}],\"scaleFrame\":[{\"duration\":150,\"x\":0.25,\"y\":0.25}]},{\"name\":\"qipao12\",\"translateFrame\":[{\"duration\":10,\"tweenEasing\":0,\"x\":301.69,\"y\":249.4},{\"duration\":12,\"tweenEasing\":0,\"x\":303.98,\"y\":239.76},{\"duration\":128,\"x\":303.52,\"y\":231.04}],\"scaleFrame\":[{\"duration\":150,\"x\":0.1,\"y\":0.1}]},{\"name\":\"qipao13\",\"translateFrame\":[{\"duration\":17,\"tweenEasing\":0,\"x\":300.09,\"y\":99.13},{\"duration\":133,\"x\":305.55,\"y\":71.17}],\"scaleFrame\":[{\"duration\":150,\"x\":0.25,\"y\":0.25}]},{\"name\":\"qipao14\",\"translateFrame\":[{\"duration\":5,\"tweenEasing\":0},{\"duration\":7,\"tweenEasing\":0,\"x\":361.85,\"y\":363.56},{\"duration\":19,\"tweenEasing\":0,\"x\":362.81,\"y\":341.44},{\"duration\":8,\"tweenEasing\":0,\"x\":380.31,\"y\":289.64},{\"duration\":20,\"tweenEasing\":0,\"x\":387.08,\"y\":267.4},{\"duration\":10,\"tweenEasing\":0,\"x\":374.59,\"y\":202.9},{\"duration\":16,\"tweenEasing\":0,\"x\":363.62,\"y\":170.76},{\"duration\":15,\"tweenEasing\":0,\"x\":369.89,\"y\":122.15},{\"duration\":20,\"tweenEasing\":0,\"x\":377.91,\"y\":80.12},{\"duration\":30,\"x\":380.38,\"y\":45.6}],\"scaleFrame\":[{\"duration\":5,\"tweenEasing\":0},{\"duration\":145,\"x\":0.3,\"y\":0.3}]},{\"name\":\"qipao15\",\"translateFrame\":[{\"duration\":7,\"tweenEasing\":0},{\"duration\":16,\"tweenEasing\":0,\"x\":305.43,\"y\":362.87},{\"duration\":22,\"tweenEasing\":0,\"x\":300.79,\"y\":338.51},{\"duration\":19,\"tweenEasing\":0,\"x\":307.75,\"y\":300.81},{\"duration\":14,\"tweenEasing\":0,\"x\":316.45,\"y\":269.49},{\"duration\":17,\"tweenEasing\":0,\"x\":307.75,\"y\":240.49},{\"duration\":15,\"tweenEasing\":0,\"x\":301.98,\"y\":208.47},{\"duration\":30,\"tweenEasing\":0,\"x\":307.24,\"y\":183.9},{\"duration\":10,\"x\":311.34,\"y\":146.46}],\"scaleFrame\":[{\"duration\":7,\"tweenEasing\":0},{\"duration\":143,\"x\":0.19,\"y\":0.19}]},{\"name\":\"qipao16\",\"translateFrame\":[{\"duration\":17,\"tweenEasing\":0},{\"duration\":3,\"tweenEasing\":0,\"x\":414.32,\"y\":363.82},{\"duration\":10,\"tweenEasing\":0,\"x\":413.6,\"y\":358.49},{\"duration\":15,\"tweenEasing\":0,\"x\":410.83,\"y\":337.99},{\"duration\":15,\"tweenEasing\":0,\"x\":409.77,\"y\":303.18},{\"duration\":10,\"tweenEasing\":0,\"x\":423.49,\"y\":266.25},{\"duration\":15,\"tweenEasing\":0,\"x\":429.82,\"y\":240.93},{\"duration\":15,\"tweenEasing\":0,\"x\":421.04,\"y\":200.46},{\"duration\":15,\"tweenEasing\":0,\"x\":410.78,\"y\":160.76},{\"duration\":25,\"tweenEasing\":0,\"x\":414.54,\"y\":125.65},{\"duration\":9,\"tweenEasing\":0,\"x\":425.83,\"y\":76.74},{\"x\":422.7,\"y\":63.57}],\"scaleFrame\":[{\"duration\":17,\"tweenEasing\":0},{\"duration\":133,\"x\":0.23,\"y\":0.23}]},{\"name\":\"qipao17\",\"translateFrame\":[{\"duration\":23,\"tweenEasing\":0},{\"duration\":2,\"tweenEasing\":0,\"x\":365.77,\"y\":359.79},{\"duration\":15,\"tweenEasing\":0,\"x\":366.73,\"y\":356.43},{\"duration\":13,\"tweenEasing\":0,\"x\":366.73,\"y\":341.44},{\"duration\":15,\"tweenEasing\":0,\"x\":361.03,\"y\":327.2},{\"duration\":17,\"tweenEasing\":0,\"x\":357.01,\"y\":309.5},{\"duration\":25,\"tweenEasing\":0,\"x\":363.67,\"y\":288.03},{\"duration\":20,\"tweenEasing\":0,\"x\":364.24,\"y\":260.14},{\"duration\":15,\"tweenEasing\":0,\"x\":359.05,\"y\":241.07},{\"duration\":5,\"x\":360.3,\"y\":234.47}],\"scaleFrame\":[{\"duration\":23,\"tweenEasing\":0},{\"duration\":127,\"x\":0.13,\"y\":0.13}]},{\"name\":\"qipao18\",\"translateFrame\":[{\"duration\":27,\"tweenEasing\":0},{\"duration\":5,\"tweenEasing\":0,\"x\":368.71,\"y\":362.37},{\"duration\":8,\"tweenEasing\":0,\"x\":367.83,\"y\":353.72},{\"duration\":15,\"tweenEasing\":0,\"x\":364.95,\"y\":341.34},{\"duration\":25,\"tweenEasing\":0,\"x\":365.84,\"y\":313.81},{\"duration\":30,\"tweenEasing\":0,\"x\":381.09,\"y\":266.23},{\"duration\":30,\"tweenEasing\":0,\"x\":365.56,\"y\":202.25},{\"duration\":10,\"tweenEasing\":0,\"x\":376.89,\"y\":147.56},{\"duration\":0,\"x\":378.76,\"y\":138.24}],\"scaleFrame\":[{\"duration\":27,\"tweenEasing\":0},{\"duration\":123,\"x\":0.2,\"y\":0.2}]},{\"name\":\"qipao19\",\"translateFrame\":[{\"duration\":40,\"tweenEasing\":0},{\"duration\":11,\"tweenEasing\":0,\"x\":324.96,\"y\":368.51},{\"duration\":14,\"tweenEasing\":0,\"x\":321.52,\"y\":348.23},{\"duration\":30,\"tweenEasing\":0,\"x\":319.18,\"y\":315.43},{\"duration\":25,\"tweenEasing\":0,\"x\":338.6,\"y\":241.85},{\"duration\":30,\"tweenEasing\":0,\"x\":321.57,\"y\":173.73},{\"duration\":0,\"x\":331.71,\"y\":104.65}],\"scaleFrame\":[{\"duration\":40,\"tweenEasing\":0},{\"duration\":110,\"x\":0.35,\"y\":0.35}]},{\"name\":\"qipao20\",\"translateFrame\":[{\"duration\":52,\"tweenEasing\":0},{\"duration\":5,\"tweenEasing\":0,\"x\":319.33,\"y\":361.43},{\"duration\":13,\"tweenEasing\":0,\"x\":317.41,\"y\":347.23},{\"duration\":15,\"tweenEasing\":0,\"x\":306.27,\"y\":314.2},{\"duration\":20,\"tweenEasing\":0,\"x\":293.18,\"y\":272.76},{\"duration\":15,\"tweenEasing\":0,\"x\":310.58,\"y\":213.22},{\"duration\":20,\"tweenEasing\":0,\"x\":315.26,\"y\":170.41},{\"duration\":10,\"tweenEasing\":0,\"x\":304,\"y\":120.86},{\"duration\":0,\"x\":300.27,\"y\":100.64}],\"scaleFrame\":[{\"duration\":52,\"tweenEasing\":0},{\"duration\":98,\"x\":0.25,\"y\":0.25}]},{\"name\":\"qipao21\",\"translateFrame\":[{\"duration\":47,\"tweenEasing\":0},{\"duration\":8,\"tweenEasing\":0,\"x\":299.09,\"y\":359.79},{\"duration\":15,\"tweenEasing\":0,\"x\":298.05,\"y\":352.81},{\"duration\":25,\"tweenEasing\":0,\"x\":296.89,\"y\":337.83},{\"duration\":30,\"tweenEasing\":0,\"x\":306.44,\"y\":310.49},{\"duration\":25,\"tweenEasing\":0,\"x\":297.5,\"y\":275.33},{\"duration\":0,\"x\":300.47,\"y\":251.57}],\"scaleFrame\":[{\"duration\":47,\"tweenEasing\":0},{\"duration\":103,\"x\":0.09,\"y\":0.09}]},{\"name\":\"qipao22\",\"translateFrame\":[{\"duration\":66,\"tweenEasing\":0},{\"duration\":4,\"tweenEasing\":0,\"x\":269.87,\"y\":362.07},{\"duration\":15,\"tweenEasing\":0,\"x\":273.08,\"y\":353.17},{\"duration\":32,\"tweenEasing\":0,\"x\":275.21,\"y\":323.98},{\"duration\":28,\"tweenEasing\":0,\"x\":255.98,\"y\":249.78},{\"duration\":5,\"tweenEasing\":0,\"x\":274.85,\"y\":180.96},{\"duration\":0,\"x\":273.97,\"y\":171.25}],\"scaleFrame\":[{\"duration\":66,\"tweenEasing\":0},{\"duration\":79,\"tweenEasing\":0,\"x\":0.2,\"y\":0.2},{\"duration\":5,\"tweenEasing\":0,\"x\":0.2,\"y\":0.2},{\"duration\":0,\"x\":0.23,\"y\":0.23}]},{\"name\":\"qipao23\",\"translateFrame\":[{\"duration\":80,\"tweenEasing\":0},{\"duration\":5,\"tweenEasing\":0,\"x\":344.24,\"y\":365.52},{\"duration\":5,\"tweenEasing\":0,\"x\":343.67,\"y\":354.54},{\"duration\":10,\"tweenEasing\":0,\"x\":344.24,\"y\":342.11},{\"duration\":20,\"tweenEasing\":0,\"x\":352.17,\"y\":315.42},{\"duration\":20,\"tweenEasing\":0,\"x\":367.25,\"y\":262.63},{\"duration\":10,\"tweenEasing\":0,\"x\":349.55,\"y\":205.11},{\"duration\":0,\"x\":345.78,\"y\":178.36}],\"scaleFrame\":[{\"duration\":80,\"tweenEasing\":0},{\"duration\":70,\"x\":0.24,\"y\":0.24}]},{\"name\":\"qipao24\",\"translateFrame\":[{\"duration\":80,\"tweenEasing\":0},{\"duration\":5,\"tweenEasing\":0,\"x\":319,\"y\":363.13},{\"duration\":15,\"tweenEasing\":0,\"x\":317.49,\"y\":355.11},{\"duration\":25,\"tweenEasing\":0,\"x\":313.38,\"y\":329.31},{\"duration\":20,\"tweenEasing\":0,\"x\":327.96,\"y\":280.6},{\"duration\":5,\"tweenEasing\":0,\"x\":326.08,\"y\":237.97},{\"duration\":0,\"x\":321.89,\"y\":229}],\"scaleFrame\":[{\"duration\":80,\"tweenEasing\":0},{\"duration\":70,\"x\":0.17,\"y\":0.17}]},{\"name\":\"qipao25\",\"translateFrame\":[{\"duration\":89,\"tweenEasing\":0},{\"duration\":12,\"tweenEasing\":0,\"x\":352.84,\"y\":366.93},{\"duration\":17,\"tweenEasing\":0,\"x\":357.48,\"y\":343.94},{\"duration\":17,\"tweenEasing\":0,\"x\":354.37,\"y\":307.27},{\"duration\":15,\"tweenEasing\":0,\"x\":340.18,\"y\":267.72},{\"duration\":0,\"x\":344,\"y\":232.2}],\"scaleFrame\":[{\"duration\":89,\"tweenEasing\":0},{\"duration\":61,\"x\":0.32,\"y\":0.32}]},{\"name\":\"qipao26\",\"translateFrame\":[{\"duration\":95,\"tweenEasing\":0},{\"duration\":6,\"tweenEasing\":0,\"x\":390.4,\"y\":361.15},{\"duration\":14,\"tweenEasing\":0,\"x\":388.48,\"y\":352.41},{\"duration\":20,\"tweenEasing\":0,\"x\":384.93,\"y\":323.7},{\"duration\":15,\"tweenEasing\":0,\"x\":396.8,\"y\":281.04},{\"duration\":0,\"x\":403.9,\"y\":247}],\"scaleFrame\":[{\"duration\":95,\"tweenEasing\":0},{\"duration\":55,\"x\":0.2,\"y\":0.2}]},{\"name\":\"qipao27\",\"translateFrame\":[{\"duration\":100,\"tweenEasing\":0},{\"duration\":12,\"tweenEasing\":0,\"x\":390.01,\"y\":364.32},{\"duration\":18,\"tweenEasing\":0,\"x\":386.73,\"y\":340.97},{\"duration\":20,\"tweenEasing\":0,\"x\":388.44,\"y\":305.46},{\"duration\":0,\"x\":403.64,\"y\":262.34}],\"scaleFrame\":[{\"duration\":100,\"tweenEasing\":0},{\"duration\":50,\"x\":0.2,\"y\":0.2}]},{\"name\":\"qipao28\",\"translateFrame\":[{\"duration\":117,\"tweenEasing\":0},{\"duration\":13,\"tweenEasing\":0,\"x\":311.91,\"y\":366.61},{\"duration\":15,\"tweenEasing\":0,\"x\":306.6,\"y\":342.35},{\"duration\":5,\"tweenEasing\":0,\"x\":305.84,\"y\":313.17},{\"duration\":0,\"x\":308.3,\"y\":303.28}],\"scaleFrame\":[{\"duration\":117,\"tweenEasing\":0},{\"duration\":33,\"x\":0.32,\"y\":0.32}]},{\"name\":\"qipao29\",\"translateFrame\":[{\"duration\":121,\"tweenEasing\":0},{\"duration\":18,\"tweenEasing\":0,\"x\":313.13,\"y\":360.53},{\"duration\":11,\"tweenEasing\":0,\"x\":309.41,\"y\":343.37},{\"duration\":0,\"x\":312.67,\"y\":328.03}],\"scaleFrame\":[{\"duration\":121,\"tweenEasing\":0},{\"duration\":29,\"x\":0.12,\"y\":0.12}]},{\"name\":\"qipao30\",\"translateFrame\":[{\"duration\":129,\"tweenEasing\":0},{\"duration\":8,\"tweenEasing\":0,\"x\":359.9,\"y\":363.98},{\"duration\":13,\"tweenEasing\":0,\"x\":361.81,\"y\":348.4},{\"duration\":0,\"x\":362.47,\"y\":328.16}],\"scaleFrame\":[{\"duration\":129,\"tweenEasing\":0},{\"duration\":21,\"x\":0.17,\"y\":0.17}]},{\"name\":\"all\",\"translateFrame\":[{\"duration\":150,\"x\":15.31,\"y\":-1.28}]}],\"slot\":[{\"name\":\"eff_qipao_01\",\"displayFrame\":[{\"duration\":150}],\"colorFrame\":[{\"duration\":85,\"tweenEasing\":0},{\"duration\":23,\"tweenEasing\":0},{\"duration\":42,\"value\":{\"aM\":0}}]},{\"name\":\"eff_qipao_1\",\"displayFrame\":[{\"duration\":150}],\"colorFrame\":[{\"duration\":75,\"tweenEasing\":0},{\"duration\":28,\"tweenEasing\":0},{\"duration\":47,\"value\":{\"aM\":0}}]},{\"name\":\"eff_qipao_2\",\"displayFrame\":[{\"duration\":150}],\"colorFrame\":[{\"duration\":85,\"tweenEasing\":0},{\"duration\":25,\"tweenEasing\":0},{\"duration\":40,\"value\":{\"aM\":0}}]},{\"name\":\"eff_qipao_3\",\"displayFrame\":[{\"duration\":150}],\"colorFrame\":[{\"duration\":110,\"tweenEasing\":0},{\"duration\":20,\"tweenEasing\":0},{\"duration\":20,\"value\":{\"aM\":0}}]},{\"name\":\"eff_qipao_4\",\"displayFrame\":[{\"duration\":150}],\"colorFrame\":[{\"duration\":55,\"tweenEasing\":0},{\"duration\":20,\"tweenEasing\":0},{\"duration\":75,\"value\":{\"aM\":0}}]},{\"name\":\"eff_qipao_5\",\"displayFrame\":[{\"duration\":150}],\"colorFrame\":[{\"duration\":30,\"tweenEasing\":0},{\"duration\":120,\"value\":{\"aM\":0}}]},{\"name\":\"eff_qipao_6\",\"displayFrame\":[{\"duration\":150}],\"colorFrame\":[{\"duration\":30,\"tweenEasing\":0},{\"duration\":21,\"tweenEasing\":0},{\"duration\":99,\"value\":{\"aM\":0}}]},{\"name\":\"eff_qipao_7\",\"displayFrame\":[{\"duration\":150}],\"colorFrame\":[{\"duration\":50,\"tweenEasing\":0},{\"duration\":35,\"tweenEasing\":0},{\"duration\":65,\"value\":{\"aM\":0}}]},{\"name\":\"eff_qipao_8\",\"displayFrame\":[{\"duration\":150}],\"colorFrame\":[{\"duration\":55,\"tweenEasing\":0},{\"duration\":20,\"tweenEasing\":0},{\"duration\":75,\"value\":{\"aM\":0}}]},{\"name\":\"eff_qipao_9\",\"displayFrame\":[{\"duration\":150}],\"colorFrame\":[{\"duration\":42,\"tweenEasing\":0},{\"duration\":25,\"tweenEasing\":0},{\"duration\":83,\"value\":{\"aM\":0}}]},{\"name\":\"eff_qipao_10\",\"displayFrame\":[{\"duration\":150}],\"colorFrame\":[{\"duration\":28,\"tweenEasing\":0},{\"duration\":21,\"tweenEasing\":0},{\"duration\":101,\"value\":{\"aM\":0}}]},{\"name\":\"eff_qipao_11\",\"displayFrame\":[{\"duration\":150}],\"colorFrame\":[{\"duration\":22,\"tweenEasing\":0},{\"duration\":128,\"value\":{\"aM\":0}}]},{\"name\":\"eff_qipao_12\",\"displayFrame\":[{\"duration\":150}],\"colorFrame\":[{\"duration\":17,\"tweenEasing\":0},{\"duration\":133,\"value\":{\"aM\":0}}]},{\"name\":\"eff_qipao_13\",\"displayFrame\":[{\"duration\":5,\"value\":-1},{\"duration\":145}],\"colorFrame\":[{\"duration\":85,\"tweenEasing\":0},{\"duration\":35,\"tweenEasing\":0},{\"duration\":30,\"value\":{\"aM\":0}}]},{\"name\":\"eff_qipao_14\",\"displayFrame\":[{\"duration\":7,\"value\":-1},{\"duration\":143}],\"colorFrame\":[{\"duration\":110,\"tweenEasing\":0},{\"duration\":30,\"tweenEasing\":0},{\"duration\":10,\"value\":{\"aM\":0}}]},{\"name\":\"eff_qipao_15\",\"displayFrame\":[{\"duration\":17,\"value\":-1},{\"duration\":133}],\"colorFrame\":[{\"duration\":115,\"tweenEasing\":0},{\"duration\":34,\"tweenEasing\":0},{\"value\":{\"aM\":0}}]},{\"name\":\"eff_qipao_16\",\"displayFrame\":[{\"duration\":23,\"value\":-1},{\"duration\":127}],\"colorFrame\":[{\"duration\":130,\"tweenEasing\":0},{\"duration\":15,\"tweenEasing\":0},{\"duration\":5,\"value\":{\"aM\":0}}]},{\"name\":\"eff_qipao_17\",\"displayFrame\":[{\"duration\":27,\"value\":-1},{\"duration\":123}],\"colorFrame\":[{\"duration\":140,\"tweenEasing\":0},{\"duration\":10,\"tweenEasing\":0},{\"duration\":0,\"value\":{\"aM\":0}}]},{\"name\":\"eff_qipao_18\",\"displayFrame\":[{\"duration\":40,\"value\":-1},{\"duration\":110}]},{\"name\":\"eff_qipao_19\",\"displayFrame\":[{\"duration\":52,\"value\":-1},{\"duration\":98}]},{\"name\":\"eff_qipao_20\",\"displayFrame\":[{\"duration\":47,\"value\":-1},{\"duration\":103}]},{\"name\":\"eff_qipao_21\",\"displayFrame\":[{\"duration\":66,\"value\":-1},{\"duration\":84}]},{\"name\":\"eff_qipao_22\",\"displayFrame\":[{\"duration\":80,\"value\":-1},{\"duration\":70}]},{\"name\":\"eff_qipao_23\",\"displayFrame\":[{\"duration\":80,\"value\":-1},{\"duration\":70}]},{\"name\":\"eff_qipao_24\",\"displayFrame\":[{\"duration\":89,\"value\":-1},{\"duration\":61}]},{\"name\":\"eff_qipao_25\",\"displayFrame\":[{\"duration\":95,\"value\":-1},{\"duration\":55}]},{\"name\":\"eff_qipao_26\",\"displayFrame\":[{\"duration\":100,\"value\":-1},{\"duration\":50}]},{\"name\":\"eff_qipao_27\",\"displayFrame\":[{\"duration\":117,\"value\":-1},{\"duration\":33}]},{\"name\":\"eff_qipao_28\",\"displayFrame\":[{\"duration\":121,\"value\":-1},{\"duration\":29}]},{\"name\":\"eff_qipao_29\",\"displayFrame\":[{\"duration\":129,\"value\":-1},{\"duration\":21}]}]},{\"duration\":150,\"playTimes\":0,\"name\":\"little\",\"bone\":[{\"name\":\"qipao\",\"translateFrame\":[{\"duration\":16,\"tweenEasing\":0,\"x\":328.81,\"y\":254.08},{\"duration\":18,\"tweenEasing\":0,\"x\":326.13,\"y\":209.86},{\"duration\":24,\"tweenEasing\":0,\"x\":310.72,\"y\":157.6},{\"duration\":13,\"tweenEasing\":0,\"x\":319.94,\"y\":92.97},{\"duration\":14,\"tweenEasing\":0,\"x\":327.57,\"y\":65.87},{\"duration\":65,\"x\":322.49,\"y\":40.87}],\"scaleFrame\":[{\"duration\":150,\"x\":0.15,\"y\":0.15}]},{\"name\":\"qipao2\",\"translateFrame\":[{\"duration\":2,\"tweenEasing\":0},{\"duration\":7,\"tweenEasing\":0,\"x\":397.21,\"y\":357.64},{\"duration\":6,\"tweenEasing\":0,\"x\":395.56,\"y\":338.83},{\"duration\":13,\"tweenEasing\":0,\"x\":398.53,\"y\":309.46},{\"duration\":14,\"tweenEasing\":0,\"x\":418.64,\"y\":259.64},{\"duration\":11,\"tweenEasing\":0,\"x\":431.36,\"y\":194.92},{\"duration\":17,\"tweenEasing\":0,\"x\":421.1,\"y\":149.47},{\"duration\":11,\"tweenEasing\":0,\"x\":398.6,\"y\":72.65},{\"duration\":16,\"tweenEasing\":0,\"x\":402.37,\"y\":32.61},{\"duration\":14,\"tweenEasing\":0,\"x\":419.84,\"y\":-34.72},{\"duration\":10,\"tweenEasing\":0,\"x\":423.54,\"y\":-68.65},{\"duration\":29,\"x\":417.88,\"y\":-93.25}],\"scaleFrame\":[{\"duration\":2,\"tweenEasing\":0},{\"duration\":148,\"x\":0.25,\"y\":0.25}]},{\"name\":\"qipao3\",\"translateFrame\":[{\"duration\":22,\"tweenEasing\":0},{\"duration\":12,\"tweenEasing\":0,\"x\":357.82,\"y\":365.65},{\"duration\":16,\"tweenEasing\":0,\"x\":358.32,\"y\":340.04},{\"duration\":19,\"tweenEasing\":0,\"x\":374.88,\"y\":293.35},{\"duration\":21,\"tweenEasing\":0,\"x\":379.11,\"y\":241.81},{\"duration\":20,\"tweenEasing\":0,\"x\":359.91,\"y\":174.86},{\"duration\":31,\"tweenEasing\":0,\"x\":369.55,\"y\":124.27},{\"duration\":9,\"x\":372.76,\"y\":64.05}],\"scaleFrame\":[{\"duration\":22,\"tweenEasing\":0},{\"duration\":128,\"x\":0.4,\"y\":0.4}]},{\"name\":\"qipao4\",\"translateFrame\":[{\"duration\":110,\"tweenEasing\":0},{\"duration\":10,\"tweenEasing\":0,\"x\":311.57,\"y\":358.3},{\"duration\":15,\"tweenEasing\":0,\"x\":308.31,\"y\":333.66},{\"duration\":15,\"tweenEasing\":0,\"x\":314.82,\"y\":294.6},{\"duration\":0,\"x\":329.24,\"y\":254.61}],\"scaleFrame\":[{\"duration\":110,\"tweenEasing\":0},{\"duration\":40,\"x\":0.17,\"y\":0.17}]}],\"slot\":[{\"name\":\"eff_qipao_01\",\"displayFrame\":[{\"duration\":150}],\"colorFrame\":[{\"duration\":67,\"tweenEasing\":0},{\"duration\":18,\"tweenEasing\":0},{\"duration\":65,\"value\":{\"aM\":0}}]},{\"name\":\"eff_qipao_1\",\"displayFrame\":[{\"duration\":2,\"value\":-1},{\"duration\":148}],\"colorFrame\":[{\"duration\":105,\"tweenEasing\":0},{\"duration\":16,\"tweenEasing\":0},{\"duration\":29,\"value\":{\"aM\":0}}]},{\"name\":\"eff_qipao_2\",\"displayFrame\":[{\"duration\":22,\"value\":-1},{\"duration\":128}],\"colorFrame\":[{\"duration\":110,\"tweenEasing\":0},{\"duration\":31,\"tweenEasing\":0},{\"duration\":9,\"value\":{\"aM\":0}}]},{\"name\":\"eff_qipao_3\",\"displayFrame\":[{\"duration\":110,\"value\":-1},{\"duration\":40}]}]},{\"duration\":150,\"playTimes\":0,\"name\":\"middle\",\"bone\":[{\"name\":\"qipao\",\"translateFrame\":[{\"duration\":10,\"tweenEasing\":0,\"x\":359.66,\"y\":355.1},{\"duration\":15,\"tweenEasing\":0,\"x\":360.89,\"y\":329.23},{\"duration\":13,\"tweenEasing\":0,\"x\":375.9,\"y\":288.43},{\"duration\":14,\"tweenEasing\":0,\"x\":381.88,\"y\":253.74},{\"duration\":16,\"tweenEasing\":0,\"x\":369.46,\"y\":208.41},{\"duration\":17,\"tweenEasing\":0,\"x\":360.43,\"y\":165.4},{\"duration\":15,\"tweenEasing\":0,\"x\":370.23,\"y\":121},{\"duration\":11,\"tweenEasing\":0,\"x\":376.83,\"y\":87.35},{\"duration\":9,\"tweenEasing\":0,\"x\":376.36,\"y\":70.12},{\"duration\":30,\"x\":372.76,\"y\":57.69}],\"scaleFrame\":[{\"duration\":150,\"x\":0.25,\"y\":0.25}]},{\"name\":\"qipao2\",\"translateFrame\":[{\"duration\":11,\"tweenEasing\":0,\"x\":333.09,\"y\":299.44},{\"duration\":19,\"tweenEasing\":0,\"x\":334.99,\"y\":263.37},{\"duration\":20,\"tweenEasing\":0,\"x\":311.26,\"y\":193.15},{\"duration\":37,\"tweenEasing\":0,\"x\":316.01,\"y\":129.57},{\"duration\":63,\"x\":325.5,\"y\":41.31}],\"scaleFrame\":[{\"duration\":150,\"x\":0.32,\"y\":0.32}]},{\"name\":\"qipao3\",\"translateFrame\":[{\"duration\":25,\"tweenEasing\":0,\"x\":334.95,\"y\":191.25},{\"duration\":15,\"tweenEasing\":0,\"x\":347.28,\"y\":135.26},{\"duration\":11,\"tweenEasing\":0,\"x\":348.32,\"y\":110.8},{\"duration\":99,\"x\":344.44,\"y\":96.35}],\"scaleFrame\":[{\"duration\":150,\"x\":0.24,\"y\":0.24}]},{\"name\":\"qipao4\",\"translateFrame\":[{\"duration\":15,\"tweenEasing\":0,\"x\":263.47,\"y\":170.47},{\"duration\":16,\"tweenEasing\":0,\"x\":268.83,\"y\":144.34},{\"duration\":119,\"x\":264.81,\"y\":123.57}],\"scaleFrame\":[{\"duration\":150,\"x\":0.21,\"y\":0.21}]},{\"name\":\"qipao5\",\"translateFrame\":[{\"duration\":20,\"tweenEasing\":0,\"x\":255.61,\"y\":307.26},{\"duration\":22,\"tweenEasing\":0,\"x\":249.8,\"y\":278.7},{\"duration\":28,\"tweenEasing\":0,\"x\":256.58,\"y\":250.15},{\"duration\":80,\"x\":255.13,\"y\":227.4}],\"scaleFrame\":[{\"duration\":150,\"x\":0.14,\"y\":0.14}]},{\"name\":\"qipao6\",\"translateFrame\":[{\"duration\":5,\"tweenEasing\":0},{\"duration\":10,\"tweenEasing\":0,\"x\":267.25,\"y\":403.36},{\"duration\":15,\"tweenEasing\":0,\"x\":262.44,\"y\":379.31},{\"duration\":20,\"tweenEasing\":0,\"x\":259.07,\"y\":342.76},{\"duration\":10,\"tweenEasing\":0,\"x\":276.05,\"y\":288.99},{\"duration\":15,\"tweenEasing\":0,\"x\":282.59,\"y\":262.12},{\"duration\":15,\"tweenEasing\":0,\"x\":272.56,\"y\":215.47},{\"duration\":15,\"tweenEasing\":0,\"x\":260.5,\"y\":172.18},{\"duration\":20,\"tweenEasing\":0,\"x\":266.42,\"y\":132.59},{\"duration\":20,\"tweenEasing\":0,\"x\":277.4,\"y\":86.47},{\"duration\":5,\"x\":272.11,\"y\":56.56}],\"scaleFrame\":[{\"duration\":5,\"tweenEasing\":0},{\"duration\":145,\"x\":0.41,\"y\":0.41}]},{\"name\":\"qipao7\",\"translateFrame\":[{\"duration\":45,\"tweenEasing\":0},{\"duration\":14,\"tweenEasing\":0,\"x\":259.38,\"y\":397},{\"duration\":11,\"tweenEasing\":0,\"x\":254.97,\"y\":372.9},{\"duration\":20,\"tweenEasing\":0,\"x\":254.09,\"y\":347.64},{\"duration\":20,\"tweenEasing\":0,\"x\":270.01,\"y\":304.48},{\"duration\":15,\"tweenEasing\":0,\"x\":267.08,\"y\":257.13},{\"duration\":15,\"tweenEasing\":0,\"x\":255.09,\"y\":221.18},{\"duration\":10,\"tweenEasing\":0,\"x\":257.9,\"y\":190.02},{\"duration\":0,\"x\":263.42,\"y\":169.55}],\"scaleFrame\":[{\"duration\":45,\"tweenEasing\":0},{\"duration\":105,\"x\":0.22,\"y\":0.22}]},{\"name\":\"qipao8\",\"translateFrame\":[{\"duration\":65,\"tweenEasing\":0,\"x\":330.58,\"y\":391.9},{\"duration\":18,\"tweenEasing\":0,\"x\":338.78,\"y\":398.33},{\"duration\":11,\"tweenEasing\":0,\"x\":333.1,\"y\":361.04},{\"duration\":15,\"tweenEasing\":0,\"x\":335.08,\"y\":338.01},{\"duration\":16,\"tweenEasing\":0,\"x\":348.6,\"y\":301.81},{\"duration\":16,\"tweenEasing\":0,\"x\":352.14,\"y\":256.84},{\"duration\":9,\"tweenEasing\":0,\"x\":338.01,\"y\":216.9},{\"duration\":0,\"x\":335.56,\"y\":191.08}],\"scaleFrame\":[{\"duration\":65,\"tweenEasing\":0},{\"duration\":85,\"x\":0.24,\"y\":0.24}]},{\"name\":\"qipao9\",\"translateFrame\":[{\"duration\":83,\"tweenEasing\":0},{\"duration\":17,\"tweenEasing\":0,\"x\":251.69,\"y\":396.77},{\"duration\":17,\"tweenEasing\":0,\"x\":249.23,\"y\":377.87},{\"duration\":16,\"tweenEasing\":0,\"x\":253.65,\"y\":353.59},{\"duration\":12,\"tweenEasing\":0,\"x\":260.33,\"y\":333.76},{\"duration\":5,\"tweenEasing\":0,\"x\":258.25,\"y\":314.78},{\"duration\":0,\"x\":255.76,\"y\":307.31}],\"scaleFrame\":[{\"duration\":83,\"tweenEasing\":0},{\"duration\":67,\"x\":0.14,\"y\":0.14}]},{\"name\":\"qipao10\",\"translateFrame\":[{\"duration\":132,\"tweenEasing\":0},{\"duration\":7,\"tweenEasing\":0,\"x\":365.79,\"y\":396.57},{\"duration\":6,\"tweenEasing\":0,\"x\":364.02,\"y\":385.32},{\"duration\":5,\"tweenEasing\":0,\"x\":360.55,\"y\":367.25},{\"duration\":0,\"x\":359.16,\"y\":354.69}],\"scaleFrame\":[{\"duration\":132,\"tweenEasing\":0},{\"duration\":18,\"x\":0.24,\"y\":0.24}]},{\"name\":\"qipao11\",\"translateFrame\":[{\"duration\":119,\"tweenEasing\":0},{\"duration\":10,\"tweenEasing\":0,\"x\":308.1,\"y\":401.32},{\"duration\":10,\"tweenEasing\":0,\"x\":307.93,\"y\":372.51},{\"duration\":11,\"tweenEasing\":0,\"x\":317.87,\"y\":339.65},{\"duration\":0,\"x\":333.37,\"y\":299.55}],\"scaleFrame\":[{\"duration\":119,\"tweenEasing\":0},{\"duration\":31,\"x\":0.31,\"y\":0.31}]},{\"name\":\"all\",\"translateFrame\":[{\"duration\":150,\"x\":61.64,\"y\":-28.02}]}],\"slot\":[{\"name\":\"eff_qipao_01\",\"displayFrame\":[{\"duration\":150}],\"colorFrame\":[{\"duration\":100,\"tweenEasing\":0},{\"duration\":20,\"tweenEasing\":0},{\"duration\":30,\"value\":{\"aM\":0}}]},{\"name\":\"eff_qipao_1\",\"displayFrame\":[{\"duration\":150}],\"colorFrame\":[{\"duration\":65,\"tweenEasing\":0},{\"duration\":22,\"tweenEasing\":0},{\"duration\":63,\"value\":{\"aM\":0}}]},{\"name\":\"eff_qipao_2\",\"displayFrame\":[{\"duration\":150}],\"colorFrame\":[{\"duration\":25,\"tweenEasing\":0},{\"duration\":26,\"tweenEasing\":0},{\"duration\":99,\"value\":{\"aM\":0}}]},{\"name\":\"eff_qipao_3\",\"displayFrame\":[{\"duration\":150}],\"colorFrame\":[{\"duration\":15,\"tweenEasing\":0},{\"duration\":16,\"tweenEasing\":0},{\"duration\":119,\"value\":{\"aM\":0}}]},{\"name\":\"eff_qipao_4\",\"displayFrame\":[{\"duration\":150}],\"colorFrame\":[{\"duration\":42,\"tweenEasing\":0},{\"duration\":28,\"tweenEasing\":0},{\"duration\":80,\"value\":{\"aM\":0}}]},{\"name\":\"eff_qipao_5\",\"displayFrame\":[{\"duration\":5,\"value\":-1},{\"duration\":145}],\"colorFrame\":[{\"duration\":113,\"tweenEasing\":0},{\"duration\":32,\"tweenEasing\":0},{\"duration\":5,\"value\":{\"aM\":0}}]},{\"name\":\"eff_qipao_6\",\"displayFrame\":[{\"duration\":45,\"value\":-1},{\"duration\":105}]},{\"name\":\"eff_qipao_7\",\"displayFrame\":[{\"duration\":65,\"value\":-1},{\"duration\":85}]},{\"name\":\"eff_qipao_8\",\"displayFrame\":[{\"duration\":83,\"value\":-1},{\"duration\":67}]},{\"name\":\"eff_qipao_9\",\"displayFrame\":[{\"duration\":132,\"value\":-1},{\"duration\":18}]},{\"name\":\"eff_qipao_10\",\"displayFrame\":[{\"duration\":119,\"value\":-1},{\"duration\":31}]}]}],\"defaultActions\":[{\"gotoAndPlay\":\"large\"}]}]}"}