{"__type__":"sp.SkeletonData","_name":"avenger_minigame_item","_skeletonJson":{"skeleton":{"hash":"JSQKWOSIVRRAFmiy5sqJmxztWQ8","spine":"3.6.53","width":188,"height":237,"images":"../INFINITY STONE/"},"bones":[{"name":"root"},{"name":"SPACE STONE","parent":"root"}],"slots":[{"name":"SPACE STONE 1","bone":"root","color":"ffffff00","attachment":"ALL-BG-AVENGER-SLOT-3_0004_SPACE-STONE-copy"},{"name":"SPACE STONE 2","bone":"root","color":"ffffff00","attachment":"ALL-BG-AVENGER-SLOT-3_0010_SPACE-STONE","blend":"additive"},{"name":"REALITY STONE 1","bone":"root","color":"ffffff00","attachment":"ALL-BG-AVENGER-SLOT-3_0000_REALITY-STONE-copy"},{"name":"REALITY STONE 2","bone":"root","color":"ffffff00","attachment":"ALL-BG-AVENGER-SLOT-3_0006_REALITY-STONE","blend":"additive"},{"name":"POWER STONE 1","bone":"root","color":"ffffff00","attachment":"ALL-BG-AVENGER-SLOT-3_0001_POWER-STONE-copy"},{"name":"POWER STONE 2","bone":"root","color":"ffffff00","attachment":"ALL-BG-AVENGER-SLOT-3_0007_POWER-STONE","blend":"additive"},{"name":"TIME STONE 1","bone":"root","color":"ffffff00","attachment":"ALL-BG-AVENGER-SLOT-3_0002_TIME-STONE-copy"},{"name":"TIME STONE 2","bone":"root","color":"ffffff00","attachment":"ALL-BG-AVENGER-SLOT-3_0008_TIME-STONE","blend":"additive"},{"name":"MINE STONE 1","bone":"root","color":"ffffff00","attachment":"ALL-BG-AVENGER-SLOT-3_0003_MINE-STONE-copy"},{"name":"MINE STONE 2","bone":"root","color":"ffffff00","attachment":"ALL-BG-AVENGER-SLOT-3_0009_MINE-STONE","blend":"additive"},{"name":"SOUL STONE 1","bone":"root","color":"ffffff00","attachment":"ALL-BG-AVENGER-SLOT-3_0005_SOUL-STONE-copy"},{"name":"SOUL STONE 2","bone":"root","color":"ffffff00","attachment":"ALL-BG-AVENGER-SLOT-3_0011_SOUL-STONE","blend":"additive"}],"skins":{"default":{"MINE STONE 1":{"ALL-BG-AVENGER-SLOT-3_0003_MINE-STONE-copy":{"type":"mesh","uvs":[1,1,0,1,0,0,1,0],"triangles":[1,2,3,1,3,0],"vertices":[1,1,55.5,-80,1,1,1,-55.5,-80,1,1,1,-55.5,80,1,1,1,55.5,80,1],"hull":4,"edges":[0,2,2,4,4,6,0,6],"width":111,"height":160}},"MINE STONE 2":{"ALL-BG-AVENGER-SLOT-3_0009_MINE-STONE":{"type":"mesh","uvs":[1,1,0,1,0,0,1,0],"triangles":[1,2,3,1,3,0],"vertices":[1,1,94,-118.5,1,1,1,-94,-118.5,1,1,1,-94,118.5,1,1,1,94,118.5,1],"hull":4,"edges":[0,2,2,4,4,6,0,6],"width":188,"height":237}},"POWER STONE 1":{"ALL-BG-AVENGER-SLOT-3_0001_POWER-STONE-copy":{"type":"mesh","uvs":[1,1,0,1,0,0,1,0],"triangles":[1,2,3,1,3,0],"vertices":[1,1,52.5,-73,1,1,1,-52.5,-73,1,1,1,-52.5,73,1,1,1,52.5,73,1],"hull":4,"edges":[0,2,2,4,4,6,0,6],"width":105,"height":146}},"POWER STONE 2":{"ALL-BG-AVENGER-SLOT-3_0007_POWER-STONE":{"type":"mesh","uvs":[1,1,0,1,0,0,1,0],"triangles":[1,2,3,1,3,0],"vertices":[1,1,91,-111.5,1,1,1,-91,-111.5,1,1,1,-91,111.5,1,1,1,91,111.5,1],"hull":4,"edges":[0,2,2,4,4,6,0,6],"width":182,"height":223}},"REALITY STONE 1":{"ALL-BG-AVENGER-SLOT-3_0000_REALITY-STONE-copy":{"type":"mesh","uvs":[1,1,0,1,0,0,1,0],"triangles":[1,2,3,1,3,0],"vertices":[1,1,44,-66.5,1,1,1,-44,-66.5,1,1,1,-44,66.5,1,1,1,44,66.5,1],"hull":4,"edges":[0,2,2,4,4,6,0,6],"width":88,"height":133}},"REALITY STONE 2":{"ALL-BG-AVENGER-SLOT-3_0006_REALITY-STONE":{"type":"mesh","uvs":[1,1,0,1,0,0,1,0],"triangles":[1,2,3,1,3,0],"vertices":[1,1,83.5,-103.5,1,1,1,-83.5,-103.5,1,1,1,-83.5,103.5,1,1,1,83.5,103.5,1],"hull":4,"edges":[0,2,2,4,4,6,0,6],"width":167,"height":207}},"SOUL STONE 1":{"ALL-BG-AVENGER-SLOT-3_0005_SOUL-STONE-copy":{"type":"mesh","uvs":[1,1,0,1,0,0,1,0],"triangles":[1,2,3,1,3,0],"vertices":[1,1,55,-67,1,1,1,-55,-67,1,1,1,-55,67,1,1,1,55,67,1],"hull":4,"edges":[0,2,2,4,4,6,0,6],"width":110,"height":134}},"SOUL STONE 2":{"ALL-BG-AVENGER-SLOT-3_0011_SOUL-STONE":{"type":"mesh","uvs":[1,1,0,1,0,0,1,0],"triangles":[1,2,3,1,3,0],"vertices":[1,1,94,-105,1,1,1,-94,-105,1,1,1,-94,105,1,1,1,94,105,1],"hull":4,"edges":[0,2,2,4,4,6,0,6],"width":188,"height":210}},"SPACE STONE 1":{"ALL-BG-AVENGER-SLOT-3_0004_SPACE-STONE-copy":{"type":"mesh","uvs":[1,1,0,1,0,0,1,0],"triangles":[1,2,3,1,3,0],"vertices":[1,1,42,-65.5,1,1,1,-42,-65.5,1,1,1,-42,65.5,1,1,1,42,65.5,1],"hull":4,"edges":[0,2,2,4,4,6,0,6],"width":84,"height":131}},"SPACE STONE 2":{"ALL-BG-AVENGER-SLOT-3_0010_SPACE-STONE":{"type":"mesh","uvs":[1,1,0,1,0,0,1,0],"triangles":[1,2,3,1,3,0],"vertices":[1,1,81,-102.5,1,1,1,-81,-102.5,1,1,1,-81,102.5,1,1,1,81,102.5,1],"hull":4,"edges":[0,2,2,4,4,6,0,6],"width":162,"height":205}},"TIME STONE 1":{"ALL-BG-AVENGER-SLOT-3_0002_TIME-STONE-copy":{"type":"mesh","uvs":[1,1,0,1,0,0,1,0],"triangles":[1,2,3,1,3,0],"vertices":[1,1,55,-68,1,1,1,-55,-68,1,1,1,-55,68,1,1,1,55,68,1],"hull":4,"edges":[0,2,2,4,4,6,0,6],"width":110,"height":136}},"TIME STONE 2":{"ALL-BG-AVENGER-SLOT-3_0008_TIME-STONE":{"type":"mesh","uvs":[1,1,0,1,0,0,1,0],"triangles":[1,2,3,1,3,0],"vertices":[1,1,93,-106,1,1,1,-93,-106,1,1,1,-93,106,1,1,1,93,106,1],"hull":4,"edges":[0,2,2,4,4,6,0,6],"width":186,"height":212}}}},"animations":{"appear_2":{"slots":{"REALITY STONE 1":{"color":[{"time":0,"color":"ffffffff"}]},"REALITY STONE 2":{"color":[{"time":0,"color":"ffffff00"}]}},"bones":{"SPACE STONE":{"translate":[{"time":0,"x":0,"y":0,"curve":"stepped"},{"time":0.3,"x":0,"y":0}],"scale":[{"time":0,"x":0,"y":0},{"time":0.1,"x":1,"y":1},{"time":0.1667,"x":1.2,"y":1.2},{"time":0.2333,"x":0.9,"y":0.9},{"time":0.3,"x":1,"y":1}]}}},"appear_1":{"slots":{"POWER STONE 1":{"color":[{"time":0,"color":"ffffffff","curve":"stepped"},{"time":0.3,"color":"ffffffff"}]},"POWER STONE 2":{"color":[{"time":0,"color":"ffffff00","curve":"stepped"},{"time":0.3,"color":"ffffff00"}]}},"bones":{"SPACE STONE":{"translate":[{"time":0,"x":0,"y":0,"curve":"stepped"},{"time":0.3,"x":0,"y":0}],"scale":[{"time":0,"x":0,"y":0},{"time":0.1,"x":1,"y":1},{"time":0.1667,"x":1.2,"y":1.2},{"time":0.2333,"x":0.9,"y":0.9},{"time":0.3,"x":1,"y":1}]}}},"appear_0":{"slots":{"TIME STONE 1":{"color":[{"time":0,"color":"ffffffff","curve":"stepped"},{"time":0.3,"color":"ffffffff"}]},"TIME STONE 2":{"color":[{"time":0,"color":"ffffff00","curve":"stepped"},{"time":0.3,"color":"ffffff00"}]}},"bones":{"SPACE STONE":{"translate":[{"time":0,"x":0,"y":5,"curve":"stepped"},{"time":0.3,"x":0,"y":5}],"scale":[{"time":0,"x":0,"y":0},{"time":0.1,"x":1,"y":1},{"time":0.1667,"x":1.2,"y":1.2},{"time":0.2333,"x":0.9,"y":0.9},{"time":0.3,"x":1,"y":1}]}}},"appear_3":{"slots":{"MINE STONE 1":{"color":[{"time":0,"color":"ffffffff","curve":"stepped"},{"time":0.3,"color":"ffffffff"}]},"MINE STONE 2":{"color":[{"time":0,"color":"ffffff00","curve":"stepped"},{"time":0.3,"color":"ffffff00"}]}},"bones":{"SPACE STONE":{"translate":[{"time":0,"x":0,"y":0,"curve":"stepped"},{"time":0.3,"x":0,"y":0}],"scale":[{"time":0,"x":0,"y":0},{"time":0.1,"x":1,"y":1},{"time":0.1667,"x":1.2,"y":1.2},{"time":0.2333,"x":0.9,"y":0.9},{"time":0.3,"x":1,"y":1}]}}},"appear_4":{"slots":{"SPACE STONE 1":{"color":[{"time":0,"color":"ffffffff","curve":"stepped"},{"time":0.3,"color":"ffffffff"}]},"SPACE STONE 2":{"color":[{"time":0,"color":"ffffff00","curve":"stepped"},{"time":0.3,"color":"ffffff00"}]}},"bones":{"SPACE STONE":{"translate":[{"time":0,"x":0,"y":0,"curve":"stepped"},{"time":0.3,"x":0,"y":0}],"scale":[{"time":0,"x":0,"y":0},{"time":0.1,"x":1,"y":1},{"time":0.1667,"x":1.2,"y":1.2},{"time":0.2333,"x":0.9,"y":0.9},{"time":0.3,"x":1,"y":1}]}}},"appear_5":{"slots":{"SOUL STONE 1":{"color":[{"time":0,"color":"ffffffff","curve":"stepped"},{"time":0.3,"color":"ffffffff"}]},"SOUL STONE 2":{"color":[{"time":0,"color":"ffffff00","curve":"stepped"},{"time":0.3,"color":"ffffff00"}]}},"bones":{"SPACE STONE":{"translate":[{"time":0,"x":0,"y":0,"curve":"stepped"},{"time":0.3,"x":0,"y":0}],"scale":[{"time":0,"x":0,"y":0},{"time":0.1,"x":1,"y":1},{"time":0.1667,"x":1.2,"y":1.2},{"time":0.2333,"x":0.9,"y":0.9},{"time":0.3,"x":1,"y":1}]}}},"disappear_2":{"slots":{"REALITY STONE 1":{"color":[{"time":0,"color":"ffffffff"},{"time":0.6667,"color":"ffffff00"}]},"REALITY STONE 2":{"color":[{"time":0,"color":"ffffff00"},{"time":0.3333,"color":"ffffffff"},{"time":0.6667,"color":"ffffff00"}]}},"bones":{"SPACE STONE":{"translate":[{"time":0,"x":0,"y":0,"curve":"stepped"},{"time":0.6667,"x":0,"y":0}]}},"deform":{"default":{"REALITY STONE 2":{"ALL-BG-AVENGER-SLOT-3_0006_REALITY-STONE":[{"time":0},{"time":0.6667,"vertices":[66.80003,-82.79999,-66.8,-82.79999,-66.80003,82.79999,66.8,82.79999]}]}}}},"disappear_1":{"slots":{"POWER STONE 1":{"color":[{"time":0,"color":"ffffffff"},{"time":0.6667,"color":"ffffff00"}]},"POWER STONE 2":{"color":[{"time":0,"color":"ffffff00"},{"time":0.3333,"color":"ffffffff"},{"time":0.6667,"color":"ffffff00"}]}},"bones":{"SPACE STONE":{"translate":[{"time":0,"x":0,"y":0,"curve":"stepped"},{"time":0.6667,"x":0,"y":0}]}},"deform":{"default":{"POWER STONE 2":{"ALL-BG-AVENGER-SLOT-3_0007_POWER-STONE":[{"time":0},{"time":0.6667,"vertices":[72.8,-89.2,-72.8,-89.2,-72.79999,89.2,72.80002,89.2]}]}}}},"disappear_0":{"slots":{"TIME STONE 1":{"color":[{"time":0,"color":"ffffffff"},{"time":0.6667,"color":"ffffff00"}]},"TIME STONE 2":{"color":[{"time":0,"color":"ffffff00"},{"time":0.3333,"color":"ffffffff"},{"time":0.6667,"color":"ffffff00"}]}},"bones":{"SPACE STONE":{"translate":[{"time":0,"x":0,"y":0,"curve":"stepped"},{"time":0.6667,"x":0,"y":0}]}},"deform":{"default":{"TIME STONE 2":{"ALL-BG-AVENGER-SLOT-3_0008_TIME-STONE":[{"time":0},{"time":0.6667,"vertices":[74.39999,-84.79999,-74.39999,-84.79999,-74.39999,84.79999,74.39999,84.79999]}]}}}},"disappear_3":{"slots":{"MINE STONE 1":{"color":[{"time":0,"color":"ffffffff"},{"time":0.6667,"color":"ffffff00"}]},"MINE STONE 2":{"color":[{"time":0,"color":"ffffff00"},{"time":0.3333,"color":"ffffffff"},{"time":0.6667,"color":"ffffff00"}]}},"bones":{"SPACE STONE":{"translate":[{"time":0,"x":0,"y":0,"curve":"stepped"},{"time":0.6667,"x":0,"y":0}]}},"deform":{"default":{"MINE STONE 2":{"ALL-BG-AVENGER-SLOT-3_0009_MINE-STONE":[{"time":0},{"time":0.6667,"vertices":[75.19998,-94.79999,-75.20001,-94.79999,-75.2,94.79999,75.2,94.79999]}]}}}},"disappear_4":{"slots":{"SPACE STONE 1":{"color":[{"time":0,"color":"ffffffff"},{"time":0.6667,"color":"ffffff00"}]},"SPACE STONE 2":{"color":[{"time":0,"color":"ffffff00"},{"time":0.3333,"color":"ffffffff"},{"time":0.6667,"color":"ffffff00"}]}},"bones":{"SPACE STONE":{"translate":[{"time":0,"x":0,"y":0,"curve":"stepped"},{"time":0.6667,"x":0,"y":0}]}},"deform":{"default":{"SPACE STONE 2":{"ALL-BG-AVENGER-SLOT-3_0010_SPACE-STONE":[{"time":0},{"time":0.6667,"vertices":[64.8,-82,-64.8,-82,-64.8,82,64.8,82]}]}}}},"disappear_5":{"slots":{"SOUL STONE 1":{"color":[{"time":0,"color":"ffffffff"},{"time":0.6667,"color":"ffffff00"}]},"SOUL STONE 2":{"color":[{"time":0,"color":"ffffff00"},{"time":0.3333,"color":"ffffffff"},{"time":0.6667,"color":"ffffff00"}]}},"bones":{"SPACE STONE":{"translate":[{"time":0,"x":0,"y":0,"curve":"stepped"},{"time":0.6667,"x":0,"y":0}]}},"deform":{"default":{"SOUL STONE 2":{"ALL-BG-AVENGER-SLOT-3_0011_SOUL-STONE":[{"time":0},{"time":0.6667,"vertices":[75.2,-84,-75.2,-84,-75.2,84,75.2,84]}]}}}},"idle_2":{"slots":{"REALITY STONE 1":{"color":[{"time":0,"color":"ffffffff","curve":"stepped"},{"time":0.6667,"color":"ffffffff","curve":"stepped"},{"time":1.1667,"color":"ffffffff"}]},"REALITY STONE 2":{"color":[{"time":0,"color":"ffffff00"},{"time":0.3333,"color":"ffffffff"},{"time":0.6667,"color":"ffffff00","curve":"stepped"},{"time":1.1667,"color":"ffffff00"}]}},"bones":{"SPACE STONE":{"translate":[{"time":0,"x":0,"y":0,"curve":[0,0.4,0.701,0.7]},{"time":0.3333,"x":0,"y":28},{"time":0.6667,"x":0,"y":0},{"time":0.7667,"x":0,"y":-5},{"time":0.8667,"x":0,"y":0},{"time":0.9667,"x":0,"y":5},{"time":1.1,"x":0,"y":0,"curve":"stepped"},{"time":1.1667,"x":0,"y":0}]}}},"idle_1":{"slots":{"POWER STONE 1":{"color":[{"time":0,"color":"ffffffff","curve":"stepped"},{"time":0.1,"color":"ffffffff","curve":"stepped"},{"time":0.7667,"color":"ffffffff","curve":"stepped"},{"time":1.1667,"color":"ffffffff"}]},"POWER STONE 2":{"color":[{"time":0,"color":"ffffff00","curve":"stepped"},{"time":0.1,"color":"ffffff00"},{"time":0.4333,"color":"ffffffff"},{"time":0.7667,"color":"ffffff00","curve":"stepped"},{"time":1.1667,"color":"ffffff00"}]}},"bones":{"SPACE STONE":{"translate":[{"time":0,"x":0,"y":0,"curve":"stepped"},{"time":0.1,"x":0,"y":0,"curve":[0,0.4,0.701,0.7]},{"time":0.4333,"x":0,"y":28},{"time":0.7667,"x":0,"y":0},{"time":0.8667,"x":0,"y":-5},{"time":0.9667,"x":0,"y":0},{"time":1.0667,"x":0,"y":5},{"time":1.1667,"x":0,"y":0}]}}},"idle_0":{"slots":{"TIME STONE 1":{"color":[{"time":0,"color":"ffffffff","curve":"stepped"},{"time":0.2,"color":"ffffffff","curve":"stepped"},{"time":0.8667,"color":"ffffffff","curve":"stepped"},{"time":1.1667,"color":"ffffffff"}]},"TIME STONE 2":{"color":[{"time":0,"color":"ffffff00","curve":"stepped"},{"time":0.2,"color":"ffffff00"},{"time":0.5333,"color":"ffffffff"},{"time":0.8667,"color":"ffffff00","curve":"stepped"},{"time":1.1667,"color":"ffffff00"}]}},"bones":{"SPACE STONE":{"translate":[{"time":0,"x":0,"y":5,"curve":[0,0.37,0.452,0.7]},{"time":0.1,"x":0,"y":-5,"curve":[0.347,0.35,0.756,0.68]},{"time":0.2,"x":0,"y":0,"curve":[0,0.4,0.701,0.7]},{"time":0.5333,"x":0,"y":28},{"time":0.8667,"x":0,"y":0},{"time":0.9667,"x":0,"y":-5},{"time":1.0667,"x":0,"y":0},{"time":1.1667,"x":0,"y":5}]}}},"idle_3":{"slots":{"MINE STONE 1":{"color":[{"time":0,"color":"ffffffff","curve":"stepped"},{"time":0.3,"color":"ffffffff","curve":"stepped"},{"time":0.9667,"color":"ffffffff","curve":"stepped"},{"time":1.1667,"color":"ffffffff"}]},"MINE STONE 2":{"color":[{"time":0,"color":"ffffff00","curve":"stepped"},{"time":0.3,"color":"ffffff00"},{"time":0.6333,"color":"ffffffff"},{"time":0.9667,"color":"ffffff00","curve":"stepped"},{"time":1.1667,"color":"ffffff00"}]}},"bones":{"SPACE STONE":{"translate":[{"time":0,"x":0,"y":0,"curve":[0,0.36,0.404,0.69]},{"time":0.1,"x":0,"y":5,"curve":[0.277,0.35,0.643,0.68]},{"time":0.2,"x":0,"y":1,"curve":[0.378,0.34,0.746,0.67]},{"time":0.3,"x":0,"y":0,"curve":[0,0.4,0.701,0.7]},{"time":0.6333,"x":0,"y":28},{"time":0.9667,"x":0,"y":0},{"time":1.0667,"x":0,"y":-5},{"time":1.1667,"x":0,"y":0}]}}},"idle_4":{"slots":{"SPACE STONE 1":{"color":[{"time":0,"color":"ffffffff","curve":"stepped"},{"time":0.4,"color":"ffffffff","curve":"stepped"},{"time":1.0667,"color":"ffffffff","curve":"stepped"},{"time":1.1667,"color":"ffffffff"}]},"SPACE STONE 2":{"color":[{"time":0,"color":"ffffff00","curve":"stepped"},{"time":0.4,"color":"ffffff00"},{"time":0.7333,"color":"ffffffff"},{"time":1.0667,"color":"ffffff00","curve":"stepped"},{"time":1.1667,"color":"ffffff00"}]}},"bones":{"SPACE STONE":{"translate":[{"time":0,"x":0,"y":0,"curve":[0,0.35,0.365,0.68]},{"time":0.1,"x":0,"y":5,"curve":[0.213,0.35,0.576,0.68]},{"time":0.2,"x":0,"y":0,"curve":[0.31,0.35,0.665,0.68]},{"time":0.3,"x":0,"y":-5,"curve":[0.381,0.34,0.739,0.67]},{"time":0.4,"x":0,"y":0,"curve":[0,0.4,0.701,0.7]},{"time":0.7333,"x":0,"y":28},{"time":1.0667,"x":0,"y":0,"curve":"stepped"},{"time":1.1667,"x":0,"y":0}]}}},"idle_5":{"slots":{"SOUL STONE 1":{"color":[{"time":0,"color":"ffffffff","curve":"stepped"},{"time":0.5,"color":"ffffffff","curve":"stepped"},{"time":1.1667,"color":"ffffffff"}]},"SOUL STONE 2":{"color":[{"time":0,"color":"ffffff00","curve":"stepped"},{"time":0.5,"color":"ffffff00"},{"time":0.8333,"color":"ffffffff"},{"time":1.1667,"color":"ffffff00"}]}},"bones":{"SPACE STONE":{"translate":[{"time":0,"x":0,"y":0},{"time":0.1333,"x":0,"y":5},{"time":0.2667,"x":0,"y":0},{"time":0.4,"x":0,"y":-5},{"time":0.5,"x":0,"y":0,"curve":[0,0.35,0.372,0.68]},{"time":0.8333,"x":0,"y":28},{"time":1.1667,"x":0,"y":0}]}}}}},"_atlasText":"\nINFINITY STONE BONUS GAME.png\nsize: 1024,512\nformat: RGBA8888\nfilter: Linear,Linear\nrepeat: none\nALL-BG-AVENGER-SLOT-3_0000_REALITY-STONE-copy\n  rotate: true\n  xy: 570, 167\n  size: 88, 133\n  orig: 88, 133\n  offset: 0, 0\n  index: -1\nALL-BG-AVENGER-SLOT-3_0001_POWER-STONE-copy\n  rotate: true\n  xy: 192, 145\n  size: 105, 146\n  orig: 105, 146\n  offset: 0, 0\n  index: -1\nALL-BG-AVENGER-SLOT-3_0002_TIME-STONE-copy\n  rotate: false\n  xy: 186, 7\n  size: 110, 136\n  orig: 110, 136\n  offset: 0, 0\n  index: -1\nALL-BG-AVENGER-SLOT-3_0003_MINE-STONE-copy\n  rotate: false\n  xy: 903, 304\n  size: 111, 160\n  orig: 111, 160\n  offset: 0, 0\n  index: -1\nALL-BG-AVENGER-SLOT-3_0004_SPACE-STONE-copy\n  rotate: true\n  xy: 739, 173\n  size: 84, 131\n  orig: 84, 131\n  offset: 0, 0\n  index: -1\nALL-BG-AVENGER-SLOT-3_0005_SOUL-STONE-copy\n  rotate: false\n  xy: 298, 9\n  size: 110, 134\n  orig: 110, 134\n  offset: 0, 0\n  index: -1\nALL-BG-AVENGER-SLOT-3_0006_REALITY-STONE\n  rotate: false\n  xy: 570, 257\n  size: 167, 207\n  orig: 167, 207\n  offset: 0, 0\n  index: -1\nALL-BG-AVENGER-SLOT-3_0007_POWER-STONE\n  rotate: false\n  xy: 2, 2\n  size: 182, 223\n  orig: 182, 223\n  offset: 0, 0\n  index: -1\nALL-BG-AVENGER-SLOT-3_0008_TIME-STONE\n  rotate: false\n  xy: 192, 252\n  size: 186, 212\n  orig: 186, 212\n  offset: 0, 0\n  index: -1\nALL-BG-AVENGER-SLOT-3_0009_MINE-STONE\n  rotate: false\n  xy: 2, 227\n  size: 188, 237\n  orig: 188, 237\n  offset: 0, 0\n  index: -1\nALL-BG-AVENGER-SLOT-3_0010_SPACE-STONE\n  rotate: false\n  xy: 739, 259\n  size: 162, 205\n  orig: 162, 205\n  offset: 0, 0\n  index: -1\nALL-BG-AVENGER-SLOT-3_0011_SOUL-STONE\n  rotate: false\n  xy: 380, 254\n  size: 188, 210\n  orig: 188, 210\n  offset: 0, 0\n  index: -1\n","textures":[{"__uuid__":"3cRWFcbgRCMIjmIowJ8OPl"}],"textureNames":["INFINITY STONE BONUS GAME.png"]}