{"__type__":"dragonBones.DragonBonesAtlasAsset","_name":"kyby_chibang1_tex","_atlasJson":"{\"SubTexture\":[{\"width\":180,\"y\":1,\"height\":255,\"name\":\"chibang1_chibang1\",\"x\":790},{\"frameWidth\":90,\"y\":506,\"frameX\":0,\"frameHeight\":128,\"frameY\":0,\"width\":85,\"height\":110,\"name\":\"chibang1_chibang1_00002\",\"x\":499},{\"frameWidth\":90,\"y\":544,\"frameX\":0,\"frameHeight\":128,\"frameY\":0,\"width\":71,\"height\":90,\"name\":\"chibang1_chibang1_00003\",\"x\":237},{\"frameWidth\":90,\"y\":506,\"frameX\":-22,\"frameHeight\":128,\"frameY\":-21,\"width\":68,\"height\":107,\"name\":\"chibang1_chibang1_00000\",\"x\":586},{\"frameWidth\":90,\"y\":440,\"frameX\":-4,\"frameHeight\":128,\"frameY\":-6,\"width\":86,\"height\":122,\"name\":\"chibang1_chibang1_00001\",\"x\":713},{\"width\":65,\"y\":544,\"height\":62,\"name\":\"chibanglight22\",\"x\":310},{\"frameWidth\":264,\"y\":1,\"frameX\":-4,\"frameHeight\":180,\"frameY\":0,\"width\":259,\"height\":180,\"name\":\"1chibangchuxian_00003\",\"x\":529},{\"frameWidth\":264,\"y\":364,\"frameX\":-26,\"frameHeight\":180,\"frameY\":0,\"width\":234,\"height\":180,\"name\":\"1chibangchuxian_00008\",\"x\":1},{\"frameWidth\":264,\"y\":183,\"frameX\":-11,\"frameHeight\":180,\"frameY\":-3,\"width\":252,\"height\":177,\"name\":\"1chibangchuxian_00002\",\"x\":517},{\"frameWidth\":264,\"y\":258,\"frameX\":-1,\"frameHeight\":180,\"frameY\":0,\"width\":247,\"height\":180,\"name\":\"1chibangchuxian_00001\",\"x\":771},{\"frameWidth\":264,\"y\":1,\"frameX\":-1,\"frameHeight\":180,\"frameY\":0,\"width\":262,\"height\":180,\"name\":\"1chibangchuxian_00005\",\"x\":1},{\"frameWidth\":264,\"y\":544,\"frameX\":-83,\"frameHeight\":180,\"frameY\":-15,\"width\":84,\"height\":37,\"name\":\"1chibangchuxian_00010\",\"x\":377},{\"frameWidth\":264,\"y\":362,\"frameX\":-33,\"frameHeight\":180,\"frameY\":-27,\"width\":212,\"height\":142,\"name\":\"1chibangchuxian_00000\",\"x\":499},{\"frameWidth\":264,\"y\":183,\"frameX\":-1,\"frameHeight\":180,\"frameY\":-1,\"width\":257,\"height\":179,\"name\":\"1chibangchuxian_00007\",\"x\":1},{\"frameWidth\":264,\"y\":1,\"frameX\":-1,\"frameHeight\":180,\"frameY\":0,\"width\":262,\"height\":180,\"name\":\"1chibangchuxian_00004\",\"x\":265},{\"frameWidth\":264,\"y\":362,\"frameX\":-24,\"frameHeight\":180,\"frameY\":0,\"width\":237,\"height\":180,\"name\":\"1chibangchuxian_00009\",\"x\":260},{\"frameWidth\":264,\"y\":183,\"frameX\":-8,\"frameHeight\":180,\"frameY\":-3,\"width\":255,\"height\":177,\"name\":\"1chibangchuxian_00006\",\"x\":260}],\"width\":1024,\"imagePath\":\"kyby_chibang1_tex.png\",\"height\":1024,\"name\":\"kyby_chibang1\"}","_texture":{"__uuid__":"bd5hMyxR5BXoUtDzF0BlKA"},"texture":{"__uuid__":"bd5hMyxR5BXoUtDzF0BlKA"}}