{"__type__":"sp.SkeletonData","_name":"freespin","_skeletonJson":{"skins":{"default":{"fx2":{"fx2":{"x":0.43,"width":530,"y":11.26,"height":518}},"text5":{"text":{"x":-1.6,"width":320,"y":2.4,"height":269}},"text":{"text":{"x":-1.6,"width":320,"y":2.4,"height":269}},"fx1":{"fx1":{"x":-3.76,"width":371,"y":-8.99,"height":371}}}},"skeleton":{"images":"C:/Users/WIN1064/Downloads/export-20201214T075253Z-001/export/freespin/img","width":530,"spine":"3.7.94","audio":"Y:/VietAnh/hieu ung/Slot Mu/animation/freespin/textures","hash":"Cx7cEjdp4V1taIuFBXuyQMSHTn0","height":561.26},"slots":[{"name":"bg","bone":"root"},{"attachment":"fx2","blend":"additive","name":"fx2","bone":"fx2"},{"attachment":"fx1","blend":"additive","name":"fx1","bone":"fx1"},{"attachment":"text","name":"text","bone":"text"},{"color":"ffffff00","attachment":"text","blend":"additive","name":"text5","bone":"text"}],"bones":[{"name":"root"},{"parent":"root","name":"text","x":6.11,"y":-2.55},{"parent":"root","name":"bone","x":4.51,"y":6.4},{"parent":"bone","name":"fx2","x":0.95,"y":8.55},{"parent":"bone","name":"fx1","x":3.27,"y":6.43}],"animations":{"animation":{"slots":{"fx2":{"color":[{"color":"ffffffff","curve":[0.25,0,0.75,1],"time":0},{"color":"ffffff73","curve":[0.25,0,0.75,1],"time":0.5667},{"color":"ffffffff","curve":[0.25,0,0.75,1],"time":1.1333},{"color":"ffffff73","curve":[0.25,0,0.75,1],"time":1.7667},{"color":"ffffffff","curve":[0.25,0,0.75,1],"time":2.3333},{"color":"ffffff73","curve":[0.25,0,0.75,1],"time":2.9667},{"color":"ffffffff","time":3.5333}]},"text5":{"color":[{"color":"ffffff00","time":0},{"color":"ffffffff","curve":"stepped","time":0.1},{"color":"ffffffff","time":0.5333},{"color":"ffffff00","time":2.3333}]},"fx1":{"color":[{"color":"ffffffff","curve":[0.25,0,0.75,1],"time":0},{"color":"ffffff73","curve":[0.25,0,0.75,1],"time":0.5667},{"color":"ffffffff","curve":[0.25,0,0.75,1],"time":1.1333},{"color":"ffffff73","curve":[0.25,0,0.75,1],"time":1.7667},{"color":"ffffffff","curve":[0.25,0,0.75,1],"time":2.3333},{"color":"ffffff73","curve":[0.25,0,0.75,1],"time":2.9667},{"color":"ffffffff","time":3.5333}]}},"bones":{"fx2":{"rotate":[{"angle":0,"time":0},{"angle":120,"time":0.3667},{"angle":-120,"time":0.7333},{"angle":0,"time":1.1333},{"angle":120,"time":1.5667},{"angle":-120,"time":1.9333},{"angle":0,"time":2.3333},{"angle":120,"time":2.7667},{"angle":-120,"time":3.1333},{"angle":0,"time":3.5333}]},"bone":{"scale":[{"curve":[0,1,0.465,1],"x":1,"y":1,"time":0},{"x":1.888,"y":1.888,"time":0.2333},{"curve":[0.25,0,0.75,1],"x":1,"y":1,"time":1.2667},{"curve":[0.25,0,0.75,1],"x":1.129,"y":1.129,"time":2.3667},{"x":1,"y":1,"time":3.5333}]},"text":{"scale":[{"curve":[0,1,0.465,1],"x":1,"y":1,"time":0},{"x":1.763,"y":1.763,"time":0.2333},{"curve":[0.25,0,0.75,1],"x":1,"y":1,"time":1.2667},{"curve":[0.25,0,0.75,1],"x":1.09,"y":1.09,"time":2.4},{"x":1,"y":1,"time":3.5667}],"translate":[{"curve":[0.25,0,0.75,1],"x":0,"y":0,"time":0},{"curve":[0.25,0,0.75,1],"x":0,"y":17.97,"time":0.5667},{"curve":[0.25,0,0.75,1],"x":0,"y":-24.48,"time":1.1333},{"curve":[0.25,0,0.75,1],"x":0,"y":17.97,"time":1.7333},{"curve":[0.25,0,0.75,1],"x":0,"y":-24.48,"time":2.3333},{"curve":[0.25,0,0.75,1],"x":0,"y":17.97,"time":2.9333},{"x":0,"y":-24.48,"time":3.5333}]},"fx1":{"rotate":[{"angle":0,"time":0},{"angle":-120,"time":0.3667},{"angle":120,"time":0.7333},{"angle":0,"time":1.1333},{"angle":-120,"time":1.5667},{"angle":120,"time":1.9333},{"angle":0,"time":2.3333},{"angle":-120,"time":2.7667},{"angle":120,"time":3.1333},{"angle":0,"time":3.5333}]}}}}},"_atlasText":"\r\nfreespin.png\r\nsize: 1024,1024\r\nformat: RGBA8888\r\nfilter: Linear,Linear\r\nrepeat: none\r\nfx1\r\n  rotate: false\r\n  xy: 2, 2\r\n  size: 371, 371\r\n  orig: 371, 371\r\n  offset: 0, 0\r\n  index: -1\r\nfx2\r\n  rotate: false\r\n  xy: 2, 375\r\n  size: 530, 518\r\n  orig: 530, 518\r\n  offset: 0, 0\r\n  index: -1\r\ntext\r\n  rotate: false\r\n  xy: 534, 624\r\n  size: 320, 269\r\n  orig: 320, 269\r\n  offset: 0, 0\r\n  index: -1\r\n","textures":[{"__uuid__":"a2+AjuSqJORrQjzGMaeUP5"}],"textureNames":["freespin.png"]}