{"__type__":"sp.SkeletonData","_name":"Panel_Rank","_skeletonJson":{"skeleton":{"hash":"Pos/AGwrZEhYSj05udq4JfqXDYg","spine":"3.7.94","width":90,"height":90},"bones":[{"name":"root"},{"name":"1","parent":"root"},{"name":"2","parent":"root"},{"name":"3","parent":"root"},{"name":"silver1","parent":"3","x":0.55},{"name":"silver2","parent":"3","x":0.5,"y":-0.04},{"name":"gold1","parent":"1","x":2.3,"y":-1.03},{"name":"gold2","parent":"1","x":2.44,"y":-1.01},{"name":"4","parent":"1","x":-2.27,"y":6.54},{"name":"red","parent":"4","x":4.79,"y":-3.24,"scaleX":0.5,"scaleY":0.5},{"name":"gold","parent":"4","x":7.55,"y":-8.25},{"name":"red2","parent":"4","x":4.79,"y":-3.24},{"name":"red3","parent":"4","x":4.79,"y":-3.24,"scaleX":0.5,"scaleY":0.5},{"name":"red4","parent":"4","x":14.39,"y":-0.15},{"name":"gold3","parent":"4","x":-3.08,"y":-8.25},{"name":"gold4","parent":"4","x":1.78,"y":-15.68,"scaleX":0.5,"scaleY":0.5},{"name":"gold5","parent":"4","x":7.55,"y":-8.25,"scaleX":0.5,"scaleY":0.5},{"name":"5","parent":"1","rotation":-173.33,"x":8.41,"y":-3.34,"scaleX":0.8,"scaleY":0.8},{"name":"red5","parent":"5","x":4.79,"y":-3.24,"scaleX":0.5,"scaleY":0.5},{"name":"gold6","parent":"5","x":7.55,"y":-8.25},{"name":"red6","parent":"5","x":4.79,"y":-3.24},{"name":"red7","parent":"5","x":4.79,"y":-3.24,"scaleX":0.5,"scaleY":0.5},{"name":"red8","parent":"5","x":14.39,"y":-0.15},{"name":"gold7","parent":"5","x":-3.08,"y":-8.25},{"name":"gold8","parent":"5","x":1.78,"y":-15.68,"scaleX":0.5,"scaleY":0.5},{"name":"gold9","parent":"5","x":7.55,"y":-8.25,"scaleX":0.5,"scaleY":0.5},{"name":"6","parent":"1","rotation":-16,"x":-5.2,"y":17.48,"scaleX":0.5,"scaleY":0.5},{"name":"red9","parent":"6","x":4.79,"y":-3.24,"scaleX":0.5,"scaleY":0.5},{"name":"gold10","parent":"6","x":7.55,"y":-8.25},{"name":"red10","parent":"6","x":4.79,"y":-3.24},{"name":"red11","parent":"6","x":4.79,"y":-3.24,"scaleX":0.5,"scaleY":0.5},{"name":"red12","parent":"6","x":14.39,"y":-0.15},{"name":"gold11","parent":"6","x":-3.08,"y":-8.25},{"name":"gold12","parent":"6","x":1.78,"y":-15.68,"scaleX":0.5,"scaleY":0.5},{"name":"gold13","parent":"6","x":7.55,"y":-8.25,"scaleX":0.5,"scaleY":0.5},{"name":"7","parent":"1","rotation":147.16,"x":3.34,"y":-16.16,"scaleX":0.5,"scaleY":0.5},{"name":"red13","parent":"7","x":4.79,"y":-3.24,"scaleX":0.5,"scaleY":0.5},{"name":"gold14","parent":"7","x":7.55,"y":-8.25},{"name":"red14","parent":"7","x":4.79,"y":-3.24},{"name":"red15","parent":"7","x":4.79,"y":-3.24,"scaleX":0.5,"scaleY":0.5},{"name":"red16","parent":"7","x":14.39,"y":-0.15},{"name":"gold15","parent":"7","x":-3.08,"y":-8.25},{"name":"gold16","parent":"7","x":1.78,"y":-15.68,"scaleX":0.5,"scaleY":0.5},{"name":"gold17","parent":"7","x":7.55,"y":-8.25,"scaleX":0.5,"scaleY":0.5},{"name":"8","parent":"2","rotation":119,"x":-3.87,"y":0.61},{"name":"gold18","parent":"8","x":7.55,"y":-8.25},{"name":"gold19","parent":"8","x":-3.08,"y":-8.25},{"name":"gold20","parent":"8","x":1.78,"y":-15.68,"scaleX":0.5,"scaleY":0.5},{"name":"gold21","parent":"8","x":7.55,"y":-8.25,"scaleX":0.5,"scaleY":0.5},{"name":"gold22","parent":"2","x":-1.71,"y":0.52,"scaleX":0.8,"scaleY":0.8},{"name":"gold23","parent":"2","x":-1.03,"y":1.08,"scaleX":0.8,"scaleY":0.8},{"name":"9","parent":"2","rotation":-157,"x":17.22,"y":-2.86,"scaleX":0.5,"scaleY":0.5},{"name":"gold24","parent":"9","x":7.55,"y":-8.25},{"name":"gold25","parent":"9","x":-3.08,"y":-8.25},{"name":"gold26","parent":"9","x":1.78,"y":-15.68,"scaleX":0.5,"scaleY":0.5},{"name":"gold27","parent":"9","x":7.55,"y":-8.25,"scaleX":0.5,"scaleY":0.5},{"name":"10","parent":"2","rotation":46.49,"x":-19.89,"y":-5,"scaleX":0.5,"scaleY":0.5},{"name":"gold28","parent":"10","x":7.55,"y":-8.25},{"name":"gold29","parent":"10","x":-3.08,"y":-8.25},{"name":"gold30","parent":"10","x":1.78,"y":-15.68,"scaleX":0.5,"scaleY":0.5},{"name":"gold31","parent":"10","x":7.55,"y":-8.25,"scaleX":0.5,"scaleY":0.5},{"name":"11","parent":"1","x":-8.44,"y":0.06}],"slots":[{"name":"gold2","bone":"gold2","attachment":"gold2","blend":"additive"},{"name":"gold23","bone":"gold23","attachment":"gold2","blend":"additive"},{"name":"gold1","bone":"gold1","attachment":"gold1","blend":"additive"},{"name":"gold22","bone":"gold22","attachment":"gold1","blend":"additive"},{"name":"gold","bone":"gold","attachment":"gold","blend":"additive"},{"name":"gold18","bone":"gold18","attachment":"gold","blend":"additive"},{"name":"gold24","bone":"gold24","attachment":"gold","blend":"additive"},{"name":"gold28","bone":"gold28","attachment":"gold","blend":"additive"},{"name":"gold6","bone":"gold6","attachment":"gold","blend":"additive"},{"name":"gold10","bone":"gold10","attachment":"gold","blend":"additive"},{"name":"gold14","bone":"gold14","attachment":"gold","blend":"additive"},{"name":"gold5","bone":"gold5","attachment":"gold","blend":"additive"},{"name":"gold21","bone":"gold21","attachment":"gold","blend":"additive"},{"name":"gold27","bone":"gold27","attachment":"gold","blend":"additive"},{"name":"gold31","bone":"gold31","attachment":"gold","blend":"additive"},{"name":"gold9","bone":"gold9","attachment":"gold","blend":"additive"},{"name":"gold13","bone":"gold13","attachment":"gold","blend":"additive"},{"name":"gold17","bone":"gold17","attachment":"gold","blend":"additive"},{"name":"gold3","bone":"gold3","attachment":"gold","blend":"additive"},{"name":"gold19","bone":"gold19","attachment":"gold","blend":"additive"},{"name":"gold25","bone":"gold25","attachment":"gold","blend":"additive"},{"name":"gold29","bone":"gold29","attachment":"gold","blend":"additive"},{"name":"gold7","bone":"gold7","attachment":"gold","blend":"additive"},{"name":"gold11","bone":"gold11","attachment":"gold","blend":"additive"},{"name":"gold15","bone":"gold15","attachment":"gold","blend":"additive"},{"name":"gold4","bone":"gold4","attachment":"gold","blend":"additive"},{"name":"gold20","bone":"gold20","attachment":"gold","blend":"additive"},{"name":"gold26","bone":"gold26","attachment":"gold","blend":"additive"},{"name":"gold30","bone":"gold30","attachment":"gold","blend":"additive"},{"name":"gold8","bone":"gold8","attachment":"gold","blend":"additive"},{"name":"gold12","bone":"gold12","attachment":"gold","blend":"additive"},{"name":"gold16","bone":"gold16","attachment":"gold","blend":"additive"},{"name":"red","bone":"red","attachment":"red","blend":"additive"},{"name":"red5","bone":"red5","attachment":"red","blend":"additive"},{"name":"red9","bone":"red9","attachment":"red","blend":"additive"},{"name":"red13","bone":"red13","attachment":"red","blend":"additive"},{"name":"red4","bone":"red4","attachment":"red","blend":"additive"},{"name":"red8","bone":"red8","attachment":"red","blend":"additive"},{"name":"red12","bone":"red12","attachment":"red","blend":"additive"},{"name":"red16","bone":"red16","attachment":"red","blend":"additive"},{"name":"red3","bone":"red3","attachment":"red","blend":"additive"},{"name":"red7","bone":"red7","attachment":"red","blend":"additive"},{"name":"red11","bone":"red11","attachment":"red","blend":"additive"},{"name":"red15","bone":"red15","attachment":"red","blend":"additive"},{"name":"red2","bone":"red2","attachment":"red","blend":"additive"},{"name":"red6","bone":"red6","attachment":"red","blend":"additive"},{"name":"red10","bone":"red10","attachment":"red","blend":"additive"},{"name":"red14","bone":"red14","attachment":"red","blend":"additive"},{"name":"silver1","bone":"silver1","attachment":"silver1","blend":"additive"},{"name":"silver2","bone":"silver2","attachment":"silver2","blend":"additive"},{"name":"1","bone":"1","attachment":"1"},{"name":"4","bone":"11","attachment":"1","blend":"additive"},{"name":"2","bone":"2","attachment":"2"},{"name":"3","bone":"3","attachment":"3"}],"skins":{"default":{},"rank1":{"1":{"1":{"x":0.33,"y":4.34,"width":57,"height":62}},"4":{"1":{"type":"mesh","uvs":[0.49751,0.24022,0.38523,0.3357,0.26453,0.44925,0.20277,0.53828,0.18734,0.61957,0.19997,0.68925,0.24628,0.74086,0.31365,0.77699,0.37821,0.77957,0.454,0.75248,0.45821,0.8028,0.42874,0.84925,0.43263,0.87762,0.55719,0.87762,0.56421,0.85584,0.53526,0.80584,0.53526,0.7502,0.60983,0.77439,0.66772,0.78326,0.73088,0.75826,0.7914,0.70342,0.80982,0.63085,0.80982,0.56633,0.76684,0.49133,0.68351,0.40585,0.58526,0.31311],"triangles":[23,22,21,6,5,4,23,17,16,4,3,8,4,8,6,25,1,0,24,1,25,16,24,23,17,23,21,24,16,1,9,2,1,2,9,3,1,16,9,20,19,21,19,17,21,8,7,6,8,3,9,18,17,19,10,9,16,10,16,15,12,11,10,13,15,14,12,10,15,13,12,15],"vertices":[8.63,20.39,2.23,14.47,-4.65,7.43,-8.17,1.91,-9.05,-3.13,-8.33,-7.45,-5.69,-10.65,-1.85,-12.89,1.83,-13.05,6.15,-11.37,6.39,-14.49,4.71,-17.37,4.93,-19.13,12.03,-19.13,12.43,-17.78,10.78,-14.68,10.78,-11.23,15.03,-12.73,18.33,-13.28,21.93,-11.73,25.38,-8.33,26.43,-3.83,26.43,0.17,23.98,4.82,19.23,10.12,13.63,15.87],"hull":26}},"gold":{"gold":{"x":0.38,"y":-0.09,"width":7,"height":7}},"gold1":{"gold1":{"x":-0.97,"y":-0.14,"width":66,"height":69}},"gold10":{"gold":{"x":0.38,"y":-0.09,"width":7,"height":7}},"gold11":{"gold":{"x":0.38,"y":-0.09,"width":7,"height":7}},"gold12":{"gold":{"x":0.38,"y":-0.09,"width":7,"height":7}},"gold13":{"gold":{"x":0.38,"y":-0.09,"width":7,"height":7}},"gold14":{"gold":{"x":0.38,"y":-0.09,"width":7,"height":7}},"gold15":{"gold":{"x":0.38,"y":-0.09,"width":7,"height":7}},"gold16":{"gold":{"x":0.38,"y":-0.09,"width":7,"height":7}},"gold17":{"gold":{"x":0.38,"y":-0.09,"width":7,"height":7}},"gold2":{"gold2":{"x":-0.11,"y":-0.65,"width":90,"height":90}},"gold3":{"gold":{"x":0.38,"y":-0.09,"width":7,"height":7}},"gold4":{"gold":{"x":0.38,"y":-0.09,"width":7,"height":7}},"gold5":{"gold":{"x":0.38,"y":-0.09,"width":7,"height":7}},"gold6":{"gold":{"x":0.38,"y":-0.09,"width":7,"height":7}},"gold7":{"gold":{"x":0.38,"y":-0.09,"width":7,"height":7}},"gold8":{"gold":{"x":0.38,"y":-0.09,"width":7,"height":7}},"gold9":{"gold":{"x":0.38,"y":-0.09,"width":7,"height":7}},"red":{"red":{"x":0.09,"width":7,"height":7}},"red10":{"red":{"x":0.09,"width":7,"height":7}},"red11":{"red":{"x":0.09,"width":7,"height":7}},"red12":{"red":{"x":0.09,"width":7,"height":7}},"red13":{"red":{"x":0.09,"width":7,"height":7}},"red14":{"red":{"x":0.09,"width":7,"height":7}},"red15":{"red":{"x":0.09,"width":7,"height":7}},"red16":{"red":{"x":0.09,"width":7,"height":7}},"red2":{"red":{"x":0.09,"width":7,"height":7}},"red3":{"red":{"x":0.09,"width":7,"height":7}},"red4":{"red":{"x":0.09,"width":7,"height":7}},"red5":{"red":{"x":0.09,"width":7,"height":7}},"red6":{"red":{"x":0.09,"width":7,"height":7}},"red7":{"red":{"x":0.09,"width":7,"height":7}},"red8":{"red":{"x":0.09,"width":7,"height":7}},"red9":{"red":{"x":0.09,"width":7,"height":7}}},"rank2":{"2":{"2":{"x":-0.67,"y":2.27,"width":47,"height":53}},"gold18":{"gold":{"x":0.38,"y":-0.09,"width":7,"height":7}},"gold19":{"gold":{"x":0.38,"y":-0.09,"width":7,"height":7}},"gold20":{"gold":{"x":0.38,"y":-0.09,"width":7,"height":7}},"gold21":{"gold":{"x":0.38,"y":-0.09,"width":7,"height":7}},"gold22":{"gold1":{"x":-0.97,"y":-0.14,"width":66,"height":69}},"gold23":{"gold2":{"x":-0.11,"y":-0.65,"width":90,"height":90}},"gold24":{"gold":{"x":0.38,"y":-0.09,"width":7,"height":7}},"gold25":{"gold":{"x":0.38,"y":-0.09,"width":7,"height":7}},"gold26":{"gold":{"x":0.38,"y":-0.09,"width":7,"height":7}},"gold27":{"gold":{"x":0.38,"y":-0.09,"width":7,"height":7}},"gold28":{"gold":{"x":0.38,"y":-0.09,"width":7,"height":7}},"gold29":{"gold":{"x":0.38,"y":-0.09,"width":7,"height":7}},"gold30":{"gold":{"x":0.38,"y":-0.09,"width":7,"height":7}},"gold31":{"gold":{"x":0.38,"y":-0.09,"width":7,"height":7}}},"rank3":{"3":{"3":{"x":0.37,"y":1.35,"width":45,"height":48}},"silver1":{"silver1":{"x":-0.18,"y":-0.65,"width":90,"height":90}},"silver2":{"silver2":{"x":-1.14,"y":-0.1,"width":66,"height":69}}}},"animations":{"animation":{"slots":{"4":{"color":[{"time":0,"color":"ffffff00"},{"time":0.6667,"color":"ffffffff"},{"time":1.3333,"color":"ffffff00"}]},"gold":{"color":[{"time":0,"color":"ffffff00","curve":[0.25,0,0.75,1]},{"time":1.6,"color":"ffffffff","curve":[0.25,0,0.75,1]},{"time":1.8667,"color":"ffffff00","curve":"stepped"},{"time":2,"color":"ffffff00"}]},"gold3":{"color":[{"time":0,"color":"ffffffb6","curve":[0.382,0.57,0.735,1]},{"time":0.5333,"color":"ffffffff","curve":[0.25,0,0.75,1]},{"time":0.8,"color":"ffffff00","curve":"stepped"},{"time":0.9333,"color":"ffffff00","curve":[0.243,0,0.649,0.6]},{"time":2,"color":"ffffffb6"}]},"gold4":{"color":[{"time":0,"color":"ffffff18","curve":[0.295,0.21,0.667,0.67]},{"time":0.8,"color":"ffffffb6","curve":[0.382,0.57,0.735,1]},{"time":1.3333,"color":"ffffffff","curve":[0.25,0,0.75,1]},{"time":1.6,"color":"ffffff00","curve":"stepped"},{"time":1.7333,"color":"ffffff00","curve":[0.29,0,0.629,0.37]},{"time":2,"color":"ffffff18"}]},"gold5":{"color":[{"time":0,"color":"ffffff63","curve":[0.365,0.45,0.754,1]},{"time":0.9333,"color":"ffffffff","curve":[0.25,0,0.75,1]},{"time":1.2,"color":"ffffff00","curve":"stepped"},{"time":1.3333,"color":"ffffff00","curve":[0.256,0,0.619,0.46]},{"time":2,"color":"ffffff63"}]},"gold6":{"color":[{"time":0,"color":"ffffff00","curve":[0.25,0,0.75,1]},{"time":1.6,"color":"ffffffff","curve":[0.25,0,0.75,1]},{"time":1.8667,"color":"ffffff00","curve":"stepped"},{"time":2,"color":"ffffff00"}]},"gold7":{"color":[{"time":0,"color":"ffffffb6","curve":[0.382,0.57,0.735,1]},{"time":0.5333,"color":"ffffffff","curve":[0.25,0,0.75,1]},{"time":0.8,"color":"ffffff00","curve":"stepped"},{"time":0.9333,"color":"ffffff00","curve":[0.243,0,0.649,0.6]},{"time":2,"color":"ffffffb6"}]},"gold8":{"color":[{"time":0,"color":"ffffff18","curve":[0.295,0.21,0.667,0.67]},{"time":0.8,"color":"ffffffb6","curve":[0.382,0.57,0.735,1]},{"time":1.3333,"color":"ffffffff","curve":[0.25,0,0.75,1]},{"time":1.6,"color":"ffffff00","curve":"stepped"},{"time":1.7333,"color":"ffffff00","curve":[0.29,0,0.629,0.37]},{"time":2,"color":"ffffff18"}]},"gold9":{"color":[{"time":0,"color":"ffffff63","curve":[0.365,0.45,0.754,1]},{"time":0.9333,"color":"ffffffff","curve":[0.25,0,0.75,1]},{"time":1.2,"color":"ffffff00","curve":"stepped"},{"time":1.3333,"color":"ffffff00","curve":[0.256,0,0.619,0.46]},{"time":2,"color":"ffffff63"}]},"gold10":{"color":[{"time":0,"color":"ffffff00","curve":[0.25,0,0.75,1]},{"time":1.6,"color":"ffffffff","curve":[0.25,0,0.75,1]},{"time":1.8667,"color":"ffffff00","curve":"stepped"},{"time":2,"color":"ffffff00"}]},"gold11":{"color":[{"time":0,"color":"ffffffb6","curve":[0.382,0.57,0.735,1]},{"time":0.5333,"color":"ffffffff","curve":[0.25,0,0.75,1]},{"time":0.8,"color":"ffffff00","curve":"stepped"},{"time":0.9333,"color":"ffffff00","curve":[0.243,0,0.649,0.6]},{"time":2,"color":"ffffffb6"}]},"gold12":{"color":[{"time":0,"color":"ffffff18","curve":[0.295,0.21,0.667,0.67]},{"time":0.8,"color":"ffffffb6","curve":[0.382,0.57,0.735,1]},{"time":1.3333,"color":"ffffffff","curve":[0.25,0,0.75,1]},{"time":1.6,"color":"ffffff00","curve":"stepped"},{"time":1.7333,"color":"ffffff00","curve":[0.29,0,0.629,0.37]},{"time":2,"color":"ffffff18"}]},"gold13":{"color":[{"time":0,"color":"ffffff63","curve":[0.365,0.45,0.754,1]},{"time":0.9333,"color":"ffffffff","curve":[0.25,0,0.75,1]},{"time":1.2,"color":"ffffff00","curve":"stepped"},{"time":1.3333,"color":"ffffff00","curve":[0.256,0,0.619,0.46]},{"time":2,"color":"ffffff63"}]},"gold14":{"color":[{"time":0,"color":"ffffff00","curve":[0.25,0,0.75,1]},{"time":1.6,"color":"ffffffff","curve":[0.25,0,0.75,1]},{"time":1.8667,"color":"ffffff00","curve":"stepped"},{"time":2,"color":"ffffff00"}]},"gold15":{"color":[{"time":0,"color":"ffffffb6","curve":[0.382,0.57,0.735,1]},{"time":0.5333,"color":"ffffffff","curve":[0.25,0,0.75,1]},{"time":0.8,"color":"ffffff00","curve":"stepped"},{"time":0.9333,"color":"ffffff00","curve":[0.243,0,0.649,0.6]},{"time":2,"color":"ffffffb6"}]},"gold16":{"color":[{"time":0,"color":"ffffff18","curve":[0.295,0.21,0.667,0.67]},{"time":0.8,"color":"ffffffb6","curve":[0.382,0.57,0.735,1]},{"time":1.3333,"color":"ffffffff","curve":[0.25,0,0.75,1]},{"time":1.6,"color":"ffffff00","curve":"stepped"},{"time":1.7333,"color":"ffffff00","curve":[0.29,0,0.629,0.37]},{"time":2,"color":"ffffff18"}]},"gold17":{"color":[{"time":0,"color":"ffffff63","curve":[0.365,0.45,0.754,1]},{"time":0.9333,"color":"ffffffff","curve":[0.25,0,0.75,1]},{"time":1.2,"color":"ffffff00","curve":"stepped"},{"time":1.3333,"color":"ffffff00","curve":[0.256,0,0.619,0.46]},{"time":2,"color":"ffffff63"}]},"gold18":{"color":[{"time":0,"color":"ffffff00","curve":[0.25,0,0.75,1]},{"time":1.6,"color":"ffffffff","curve":[0.25,0,0.75,1]},{"time":1.8667,"color":"ffffff00","curve":"stepped"},{"time":2,"color":"ffffff00"}]},"gold19":{"color":[{"time":0,"color":"ffffffb6","curve":[0.382,0.57,0.735,1]},{"time":0.5333,"color":"ffffffff","curve":[0.25,0,0.75,1]},{"time":0.8,"color":"ffffff00","curve":"stepped"},{"time":0.9333,"color":"ffffff00","curve":[0.243,0,0.649,0.6]},{"time":2,"color":"ffffffb6"}]},"gold20":{"color":[{"time":0,"color":"ffffff18","curve":[0.295,0.21,0.667,0.67]},{"time":0.8,"color":"ffffffb6","curve":[0.382,0.57,0.735,1]},{"time":1.3333,"color":"ffffffff","curve":[0.25,0,0.75,1]},{"time":1.6,"color":"ffffff00","curve":"stepped"},{"time":1.7333,"color":"ffffff00","curve":[0.29,0,0.629,0.37]},{"time":2,"color":"ffffff18"}]},"gold21":{"color":[{"time":0,"color":"ffffff63","curve":[0.365,0.45,0.754,1]},{"time":0.9333,"color":"ffffffff","curve":[0.25,0,0.75,1]},{"time":1.2,"color":"ffffff00","curve":"stepped"},{"time":1.3333,"color":"ffffff00","curve":[0.256,0,0.619,0.46]},{"time":2,"color":"ffffff63"}]},"gold24":{"color":[{"time":0,"color":"ffffff00","curve":[0.25,0,0.75,1]},{"time":1.6,"color":"ffffffff","curve":[0.25,0,0.75,1]},{"time":1.8667,"color":"ffffff00","curve":"stepped"},{"time":2,"color":"ffffff00"}]},"gold25":{"color":[{"time":0,"color":"ffffffb6","curve":[0.382,0.57,0.735,1]},{"time":0.5333,"color":"ffffffff","curve":[0.25,0,0.75,1]},{"time":0.8,"color":"ffffff00","curve":"stepped"},{"time":0.9333,"color":"ffffff00","curve":[0.243,0,0.649,0.6]},{"time":2,"color":"ffffffb6"}]},"gold26":{"color":[{"time":0,"color":"ffffff18","curve":[0.295,0.21,0.667,0.67]},{"time":0.8,"color":"ffffffb6","curve":[0.382,0.57,0.735,1]},{"time":1.3333,"color":"ffffffff","curve":[0.25,0,0.75,1]},{"time":1.6,"color":"ffffff00","curve":"stepped"},{"time":1.7333,"color":"ffffff00","curve":[0.29,0,0.629,0.37]},{"time":2,"color":"ffffff18"}]},"gold27":{"color":[{"time":0,"color":"ffffff63","curve":[0.365,0.45,0.754,1]},{"time":0.9333,"color":"ffffffff","curve":[0.25,0,0.75,1]},{"time":1.2,"color":"ffffff00","curve":"stepped"},{"time":1.3333,"color":"ffffff00","curve":[0.256,0,0.619,0.46]},{"time":2,"color":"ffffff63"}]},"gold28":{"color":[{"time":0,"color":"ffffff00","curve":[0.25,0,0.75,1]},{"time":1.6,"color":"ffffffff","curve":[0.25,0,0.75,1]},{"time":1.8667,"color":"ffffff00","curve":"stepped"},{"time":2,"color":"ffffff00"}]},"gold29":{"color":[{"time":0,"color":"ffffffb6","curve":[0.382,0.57,0.735,1]},{"time":0.5333,"color":"ffffffff","curve":[0.25,0,0.75,1]},{"time":0.8,"color":"ffffff00","curve":"stepped"},{"time":0.9333,"color":"ffffff00","curve":[0.243,0,0.649,0.6]},{"time":2,"color":"ffffffb6"}]},"gold30":{"color":[{"time":0,"color":"ffffff18","curve":[0.295,0.21,0.667,0.67]},{"time":0.8,"color":"ffffffb6","curve":[0.382,0.57,0.735,1]},{"time":1.3333,"color":"ffffffff","curve":[0.25,0,0.75,1]},{"time":1.6,"color":"ffffff00","curve":"stepped"},{"time":1.7333,"color":"ffffff00","curve":[0.29,0,0.629,0.37]},{"time":2,"color":"ffffff18"}]},"gold31":{"color":[{"time":0,"color":"ffffff63","curve":[0.365,0.45,0.754,1]},{"time":0.9333,"color":"ffffffff","curve":[0.25,0,0.75,1]},{"time":1.2,"color":"ffffff00","curve":"stepped"},{"time":1.3333,"color":"ffffff00","curve":[0.256,0,0.619,0.46]},{"time":2,"color":"ffffff63"}]},"red":{"color":[{"time":0,"color":"ffffff7f","curve":[0.375,0.5,0.75,1]},{"time":0.1333,"color":"ffffff00","curve":"stepped"},{"time":0.3333,"color":"ffffff00","curve":[0.25,0,0.75,1]},{"time":1.8667,"color":"ffffffff","curve":[0.25,0,0.625,0.5]},{"time":2,"color":"ffffff7f"}]},"red2":{"color":[{"time":0,"color":"ffffffed","curve":[0.365,0.63,0.702,1]},{"time":0.2,"color":"ffffffff","curve":[0.25,0,0.75,1]},{"time":0.4667,"color":"ffffff00","curve":"stepped"},{"time":0.6667,"color":"ffffff00","curve":[0.244,0,0.701,0.79]},{"time":2,"color":"ffffffed"}]},"red3":{"color":[{"time":0,"color":"ffffff00","curve":[0.25,0,0.75,1]},{"time":1.5333,"color":"ffffffff","curve":[0.25,0,0.75,1]},{"time":1.8,"color":"ffffff00","curve":"stepped"},{"time":2,"color":"ffffff00"}]},"red4":{"color":[{"time":0,"color":"ffffffc1","curve":[0.355,0.42,0.694,0.77]},{"time":0.2667,"color":"ffffffed","curve":[0.365,0.63,0.702,1]},{"time":0.4667,"color":"ffffffff","curve":[0.25,0,0.625,0.5]},{"time":0.6,"color":"ffffff7f","curve":[0.375,0.5,0.75,1]},{"time":0.7333,"color":"ffffff00","curve":"stepped"},{"time":0.9333,"color":"ffffff00","curve":[0.243,0,0.654,0.62]},{"time":2,"color":"ffffffc1"}]},"red5":{"color":[{"time":0,"color":"ffffff7f","curve":[0.375,0.5,0.75,1]},{"time":0.1333,"color":"ffffff00","curve":"stepped"},{"time":0.3333,"color":"ffffff00","curve":[0.25,0,0.75,1]},{"time":1.8667,"color":"ffffffff","curve":[0.25,0,0.625,0.5]},{"time":2,"color":"ffffff7f"}]},"red6":{"color":[{"time":0,"color":"ffffffed","curve":[0.365,0.63,0.702,1]},{"time":0.2,"color":"ffffffff","curve":[0.25,0,0.75,1]},{"time":0.4667,"color":"ffffff00","curve":"stepped"},{"time":0.6667,"color":"ffffff00","curve":[0.244,0,0.701,0.79]},{"time":2,"color":"ffffffed"}]},"red7":{"color":[{"time":0,"color":"ffffff00","curve":[0.25,0,0.75,1]},{"time":1.5333,"color":"ffffffff","curve":[0.25,0,0.75,1]},{"time":1.8,"color":"ffffff00","curve":"stepped"},{"time":2,"color":"ffffff00"}]},"red8":{"color":[{"time":0,"color":"ffffffc1","curve":[0.355,0.42,0.694,0.77]},{"time":0.2667,"color":"ffffffed","curve":[0.365,0.63,0.702,1]},{"time":0.4667,"color":"ffffffff","curve":[0.25,0,0.625,0.5]},{"time":0.6,"color":"ffffff7f","curve":[0.375,0.5,0.75,1]},{"time":0.7333,"color":"ffffff00","curve":"stepped"},{"time":0.9333,"color":"ffffff00","curve":[0.243,0,0.654,0.62]},{"time":2,"color":"ffffffc1"}]},"red9":{"color":[{"time":0,"color":"ffffff7f","curve":[0.375,0.5,0.75,1]},{"time":0.1333,"color":"ffffff00","curve":"stepped"},{"time":0.3333,"color":"ffffff00","curve":[0.25,0,0.75,1]},{"time":1.8667,"color":"ffffffff","curve":[0.25,0,0.625,0.5]},{"time":2,"color":"ffffff7f"}]},"red10":{"color":[{"time":0,"color":"ffffffed","curve":[0.365,0.63,0.702,1]},{"time":0.2,"color":"ffffffff","curve":[0.25,0,0.75,1]},{"time":0.4667,"color":"ffffff00","curve":"stepped"},{"time":0.6667,"color":"ffffff00","curve":[0.244,0,0.701,0.79]},{"time":2,"color":"ffffffed"}]},"red11":{"color":[{"time":0,"color":"ffffff00","curve":[0.25,0,0.75,1]},{"time":1.5333,"color":"ffffffff","curve":[0.25,0,0.75,1]},{"time":1.8,"color":"ffffff00","curve":"stepped"},{"time":2,"color":"ffffff00"}]},"red12":{"color":[{"time":0,"color":"ffffffc1","curve":[0.355,0.42,0.694,0.77]},{"time":0.2667,"color":"ffffffed","curve":[0.365,0.63,0.702,1]},{"time":0.4667,"color":"ffffffff","curve":[0.25,0,0.625,0.5]},{"time":0.6,"color":"ffffff7f","curve":[0.375,0.5,0.75,1]},{"time":0.7333,"color":"ffffff00","curve":"stepped"},{"time":0.9333,"color":"ffffff00","curve":[0.243,0,0.654,0.62]},{"time":2,"color":"ffffffc1"}]},"red13":{"color":[{"time":0,"color":"ffffff7f","curve":[0.375,0.5,0.75,1]},{"time":0.1333,"color":"ffffff00","curve":"stepped"},{"time":0.3333,"color":"ffffff00","curve":[0.25,0,0.75,1]},{"time":1.8667,"color":"ffffffff","curve":[0.25,0,0.625,0.5]},{"time":2,"color":"ffffff7f"}]},"red14":{"color":[{"time":0,"color":"ffffffed","curve":[0.365,0.63,0.702,1]},{"time":0.2,"color":"ffffffff","curve":[0.25,0,0.75,1]},{"time":0.4667,"color":"ffffff00","curve":"stepped"},{"time":0.6667,"color":"ffffff00","curve":[0.244,0,0.701,0.79]},{"time":2,"color":"ffffffed"}]},"red15":{"color":[{"time":0,"color":"ffffff00","curve":[0.25,0,0.75,1]},{"time":1.5333,"color":"ffffffff","curve":[0.25,0,0.75,1]},{"time":1.8,"color":"ffffff00","curve":"stepped"},{"time":2,"color":"ffffff00"}]},"red16":{"color":[{"time":0,"color":"ffffffc1","curve":[0.355,0.42,0.694,0.77]},{"time":0.2667,"color":"ffffffed","curve":[0.365,0.63,0.702,1]},{"time":0.4667,"color":"ffffffff","curve":[0.25,0,0.625,0.5]},{"time":0.6,"color":"ffffff7f","curve":[0.375,0.5,0.75,1]},{"time":0.7333,"color":"ffffff00","curve":"stepped"},{"time":0.9333,"color":"ffffff00","curve":[0.243,0,0.654,0.62]},{"time":2,"color":"ffffffc1"}]}},"bones":{"gold1":{"scale":[{"time":0,"x":0.8,"y":0.8,"curve":[0.25,0,0.75,1]},{"time":1,"x":1.3,"y":1.3,"curve":[0.25,0,0.75,1]},{"time":2,"x":0.8,"y":0.8}]},"gold2":{"rotate":[{"time":0,"angle":0},{"time":1,"angle":180},{"time":2,"angle":0}],"scale":[{"time":0,"x":1.085,"y":1.085,"curve":[0.382,0.57,0.735,1]},{"time":0.3333,"x":1,"y":1,"curve":[0.25,0,0.75,1]},{"time":1.3333,"x":1.3,"y":1.3,"curve":[0.243,0,0.649,0.6]},{"time":2,"x":1.085,"y":1.085}]},"gold":{"translate":[{"time":0,"x":0,"y":0,"curve":[0.25,0,0.75,1]},{"time":1.8667,"x":3.66,"y":33.25,"curve":[0.25,0,0.75,1]},{"time":2,"x":0,"y":0}]},"red":{"translate":[{"time":0,"x":25.51,"y":-15.47,"curve":[0.354,0.65,0.689,1]},{"time":0.1333,"x":26.26,"y":-15.78,"curve":[0.25,0,0.75,1]},{"time":0.3333,"x":-3.62,"y":-3.29,"curve":[0.246,0,0.72,0.87]},{"time":2,"x":25.51,"y":-15.47}]},"red2":{"translate":[{"time":0,"x":-31.06,"y":10.77,"curve":[0.38,0.6,0.726,1]},{"time":0.4667,"x":-38.56,"y":13.37,"curve":[0.25,0,0.75,1]},{"time":0.6667,"x":0,"y":0,"curve":[0.242,0,0.664,0.66]},{"time":2,"x":-31.06,"y":10.77}]},"red3":{"translate":[{"time":0,"x":-3.62,"y":-3.29,"curve":[0.25,0,0.75,1]},{"time":1.8,"x":-28.62,"y":-26.07,"curve":[0.25,0,0.75,1]},{"time":2,"x":0,"y":0}]},"red4":{"translate":[{"time":0,"x":15.2,"y":-11.16,"curve":[0.343,0.37,0.68,0.71]},{"time":0.2667,"x":20.63,"y":-13.43,"curve":[0.363,0.47,0.702,0.83]},{"time":0.6,"x":25.51,"y":-15.47,"curve":[0.354,0.65,0.689,1]},{"time":0.7333,"x":26.26,"y":-15.78,"curve":[0.25,0,0.75,1]},{"time":0.9333,"x":-3.62,"y":-3.29,"curve":[0.245,0,0.636,0.55]},{"time":2,"x":15.2,"y":-11.16}]},"gold3":{"translate":[{"time":0,"x":-18.88,"y":-0.83,"curve":[0.38,0.53,0.745,1]},{"time":0.8,"x":-31.77,"y":-1.4,"curve":[0.25,0,0.75,1]},{"time":0.9333,"x":0,"y":0,"curve":[0.246,0,0.633,0.54]},{"time":2,"x":-18.88,"y":-0.83}]},"gold4":{"translate":[{"time":0,"x":-2.36,"y":-0.1,"curve":[0.29,0.19,0.652,0.62]},{"time":0.8,"x":-18.88,"y":-0.83,"curve":[0.38,0.53,0.745,1]},{"time":1.6,"x":-31.77,"y":-1.4,"curve":[0.25,0,0.75,1]},{"time":1.7333,"x":0,"y":0,"curve":[0.295,0,0.633,0.37]},{"time":2,"x":-2.36,"y":-0.1}]},"gold5":{"translate":[{"time":0,"x":6.92,"y":7.41,"curve":[0.356,0.42,0.756,1]},{"time":1.2,"x":22.08,"y":23.64,"curve":[0.25,0,0.75,1]},{"time":1.3333,"x":0,"y":0,"curve":[0.262,0,0.618,0.44]},{"time":2,"x":6.92,"y":7.41}]},"red5":{"translate":[{"time":0,"x":25.51,"y":-15.47,"curve":[0.354,0.65,0.689,1]},{"time":0.1333,"x":26.26,"y":-15.78,"curve":[0.25,0,0.75,1]},{"time":0.3333,"x":-3.62,"y":-3.29,"curve":[0.246,0,0.72,0.87]},{"time":2,"x":25.51,"y":-15.47}]},"gold6":{"translate":[{"time":0,"x":0,"y":0,"curve":[0.25,0,0.75,1]},{"time":1.8667,"x":3.66,"y":33.25,"curve":[0.25,0,0.75,1]},{"time":2,"x":0,"y":0}]},"red6":{"translate":[{"time":0,"x":-31.06,"y":10.77,"curve":[0.38,0.6,0.726,1]},{"time":0.4667,"x":-38.56,"y":13.37,"curve":[0.25,0,0.75,1]},{"time":0.6667,"x":0,"y":0,"curve":[0.242,0,0.664,0.66]},{"time":2,"x":-31.06,"y":10.77}]},"red7":{"translate":[{"time":0,"x":-3.62,"y":-3.29,"curve":[0.25,0,0.75,1]},{"time":1.8,"x":-28.62,"y":-26.07,"curve":[0.25,0,0.75,1]},{"time":2,"x":0,"y":0}]},"red8":{"translate":[{"time":0,"x":15.2,"y":-11.16,"curve":[0.343,0.37,0.68,0.71]},{"time":0.2667,"x":20.63,"y":-13.43,"curve":[0.363,0.47,0.702,0.83]},{"time":0.6,"x":25.51,"y":-15.47,"curve":[0.354,0.65,0.689,1]},{"time":0.7333,"x":26.26,"y":-15.78,"curve":[0.25,0,0.75,1]},{"time":0.9333,"x":-3.62,"y":-3.29,"curve":[0.245,0,0.636,0.55]},{"time":2,"x":15.2,"y":-11.16}]},"gold7":{"translate":[{"time":0,"x":-18.88,"y":-0.83,"curve":[0.38,0.53,0.745,1]},{"time":0.8,"x":-31.77,"y":-1.4,"curve":[0.25,0,0.75,1]},{"time":0.9333,"x":0,"y":0,"curve":[0.246,0,0.633,0.54]},{"time":2,"x":-18.88,"y":-0.83}]},"gold8":{"translate":[{"time":0,"x":-2.36,"y":-0.1,"curve":[0.29,0.19,0.652,0.62]},{"time":0.8,"x":-18.88,"y":-0.83,"curve":[0.38,0.53,0.745,1]},{"time":1.6,"x":-31.77,"y":-1.4,"curve":[0.25,0,0.75,1]},{"time":1.7333,"x":0,"y":0,"curve":[0.295,0,0.633,0.37]},{"time":2,"x":-2.36,"y":-0.1}]},"gold9":{"translate":[{"time":0,"x":6.92,"y":7.41,"curve":[0.356,0.42,0.756,1]},{"time":1.2,"x":22.08,"y":23.64,"curve":[0.25,0,0.75,1]},{"time":1.3333,"x":0,"y":0,"curve":[0.262,0,0.618,0.44]},{"time":2,"x":6.92,"y":7.41}]},"red9":{"translate":[{"time":0,"x":25.51,"y":-15.47,"curve":[0.354,0.65,0.689,1]},{"time":0.1333,"x":26.26,"y":-15.78,"curve":[0.25,0,0.75,1]},{"time":0.3333,"x":-3.62,"y":-3.29,"curve":[0.246,0,0.72,0.87]},{"time":2,"x":25.51,"y":-15.47}]},"gold10":{"translate":[{"time":0,"x":0,"y":0,"curve":[0.25,0,0.75,1]},{"time":1.8667,"x":3.66,"y":33.25,"curve":[0.25,0,0.75,1]},{"time":2,"x":0,"y":0}]},"red10":{"translate":[{"time":0,"x":-31.06,"y":10.77,"curve":[0.38,0.6,0.726,1]},{"time":0.4667,"x":-38.56,"y":13.37,"curve":[0.25,0,0.75,1]},{"time":0.6667,"x":0,"y":0,"curve":[0.242,0,0.664,0.66]},{"time":2,"x":-31.06,"y":10.77}]},"red11":{"translate":[{"time":0,"x":-3.62,"y":-3.29,"curve":[0.25,0,0.75,1]},{"time":1.8,"x":-28.62,"y":-26.07,"curve":[0.25,0,0.75,1]},{"time":2,"x":0,"y":0}]},"red12":{"translate":[{"time":0,"x":15.2,"y":-11.16,"curve":[0.343,0.37,0.68,0.71]},{"time":0.2667,"x":20.63,"y":-13.43,"curve":[0.363,0.47,0.702,0.83]},{"time":0.6,"x":25.51,"y":-15.47,"curve":[0.354,0.65,0.689,1]},{"time":0.7333,"x":26.26,"y":-15.78,"curve":[0.25,0,0.75,1]},{"time":0.9333,"x":-3.62,"y":-3.29,"curve":[0.245,0,0.636,0.55]},{"time":2,"x":15.2,"y":-11.16}]},"gold11":{"translate":[{"time":0,"x":-18.88,"y":-0.83,"curve":[0.38,0.53,0.745,1]},{"time":0.8,"x":-31.77,"y":-1.4,"curve":[0.25,0,0.75,1]},{"time":0.9333,"x":0,"y":0,"curve":[0.246,0,0.633,0.54]},{"time":2,"x":-18.88,"y":-0.83}]},"gold12":{"translate":[{"time":0,"x":-2.36,"y":-0.1,"curve":[0.29,0.19,0.652,0.62]},{"time":0.8,"x":-18.88,"y":-0.83,"curve":[0.38,0.53,0.745,1]},{"time":1.6,"x":-31.77,"y":-1.4,"curve":[0.25,0,0.75,1]},{"time":1.7333,"x":0,"y":0,"curve":[0.295,0,0.633,0.37]},{"time":2,"x":-2.36,"y":-0.1}]},"gold13":{"translate":[{"time":0,"x":6.92,"y":7.41,"curve":[0.356,0.42,0.756,1]},{"time":1.2,"x":22.08,"y":23.64,"curve":[0.25,0,0.75,1]},{"time":1.3333,"x":0,"y":0,"curve":[0.262,0,0.618,0.44]},{"time":2,"x":6.92,"y":7.41}]},"red13":{"translate":[{"time":0,"x":25.51,"y":-15.47,"curve":[0.354,0.65,0.689,1]},{"time":0.1333,"x":26.26,"y":-15.78,"curve":[0.25,0,0.75,1]},{"time":0.3333,"x":-3.62,"y":-3.29,"curve":[0.246,0,0.72,0.87]},{"time":2,"x":25.51,"y":-15.47}]},"gold14":{"translate":[{"time":0,"x":0,"y":0,"curve":[0.25,0,0.75,1]},{"time":1.8667,"x":3.66,"y":33.25,"curve":[0.25,0,0.75,1]},{"time":2,"x":0,"y":0}]},"red14":{"translate":[{"time":0,"x":-31.06,"y":10.77,"curve":[0.38,0.6,0.726,1]},{"time":0.4667,"x":-38.56,"y":13.37,"curve":[0.25,0,0.75,1]},{"time":0.6667,"x":0,"y":0,"curve":[0.242,0,0.664,0.66]},{"time":2,"x":-31.06,"y":10.77}]},"red15":{"translate":[{"time":0,"x":-3.62,"y":-3.29,"curve":[0.25,0,0.75,1]},{"time":1.8,"x":-28.62,"y":-26.07,"curve":[0.25,0,0.75,1]},{"time":2,"x":0,"y":0}]},"red16":{"translate":[{"time":0,"x":15.2,"y":-11.16,"curve":[0.343,0.37,0.68,0.71]},{"time":0.2667,"x":20.63,"y":-13.43,"curve":[0.363,0.47,0.702,0.83]},{"time":0.6,"x":25.51,"y":-15.47,"curve":[0.354,0.65,0.689,1]},{"time":0.7333,"x":26.26,"y":-15.78,"curve":[0.25,0,0.75,1]},{"time":0.9333,"x":-3.62,"y":-3.29,"curve":[0.245,0,0.636,0.55]},{"time":2,"x":15.2,"y":-11.16}]},"gold15":{"translate":[{"time":0,"x":-18.88,"y":-0.83,"curve":[0.38,0.53,0.745,1]},{"time":0.8,"x":-31.77,"y":-1.4,"curve":[0.25,0,0.75,1]},{"time":0.9333,"x":0,"y":0,"curve":[0.246,0,0.633,0.54]},{"time":2,"x":-18.88,"y":-0.83}]},"gold16":{"translate":[{"time":0,"x":-2.36,"y":-0.1,"curve":[0.29,0.19,0.652,0.62]},{"time":0.8,"x":-18.88,"y":-0.83,"curve":[0.38,0.53,0.745,1]},{"time":1.6,"x":-31.77,"y":-1.4,"curve":[0.25,0,0.75,1]},{"time":1.7333,"x":0,"y":0,"curve":[0.295,0,0.633,0.37]},{"time":2,"x":-2.36,"y":-0.1}]},"gold17":{"translate":[{"time":0,"x":6.92,"y":7.41,"curve":[0.356,0.42,0.756,1]},{"time":1.2,"x":22.08,"y":23.64,"curve":[0.25,0,0.75,1]},{"time":1.3333,"x":0,"y":0,"curve":[0.262,0,0.618,0.44]},{"time":2,"x":6.92,"y":7.41}]},"gold18":{"translate":[{"time":0,"x":0,"y":0,"curve":[0.25,0,0.75,1]},{"time":1.8667,"x":3.66,"y":33.25,"curve":[0.25,0,0.75,1]},{"time":2,"x":0,"y":0}]},"gold19":{"translate":[{"time":0,"x":-18.88,"y":-0.83,"curve":[0.38,0.53,0.745,1]},{"time":0.8,"x":-31.77,"y":-1.4,"curve":[0.25,0,0.75,1]},{"time":0.9333,"x":0,"y":0,"curve":[0.246,0,0.633,0.54]},{"time":2,"x":-18.88,"y":-0.83}]},"gold20":{"translate":[{"time":0,"x":-2.36,"y":-0.1,"curve":[0.29,0.19,0.652,0.62]},{"time":0.8,"x":-18.88,"y":-0.83,"curve":[0.38,0.53,0.745,1]},{"time":1.6,"x":-31.77,"y":-1.4,"curve":[0.25,0,0.75,1]},{"time":1.7333,"x":0,"y":0,"curve":[0.295,0,0.633,0.37]},{"time":2,"x":-2.36,"y":-0.1}]},"gold21":{"translate":[{"time":0,"x":6.92,"y":7.41,"curve":[0.356,0.42,0.756,1]},{"time":1.2,"x":22.08,"y":23.64,"curve":[0.25,0,0.75,1]},{"time":1.3333,"x":0,"y":0,"curve":[0.262,0,0.618,0.44]},{"time":2,"x":6.92,"y":7.41}]},"gold22":{"scale":[{"time":0,"x":0.8,"y":0.8,"curve":[0.25,0,0.75,1]},{"time":1,"x":1.3,"y":1.3,"curve":[0.25,0,0.75,1]},{"time":2,"x":0.8,"y":0.8}]},"gold23":{"rotate":[{"time":0,"angle":0},{"time":1,"angle":180},{"time":2,"angle":0}],"scale":[{"time":0,"x":1.085,"y":1.085,"curve":[0.382,0.57,0.735,1]},{"time":0.3333,"x":1,"y":1,"curve":[0.25,0,0.75,1]},{"time":1.3333,"x":1.3,"y":1.3,"curve":[0.243,0,0.649,0.6]},{"time":2,"x":1.085,"y":1.085}]},"gold24":{"translate":[{"time":0,"x":0,"y":0,"curve":[0.25,0,0.75,1]},{"time":1.8667,"x":3.66,"y":33.25,"curve":[0.25,0,0.75,1]},{"time":2,"x":0,"y":0}]},"gold25":{"translate":[{"time":0,"x":-18.88,"y":-0.83,"curve":[0.38,0.53,0.745,1]},{"time":0.8,"x":-31.77,"y":-1.4,"curve":[0.25,0,0.75,1]},{"time":0.9333,"x":0,"y":0,"curve":[0.246,0,0.633,0.54]},{"time":2,"x":-18.88,"y":-0.83}]},"gold26":{"translate":[{"time":0,"x":-2.36,"y":-0.1,"curve":[0.29,0.19,0.652,0.62]},{"time":0.8,"x":-18.88,"y":-0.83,"curve":[0.38,0.53,0.745,1]},{"time":1.6,"x":-31.77,"y":-1.4,"curve":[0.25,0,0.75,1]},{"time":1.7333,"x":0,"y":0,"curve":[0.295,0,0.633,0.37]},{"time":2,"x":-2.36,"y":-0.1}]},"gold27":{"translate":[{"time":0,"x":6.92,"y":7.41,"curve":[0.356,0.42,0.756,1]},{"time":1.2,"x":22.08,"y":23.64,"curve":[0.25,0,0.75,1]},{"time":1.3333,"x":0,"y":0,"curve":[0.262,0,0.618,0.44]},{"time":2,"x":6.92,"y":7.41}]},"gold28":{"translate":[{"time":0,"x":0,"y":0,"curve":[0.25,0,0.75,1]},{"time":1.8667,"x":3.66,"y":33.25,"curve":[0.25,0,0.75,1]},{"time":2,"x":0,"y":0}]},"gold29":{"translate":[{"time":0,"x":-18.88,"y":-0.83,"curve":[0.38,0.53,0.745,1]},{"time":0.8,"x":-31.77,"y":-1.4,"curve":[0.25,0,0.75,1]},{"time":0.9333,"x":0,"y":0,"curve":[0.246,0,0.633,0.54]},{"time":2,"x":-18.88,"y":-0.83}]},"gold30":{"translate":[{"time":0,"x":-2.36,"y":-0.1,"curve":[0.29,0.19,0.652,0.62]},{"time":0.8,"x":-18.88,"y":-0.83,"curve":[0.38,0.53,0.745,1]},{"time":1.6,"x":-31.77,"y":-1.4,"curve":[0.25,0,0.75,1]},{"time":1.7333,"x":0,"y":0,"curve":[0.295,0,0.633,0.37]},{"time":2,"x":-2.36,"y":-0.1}]},"gold31":{"translate":[{"time":0,"x":6.92,"y":7.41,"curve":[0.356,0.42,0.756,1]},{"time":1.2,"x":22.08,"y":23.64,"curve":[0.25,0,0.75,1]},{"time":1.3333,"x":0,"y":0,"curve":[0.262,0,0.618,0.44]},{"time":2,"x":6.92,"y":7.41}]},"silver1":{"scale":[{"time":0,"x":0.535,"y":0.535,"curve":[0.366,0.63,0.703,1]},{"time":0.1333,"x":0.5,"y":0.5,"curve":[0.25,0,0.75,1]},{"time":1.1333,"x":1,"y":1,"curve":[0.244,0,0.7,0.79]},{"time":2,"x":0.535,"y":0.535}]},"silver2":{"scale":[{"time":0,"x":0.601,"y":0.601,"curve":[0.38,0.59,0.727,1]},{"time":0.2667,"x":0.5,"y":0.5,"curve":[0.25,0,0.75,1]},{"time":1.2667,"x":1,"y":1,"curve":[0.242,0,0.663,0.65]},{"time":2,"x":0.601,"y":0.601}]}}}}},"_atlasText":"\nPanel_Rank.png\nsize: 241,165\nformat: RGBA8888\nfilter: Linear,Linear\nrepeat: none\n1\n  rotate: false\n  xy: 138, 5\n  size: 57, 62\n  orig: 57, 62\n  offset: 0, 0\n  index: -1\n2\n  rotate: true\n  xy: 186, 116\n  size: 47, 53\n  orig: 47, 53\n  offset: 0, 0\n  index: -1\n3\n  rotate: true\n  xy: 186, 69\n  size: 45, 48\n  orig: 45, 48\n  offset: 0, 0\n  index: -1\ngold\n  rotate: false\n  xy: 197, 60\n  size: 7, 7\n  orig: 7, 7\n  offset: 0, 0\n  index: -1\ngold1\n  rotate: false\n  xy: 2, 2\n  size: 66, 69\n  orig: 66, 69\n  offset: 0, 0\n  index: -1\ngold2\n  rotate: false\n  xy: 2, 73\n  size: 90, 90\n  orig: 90, 90\n  offset: 0, 0\n  index: -1\nred\n  rotate: false\n  xy: 206, 60\n  size: 7, 7\n  orig: 7, 7\n  offset: 0, 0\n  index: -1\nsilver1\n  rotate: false\n  xy: 94, 73\n  size: 90, 90\n  orig: 90, 90\n  offset: 0, 0\n  index: -1\nsilver2\n  rotate: false\n  xy: 70, 2\n  size: 66, 69\n  orig: 66, 69\n  offset: 0, 0\n  index: -1\n","textures":[{"__uuid__":"ecxBYjOWBCzIXzwkD1gQ1Z"}],"textureNames":["Panel_Rank.png"]}