{"__type__":"sp.SkeletonData","_name":"ICON","_skeletonJson":{"skeleton":{"hash":"QKMSVKwpm0fT8ovMawoXcuZwnG8","spine":"3.6.53","width":298,"height":378,"images":"../Images/"},"bones":[{"name":"root"},{"name":"bone","parent":"root","length":48.46,"rotation":102.3,"x":-8.87,"y":39.5},{"name":"bone2","parent":"bone","length":50.24,"rotation":80.14,"x":91.25,"y":19.09},{"name":"bone4","parent":"bone","length":55.45,"rotation":11.96,"x":43.93,"y":-44.19},{"name":"bone3","parent":"bone4","length":52.12,"rotation":-28.57,"x":1.08,"y":-14.93},{"name":"bone5","parent":"root","length":66.84,"rotation":111.23,"x":-49.09,"y":7.82},{"name":"bone6","parent":"root","length":61.6,"rotation":66.11,"x":50.36,"y":3.89},{"name":"bone7","parent":"root","length":87.47,"rotation":169.57,"x":-53.65,"y":-122.84},{"name":"bone8","parent":"root","length":58.76,"rotation":86.24,"x":22.11,"y":-46.66}],"slots":[{"name":"BG","bone":"bone7","attachment":"BG"},{"name":"FRAME","bone":"root","attachment":"FRAME"},{"name":"MASK","bone":"root","attachment":"MASK"},{"name":"7","bone":"bone5","attachment":"1"},{"name":"1","bone":"root"},{"name":"8","bone":"bone6","attachment":"2"},{"name":"2","bone":"root"},{"name":"12","bone":"bone2","attachment":"6"},{"name":"6","bone":"root"},{"name":"9","bone":"bone","attachment":"3"},{"name":"3","bone":"root"},{"name":"10","bone":"bone4","attachment":"4"},{"name":"4","bone":"root"},{"name":"11","bone":"bone3","attachment":"5"},{"name":"5","bone":"root"},{"name":"A2","bone":"bone8","attachment":"A"},{"name":"A","bone":"root"}],"skins":{"default":{"7":{"1":{"x":-32.45,"y":32.08,"rotation":-111.23,"width":154,"height":279}},"8":{"2":{"x":-33.98,"y":-23.14,"rotation":-66.11,"width":192,"height":274}},"9":{"3":{"x":4.08,"y":-32.74,"rotation":-102.3,"width":157,"height":234}},"10":{"4":{"x":-5.21,"y":-15.53,"rotation":-114.26,"width":119,"height":88}},"11":{"5":{"x":3.48,"y":7.15,"rotation":-85.69,"width":189,"height":67}},"12":{"6":{"x":21.38,"y":1.71,"rotation":177.56,"width":68,"height":51}},"A2":{"A":{"x":4.24,"y":21.18,"rotation":-86.24,"width":209,"height":89}},"BG":{"BG":{"x":-30.52,"y":-130.53,"rotation":-169.57,"width":209,"height":345}},"FRAME":{"FRAME":{"width":224,"height":378}},"MASK":{"MASK":{"type":"clipping","end":"MASK","vertexCount":17,"vertices":[-99,169.21,-97.29,122.79,-97.54,-120.08,-95.36,-129.04,-95.36,-168.98,71.59,-169.99,87.19,-165.14,94.24,-140.16,93.31,-135.05,93.08,-130.64,96.79,-123.68,97.27,122.2,94.36,128.27,94.11,138.48,90.71,142.61,84.39,155,76.37,167.88],"color":"ce3a3aff"}}}},"animations":{"animation":{"bones":{"root":{"rotate":[{"time":0,"angle":0}],"translate":[{"time":0,"x":0,"y":0}],"scale":[{"time":0,"x":1,"y":1}]},"bone":{"rotate":[{"time":0,"angle":0,"curve":"stepped"},{"time":2.6667,"angle":0}],"translate":[{"time":0,"x":0,"y":0,"curve":"stepped"},{"time":2.6667,"x":0,"y":0}],"scale":[{"time":0,"x":1,"y":1,"curve":[0.25,0,0.75,1]},{"time":1.3333,"x":1.152,"y":1.152,"curve":[0.25,0,0.75,1]},{"time":2.6667,"x":1,"y":1}]},"bone2":{"rotate":[{"time":0,"angle":0,"curve":[0.25,0,0.75,1]},{"time":1.3333,"angle":12.96,"curve":[0.25,0,0.75,1]},{"time":2.6667,"angle":0}],"translate":[{"time":0,"x":0,"y":0,"curve":"stepped"},{"time":2.6667,"x":0,"y":0}],"scale":[{"time":0,"x":1,"y":1,"curve":"stepped"},{"time":2.6667,"x":1,"y":1}]},"bone4":{"rotate":[{"time":0,"angle":0,"curve":[0.25,0,0.75,1]},{"time":1.3333,"angle":4.11,"curve":[0.25,0,0.75,1]},{"time":2.6667,"angle":0}],"translate":[{"time":0,"x":0,"y":0,"curve":[0.25,0,0.75,1]},{"time":1.3333,"x":1.15,"y":5.29,"curve":[0.25,0,0.75,1]},{"time":2.6667,"x":0,"y":0}],"scale":[{"time":0,"x":1,"y":1,"curve":[0.25,0,0.75,1]},{"time":1.3333,"x":1.167,"y":1.167,"curve":[0.25,0,0.75,1]},{"time":2.6667,"x":1,"y":1}]},"bone3":{"rotate":[{"time":0,"angle":0,"curve":"stepped"},{"time":2.6667,"angle":0}],"translate":[{"time":0,"x":0,"y":0,"curve":"stepped"},{"time":2.6667,"x":0,"y":0}],"scale":[{"time":0,"x":0.145,"y":0.145,"curve":[0.25,0,0.75,1]},{"time":1.3333,"x":1.346,"y":1.346,"curve":[0.25,0,0.75,1]},{"time":2.6667,"x":0.145,"y":0.145}]},"bone5":{"rotate":[{"time":0,"angle":0,"curve":[0.25,0,0.75,1]},{"time":1.3333,"angle":6.4,"curve":[0.25,0,0.75,1]},{"time":2.6667,"angle":0}],"translate":[{"time":0,"x":0,"y":0,"curve":"stepped"},{"time":2.6667,"x":0,"y":0}],"scale":[{"time":0,"x":1,"y":1,"curve":[0.25,0,0.75,1]},{"time":1.3333,"x":0.932,"y":0.932,"curve":[0.25,0,0.75,1]},{"time":2.6667,"x":1,"y":1}]},"bone6":{"rotate":[{"time":0,"angle":0,"curve":"stepped"},{"time":2.6667,"angle":0}],"translate":[{"time":0,"x":0,"y":0,"curve":[0.25,0,0.75,1]},{"time":1.3333,"x":13.35,"y":0,"curve":[0.25,0,0.75,1]},{"time":2.6667,"x":0,"y":0}],"scale":[{"time":0,"x":1,"y":1,"curve":[0.25,0,0.75,1]},{"time":1.3333,"x":0.894,"y":0.894,"curve":[0.25,0,0.75,1]},{"time":2.6667,"x":1,"y":1}]},"bone7":{"rotate":[{"time":0,"angle":0}],"translate":[{"time":0,"x":0,"y":0}],"scale":[{"time":0,"x":1,"y":1}]},"bone8":{"rotate":[{"time":0,"angle":0,"curve":"stepped"},{"time":2.6667,"angle":0}],"translate":[{"time":0,"x":0,"y":0,"curve":"stepped"},{"time":2.6667,"x":0,"y":0}],"scale":[{"time":0,"x":1,"y":1,"curve":[0.25,0,0.75,1]},{"time":1.3333,"x":0.866,"y":0.866,"curve":[0.25,0,0.75,1]},{"time":2.6667,"x":1,"y":1}],"shear":[{"time":0,"x":1.2,"y":0,"curve":"stepped"},{"time":2.6667,"x":1.2,"y":0}]}}}}},"_atlasText":"\nICON.png\nsize: 2048,256\nformat: RGBA8888\nfilter: Linear,Linear\nrepeat: none\n1\n  rotate: true\n  xy: 1005, 72\n  size: 154, 279\n  orig: 154, 279\n  offset: 0, 0\n  index: -1\n2\n  rotate: true\n  xy: 729, 34\n  size: 192, 274\n  orig: 192, 274\n  offset: 0, 0\n  index: -1\n3\n  rotate: true\n  xy: 1286, 69\n  size: 157, 234\n  orig: 157, 234\n  offset: 0, 0\n  index: -1\n4\n  rotate: false\n  xy: 1924, 138\n  size: 119, 88\n  orig: 119, 88\n  offset: 0, 0\n  index: -1\n5\n  rotate: false\n  xy: 1733, 159\n  size: 189, 67\n  orig: 189, 67\n  offset: 0, 0\n  index: -1\n6\n  rotate: false\n  xy: 1522, 84\n  size: 68, 51\n  orig: 68, 51\n  offset: 0, 0\n  index: -1\nA\n  rotate: false\n  xy: 1522, 137\n  size: 209, 89\n  orig: 209, 89\n  offset: 0, 0\n  index: -1\nBG\n  rotate: true\n  xy: 382, 17\n  size: 209, 345\n  orig: 209, 345\n  offset: 0, 0\n  index: -1\nFRAME\n  rotate: true\n  xy: 2, 2\n  size: 224, 378\n  orig: 224, 378\n  offset: 0, 0\n  index: -1\n","textures":[{"__uuid__":"cad/IN8uVOOqIgndlwqbnB"}],"textureNames":["ICON.png"]}