{"__type__":"sp.SkeletonData","_name":"skeleton","_skeletonJson":{"skeleton":{"hash":"a8Cc/6MYmr82gL4vn5cNydzAjpw","spine":"3.6.53","width":1440,"height":720},"bones":[{"name":"NgocLucBao"},{"name":"ViTri","parent":"NgocLucBao","x":-289.54},{"name":"Scale","parent":"ViTri","x":-20.72},{"name":"Set","parent":"NgocLucBao"},{"name":"Text","parent":"NgocLucBao","x":309.03,"y":100.35},{"name":"TextSacle","parent":"Text","x":-20.13}],"slots":[{"name":"NenNoHuXanh","bone":"Set","attachment":"NenNoHuXanh"},{"name":"RongNgocXanh","bone":"Scale","attachment":"RongNgocXanh"},{"name":"NgocLucBao","bone":"TextSacle","attachment":"NgocLucBao"}],"skins":{"default":{"NenNoHuXanh":{"NenNoHuXanh":{"width":1440,"height":720}},"NgocLucBao":{"NgocLucBao":{"x":12.1,"y":2.85,"width":369,"height":87}},"RongNgocXanh":{"RongNgocXanh":{"x":11.59,"width":590,"height":571}}}},"animations":{"NgocLucBao":{"slots":{"NenNoHuXanh":{"color":[{"time":0,"color":"ffffff00","curve":"stepped"},{"time":0.0667,"color":"ffffff00"},{"time":0.1,"color":"ffffffff"},{"time":0.1333,"color":"ffffff2a"},{"time":0.1667,"color":"ffffffff"},{"time":0.2,"color":"ffffff71"},{"time":0.2333,"color":"ffffffff"},{"time":0.2667,"color":"ffffff71"},{"time":0.3,"color":"ffffffff"},{"time":0.6667,"color":"ffffff31"},{"time":0.7,"color":"ffffff00"},{"time":0.7333,"color":"ffffffff"},{"time":0.7667,"color":"ffffff2a"},{"time":0.8,"color":"ffffffff"},{"time":0.8333,"color":"ffffff71"},{"time":0.8667,"color":"ffffffff"},{"time":0.9,"color":"ffffff71"},{"time":0.9333,"color":"ffffffff"},{"time":1.3,"color":"ffffff31"},{"time":1.3333,"color":"ffffff00"},{"time":1.3667,"color":"ffffffff"},{"time":1.4,"color":"ffffff2a"},{"time":1.4333,"color":"ffffffff"},{"time":1.4667,"color":"ffffff71"},{"time":1.5,"color":"ffffffff"},{"time":1.5333,"color":"ffffff71"},{"time":1.5667,"color":"ffffffff"},{"time":1.9333,"color":"ffffff31"},{"time":1.9667,"color":"ffffff00"},{"time":2,"color":"ffffffff"},{"time":2.0333,"color":"ffffff2a"},{"time":2.0667,"color":"ffffffff"},{"time":2.1,"color":"ffffff71"},{"time":2.1333,"color":"ffffffff"},{"time":2.1667,"color":"ffffff71"},{"time":2.2,"color":"ffffffff"},{"time":2.5667,"color":"ffffff31"},{"time":2.6,"color":"ffffff00"},{"time":2.6333,"color":"ffffffff"},{"time":2.6667,"color":"ffffff2a"},{"time":2.7,"color":"ffffffff"},{"time":2.7333,"color":"ffffff71"},{"time":2.7667,"color":"ffffffff"},{"time":2.8,"color":"ffffff71"},{"time":2.8333,"color":"ffffffff"},{"time":3.2,"color":"ffffff31"},{"time":3.2333,"color":"ffffff00"},{"time":3.2667,"color":"ffffffff"},{"time":3.3,"color":"ffffff2a"},{"time":3.3333,"color":"ffffffff"},{"time":3.3667,"color":"ffffff71"},{"time":3.4,"color":"ffffffff"},{"time":3.4333,"color":"ffffff71"},{"time":3.4667,"color":"ffffffff"},{"time":3.8333,"color":"ffffff31"}]}},"bones":{"Scale":{"translate":[{"time":0.2,"x":0,"y":0,"curve":[0.25,0,0.75,1]},{"time":0.8333,"x":0,"y":18.23,"curve":[0.25,0,0.75,1]},{"time":1.3667,"x":0,"y":0,"curve":[0.25,0,0.75,1]},{"time":2,"x":0,"y":18.23,"curve":[0.25,0,0.75,1]},{"time":2.5333,"x":0,"y":0,"curve":[0.25,0,0.75,1]},{"time":3.1667,"x":0,"y":18.23,"curve":[0.25,0,0.75,1]},{"time":3.7,"x":0,"y":0}],"scale":[{"time":0,"x":0,"y":0,"curve":"stepped"},{"time":0.1,"x":0,"y":0,"curve":[0.264,0.71,0.75,1]},{"time":0.2667,"x":1.1,"y":1.1},{"time":0.3667,"x":1,"y":1},{"time":0.4333,"x":1.03,"y":1.03},{"time":0.5,"x":1,"y":1},{"time":0.5333,"x":1.01,"y":1.01},{"time":0.5667,"x":1,"y":1,"curve":"stepped"},{"time":3.6333,"x":1,"y":1},{"time":3.7,"x":1.1,"y":1.1},{"time":3.8333,"x":0,"y":0}]},"TextSacle":{"scale":[{"time":0,"x":0,"y":0,"curve":"stepped"},{"time":0.2667,"x":0,"y":0},{"time":0.3,"x":0,"y":1,"curve":[0.277,0.78,0.75,1]},{"time":0.5,"x":1.2,"y":1},{"time":0.6,"x":1,"y":1},{"time":0.6667,"x":1.09,"y":1.09},{"time":0.7333,"x":1,"y":1},{"time":0.7667,"x":1.02,"y":1.02},{"time":0.8,"x":1,"y":1,"curve":"stepped"},{"time":3.5667,"x":1,"y":1},{"time":3.6333,"x":1.2,"y":1},{"time":3.8,"x":0,"y":0,"curve":"stepped"},{"time":3.8333,"x":0,"y":0}]}}}}},"_atlasText":"\nskeleton.png\nsize: 2048,1024\nformat: RGBA8888\nfilter: Linear,Linear\nrepeat: none\nNenNoHuXanh\n  rotate: false\n  xy: 2, 91\n  size: 1440, 720\n  orig: 1440, 720\n  offset: 0, 0\n  index: -1\nNgocLucBao\n  rotate: false\n  xy: 2, 2\n  size: 369, 87\n  orig: 369, 87\n  offset: 0, 0\n  index: -1\nRongNgocXanh\n  rotate: false\n  xy: 1444, 240\n  size: 590, 571\n  orig: 590, 571\n  offset: 0, 0\n  index: -1\n","textures":[{"__uuid__":"b2uQc3X71AFrGVmq9Io6gH"}],"textureNames":["skeleton.png"]}