[{"__type__":"cc.SpriteFrame","content":{"name":"icon2","texture":"e8T61bxTdPQ4YCEg4ttG2v","rect":[136,1,59,57],"offset":[0,0],"originalSize":[59,57],"capInsets":[0,0,0,0]}},{"__type__":"cc.SpriteFrame","content":{"name":"symbol_1_6","texture":"22h0Ism4RFAohWQM66DxQj","rect":[1674,764,111,111],"offset":[0,0],"originalSize":[111,111],"capInsets":[0,0,0,0]}},[{"__type__":"cc.Prefab","_name":"VuongQuocRed_item","data":{"__id__":1}},{"__type__":"cc.Node","_name":"VuongQuocRed_item","_children":[{"__id__":2},{"__id__":4},{"__id__":10},{"__id__":14}],"_components":[{"__type__":"aab4d3N+XxIp75z3i5xXpS8","node":{"__id__":1},"icon":{"__id__":3},"icon4":{"__id__":4},"icon5":{"__id__":10},"icon6":{"__id__":14}}],"_prefab":{"__type__":"cc.PrefabInfo","root":{"__id__":1},"asset":{"__uuid__":"54ESN/RuhCEbbDKe8TVE7N"},"fileId":"abhy0bJYZDFK8DFfAEXo46"},"_contentSize":{"__type__":"cc.Size","width":154,"height":144},"_trs":{"__type__":"TypedArray","ctor":"Float64Array","array":[0,72,0,0,0,0,1,1,1,1]}},{"__type__":"cc.Node","_name":"type1","_parent":{"__id__":1},"_components":[{"__id__":3}],"_prefab":{"__type__":"cc.PrefabInfo","root":{"__id__":1},"asset":{"__uuid__":"54ESN/RuhCEbbDKe8TVE7N"},"fileId":"431z5bpCFFaITec59Jplzq"},"_contentSize":{"__type__":"cc.Size","width":111,"height":111},"_trs":{"__type__":"TypedArray","ctor":"Float64Array","array":[0,0,0,0,0,0,1,1,1,1]}},{"__type__":"cc.Sprite","node":{"__id__":2},"_materials":[{"__uuid__":"ecpdLyjvZBwrvm+cedCcQy"}],"_spriteFrame":{"__uuid__":"432DCH/jZGAa4BX5iuwffQ"}},{"__type__":"cc.Node","_name":"type4","_parent":{"__id__":1},"_children":[{"__id__":5},{"__id__":6},{"__id__":7},{"__id__":8},{"__id__":9}],"_active":false,"_prefab":{"__type__":"cc.PrefabInfo","root":{"__id__":1},"asset":{"__uuid__":"54ESN/RuhCEbbDKe8TVE7N"},"fileId":"3fYTnIH29Ha5ksZE1JS2GL"},"_trs":{"__type__":"TypedArray","ctor":"Float64Array","array":[0,0,0,0,0,0,1,1,1,1]}},{"__type__":"cc.Node","_name":"icon_bg","_parent":{"__id__":4},"_components":[{"__type__":"sp.Skeleton","node":{"__id__":5},"_materials":[{"__uuid__":"7a/QZLET9IDreTiBfRn2PD"}],"defaultAnimation":"Free","_preCacheMode":0,"_animationName":"Free","_N$skeletonData":{"__uuid__":"c65hgJDBlNNZcmqy53I90q"}}],"_prefab":{"__type__":"cc.PrefabInfo","root":{"__id__":1},"asset":{"__uuid__":"54ESN/RuhCEbbDKe8TVE7N"},"fileId":"e3ocwkvIZDtpeOCExt+M/8"},"_contentSize":{"__type__":"cc.Size","width":206,"height":152.97},"_trs":{"__type__":"TypedArray","ctor":"Float64Array","array":[0,0,0,0,0,0,1,1,1,1]}},{"__type__":"cc.Node","_name":"icon2","_parent":{"__id__":4},"_active":false,"_components":[{"__type__":"cc.Sprite","node":{"__id__":6},"_enabled":false,"_materials":[{"__uuid__":"ecpdLyjvZBwrvm+cedCcQy"}],"_spriteFrame":{"__uuid__":"11aczEe69A0qBRyUBYdzlf"}}],"_prefab":{"__type__":"cc.PrefabInfo","root":{"__id__":1},"asset":{"__uuid__":"54ESN/RuhCEbbDKe8TVE7N"},"fileId":"ccdCStiJ5OXbaYnsCkRiHf"},"_contentSize":{"__type__":"cc.Size","width":59,"height":57},"_trs":{"__type__":"TypedArray","ctor":"Float64Array","array":[-33.62,42.205,0,0,0,0,1,1,1,1]}},{"__type__":"cc.Node","_name":"icon3","_parent":{"__id__":4},"_active":false,"_components":[{"__type__":"cc.Sprite","node":{"__id__":7},"_enabled":false,"_materials":[{"__uuid__":"ecpdLyjvZBwrvm+cedCcQy"}],"_spriteFrame":{"__uuid__":"ef3N99B4ZOTZm4xuTy6Q4d"}}],"_prefab":{"__type__":"cc.PrefabInfo","root":{"__id__":1},"asset":{"__uuid__":"54ESN/RuhCEbbDKe8TVE7N"},"fileId":"21/hKYILFLQ4ue6IGd+Wyk"},"_contentSize":{"__type__":"cc.Size","width":48,"height":61},"_trs":{"__type__":"TypedArray","ctor":"Float64Array","array":[20.172,49.412,0,0,0,0,1,1,1,1]}},{"__type__":"cc.Node","_name":"icon1","_parent":{"__id__":4},"_active":false,"_components":[{"__type__":"cc.Sprite","node":{"__id__":8},"_materials":[{"__uuid__":"ecpdLyjvZBwrvm+cedCcQy"}],"_spriteFrame":{"__uuid__":"928t9wxmFEf6PuLM3QMcTO"}}],"_prefab":{"__type__":"cc.PrefabInfo","root":{"__id__":1},"asset":{"__uuid__":"54ESN/RuhCEbbDKe8TVE7N"},"fileId":"7coXroZNRAKJb4SymEruTB"},"_contentSize":{"__type__":"cc.Size","width":108,"height":133},"_trs":{"__type__":"TypedArray","ctor":"Float64Array","array":[0,11,0,0,0,0,1,1,1,1]}},{"__type__":"cc.Node","_name":"icon4","_parent":{"__id__":4},"_active":false,"_components":[{"__type__":"cc.Sprite","node":{"__id__":9},"_enabled":false,"_materials":[{"__uuid__":"ecpdLyjvZBwrvm+cedCcQy"}],"_spriteFrame":{"__uuid__":"95hyGAgyhGdrdWw9Z5rdZN"}}],"_prefab":{"__type__":"cc.PrefabInfo","root":{"__id__":1},"asset":{"__uuid__":"54ESN/RuhCEbbDKe8TVE7N"},"fileId":"02ok4NBS1C7baZ9OtsultU"},"_contentSize":{"__type__":"cc.Size","width":78,"height":37},"_trs":{"__type__":"TypedArray","ctor":"Float64Array","array":[0,-39,0,0,0,0,1,1,1,1]}},{"__type__":"cc.Node","_name":"type5","_parent":{"__id__":1},"_children":[{"__id__":11},{"__id__":12},{"__id__":13}],"_active":false,"_prefab":{"__type__":"cc.PrefabInfo","root":{"__id__":1},"asset":{"__uuid__":"54ESN/RuhCEbbDKe8TVE7N"},"fileId":"24mcS7X/FIobuQcZq/Yuzb"},"_trs":{"__type__":"TypedArray","ctor":"Float64Array","array":[0,0,0,0,0,0,1,1,1,1]}},{"__type__":"cc.Node","_name":"icon_bg","_parent":{"__id__":10},"_components":[{"__type__":"sp.Skeleton","node":{"__id__":11},"_materials":[{"__uuid__":"7a/QZLET9IDreTiBfRn2PD"}],"defaultAnimation":"Jackpot","_preCacheMode":0,"_animationName":"Jackpot","_N$skeletonData":{"__uuid__":"c65hgJDBlNNZcmqy53I90q"}}],"_prefab":{"__type__":"cc.PrefabInfo","root":{"__id__":1},"asset":{"__uuid__":"54ESN/RuhCEbbDKe8TVE7N"},"fileId":"19wGCMQB9MApTy1/pK/GAD"},"_contentSize":{"__type__":"cc.Size","width":206,"height":152.97},"_trs":{"__type__":"TypedArray","ctor":"Float64Array","array":[0,0,0,0,0,0,1,1,1,1]}},{"__type__":"cc.Node","_name":"icon_ngokong","_parent":{"__id__":10},"_active":false,"_components":[{"__type__":"cc.Sprite","node":{"__id__":12},"_enabled":false,"_materials":[{"__uuid__":"ecpdLyjvZBwrvm+cedCcQy"}],"_spriteFrame":{"__uuid__":"d06CH+bHpFb7/YRg7QD8M1"}}],"_prefab":{"__type__":"cc.PrefabInfo","root":{"__id__":1},"asset":{"__uuid__":"54ESN/RuhCEbbDKe8TVE7N"},"fileId":"59YJal9RJPBb9deQXqra0U"},"_contentSize":{"__type__":"cc.Size","width":467,"height":547},"_trs":{"__type__":"TypedArray","ctor":"Float64Array","array":[0,13,0,0,0,0,1,0.26,0.26,1]}},{"__type__":"cc.Node","_name":"hu","_parent":{"__id__":10},"_active":false,"_components":[{"__type__":"cc.Sprite","node":{"__id__":13},"_enabled":false,"_materials":[{"__uuid__":"ecpdLyjvZBwrvm+cedCcQy"}],"_spriteFrame":{"__uuid__":"e8OjdU83lAeb76w5lcNx4M"}}],"_prefab":{"__type__":"cc.PrefabInfo","root":{"__id__":1},"asset":{"__uuid__":"54ESN/RuhCEbbDKe8TVE7N"},"fileId":"56of2U+/FO0IJKyjwwa7y5"},"_contentSize":{"__type__":"cc.Size","width":94,"height":23},"_trs":{"__type__":"TypedArray","ctor":"Float64Array","array":[0,-29,0,0,0,0,1,1.2,1.2,1]}},{"__type__":"cc.Node","_name":"type6","_parent":{"__id__":1},"_children":[{"__id__":15},{"__id__":16}],"_active":false,"_prefab":{"__type__":"cc.PrefabInfo","root":{"__id__":1},"asset":{"__uuid__":"54ESN/RuhCEbbDKe8TVE7N"},"fileId":"53pemxXOtHbqFYaO5fcr8r"},"_trs":{"__type__":"TypedArray","ctor":"Float64Array","array":[0,0,0,0,0,0,1,1,1,1]}},{"__type__":"cc.Node","_name":"icon_07","_parent":{"__id__":14},"_components":[{"__type__":"sp.Skeleton","node":{"__id__":15},"_materials":[{"__uuid__":"7a/QZLET9IDreTiBfRn2PD"}],"defaultAnimation":"wildduongtank","_preCacheMode":0,"_animationName":"wildduongtank","_N$skeletonData":{"__uuid__":"c65hgJDBlNNZcmqy53I90q"}}],"_prefab":{"__type__":"cc.PrefabInfo","root":{"__id__":1},"asset":{"__uuid__":"54ESN/RuhCEbbDKe8TVE7N"},"fileId":"a65AH/9nlLtZVxp9gIetdT"},"_contentSize":{"__type__":"cc.Size","width":206,"height":152.97},"_trs":{"__type__":"TypedArray","ctor":"Float64Array","array":[0,0,0,0,0,0,1,1,1,1]}},{"__type__":"cc.Node","_name":"bonus","_parent":{"__id__":14},"_active":false,"_components":[{"__type__":"cc.Sprite","node":{"__id__":16},"_enabled":false,"_materials":[{"__uuid__":"ecpdLyjvZBwrvm+cedCcQy"}],"_spriteFrame":{"__uuid__":"f77NLnp/FB1oMVx/5Q/OZU"}}],"_prefab":{"__type__":"cc.PrefabInfo","root":{"__id__":1},"asset":{"__uuid__":"54ESN/RuhCEbbDKe8TVE7N"},"fileId":"a3M68d/ZVAzL85CbB8gzX4"},"_contentSize":{"__type__":"cc.Size","width":82,"height":27},"_trs":{"__type__":"TypedArray","ctor":"Float64Array","array":[0,-23,0,0,0,0,1,1,1,1]}}],{"__type__":"cc.SpriteFrame","content":{"name":"icon1","texture":"e8T61bxTdPQ4YCEg4ttG2v","rect":[1,1,108,133],"offset":[0,0],"originalSize":[108,133],"rotated":1,"capInsets":[0,0,0,0]}},{"__type__":"cc.SpriteFrame","content":{"name":"icon4","texture":"e8T61bxTdPQ4YCEg4ttG2v","rect":[199,1,78,37],"offset":[0,0],"originalSize":[78,37],"rotated":1,"capInsets":[0,0,0,0]}},{"__type__":"cc.SpriteFrame","content":{"name":"icon_ngokong","texture":"91rZF5zqZM5L1gdlaTWAV5","rect":[0,0,467,547],"offset":[0,0],"originalSize":[467,547],"capInsets":[0,0,0,0]}},{"__type__":"cc.SpriteFrame","content":{"name":"hu","texture":"eczQaNm1BMt5MS/TpO5tBv","rect":[1,1,94,23],"offset":[0,0],"originalSize":[94,23],"rotated":1,"capInsets":[0,0,0,0]}},{"__type__":"cc.SpriteFrame","content":{"name":"icon3","texture":"e8T61bxTdPQ4YCEg4ttG2v","rect":[136,60,48,61],"offset":[0,0],"originalSize":[48,61],"rotated":1,"capInsets":[0,0,0,0]}},{"__type__":"cc.SpriteFrame","content":{"name":"bonus","texture":"80l1sR8hlOqJSZNqBw9r6p","rect":[1,1,82,27],"offset":[0,0.5],"originalSize":[84,30],"capInsets":[0,0,0,0]}}]