{"__type__":"dragonBones.DragonBonesAsset","_name":"denglongyu_shadow_ske","_dragonBonesJson":"{\"frameRate\":24,\"name\":\"denglongyu_shadow\",\"version\":\"5.5\",\"compatibleVersion\":\"5.5\",\"armature\":[{\"type\":\"Sheet\",\"frameRate\":24,\"name\":\"denglongyu_shadow\",\"aabb\":{\"x\":-256,\"y\":-256,\"width\":512,\"height\":512},\"bone\":[{\"name\":\"root\"}],\"slot\":[{\"name\":\"sheetSlot\",\"parent\":\"root\"}],\"skin\":[{\"slot\":[{\"name\":\"sheetSlot\",\"display\":[{\"name\":\"00000\"},{\"name\":\"00004\"},{\"name\":\"00008\"},{\"name\":\"00012\"},{\"name\":\"00016\"},{\"name\":\"00020\"},{\"name\":\"00024\"},{\"name\":\"00028\"},{\"name\":\"00032\"},{\"name\":\"00036\"}]}]}],\"animation\":[{\"duration\":10,\"playTimes\":0,\"name\":\"denglongyu_shadow\",\"slot\":[{\"name\":\"sheetSlot\",\"displayFrame\":[{},{\"value\":1},{\"value\":2},{\"value\":3},{\"value\":4},{\"value\":5},{\"value\":6},{\"value\":7},{\"value\":8},{\"value\":9}]}]}],\"defaultActions\":[{\"gotoAndPlay\":\"denglongyu_shadow\"}]}]}"}