[{"__type__":"cc.SpriteFrame","content":{"name":"singleColor","texture":"a8Anh32NZGRZegUtSgEj26","rect":[0,0,2,2],"offset":[0,0],"originalSize":[2,2],"capInsets":[0,0,0,0]}},[{"__type__":"cc.Prefab","_name":"top_item","data":{"__id__":1}},{"__type__":"cc.Node","_name":"top_item","_children":[{"__id__":2},{"__id__":3},{"__id__":5},{"__id__":7}],"_components":[{"__type__":"d2407aqkttNVKBLKz6pUcVF","node":{"__id__":1},"stt":{"__id__":4},"nick":{"__id__":6},"win":{"__id__":8}}],"_prefab":{"__type__":"cc.PrefabInfo","root":{"__id__":1},"asset":{"__uuid__":"5cJiI7tzJLAYfpu9Fz/aiw"},"fileId":"1fjHjNuAtH3KA9PMOY2qvD"},"_contentSize":{"__type__":"cc.Size","width":979,"height":50},"_trs":{"__type__":"TypedArray","ctor":"Float64Array","array":[0,-25,0,0,0,0,1,1,1,1]}},{"__type__":"cc.Node","_name":"singleColor","_parent":{"__id__":1},"_components":[{"__type__":"cc.Sprite","node":{"__id__":2},"_materials":[{"__uuid__":"ecpdLyjvZBwrvm+cedCcQy"}],"_spriteFrame":{"__uuid__":"41D7kWhyFGY7q4NDlzkazn"},"_sizeMode":0}],"_prefab":{"__type__":"cc.PrefabInfo","root":{"__id__":1},"asset":{"__uuid__":"5cJiI7tzJLAYfpu9Fz/aiw"},"fileId":"20gkNOLrVN7K7i7GqDul/U"},"_opacity":28,"_color":{"__type__":"cc.Color","r":194,"g":194,"b":194},"_contentSize":{"__type__":"cc.Size","width":979,"height":50},"_trs":{"__type__":"TypedArray","ctor":"Float64Array","array":[0,0,0,0,0,0,1,1,1,1]}},{"__type__":"cc.Node","_name":"STT","_parent":{"__id__":1},"_components":[{"__id__":4}],"_prefab":{"__type__":"cc.PrefabInfo","root":{"__id__":1},"asset":{"__uuid__":"5cJiI7tzJLAYfpu9Fz/aiw"},"fileId":"63bGhksWlNA6XGNPfR+FhE"},"_contentSize":{"__type__":"cc.Size","height":22.86},"_trs":{"__type__":"TypedArray","ctor":"Float64Array","array":[-266.8,0,0,0,0,0,1,1,1,1]}},{"__type__":"cc.Label","node":{"__id__":3},"_materials":[{"__uuid__":"ecpdLyjvZBwrvm+cedCcQy"}],"_useOriginalSize":false,"_fontSize":20,"_N$file":{"__uuid__":"ca/STOHexDCpBHB3XPtG62"},"_isSystemFontUsed":false,"_N$horizontalAlign":1},{"__type__":"cc.Node","_name":"name","_parent":{"__id__":1},"_components":[{"__id__":6}],"_prefab":{"__type__":"cc.PrefabInfo","root":{"__id__":1},"asset":{"__uuid__":"5cJiI7tzJLAYfpu9Fz/aiw"},"fileId":"c3kjxghTBD8qquuLsVlfxu"},"_contentSize":{"__type__":"cc.Size","height":22.86},"_trs":{"__type__":"TypedArray","ctor":"Float64Array","array":[0,0,0,0,0,0,1,1,1,1]}},{"__type__":"cc.Label","node":{"__id__":5},"_materials":[{"__uuid__":"ecpdLyjvZBwrvm+cedCcQy"}],"_useOriginalSize":false,"_fontSize":20,"_N$file":{"__uuid__":"ca/STOHexDCpBHB3XPtG62"},"_isSystemFontUsed":false,"_N$horizontalAlign":1},{"__type__":"cc.Node","_name":"bet","_parent":{"__id__":1},"_components":[{"__id__":8}],"_prefab":{"__type__":"cc.PrefabInfo","root":{"__id__":1},"asset":{"__uuid__":"5cJiI7tzJLAYfpu9Fz/aiw"},"fileId":"5c6U+klFZM0rLNSXUwrC7H"},"_contentSize":{"__type__":"cc.Size","height":22.86},"_trs":{"__type__":"TypedArray","ctor":"Float64Array","array":[236.4,0,0,0,0,0,1,1,1,1]}},{"__type__":"cc.Label","node":{"__id__":7},"_materials":[{"__uuid__":"ecpdLyjvZBwrvm+cedCcQy"}],"_useOriginalSize":false,"_fontSize":20,"_N$file":{"__uuid__":"ca/STOHexDCpBHB3XPtG62"},"_isSystemFontUsed":false,"_N$horizontalAlign":1}]]