[{"__type__":"cc.Prefab","_name":"hailang","data":{"__id__":1}},{"__type__":"cc.Node","_name":"kyby_hailang_ske","_components":[{"__type__":"dragonBones.ArmatureDisplay","node":{"__id__":1},"_materials":[{"__uuid__":"ecpdLyjvZBwrvm+cedCcQy"}],"_armatureName":"kyby_hailang","_animationName":"hailang","_preCacheMode":0,"_armatureKey":"e924ebb1-8eae-4db0-bc76-bd9ea193ec31#d4962446-c9b2-48ae-9699-f80e82949d67","_N$dragonAsset":{"__uuid__":"e9JOuxjq5NsLx2vZ6hk+wx"},"_N$dragonAtlasAsset":{"__uuid__":"d4liRGybJIrpaZ+A6ClJ1n"}}],"_prefab":{"__type__":"cc.PrefabInfo","root":{"__id__":1},"asset":{"__id__":0},"fileId":"4bDcNfSGFHyJataT/mDZpk"},"_trs":{"__type__":"TypedArray","ctor":"Float64Array","array":[0,0,0,0,0,0,1,1,1,1]}}]