{"__type__":"dragonBones.DragonBonesAtlasAsset","_name":"denglongyu_tex","_atlasJson":"{\"imagePath\":\"denglongyu_tex.png\",\"width\":512,\"height\":512,\"name\":\"denglongyu\",\"SubTexture\":[{\"frameWidth\":512,\"y\":104,\"frameX\":-170,\"frameHeight\":512,\"frameY\":-198,\"width\":163,\"height\":93,\"name\":\"kyby_dly_01\",\"x\":151},{\"frameWidth\":512,\"y\":207,\"frameX\":-174,\"frameHeight\":512,\"frameY\":-202,\"width\":146,\"height\":99,\"name\":\"kyby_dly_04\",\"x\":1},{\"frameWidth\":512,\"y\":102,\"frameX\":-171,\"frameHeight\":512,\"frameY\":-202,\"width\":148,\"height\":103,\"name\":\"kyby_dly_06\",\"x\":1},{\"frameWidth\":512,\"y\":199,\"frameX\":-170,\"frameHeight\":512,\"frameY\":-201,\"width\":154,\"height\":97,\"name\":\"kyby_dly_03\",\"x\":314},{\"frameWidth\":512,\"y\":1,\"frameX\":-164,\"frameHeight\":512,\"frameY\":-200,\"width\":158,\"height\":101,\"name\":\"kyby_dly_07\",\"x\":166},{\"frameWidth\":512,\"y\":199,\"frameX\":-170,\"frameHeight\":512,\"frameY\":-200,\"width\":161,\"height\":94,\"name\":\"kyby_dly_02\",\"x\":151},{\"frameWidth\":512,\"y\":295,\"frameX\":-176,\"frameHeight\":512,\"frameY\":-202,\"width\":141,\"height\":102,\"name\":\"kyby_dly_05\",\"x\":149},{\"frameWidth\":512,\"y\":1,\"frameX\":-161,\"frameHeight\":512,\"frameY\":-197,\"width\":163,\"height\":99,\"name\":\"kyby_dly_08\",\"x\":1},{\"frameWidth\":512,\"y\":1,\"frameX\":-162,\"frameHeight\":512,\"frameY\":-197,\"width\":166,\"height\":96,\"name\":\"kyby_dly_09\",\"x\":326},{\"frameWidth\":512,\"y\":99,\"frameX\":-165,\"frameHeight\":512,\"frameY\":-198,\"width\":164,\"height\":93,\"name\":\"kyby_dly_10\",\"x\":326}]}","_texture":{"__uuid__":"14iiZPd1BHcIBj2i6SuEmi"},"texture":{"__uuid__":"14iiZPd1BHcIBj2i6SuEmi"}}