{"__type__":"sp.SkeletonData","_name":"avenger_bonus","_skeletonJson":{"skeleton":{"hash":"UrMaY9eLewmvvDzDA/7CBj1c708","spine":"3.6.53","width":658.03,"height":718.45,"images":"../images/"},"bones":[{"name":"root"},{"name":"B","parent":"root","x":-224.09,"y":-84.95},{"name":"BONE INFINITY GLOVE","parent":"root","length":170.65,"rotation":103.19,"x":6.25,"y":1.56},{"name":"EFFECT","parent":"BONE INFINITY GLOVE","rotation":-103.19,"x":134.26,"y":-11.22,"scaleX":2.921,"scaleY":2.921},{"name":"N","parent":"root","x":10.52,"y":-84.95},{"name":"O","parent":"root","x":-104.36,"y":-84.95},{"name":"S","parent":"root","x":237.85,"y":-84.95},{"name":"U","parent":"root","x":125.39,"y":-84.95},{"name":"bone2","parent":"BONE INFINITY GLOVE","length":142.81,"rotation":-2.19,"x":170.65},{"name":"bone3","parent":"bone2","length":64.82,"rotation":-15.15,"x":64.05,"y":-137.64},{"name":"bone4","parent":"bone3","length":49.74,"rotation":7.38,"x":64.82},{"name":"bone5","parent":"bone2","length":48.23,"rotation":-3.19,"x":161.49,"y":-78.31},{"name":"bone6","parent":"bone5","length":36.21,"rotation":2.62,"x":48.23},{"name":"bone7","parent":"bone6","length":30,"rotation":4.03,"x":36.21},{"name":"bone8","parent":"bone2","length":54.09,"rotation":3.03,"x":147.34,"y":-8.74},{"name":"bone9","parent":"bone8","length":40.98,"rotation":-3.5,"x":54.09},{"name":"bone10","parent":"bone9","length":40.82,"rotation":-1.29,"x":40.98},{"name":"bone11","parent":"bone2","length":53.33,"rotation":7.43,"x":140.06,"y":47.08},{"name":"bone12","parent":"bone11","length":35.27,"rotation":-1.44,"x":53.33},{"name":"bone13","parent":"bone12","length":38.46,"rotation":-14.2,"x":35.27},{"name":"bone14","parent":"bone2","length":48.72,"rotation":11.62,"x":119.98,"y":91.08},{"name":"bone15","parent":"bone14","length":39.54,"rotation":-8.91,"x":48.72},{"name":"bone16","parent":"bone15","length":34.98,"rotation":-6.01,"x":39.54},{"name":"bone17","parent":"bone2","x":80.69,"y":-170.46},{"name":"bone18","parent":"bone2","x":141.07,"y":-75.91},{"name":"bone19","parent":"bone2","x":138.22,"y":-16.31},{"name":"bone20","parent":"bone2","x":129.05,"y":44.51},{"name":"bone21","parent":"bone2","x":120.13,"y":92.33},{"name":"bone22","parent":"bone2","x":56.95,"y":16.32}],"slots":[{"name":"Color Balance 8 copy 2","bone":"root","attachment":"Color Balance 8 copy 2"},{"name":"Layer 14 copy","bone":"root","attachment":"Layer 14 copy"},{"name":"Layer 14 copy 2","bone":"root","attachment":"Layer 14 copy 2"},{"name":"Layer 17 copy 5","bone":"root","attachment":"Layer 17 copy 5"},{"name":"Layer 17 copy 6","bone":"root","attachment":"Layer 17 copy 6"},{"name":"Layer 17 copy 7","bone":"root","attachment":"Layer 17 copy 7"},{"name":"Layer 17 copy 2","bone":"root","attachment":"Layer 17 copy 2"},{"name":"Layer 17 copy 4","bone":"root","attachment":"Layer 17 copy 4"},{"name":"Layer 17 copy 3","bone":"root","attachment":"Layer 17 copy 3"},{"name":"Layer 16 copy","bone":"root","attachment":"Layer 16 copy"},{"name":"Layer 16 copy 3","bone":"root","attachment":"Layer 16 copy 3"},{"name":"Layer 16 copy 2","bone":"root","attachment":"Layer 16 copy 2"},{"name":"Layer 14 copy 5","bone":"root","attachment":"Layer 14 copy 5"},{"name":"Layer 14","bone":"root","attachment":"Layer 14"},{"name":"Layer 14 copy 4","bone":"root","attachment":"Layer 14 copy 4"},{"name":"Layer 20","bone":"root","attachment":"Layer 20"},{"name":"Layer 18","bone":"root","attachment":"Layer 18"},{"name":"EFFECT","bone":"EFFECT","attachment":"EFFECT-CROP-3_0022_EFFECT_00000","blend":"additive"},{"name":"S","bone":"root","attachment":"Layer 26"},{"name":"U","bone":"root","attachment":"Layer 25"},{"name":"B","bone":"root","attachment":"Layer 22"},{"name":"O","bone":"root","attachment":"Layer 23"},{"name":"N","bone":"root","attachment":"Layer 24"},{"name":"LIGHT 1","bone":"root","color":"ffcf00ff","attachment":"LIGHT","blend":"additive"},{"name":"LIGHT","bone":"root","attachment":"LIGHT","blend":"additive"},{"name":"LIGHT2","bone":"root","attachment":"LIGHT","blend":"additive"},{"name":"LIGHT3","bone":"root","attachment":"LIGHT","blend":"additive"},{"name":"LIGHT4","bone":"root","attachment":"LIGHT","blend":"additive"},{"name":"LIGHT5","bone":"root","attachment":"LIGHT","blend":"additive"}],"skins":{"default":{"B":{"Layer 22":{"type":"mesh","uvs":[1,1,0,1,0,0,1,0],"triangles":[1,2,3,1,3,0],"vertices":[1,1,83.56,-105.56,1,1,1,-92.44,-105.56,1,1,1,-92.44,85.44,1,1,1,83.56,85.44,1],"hull":4,"edges":[0,2,2,4,4,6,0,6],"width":176,"height":191}},"Color Balance 8 copy 2":{"Color Balance 8 copy 2":{"type":"mesh","uvs":[1,1,0,1,0,0,1,0],"triangles":[1,2,3,1,3,0],"vertices":[1,2,-93.23,-125.87,1,1,2,-29.48,146.12,1,1,2,248.12,81.06,1,1,2,184.37,-190.93,1],"hull":4,"edges":[0,2,2,4,4,6,0,6],"width":291,"height":297}},"EFFECT":{"EFFECT-CROP-3_0000_EFFECT_00022":{"width":1,"height":1},"EFFECT-CROP-3_0001_EFFECT_00021":{"width":224,"height":246},"EFFECT-CROP-3_0002_EFFECT_00020":{"width":224,"height":246},"EFFECT-CROP-3_0003_EFFECT_00019":{"width":224,"height":246},"EFFECT-CROP-3_0004_EFFECT_00018":{"width":224,"height":246},"EFFECT-CROP-3_0005_EFFECT_00017":{"width":224,"height":246},"EFFECT-CROP-3_0006_EFFECT_00016":{"width":224,"height":246},"EFFECT-CROP-3_0007_EFFECT_00015":{"width":224,"height":246},"EFFECT-CROP-3_0008_EFFECT_00014":{"width":224,"height":246},"EFFECT-CROP-3_0009_EFFECT_00013":{"width":224,"height":246},"EFFECT-CROP-3_0010_EFFECT_00012":{"width":224,"height":246},"EFFECT-CROP-3_0011_EFFECT_00011":{"width":224,"height":246},"EFFECT-CROP-3_0012_EFFECT_00010":{"width":224,"height":246},"EFFECT-CROP-3_0013_EFFECT_00009":{"width":224,"height":246},"EFFECT-CROP-3_0014_EFFECT_00008":{"width":224,"height":246},"EFFECT-CROP-3_0015_EFFECT_00007":{"width":224,"height":246},"EFFECT-CROP-3_0016_EFFECT_00006":{"width":224,"height":246},"EFFECT-CROP-3_0017_EFFECT_00005":{"width":224,"height":246},"EFFECT-CROP-3_0018_EFFECT_00004":{"width":224,"height":246},"EFFECT-CROP-3_0019_EFFECT_00003":{"width":224,"height":246},"EFFECT-CROP-3_0020_EFFECT_00002":{"width":224,"height":246},"EFFECT-CROP-3_0021_EFFECT_00001":{"width":224,"height":246},"EFFECT-CROP-3_0022_EFFECT_00000":{"width":224,"height":246}},"LIGHT":{"LIGHT":{"type":"mesh","color":"6b0a86ff","uvs":[1,1,0,1,0,0,1,0],"triangles":[1,2,3,1,3,0],"vertices":[1,24,-64.54,-44.62,1,1,24,-43.92,61.4,1,1,24,62.09,40.78,1,1,24,41.48,-65.23,1],"hull":4,"edges":[0,2,2,4,4,6,0,6],"width":90,"height":90}},"LIGHT 1":{"LIGHT":{"type":"mesh","uvs":[1,1,0,1,0,0,1,0],"triangles":[1,2,3,1,3,0],"vertices":[1,28,-92.32,-66.39,1,1,28,-61.4,92.63,1,1,28,97.62,61.71,1,1,28,66.7,-97.31,1],"hull":4,"edges":[0,2,2,4,4,6,0,6],"width":90,"height":90}},"LIGHT2":{"LIGHT":{"type":"mesh","color":"007da8ff","uvs":[1,1,0,1,0,0,1,0],"triangles":[1,2,3,1,3,0],"vertices":[1,25,-62.64,-44.68,1,1,25,-42.03,61.33,1,1,25,63.98,40.72,1,1,25,43.37,-65.3,1],"hull":4,"edges":[0,2,2,4,4,6,0,6],"width":90,"height":90}},"LIGHT3":{"LIGHT":{"type":"mesh","color":"f80000ff","uvs":[1,1,0,1,0,0,1,0],"triangles":[1,2,3,1,3,0],"vertices":[1,26,-65.38,-41.91,1,1,26,-44.76,64.11,1,1,26,61.25,43.5,1,1,26,40.64,-62.52,1],"hull":4,"edges":[0,2,2,4,4,6,0,6],"width":90,"height":90}},"LIGHT4":{"LIGHT":{"type":"mesh","color":"ff7700ff","uvs":[1,1,0,1,0,0,1,0],"triangles":[1,2,3,1,3,0],"vertices":[1,27,-64.78,-46.26,1,1,27,-44.17,59.76,1,1,27,61.85,39.14,1,1,27,41.23,-66.87,1],"hull":4,"edges":[0,2,2,4,4,6,0,6],"width":90,"height":90}},"LIGHT5":{"LIGHT":{"type":"mesh","color":"54ff00ff","uvs":[1,1,0,1,0,0,1,0],"triangles":[1,2,3,1,3,0],"vertices":[1,23,-63.71,-36.55,1,1,23,-43.1,69.46,1,1,23,62.91,48.85,1,1,23,42.3,-57.16,1],"hull":4,"edges":[0,2,2,4,4,6,0,6],"width":90,"height":90}},"Layer 14":{"Layer 14":{"type":"mesh","uvs":[1,1,0,1,0,0,1,0],"triangles":[1,2,3,1,3,0],"vertices":[1,12,-47.52,-27.52,1,1,12,-34.11,45.25,1,1,12,52.43,29.31,1,1,12,39.02,-43.47,1],"hull":4,"edges":[0,2,2,4,4,6,0,6],"width":74,"height":88}},"Layer 14 copy":{"Layer 14 copy":{"type":"mesh","uvs":[1,1,0,1,0,0,1,0],"triangles":[1,2,3,1,3,0],"vertices":[1,10,-3.5,-21.44,1,1,10,-0.96,23.49,1,1,10,59.95,20.05,1,1,10,57.4,-24.88,1],"hull":4,"edges":[0,2,2,4,4,6,0,6],"width":45,"height":61}},"Layer 14 copy 2":{"Layer 14 copy 2":{"type":"mesh","uvs":[1,1,0,1,0,0,1,0],"triangles":[1,2,3,1,3,0],"vertices":[1,9,12.11,-37.51,1,1,9,7.85,21.34,1,1,9,86.64,27.05,1,1,9,90.91,-31.8,1],"hull":4,"edges":[0,2,2,4,4,6,0,6],"width":59,"height":79}},"Layer 14 copy 4":{"Layer 14 copy 4":{"type":"mesh","uvs":[1,1,0,1,0,0,1,0],"triangles":[1,2,3,1,3,0],"vertices":[1,11,-37.7,-32.29,1,1,11,-27.23,43.99,1,1,11,67.88,30.94,1,1,11,57.41,-45.35,1],"hull":4,"edges":[0,2,2,4,4,6,0,6],"width":77,"height":96}},"Layer 14 copy 5":{"Layer 14 copy 5":{"type":"mesh","uvs":[1,1,0,1,0,0,1,0],"triangles":[1,2,3,1,3,0],"vertices":[1,13,-47.38,-22.1,1,1,13,-29.89,45.68,1,1,13,47.58,25.69,1,1,13,30.08,-42.09,1],"hull":4,"edges":[0,2,2,4,4,6,0,6],"width":70,"height":80}},"Layer 16 copy":{"Layer 16 copy":{"type":"mesh","uvs":[1,1,0,1,0,0,1,0],"triangles":[1,2,3,1,3,0],"vertices":[1,16,-28.94,-25,1,1,16,-19.3,34.22,1,1,16,54.72,22.17,1,1,16,45.08,-37.05,1],"hull":4,"edges":[0,2,2,4,4,6,0,6],"width":60,"height":75}},"Layer 16 copy 2":{"Layer 16 copy 2":{"type":"mesh","uvs":[1,1,0,1,0,0,1,0],"triangles":[1,2,3,1,3,0],"vertices":[1,14,-22.76,-25.96,1,1,14,-5.54,42.92,1,1,14,78.86,21.82,1,1,14,61.64,-47.06,1],"hull":4,"edges":[0,2,2,4,4,6,0,6],"width":71,"height":87}},"Layer 16 copy 3":{"Layer 16 copy 3":{"type":"mesh","uvs":[1,1,0,1,0,0,1,0],"triangles":[1,2,3,1,3,0],"vertices":[1,15,-39.07,-28.16,1,1,15,-26.26,40.66,1,1,15,60.25,24.57,1,1,15,47.45,-44.25,1],"hull":4,"edges":[0,2,2,4,4,6,0,6],"width":70,"height":88}},"Layer 17 copy 2":{"Layer 17 copy 2":{"type":"mesh","uvs":[1,1,0,1,0,0,1,0],"triangles":[1,2,3,1,3,0],"vertices":[1,19,-31.66,-26.78,1,1,19,-29.17,24.16,1,1,19,53.73,20.12,1,1,19,51.25,-30.82,1],"hull":4,"edges":[0,2,2,4,4,6,0,6],"width":51,"height":83}},"Layer 17 copy 3":{"Layer 17 copy 3":{"type":"mesh","uvs":[1,1,0,1,0,0,1,0],"triangles":[1,2,3,1,3,0],"vertices":[1,17,-25,-18.14,1,1,17,-5.08,41.63,1,1,17,77.45,14.11,1,1,17,57.53,-45.65,1],"hull":4,"edges":[0,2,2,4,4,6,0,6],"width":63,"height":87}},"Layer 17 copy 4":{"Layer 17 copy 4":{"type":"mesh","uvs":[1,1,0,1,0,0,1,0],"triangles":[1,2,3,1,3,0],"vertices":[1,18,-39.63,-18.2,1,1,18,-22.1,39.18,1,1,18,60.15,14.05,1,1,18,42.62,-43.33,1],"hull":4,"edges":[0,2,2,4,4,6,0,6],"width":60,"height":86}},"Layer 17 copy 5":{"Layer 17 copy 5":{"type":"mesh","uvs":[1,1,0,1,0,0,1,0],"triangles":[1,2,3,1,3,0],"vertices":[1,22,-33.55,-22.29,1,1,22,-27.13,25.28,1,1,22,46.21,15.37,1,1,22,39.78,-32.2,1],"hull":4,"edges":[0,2,2,4,4,6,0,6],"width":48,"height":74}},"Layer 17 copy 6":{"Layer 17 copy 6":{"type":"mesh","uvs":[1,1,0,1,0,0,1,0],"triangles":[1,2,3,1,3,0],"vertices":[1,21,-35.68,-20.33,1,1,21,-22.18,35.04,1,1,21,58.46,15.37,1,1,21,44.95,-40,1],"hull":4,"edges":[0,2,2,4,4,6,0,6],"width":57,"height":83}},"Layer 17 copy 7":{"Layer 17 copy 7":{"type":"mesh","uvs":[1,1,0,1,0,0,1,0],"triangles":[1,2,3,1,3,0],"vertices":[1,20,-22.37,-15.02,1,1,20,1.09,41.29,1,1,20,78.63,8.98,1,1,20,55.17,-47.33,1],"hull":4,"edges":[0,2,2,4,4,6,0,6],"width":61,"height":84}},"Layer 18":{"Layer 18":{"type":"mesh","uvs":[1,1,0,1,0,0,1,0],"triangles":[1,2,3,1,3,0],"vertices":[1,9,-54.71,-42.35,1,1,9,-58.9,15.5,1,1,9,47.82,23.23,1,1,9,52.01,-34.62,1],"hull":4,"edges":[0,2,2,4,4,6,0,6],"width":58,"height":107}},"Layer 20":{"Layer 20":{"type":"mesh","uvs":[1,1,0,1,0,0,1,0],"triangles":[1,2,3,1,3,0],"vertices":[1,8,-88.88,-124.49,1,1,8,-36.39,145.45,1,1,8,219.81,95.64,1,1,8,167.32,-174.31,1],"hull":4,"edges":[0,2,2,4,4,6,0,6],"width":275,"height":261}},"N":{"Layer 24":{"type":"mesh","uvs":[1,1,0,1,0,0,1,0],"triangles":[1,2,3,1,3,0],"vertices":[1,4,58.95,-105.56,1,1,4,-61.05,-105.56,1,1,4,-61.05,85.44,1,1,4,58.95,85.44,1],"hull":4,"edges":[0,2,2,4,4,6,0,6],"width":120,"height":191}},"O":{"Layer 23":{"type":"mesh","uvs":[1,1,0,1,0,0,1,0],"triangles":[1,2,3,1,3,0],"vertices":[1,5,64.83,-105.56,1,1,5,-73.17,-105.56,1,1,5,-73.17,85.44,1,1,5,64.83,85.44,1],"hull":4,"edges":[0,2,2,4,4,6,0,6],"width":138,"height":191}},"S":{"Layer 26":{"type":"mesh","uvs":[1,1,0,1,0,0,1,0],"triangles":[1,2,3,1,3,0],"vertices":[1,6,79.63,-105.56,1,1,6,-78.37,-105.56,1,1,6,-78.37,85.44,1,1,6,79.63,85.44,1],"hull":4,"edges":[0,2,2,4,4,6,0,6],"width":158,"height":191}},"U":{"Layer 25":{"type":"mesh","uvs":[1,1,0,1,0,0,1,0],"triangles":[1,2,3,1,3,0],"vertices":[1,7,76.08,-121.56,1,1,7,-64.92,-121.56,1,1,7,-64.92,85.44,1,1,7,76.08,85.44,1],"hull":4,"edges":[0,2,2,4,4,6,0,6],"width":141,"height":207}}}},"animations":{"avenger_bonus":{"slots":{"B":{"color":[{"time":0,"color":"ffffff00","curve":"stepped"},{"time":0.3333,"color":"ffffff00"},{"time":1,"color":"ffffff00"},{"time":1.1,"color":"ffffffff","curve":"stepped"},{"time":2.5,"color":"ffffffff","curve":"stepped"},{"time":2.9,"color":"ffffffff"},{"time":3.0667,"color":"ffffff00"}]},"EFFECT":{"attachment":[{"time":1,"name":"EFFECT-CROP-3_0022_EFFECT_00000"},{"time":1.0333,"name":"EFFECT-CROP-3_0021_EFFECT_00001"},{"time":1.0667,"name":"EFFECT-CROP-3_0020_EFFECT_00002"},{"time":1.1,"name":"EFFECT-CROP-3_0019_EFFECT_00003"},{"time":1.1333,"name":"EFFECT-CROP-3_0018_EFFECT_00004"},{"time":1.1667,"name":"EFFECT-CROP-3_0017_EFFECT_00005"},{"time":1.2,"name":"EFFECT-CROP-3_0016_EFFECT_00006"},{"time":1.2333,"name":"EFFECT-CROP-3_0015_EFFECT_00007"},{"time":1.2667,"name":"EFFECT-CROP-3_0014_EFFECT_00008"},{"time":1.3,"name":"EFFECT-CROP-3_0013_EFFECT_00009"},{"time":1.3333,"name":"EFFECT-CROP-3_0012_EFFECT_00010"},{"time":1.3667,"name":"EFFECT-CROP-3_0011_EFFECT_00011"},{"time":1.4,"name":"EFFECT-CROP-3_0010_EFFECT_00012"},{"time":1.4333,"name":"EFFECT-CROP-3_0009_EFFECT_00013"},{"time":1.4667,"name":"EFFECT-CROP-3_0008_EFFECT_00014"},{"time":1.5,"name":"EFFECT-CROP-3_0007_EFFECT_00015"},{"time":1.5333,"name":"EFFECT-CROP-3_0006_EFFECT_00016"},{"time":1.5667,"name":"EFFECT-CROP-3_0005_EFFECT_00017"},{"time":1.6,"name":"EFFECT-CROP-3_0004_EFFECT_00018"},{"time":1.6333,"name":"EFFECT-CROP-3_0003_EFFECT_00019"},{"time":1.6667,"name":"EFFECT-CROP-3_0002_EFFECT_00020"},{"time":1.7,"name":"EFFECT-CROP-3_0001_EFFECT_00021"},{"time":1.7333,"name":"EFFECT-CROP-3_0021_EFFECT_00001"},{"time":1.7667,"name":"EFFECT-CROP-3_0020_EFFECT_00002"},{"time":1.8,"name":"EFFECT-CROP-3_0019_EFFECT_00003"},{"time":1.8333,"name":"EFFECT-CROP-3_0018_EFFECT_00004"},{"time":1.8667,"name":"EFFECT-CROP-3_0017_EFFECT_00005"},{"time":1.9,"name":"EFFECT-CROP-3_0016_EFFECT_00006"},{"time":1.9333,"name":"EFFECT-CROP-3_0015_EFFECT_00007"},{"time":1.9667,"name":"EFFECT-CROP-3_0014_EFFECT_00008"},{"time":2,"name":"EFFECT-CROP-3_0013_EFFECT_00009"},{"time":2.0333,"name":"EFFECT-CROP-3_0012_EFFECT_00010"},{"time":2.0667,"name":"EFFECT-CROP-3_0011_EFFECT_00011"},{"time":2.1,"name":"EFFECT-CROP-3_0010_EFFECT_00012"},{"time":2.1333,"name":"EFFECT-CROP-3_0009_EFFECT_00013"},{"time":2.1667,"name":"EFFECT-CROP-3_0008_EFFECT_00014"},{"time":2.2,"name":"EFFECT-CROP-3_0007_EFFECT_00015"},{"time":2.2333,"name":"EFFECT-CROP-3_0006_EFFECT_00016"},{"time":2.2667,"name":"EFFECT-CROP-3_0005_EFFECT_00017"},{"time":2.3,"name":"EFFECT-CROP-3_0004_EFFECT_00018"},{"time":2.3333,"name":"EFFECT-CROP-3_0003_EFFECT_00019"},{"time":2.3667,"name":"EFFECT-CROP-3_0002_EFFECT_00020"},{"time":2.4,"name":"EFFECT-CROP-3_0001_EFFECT_00021"},{"time":2.4333,"name":"EFFECT-CROP-3_0000_EFFECT_00022"},{"time":2.4667,"name":"EFFECT-CROP-3_0021_EFFECT_00001"},{"time":2.5,"name":"EFFECT-CROP-3_0020_EFFECT_00002"},{"time":2.5333,"name":"EFFECT-CROP-3_0019_EFFECT_00003"},{"time":2.5667,"name":"EFFECT-CROP-3_0018_EFFECT_00004"},{"time":2.6,"name":"EFFECT-CROP-3_0017_EFFECT_00005"},{"time":2.6333,"name":"EFFECT-CROP-3_0016_EFFECT_00006"},{"time":2.6667,"name":"EFFECT-CROP-3_0015_EFFECT_00007"},{"time":2.7,"name":"EFFECT-CROP-3_0014_EFFECT_00008"},{"time":2.7333,"name":"EFFECT-CROP-3_0013_EFFECT_00009"},{"time":2.7667,"name":"EFFECT-CROP-3_0012_EFFECT_00010"},{"time":2.8,"name":"EFFECT-CROP-3_0011_EFFECT_00011"},{"time":2.8333,"name":"EFFECT-CROP-3_0010_EFFECT_00012"},{"time":2.8667,"name":"EFFECT-CROP-3_0009_EFFECT_00013"},{"time":2.9,"name":"EFFECT-CROP-3_0008_EFFECT_00014"},{"time":2.9333,"name":"EFFECT-CROP-3_0007_EFFECT_00015"},{"time":2.9667,"name":"EFFECT-CROP-3_0006_EFFECT_00016"},{"time":3,"name":"EFFECT-CROP-3_0005_EFFECT_00017"},{"time":3.0333,"name":"EFFECT-CROP-3_0004_EFFECT_00018"},{"time":3.0667,"name":"EFFECT-CROP-3_0003_EFFECT_00019"},{"time":3.1,"name":"EFFECT-CROP-3_0002_EFFECT_00020"},{"time":3.1333,"name":"EFFECT-CROP-3_0001_EFFECT_00021"},{"time":3.1667,"name":"EFFECT-CROP-3_0000_EFFECT_00022"}]},"LIGHT":{"color":[{"time":0,"color":"ffffff00","curve":"stepped"},{"time":0.3333,"color":"ffffff00","curve":"stepped"},{"time":0.4667,"color":"ffffff00"},{"time":0.6667,"color":"ffffffff","curve":"stepped"},{"time":1.6667,"color":"ffffffff"},{"time":2,"color":"ffffff00"}]},"LIGHT2":{"color":[{"time":0,"color":"ffffff00","curve":"stepped"},{"time":0.3333,"color":"ffffff00","curve":"stepped"},{"time":0.5333,"color":"ffffff00"},{"time":0.7667,"color":"ffffffff","curve":"stepped"},{"time":1.6667,"color":"ffffffff"},{"time":2,"color":"ffffff00"}]},"LIGHT3":{"color":[{"time":0,"color":"ffffff00","curve":"stepped"},{"time":0.3333,"color":"ffffff00","curve":"stepped"},{"time":0.6667,"color":"ffffff00"},{"time":0.9,"color":"ffffffff","curve":"stepped"},{"time":1.6667,"color":"ffffffff"},{"time":2,"color":"ffffff00"}]},"LIGHT4":{"color":[{"time":0,"color":"ffffff00","curve":"stepped"},{"time":0.3333,"color":"ffffff00","curve":"stepped"},{"time":0.7667,"color":"ffffff00"},{"time":1.0333,"color":"ffffff80","curve":"stepped"},{"time":1.6667,"color":"ffffff80"},{"time":2,"color":"ffffff00"}]},"LIGHT5":{"color":[{"time":0,"color":"ffffff00","curve":"stepped"},{"time":0.3333,"color":"ffffff00"},{"time":0.5333,"color":"ffffff80"},{"time":1.6667,"color":"ffffff80"},{"time":2,"color":"ffffff00"}]},"LIGHT 1":{"color":[{"time":0,"color":"ffcf0000","curve":"stepped"},{"time":0.3333,"color":"ffcf0000","curve":"stepped"},{"time":0.9,"color":"ffcf0000"},{"time":1.1667,"color":"ffcf00ff","curve":"stepped"},{"time":1.6667,"color":"ffcf00ff"},{"time":2,"color":"ffcf0000"}]},"N":{"color":[{"time":0,"color":"ffffff00","curve":"stepped"},{"time":0.3333,"color":"ffffff00"},{"time":1,"color":"ffffff00"},{"time":1.1,"color":"ffffffff","curve":"stepped"},{"time":2.5,"color":"ffffffff","curve":"stepped"},{"time":2.7,"color":"ffffffff"},{"time":2.8667,"color":"ffffff00"}]},"O":{"color":[{"time":0,"color":"ffffff00","curve":"stepped"},{"time":0.3333,"color":"ffffff00"},{"time":1,"color":"ffffff00"},{"time":1.1,"color":"ffffffff","curve":"stepped"},{"time":2.5,"color":"ffffffff","curve":"stepped"},{"time":2.8,"color":"ffffffff"},{"time":2.9667,"color":"ffffff00"}]},"S":{"color":[{"time":0,"color":"ffffff00","curve":"stepped"},{"time":0.3333,"color":"ffffff00"},{"time":1,"color":"ffffff00"},{"time":1.1,"color":"ffffffff","curve":"stepped"},{"time":2.5,"color":"ffffffff"},{"time":2.6667,"color":"ffffff00"}]},"U":{"color":[{"time":0,"color":"ffffff00","curve":"stepped"},{"time":0.3333,"color":"ffffff00"},{"time":1,"color":"ffffff00"},{"time":1.1,"color":"ffffffff","curve":"stepped"},{"time":2.5,"color":"ffffffff","curve":"stepped"},{"time":2.6,"color":"ffffffff"},{"time":2.7667,"color":"ffffff00"}]}},"bones":{"bone14":{"rotate":[{"time":0,"angle":-14.23,"curve":"stepped"},{"time":0.3333,"angle":-14.23},{"time":0.6667,"angle":0},{"time":0.8333,"angle":7.12},{"time":1,"angle":-14.23,"curve":"stepped"},{"time":2.4333,"angle":-14.23}],"translate":[{"time":0,"x":-5.08,"y":-1.84,"curve":"stepped"},{"time":0.3333,"x":-5.08,"y":-1.84},{"time":0.6667,"x":0,"y":0,"curve":"stepped"},{"time":0.8333,"x":0,"y":0},{"time":1,"x":-5.08,"y":-1.84,"curve":"stepped"},{"time":2.4333,"x":-5.08,"y":-1.84}]},"bone12":{"rotate":[{"time":0.6667,"angle":0},{"time":0.8333,"angle":-3.75}],"translate":[{"time":0,"x":-30.75,"y":-1.46,"curve":"stepped"},{"time":0.3333,"x":-30.75,"y":-1.46},{"time":0.6667,"x":0,"y":0,"curve":"stepped"},{"time":0.8333,"x":0,"y":0},{"time":1,"x":-30.75,"y":-1.46,"curve":"stepped"},{"time":2.4333,"x":-30.75,"y":-1.46}]},"bone10":{"rotate":[{"time":0.6667,"angle":0}],"translate":[{"time":0,"x":-35.95,"y":-0.85,"curve":"stepped"},{"time":0.3333,"x":-35.95,"y":-0.85},{"time":0.6667,"x":0,"y":0,"curve":"stepped"},{"time":0.8333,"x":0,"y":0},{"time":1,"x":-35.95,"y":-0.85,"curve":"stepped"},{"time":2.4333,"x":-35.95,"y":-0.85}]},"N":{"translate":[{"time":0,"x":548.41,"y":0,"curve":"stepped"},{"time":0.3333,"x":548.41,"y":0,"curve":"stepped"},{"time":1,"x":548.41,"y":0},{"time":1.1,"x":0,"y":0},{"time":1.1667,"x":-10.9,"y":0},{"time":1.2333,"x":14.93,"y":0},{"time":1.3,"x":0,"y":0,"curve":"stepped"},{"time":2.5,"x":0,"y":0,"curve":"stepped"},{"time":2.7,"x":0,"y":0},{"time":2.8667,"x":591.25,"y":0}],"scale":[{"time":1.5333,"x":1,"y":1},{"time":1.6333,"x":1.4,"y":1.4},{"time":1.7,"x":0.8,"y":0.8},{"time":1.7667,"x":1,"y":1,"curve":"stepped"},{"time":2.5,"x":1,"y":1}]},"bone13":{"rotate":[{"time":0.6667,"angle":0},{"time":0.8333,"angle":3.71}],"translate":[{"time":0,"x":-34.93,"y":2.93,"curve":"stepped"},{"time":0.3333,"x":-34.93,"y":2.93},{"time":0.6667,"x":0,"y":0,"curve":"stepped"},{"time":0.8333,"x":0,"y":0},{"time":1,"x":-34.93,"y":2.93,"curve":"stepped"},{"time":2.4333,"x":-34.93,"y":2.93}]},"bone15":{"rotate":[{"time":0.8333,"angle":-1.29}],"translate":[{"time":0,"x":-21.37,"y":-5.27,"curve":"stepped"},{"time":0.3333,"x":-21.37,"y":-5.27},{"time":0.6667,"x":0,"y":0,"curve":"stepped"},{"time":0.8333,"x":0,"y":0},{"time":1,"x":-21.37,"y":-5.27,"curve":"stepped"},{"time":2.4333,"x":-21.37,"y":-5.27}]},"bone3":{"rotate":[{"time":0,"angle":8.14,"curve":"stepped"},{"time":0.3333,"angle":8.14},{"time":0.6667,"angle":0},{"time":0.8333,"angle":-7.67},{"time":1,"angle":8.14,"curve":"stepped"},{"time":2.4333,"angle":8.14}]},"BONE INFINITY GLOVE":{"translate":[{"time":0,"x":0,"y":-38.43,"curve":"stepped"},{"time":0.3333,"x":0,"y":-38.43},{"time":0.8333,"x":0,"y":54.53},{"time":1,"x":0,"y":-103.91},{"time":1.1667,"x":0,"y":-115.28},{"time":1.6667,"x":0,"y":-103.91},{"time":3.1667,"x":0,"y":-38.43}],"scale":[{"time":0,"x":0,"y":0},{"time":0.1,"x":1,"y":1},{"time":0.1667,"x":1.08,"y":1.08},{"time":0.2333,"x":0.98,"y":0.98},{"time":0.3,"x":1,"y":1,"curve":"stepped"},{"time":2.9333,"x":1,"y":1},{"time":3.0333,"x":1.1,"y":1.1},{"time":3.1667,"x":0,"y":0}]},"bone6":{"rotate":[{"time":0.6667,"angle":0}],"translate":[{"time":0,"x":-28.15,"y":-0.81,"curve":"stepped"},{"time":0.3333,"x":-28.15,"y":-0.81},{"time":0.6667,"x":0,"y":0,"curve":"stepped"},{"time":0.8333,"x":0,"y":0},{"time":1,"x":-28.15,"y":-0.81,"curve":"stepped"},{"time":2.4333,"x":-28.15,"y":-0.81}]},"O":{"translate":[{"time":0,"x":-450.74,"y":0,"curve":"stepped"},{"time":0.3333,"x":-450.74,"y":0,"curve":"stepped"},{"time":1,"x":-450.74,"y":0},{"time":1.1,"x":0,"y":0},{"time":1.1667,"x":17.55,"y":0},{"time":1.2333,"x":-13.07,"y":0},{"time":1.3,"x":0,"y":0,"curve":"stepped"},{"time":2.5,"x":0,"y":0,"curve":"stepped"},{"time":2.8,"x":0,"y":0},{"time":2.9667,"x":591.25,"y":0}],"scale":[{"time":1.4333,"x":1,"y":1},{"time":1.5333,"x":1.4,"y":1.4},{"time":1.6,"x":0.8,"y":0.8},{"time":1.6667,"x":1,"y":1,"curve":"stepped"},{"time":2.5,"x":1,"y":1}]},"bone2":{"rotate":[{"time":0,"angle":0,"curve":"stepped"},{"time":0.3333,"angle":0,"curve":"stepped"},{"time":0.6667,"angle":0},{"time":1.1667,"angle":-3.61},{"time":2.4333,"angle":0}],"translate":[{"time":0,"x":-4.53,"y":1.06,"curve":"stepped"},{"time":0.3333,"x":-4.53,"y":1.06},{"time":0.6667,"x":0,"y":0},{"time":1,"x":-4.53,"y":1.06},{"time":1.1667,"x":-13.58,"y":3.18},{"time":2.4333,"x":-4.53,"y":1.06}]},"bone5":{"rotate":[{"time":0.6667,"angle":0}],"translate":[{"time":0,"x":-11.82,"y":2.3,"curve":"stepped"},{"time":0.3333,"x":-11.82,"y":2.3},{"time":0.6667,"x":0,"y":0,"curve":"stepped"},{"time":0.8333,"x":0,"y":0},{"time":1,"x":-11.82,"y":2.3,"curve":"stepped"},{"time":2.4333,"x":-11.82,"y":2.3}]},"B":{"translate":[{"time":0,"x":-450.74,"y":0,"curve":"stepped"},{"time":0.3333,"x":-450.74,"y":0,"curve":"stepped"},{"time":1,"x":-450.74,"y":0},{"time":1.1,"x":0,"y":0},{"time":1.1667,"x":17.55,"y":0},{"time":1.2333,"x":-13.07,"y":0},{"time":1.3,"x":0,"y":0,"curve":"stepped"},{"time":2.5,"x":0,"y":0,"curve":"stepped"},{"time":2.9,"x":0,"y":0},{"time":3.0667,"x":591.25,"y":0}],"scale":[{"time":1.3333,"x":1,"y":1},{"time":1.4333,"x":1.4,"y":1.4},{"time":1.5,"x":0.8,"y":0.8},{"time":1.5667,"x":1,"y":1,"curve":"stepped"},{"time":2.5,"x":1,"y":1}]},"bone9":{"rotate":[{"time":0.6667,"angle":0}],"translate":[{"time":0,"x":-25.38,"y":-2.25,"curve":"stepped"},{"time":0.3333,"x":-25.38,"y":-2.25},{"time":0.6667,"x":0,"y":0,"curve":"stepped"},{"time":0.8333,"x":0,"y":0},{"time":1,"x":-25.38,"y":-2.25,"curve":"stepped"},{"time":2.4333,"x":-25.38,"y":-2.25}]},"bone4":{"rotate":[{"time":0,"angle":37.03,"curve":"stepped"},{"time":0.3333,"angle":37.03},{"time":0.6667,"angle":0},{"time":0.8333,"angle":-9.94},{"time":1,"angle":37.03,"curve":"stepped"},{"time":2.4333,"angle":37.03}]},"bone11":{"rotate":[{"time":0,"angle":-1.84,"curve":"stepped"},{"time":0.3333,"angle":-1.84},{"time":0.6667,"angle":0},{"time":0.8333,"angle":4.12},{"time":1,"angle":-1.84,"curve":"stepped"},{"time":2.4333,"angle":-1.84}],"translate":[{"time":0,"x":-8.33,"y":-4.04,"curve":"stepped"},{"time":0.3333,"x":-8.33,"y":-4.04},{"time":0.6667,"x":0,"y":0,"curve":"stepped"},{"time":0.8333,"x":0,"y":0},{"time":1,"x":-8.33,"y":-4.04,"curve":"stepped"},{"time":2.4333,"x":-8.33,"y":-4.04}]},"bone8":{"rotate":[{"time":0,"angle":-2.5,"curve":"stepped"},{"time":0.3333,"angle":-2.5},{"time":0.6667,"angle":0,"curve":"stepped"},{"time":0.8333,"angle":0},{"time":1,"angle":-2.5,"curve":"stepped"},{"time":2.4333,"angle":-2.5}],"translate":[{"time":0,"x":-13.43,"y":-1.16,"curve":"stepped"},{"time":0.3333,"x":-13.43,"y":-1.16},{"time":0.6667,"x":0,"y":0,"curve":"stepped"},{"time":0.8333,"x":0,"y":0},{"time":1,"x":-13.43,"y":-1.16,"curve":"stepped"},{"time":2.4333,"x":-13.43,"y":-1.16}]},"S":{"translate":[{"time":0,"x":548.41,"y":0,"curve":"stepped"},{"time":0.3333,"x":548.41,"y":0,"curve":"stepped"},{"time":1,"x":548.41,"y":0},{"time":1.1,"x":0,"y":0},{"time":1.1667,"x":-10.9,"y":0},{"time":1.2333,"x":14.93,"y":0},{"time":1.3,"x":0,"y":0,"curve":"stepped"},{"time":2.5,"x":0,"y":0},{"time":2.6667,"x":591.25,"y":0}],"scale":[{"time":1.7333,"x":1,"y":1},{"time":1.8333,"x":1.4,"y":1.4},{"time":1.9,"x":0.8,"y":0.8},{"time":1.9667,"x":1,"y":1,"curve":"stepped"},{"time":2.5,"x":1,"y":1}]},"bone16":{"rotate":[{"time":0.8333,"angle":-1.44}],"translate":[{"time":0,"x":-24.97,"y":-3.93,"curve":"stepped"},{"time":0.3333,"x":-24.97,"y":-3.93},{"time":0.6667,"x":0,"y":0,"curve":"stepped"},{"time":0.8333,"x":0,"y":0},{"time":1,"x":-24.97,"y":-3.93,"curve":"stepped"},{"time":2.4333,"x":-24.97,"y":-3.93}]},"U":{"translate":[{"time":0,"x":548.41,"y":0,"curve":"stepped"},{"time":0.3333,"x":548.41,"y":0,"curve":"stepped"},{"time":1,"x":548.41,"y":0},{"time":1.1,"x":0,"y":0},{"time":1.1667,"x":-10.9,"y":0},{"time":1.2333,"x":14.93,"y":0},{"time":1.3,"x":0,"y":0,"curve":"stepped"},{"time":2.5,"x":0,"y":0,"curve":"stepped"},{"time":2.6,"x":0,"y":0},{"time":2.7667,"x":591.25,"y":0}],"scale":[{"time":1.6333,"x":1,"y":1},{"time":1.7333,"x":1.4,"y":1.4},{"time":1.8,"x":0.8,"y":0.8},{"time":1.8667,"x":1,"y":1,"curve":"stepped"},{"time":2.5,"x":1,"y":1}]},"bone7":{"rotate":[{"time":0.6667,"angle":0}],"translate":[{"time":0,"x":-22.12,"y":-2.52,"curve":"stepped"},{"time":0.3333,"x":-22.12,"y":-2.52},{"time":0.6667,"x":0,"y":0,"curve":"stepped"},{"time":0.8333,"x":0,"y":0},{"time":1,"x":-22.12,"y":-2.52,"curve":"stepped"},{"time":2.4333,"x":-22.12,"y":-2.52}]}}},"END":{"slots":{"B":{"color":[{"time":0,"color":"ffffffff","curve":"stepped"},{"time":0.4,"color":"ffffffff"},{"time":0.5667,"color":"ffffff00"}]},"EFFECT":{"attachment":[{"time":0.6667,"name":"EFFECT-CROP-3_0022_EFFECT_00000"},{"time":0.7,"name":"EFFECT-CROP-3_0021_EFFECT_00001"},{"time":0.7333,"name":"EFFECT-CROP-3_0020_EFFECT_00002"},{"time":0.7667,"name":"EFFECT-CROP-3_0019_EFFECT_00003"},{"time":0.8,"name":"EFFECT-CROP-3_0018_EFFECT_00004"},{"time":0.8333,"name":"EFFECT-CROP-3_0017_EFFECT_00005"},{"time":0.8667,"name":"EFFECT-CROP-3_0016_EFFECT_00006"},{"time":0.9,"name":"EFFECT-CROP-3_0015_EFFECT_00007"},{"time":0.9333,"name":"EFFECT-CROP-3_0014_EFFECT_00008"},{"time":0.9667,"name":"EFFECT-CROP-3_0013_EFFECT_00009"},{"time":1,"name":"EFFECT-CROP-3_0012_EFFECT_00010"},{"time":1.0333,"name":"EFFECT-CROP-3_0011_EFFECT_00011"},{"time":1.0667,"name":"EFFECT-CROP-3_0010_EFFECT_00012"},{"time":1.1,"name":"EFFECT-CROP-3_0009_EFFECT_00013"},{"time":1.1333,"name":"EFFECT-CROP-3_0008_EFFECT_00014"},{"time":1.1667,"name":"EFFECT-CROP-3_0007_EFFECT_00015"},{"time":1.2,"name":"EFFECT-CROP-3_0006_EFFECT_00016"},{"time":1.2333,"name":"EFFECT-CROP-3_0005_EFFECT_00017"},{"time":1.2667,"name":"EFFECT-CROP-3_0004_EFFECT_00018"},{"time":1.3,"name":"EFFECT-CROP-3_0003_EFFECT_00019"},{"time":1.3333,"name":"EFFECT-CROP-3_0002_EFFECT_00020"},{"time":1.3667,"name":"EFFECT-CROP-3_0001_EFFECT_00021"},{"time":1.4,"name":"EFFECT-CROP-3_0021_EFFECT_00001"},{"time":1.4333,"name":"EFFECT-CROP-3_0020_EFFECT_00002"},{"time":1.4667,"name":"EFFECT-CROP-3_0019_EFFECT_00003"},{"time":1.5,"name":"EFFECT-CROP-3_0018_EFFECT_00004"},{"time":1.5333,"name":"EFFECT-CROP-3_0017_EFFECT_00005"},{"time":1.5667,"name":"EFFECT-CROP-3_0016_EFFECT_00006"},{"time":1.6,"name":"EFFECT-CROP-3_0015_EFFECT_00007"},{"time":1.6333,"name":"EFFECT-CROP-3_0014_EFFECT_00008"},{"time":1.6667,"name":"EFFECT-CROP-3_0013_EFFECT_00009"},{"time":1.7,"name":"EFFECT-CROP-3_0012_EFFECT_00010"},{"time":1.7333,"name":"EFFECT-CROP-3_0011_EFFECT_00011"},{"time":1.7667,"name":"EFFECT-CROP-3_0010_EFFECT_00012"},{"time":1.8,"name":"EFFECT-CROP-3_0009_EFFECT_00013"},{"time":1.8333,"name":"EFFECT-CROP-3_0008_EFFECT_00014"},{"time":1.8667,"name":"EFFECT-CROP-3_0007_EFFECT_00015"},{"time":1.9,"name":"EFFECT-CROP-3_0006_EFFECT_00016"},{"time":1.9333,"name":"EFFECT-CROP-3_0005_EFFECT_00017"},{"time":1.9667,"name":"EFFECT-CROP-3_0004_EFFECT_00018"},{"time":2,"name":"EFFECT-CROP-3_0003_EFFECT_00019"},{"time":2.0333,"name":"EFFECT-CROP-3_0002_EFFECT_00020"},{"time":2.0667,"name":"EFFECT-CROP-3_0001_EFFECT_00021"},{"time":2.1,"name":"EFFECT-CROP-3_0000_EFFECT_00022"}]},"LIGHT":{"color":[{"time":0,"color":"ffffff00","curve":"stepped"},{"time":0.1333,"color":"ffffff00"},{"time":0.3333,"color":"ffffffff","curve":"stepped"},{"time":1.3333,"color":"ffffffff"},{"time":1.6667,"color":"ffffff00"}]},"LIGHT2":{"color":[{"time":0,"color":"ffffff00","curve":"stepped"},{"time":0.2,"color":"ffffff00"},{"time":0.4333,"color":"ffffffff","curve":"stepped"},{"time":1.3333,"color":"ffffffff"},{"time":1.6667,"color":"ffffff00"}]},"LIGHT3":{"color":[{"time":0,"color":"ffffff00","curve":"stepped"},{"time":0.3333,"color":"ffffff00"},{"time":0.5667,"color":"ffffffff","curve":"stepped"},{"time":1.3333,"color":"ffffffff"},{"time":1.6667,"color":"ffffff00"}]},"LIGHT4":{"color":[{"time":0,"color":"ffffff00","curve":"stepped"},{"time":0.4333,"color":"ffffff00"},{"time":0.7,"color":"ffffff80","curve":"stepped"},{"time":1.3333,"color":"ffffff80"},{"time":1.6667,"color":"ffffff00"}]},"LIGHT5":{"color":[{"time":0,"color":"ffffff00"},{"time":0.2,"color":"ffffff80"},{"time":1.3333,"color":"ffffff80"},{"time":1.6667,"color":"ffffff00"}]},"LIGHT 1":{"color":[{"time":0,"color":"ffcf0000","curve":"stepped"},{"time":0.5667,"color":"ffcf0000"},{"time":0.8333,"color":"ffcf00ff","curve":"stepped"},{"time":1.3333,"color":"ffcf00ff"},{"time":1.6667,"color":"ffcf0000"}]},"N":{"color":[{"time":0,"color":"ffffffff","curve":"stepped"},{"time":0.2,"color":"ffffffff"},{"time":0.3667,"color":"ffffff00"}]},"O":{"color":[{"time":0,"color":"ffffffff","curve":"stepped"},{"time":0.3,"color":"ffffffff"},{"time":0.4667,"color":"ffffff00"}]},"S":{"color":[{"time":0,"color":"ffffffff"},{"time":0.1667,"color":"ffffff00"}]},"U":{"color":[{"time":0,"color":"ffffffff","curve":"stepped"},{"time":0.1,"color":"ffffffff"},{"time":0.2667,"color":"ffffff00"}]}},"bones":{"bone2":{"rotate":[{"time":0,"angle":0,"curve":"stepped"},{"time":0.3333,"angle":0},{"time":0.8333,"angle":-3.61},{"time":2.1,"angle":0}],"translate":[{"time":0,"x":-4.53,"y":1.06},{"time":0.3333,"x":0,"y":0},{"time":0.6667,"x":-4.53,"y":1.06},{"time":0.8333,"x":-13.58,"y":3.18},{"time":2.1,"x":-4.53,"y":1.06}]},"BONE INFINITY GLOVE":{"translate":[{"time":0,"x":0,"y":-38.43},{"time":0.5,"x":0,"y":54.53},{"time":0.6667,"x":0,"y":-103.91},{"time":0.8333,"x":0,"y":-115.28},{"time":1.3333,"x":0,"y":-103.91},{"time":2.1,"x":0,"y":-38.43}],"scale":[{"time":0,"x":1,"y":1,"curve":"stepped"},{"time":0.5,"x":1,"y":1},{"time":0.6,"x":1.1,"y":1.1},{"time":0.7333,"x":0,"y":0,"curve":"stepped"},{"time":2.1,"x":0,"y":0}]},"bone10":{"rotate":[{"time":0.3333,"angle":0}],"translate":[{"time":0,"x":-35.95,"y":-0.85},{"time":0.3333,"x":0,"y":0,"curve":"stepped"},{"time":0.5,"x":0,"y":0},{"time":0.6667,"x":-35.95,"y":-0.85,"curve":"stepped"},{"time":2.1,"x":-35.95,"y":-0.85}]},"S":{"translate":[{"time":0,"x":0,"y":0},{"time":0.1667,"x":591.25,"y":0}],"scale":[{"time":0,"x":1,"y":1}]},"bone9":{"rotate":[{"time":0.3333,"angle":0}],"translate":[{"time":0,"x":-25.38,"y":-2.25},{"time":0.3333,"x":0,"y":0,"curve":"stepped"},{"time":0.5,"x":0,"y":0},{"time":0.6667,"x":-25.38,"y":-2.25,"curve":"stepped"},{"time":2.1,"x":-25.38,"y":-2.25}]},"bone4":{"rotate":[{"time":0,"angle":37.03},{"time":0.3333,"angle":0},{"time":0.5,"angle":-9.94},{"time":0.6667,"angle":37.03,"curve":"stepped"},{"time":2.1,"angle":37.03}]},"U":{"translate":[{"time":0,"x":0,"y":0,"curve":"stepped"},{"time":0.1,"x":0,"y":0},{"time":0.2667,"x":591.25,"y":0}],"scale":[{"time":0,"x":1,"y":1}]},"bone12":{"rotate":[{"time":0.3333,"angle":0},{"time":0.5,"angle":-3.75}],"translate":[{"time":0,"x":-30.75,"y":-1.46},{"time":0.3333,"x":0,"y":0,"curve":"stepped"},{"time":0.5,"x":0,"y":0},{"time":0.6667,"x":-30.75,"y":-1.46,"curve":"stepped"},{"time":2.1,"x":-30.75,"y":-1.46}]},"bone11":{"rotate":[{"time":0,"angle":-1.84},{"time":0.3333,"angle":0},{"time":0.5,"angle":4.12},{"time":0.6667,"angle":-1.84,"curve":"stepped"},{"time":2.1,"angle":-1.84}],"translate":[{"time":0,"x":-8.33,"y":-4.04},{"time":0.3333,"x":0,"y":0,"curve":"stepped"},{"time":0.5,"x":0,"y":0},{"time":0.6667,"x":-8.33,"y":-4.04,"curve":"stepped"},{"time":2.1,"x":-8.33,"y":-4.04}]},"B":{"translate":[{"time":0,"x":0,"y":0,"curve":"stepped"},{"time":0.4,"x":0,"y":0},{"time":0.5667,"x":591.25,"y":0}],"scale":[{"time":0,"x":1,"y":1}]},"bone14":{"rotate":[{"time":0,"angle":-14.23},{"time":0.3333,"angle":0},{"time":0.5,"angle":7.12},{"time":0.6667,"angle":-14.23,"curve":"stepped"},{"time":2.1,"angle":-14.23}],"translate":[{"time":0,"x":-5.08,"y":-1.84},{"time":0.3333,"x":0,"y":0,"curve":"stepped"},{"time":0.5,"x":0,"y":0},{"time":0.6667,"x":-5.08,"y":-1.84,"curve":"stepped"},{"time":2.1,"x":-5.08,"y":-1.84}]},"O":{"translate":[{"time":0,"x":0,"y":0,"curve":"stepped"},{"time":0.3,"x":0,"y":0},{"time":0.4667,"x":591.25,"y":0}],"scale":[{"time":0,"x":1,"y":1}]},"bone8":{"rotate":[{"time":0,"angle":-2.5},{"time":0.3333,"angle":0,"curve":"stepped"},{"time":0.5,"angle":0},{"time":0.6667,"angle":-2.5,"curve":"stepped"},{"time":2.1,"angle":-2.5}],"translate":[{"time":0,"x":-13.43,"y":-1.16},{"time":0.3333,"x":0,"y":0,"curve":"stepped"},{"time":0.5,"x":0,"y":0},{"time":0.6667,"x":-13.43,"y":-1.16,"curve":"stepped"},{"time":2.1,"x":-13.43,"y":-1.16}]},"bone15":{"rotate":[{"time":0.5,"angle":-1.29}],"translate":[{"time":0,"x":-21.37,"y":-5.27},{"time":0.3333,"x":0,"y":0,"curve":"stepped"},{"time":0.5,"x":0,"y":0},{"time":0.6667,"x":-21.37,"y":-5.27,"curve":"stepped"},{"time":2.1,"x":-21.37,"y":-5.27}]},"bone5":{"rotate":[{"time":0.3333,"angle":0}],"translate":[{"time":0,"x":-11.82,"y":2.3},{"time":0.3333,"x":0,"y":0,"curve":"stepped"},{"time":0.5,"x":0,"y":0},{"time":0.6667,"x":-11.82,"y":2.3,"curve":"stepped"},{"time":2.1,"x":-11.82,"y":2.3}]},"bone6":{"rotate":[{"time":0.3333,"angle":0}],"translate":[{"time":0,"x":-28.15,"y":-0.81},{"time":0.3333,"x":0,"y":0,"curve":"stepped"},{"time":0.5,"x":0,"y":0},{"time":0.6667,"x":-28.15,"y":-0.81,"curve":"stepped"},{"time":2.1,"x":-28.15,"y":-0.81}]},"bone16":{"rotate":[{"time":0.5,"angle":-1.44}],"translate":[{"time":0,"x":-24.97,"y":-3.93},{"time":0.3333,"x":0,"y":0,"curve":"stepped"},{"time":0.5,"x":0,"y":0},{"time":0.6667,"x":-24.97,"y":-3.93,"curve":"stepped"},{"time":2.1,"x":-24.97,"y":-3.93}]},"N":{"translate":[{"time":0,"x":0,"y":0,"curve":"stepped"},{"time":0.2,"x":0,"y":0},{"time":0.3667,"x":591.25,"y":0}],"scale":[{"time":0,"x":1,"y":1}]},"bone7":{"rotate":[{"time":0.3333,"angle":0}],"translate":[{"time":0,"x":-22.12,"y":-2.52},{"time":0.3333,"x":0,"y":0,"curve":"stepped"},{"time":0.5,"x":0,"y":0},{"time":0.6667,"x":-22.12,"y":-2.52,"curve":"stepped"},{"time":2.1,"x":-22.12,"y":-2.52}]},"bone13":{"rotate":[{"time":0.3333,"angle":0},{"time":0.5,"angle":3.71}],"translate":[{"time":0,"x":-34.93,"y":2.93},{"time":0.3333,"x":0,"y":0,"curve":"stepped"},{"time":0.5,"x":0,"y":0},{"time":0.6667,"x":-34.93,"y":2.93,"curve":"stepped"},{"time":2.1,"x":-34.93,"y":2.93}]},"bone3":{"rotate":[{"time":0,"angle":8.14},{"time":0.3333,"angle":0},{"time":0.5,"angle":-7.67},{"time":0.6667,"angle":8.14,"curve":"stepped"},{"time":2.1,"angle":8.14}]}}},"RUN":{"slots":{"B":{"color":[{"time":0,"color":"ffffffff"}]},"EFFECT":{"attachment":[{"time":0.6667,"name":"EFFECT-CROP-3_0022_EFFECT_00000"},{"time":0.7,"name":"EFFECT-CROP-3_0021_EFFECT_00001"},{"time":0.7333,"name":"EFFECT-CROP-3_0020_EFFECT_00002"},{"time":0.7667,"name":"EFFECT-CROP-3_0019_EFFECT_00003"},{"time":0.8,"name":"EFFECT-CROP-3_0018_EFFECT_00004"},{"time":0.8333,"name":"EFFECT-CROP-3_0017_EFFECT_00005"},{"time":0.8667,"name":"EFFECT-CROP-3_0016_EFFECT_00006"},{"time":0.9,"name":"EFFECT-CROP-3_0015_EFFECT_00007"},{"time":0.9333,"name":"EFFECT-CROP-3_0014_EFFECT_00008"},{"time":0.9667,"name":"EFFECT-CROP-3_0013_EFFECT_00009"},{"time":1,"name":"EFFECT-CROP-3_0012_EFFECT_00010"},{"time":1.0333,"name":"EFFECT-CROP-3_0011_EFFECT_00011"},{"time":1.0667,"name":"EFFECT-CROP-3_0010_EFFECT_00012"},{"time":1.1,"name":"EFFECT-CROP-3_0009_EFFECT_00013"},{"time":1.1333,"name":"EFFECT-CROP-3_0008_EFFECT_00014"},{"time":1.1667,"name":"EFFECT-CROP-3_0007_EFFECT_00015"},{"time":1.2,"name":"EFFECT-CROP-3_0006_EFFECT_00016"},{"time":1.2333,"name":"EFFECT-CROP-3_0005_EFFECT_00017"},{"time":1.2667,"name":"EFFECT-CROP-3_0004_EFFECT_00018"},{"time":1.3,"name":"EFFECT-CROP-3_0003_EFFECT_00019"},{"time":1.3333,"name":"EFFECT-CROP-3_0002_EFFECT_00020"},{"time":1.3667,"name":"EFFECT-CROP-3_0001_EFFECT_00021"},{"time":1.4,"name":"EFFECT-CROP-3_0021_EFFECT_00001"},{"time":1.4333,"name":"EFFECT-CROP-3_0020_EFFECT_00002"},{"time":1.4667,"name":"EFFECT-CROP-3_0019_EFFECT_00003"},{"time":1.5,"name":"EFFECT-CROP-3_0018_EFFECT_00004"},{"time":1.5333,"name":"EFFECT-CROP-3_0017_EFFECT_00005"},{"time":1.5667,"name":"EFFECT-CROP-3_0016_EFFECT_00006"},{"time":1.6,"name":"EFFECT-CROP-3_0015_EFFECT_00007"},{"time":1.6333,"name":"EFFECT-CROP-3_0014_EFFECT_00008"},{"time":1.6667,"name":"EFFECT-CROP-3_0013_EFFECT_00009"},{"time":1.7,"name":"EFFECT-CROP-3_0012_EFFECT_00010"},{"time":1.7333,"name":"EFFECT-CROP-3_0011_EFFECT_00011"},{"time":1.7667,"name":"EFFECT-CROP-3_0010_EFFECT_00012"},{"time":1.8,"name":"EFFECT-CROP-3_0009_EFFECT_00013"},{"time":1.8333,"name":"EFFECT-CROP-3_0008_EFFECT_00014"},{"time":1.8667,"name":"EFFECT-CROP-3_0007_EFFECT_00015"},{"time":1.9,"name":"EFFECT-CROP-3_0006_EFFECT_00016"},{"time":1.9333,"name":"EFFECT-CROP-3_0005_EFFECT_00017"},{"time":1.9667,"name":"EFFECT-CROP-3_0004_EFFECT_00018"},{"time":2,"name":"EFFECT-CROP-3_0003_EFFECT_00019"},{"time":2.0333,"name":"EFFECT-CROP-3_0002_EFFECT_00020"},{"time":2.0667,"name":"EFFECT-CROP-3_0001_EFFECT_00021"},{"time":2.1,"name":"EFFECT-CROP-3_0000_EFFECT_00022"}]},"LIGHT":{"color":[{"time":0,"color":"ffffff00","curve":"stepped"},{"time":0.1333,"color":"ffffff00"},{"time":0.3333,"color":"ffffffff","curve":"stepped"},{"time":1.3333,"color":"ffffffff"},{"time":1.6667,"color":"ffffff00"}]},"LIGHT2":{"color":[{"time":0,"color":"ffffff00","curve":"stepped"},{"time":0.2,"color":"ffffff00"},{"time":0.4333,"color":"ffffffff","curve":"stepped"},{"time":1.3333,"color":"ffffffff"},{"time":1.6667,"color":"ffffff00"}]},"LIGHT3":{"color":[{"time":0,"color":"ffffff00","curve":"stepped"},{"time":0.3333,"color":"ffffff00"},{"time":0.5667,"color":"ffffffff","curve":"stepped"},{"time":1.3333,"color":"ffffffff"},{"time":1.6667,"color":"ffffff00"}]},"LIGHT4":{"color":[{"time":0,"color":"ffffff00","curve":"stepped"},{"time":0.4333,"color":"ffffff00"},{"time":0.7,"color":"ffffff80","curve":"stepped"},{"time":1.3333,"color":"ffffff80"},{"time":1.6667,"color":"ffffff00"}]},"LIGHT5":{"color":[{"time":0,"color":"ffffff00"},{"time":0.2,"color":"ffffff80"},{"time":1.3333,"color":"ffffff80"},{"time":1.6667,"color":"ffffff00"}]},"LIGHT 1":{"color":[{"time":0,"color":"ffcf0000","curve":"stepped"},{"time":0.5667,"color":"ffcf0000"},{"time":0.8333,"color":"ffcf00ff","curve":"stepped"},{"time":1.3333,"color":"ffcf00ff"},{"time":1.6667,"color":"ffcf0000"}]},"N":{"color":[{"time":0,"color":"ffffffff"}]},"O":{"color":[{"time":0,"color":"ffffffff"}]},"S":{"color":[{"time":0,"color":"ffffffff"}]},"U":{"color":[{"time":0,"color":"ffffffff"}]}},"bones":{"bone12":{"rotate":[{"time":0.3333,"angle":0},{"time":0.5,"angle":-3.75}],"translate":[{"time":0,"x":-30.75,"y":-1.46},{"time":0.3333,"x":0,"y":0,"curve":"stepped"},{"time":0.5,"x":0,"y":0},{"time":0.6667,"x":-30.75,"y":-1.46,"curve":"stepped"},{"time":2.1,"x":-30.75,"y":-1.46}]},"BONE INFINITY GLOVE":{"translate":[{"time":0,"x":0,"y":-38.43},{"time":0.5,"x":0,"y":54.53},{"time":0.6667,"x":0,"y":-103.91},{"time":0.8333,"x":0,"y":-115.28},{"time":1.3333,"x":0,"y":-103.91},{"time":2.1,"x":0,"y":-38.43}]},"bone2":{"rotate":[{"time":0,"angle":0,"curve":"stepped"},{"time":0.3333,"angle":0},{"time":0.8333,"angle":-3.61},{"time":2.1,"angle":0}],"translate":[{"time":0,"x":-4.53,"y":1.06},{"time":0.3333,"x":0,"y":0},{"time":0.6667,"x":-4.53,"y":1.06},{"time":0.8333,"x":-13.58,"y":3.18},{"time":2.1,"x":-4.53,"y":1.06}]},"bone10":{"rotate":[{"time":0.3333,"angle":0}],"translate":[{"time":0,"x":-35.95,"y":-0.85},{"time":0.3333,"x":0,"y":0,"curve":"stepped"},{"time":0.5,"x":0,"y":0},{"time":0.6667,"x":-35.95,"y":-0.85,"curve":"stepped"},{"time":2.1,"x":-35.95,"y":-0.85}]},"bone7":{"rotate":[{"time":0.3333,"angle":0}],"translate":[{"time":0,"x":-22.12,"y":-2.52},{"time":0.3333,"x":0,"y":0,"curve":"stepped"},{"time":0.5,"x":0,"y":0},{"time":0.6667,"x":-22.12,"y":-2.52,"curve":"stepped"},{"time":2.1,"x":-22.12,"y":-2.52}]},"bone5":{"rotate":[{"time":0.3333,"angle":0}],"translate":[{"time":0,"x":-11.82,"y":2.3},{"time":0.3333,"x":0,"y":0,"curve":"stepped"},{"time":0.5,"x":0,"y":0},{"time":0.6667,"x":-11.82,"y":2.3,"curve":"stepped"},{"time":2.1,"x":-11.82,"y":2.3}]},"bone8":{"rotate":[{"time":0,"angle":-2.5},{"time":0.3333,"angle":0,"curve":"stepped"},{"time":0.5,"angle":0},{"time":0.6667,"angle":-2.5,"curve":"stepped"},{"time":2.1,"angle":-2.5}],"translate":[{"time":0,"x":-13.43,"y":-1.16},{"time":0.3333,"x":0,"y":0,"curve":"stepped"},{"time":0.5,"x":0,"y":0},{"time":0.6667,"x":-13.43,"y":-1.16,"curve":"stepped"},{"time":2.1,"x":-13.43,"y":-1.16}]},"bone6":{"rotate":[{"time":0.3333,"angle":0}],"translate":[{"time":0,"x":-28.15,"y":-0.81},{"time":0.3333,"x":0,"y":0,"curve":"stepped"},{"time":0.5,"x":0,"y":0},{"time":0.6667,"x":-28.15,"y":-0.81,"curve":"stepped"},{"time":2.1,"x":-28.15,"y":-0.81}]},"bone14":{"rotate":[{"time":0,"angle":-14.23},{"time":0.3333,"angle":0},{"time":0.5,"angle":7.12},{"time":0.6667,"angle":-14.23,"curve":"stepped"},{"time":2.1,"angle":-14.23}],"translate":[{"time":0,"x":-5.08,"y":-1.84},{"time":0.3333,"x":0,"y":0,"curve":"stepped"},{"time":0.5,"x":0,"y":0},{"time":0.6667,"x":-5.08,"y":-1.84,"curve":"stepped"},{"time":2.1,"x":-5.08,"y":-1.84}]},"bone11":{"rotate":[{"time":0,"angle":-1.84},{"time":0.3333,"angle":0},{"time":0.5,"angle":4.12},{"time":0.6667,"angle":-1.84,"curve":"stepped"},{"time":2.1,"angle":-1.84}],"translate":[{"time":0,"x":-8.33,"y":-4.04},{"time":0.3333,"x":0,"y":0,"curve":"stepped"},{"time":0.5,"x":0,"y":0},{"time":0.6667,"x":-8.33,"y":-4.04,"curve":"stepped"},{"time":2.1,"x":-8.33,"y":-4.04}]},"bone16":{"rotate":[{"time":0.5,"angle":-1.44}],"translate":[{"time":0,"x":-24.97,"y":-3.93},{"time":0.3333,"x":0,"y":0,"curve":"stepped"},{"time":0.5,"x":0,"y":0},{"time":0.6667,"x":-24.97,"y":-3.93,"curve":"stepped"},{"time":2.1,"x":-24.97,"y":-3.93}]},"bone9":{"rotate":[{"time":0.3333,"angle":0}],"translate":[{"time":0,"x":-25.38,"y":-2.25},{"time":0.3333,"x":0,"y":0,"curve":"stepped"},{"time":0.5,"x":0,"y":0},{"time":0.6667,"x":-25.38,"y":-2.25,"curve":"stepped"},{"time":2.1,"x":-25.38,"y":-2.25}]},"bone3":{"rotate":[{"time":0,"angle":8.14},{"time":0.3333,"angle":0},{"time":0.5,"angle":-7.67},{"time":0.6667,"angle":8.14,"curve":"stepped"},{"time":2.1,"angle":8.14}]},"bone13":{"rotate":[{"time":0.3333,"angle":0},{"time":0.5,"angle":3.71}],"translate":[{"time":0,"x":-34.93,"y":2.93},{"time":0.3333,"x":0,"y":0,"curve":"stepped"},{"time":0.5,"x":0,"y":0},{"time":0.6667,"x":-34.93,"y":2.93,"curve":"stepped"},{"time":2.1,"x":-34.93,"y":2.93}]},"bone4":{"rotate":[{"time":0,"angle":37.03},{"time":0.3333,"angle":0},{"time":0.5,"angle":-9.94},{"time":0.6667,"angle":37.03,"curve":"stepped"},{"time":2.1,"angle":37.03}]},"bone15":{"rotate":[{"time":0.5,"angle":-1.29}],"translate":[{"time":0,"x":-21.37,"y":-5.27},{"time":0.3333,"x":0,"y":0,"curve":"stepped"},{"time":0.5,"x":0,"y":0},{"time":0.6667,"x":-21.37,"y":-5.27,"curve":"stepped"},{"time":2.1,"x":-21.37,"y":-5.27}]},"B":{"translate":[{"time":0,"x":0,"y":0}],"scale":[{"time":0,"x":1,"y":1,"curve":"stepped"},{"time":0.8333,"x":1,"y":1},{"time":0.9333,"x":1.4,"y":1.4},{"time":1,"x":0.8,"y":0.8},{"time":1.0667,"x":1,"y":1}]},"O":{"translate":[{"time":0,"x":0,"y":0}],"scale":[{"time":0,"x":1,"y":1,"curve":"stepped"},{"time":0.9333,"x":1,"y":1},{"time":1.0333,"x":1.4,"y":1.4},{"time":1.1,"x":0.8,"y":0.8},{"time":1.1667,"x":1,"y":1}]},"N":{"translate":[{"time":0,"x":0,"y":0}],"scale":[{"time":0,"x":1,"y":1,"curve":"stepped"},{"time":1.0333,"x":1,"y":1},{"time":1.1333,"x":1.4,"y":1.4},{"time":1.2,"x":0.8,"y":0.8},{"time":1.2667,"x":1,"y":1}]},"U":{"translate":[{"time":0,"x":0,"y":0}],"scale":[{"time":0,"x":1,"y":1,"curve":"stepped"},{"time":1.1333,"x":1,"y":1},{"time":1.2333,"x":1.4,"y":1.4},{"time":1.3,"x":0.8,"y":0.8},{"time":1.3667,"x":1,"y":1}]},"S":{"translate":[{"time":0,"x":0,"y":0}],"scale":[{"time":0,"x":1,"y":1,"curve":"stepped"},{"time":1.2333,"x":1,"y":1},{"time":1.3333,"x":1.4,"y":1.4},{"time":1.4,"x":0.8,"y":0.8},{"time":1.4667,"x":1,"y":1}]}}},"START":{"slots":{"B":{"color":[{"time":0,"color":"ffffff00","curve":"stepped"},{"time":0.3333,"color":"ffffff00"},{"time":1,"color":"ffffff00"},{"time":1.1,"color":"ffffffff"}]},"EFFECT":{"attachment":[{"time":1,"name":"EFFECT-CROP-3_0022_EFFECT_00000"},{"time":1.0333,"name":"EFFECT-CROP-3_0021_EFFECT_00001"},{"time":1.0667,"name":"EFFECT-CROP-3_0020_EFFECT_00002"},{"time":1.1,"name":"EFFECT-CROP-3_0019_EFFECT_00003"},{"time":1.1333,"name":"EFFECT-CROP-3_0018_EFFECT_00004"},{"time":1.1667,"name":"EFFECT-CROP-3_0017_EFFECT_00005"},{"time":1.2,"name":"EFFECT-CROP-3_0016_EFFECT_00006"},{"time":1.2333,"name":"EFFECT-CROP-3_0015_EFFECT_00007"},{"time":1.2667,"name":"EFFECT-CROP-3_0014_EFFECT_00008"},{"time":1.3,"name":"EFFECT-CROP-3_0013_EFFECT_00009"},{"time":1.3333,"name":"EFFECT-CROP-3_0012_EFFECT_00010"},{"time":1.3667,"name":"EFFECT-CROP-3_0011_EFFECT_00011"},{"time":1.4,"name":"EFFECT-CROP-3_0010_EFFECT_00012"},{"time":1.4333,"name":"EFFECT-CROP-3_0009_EFFECT_00013"},{"time":1.4667,"name":"EFFECT-CROP-3_0008_EFFECT_00014"},{"time":1.5,"name":"EFFECT-CROP-3_0007_EFFECT_00015"},{"time":1.5333,"name":"EFFECT-CROP-3_0006_EFFECT_00016"},{"time":1.5667,"name":"EFFECT-CROP-3_0005_EFFECT_00017"},{"time":1.6,"name":"EFFECT-CROP-3_0004_EFFECT_00018"},{"time":1.6333,"name":"EFFECT-CROP-3_0003_EFFECT_00019"},{"time":1.6667,"name":"EFFECT-CROP-3_0002_EFFECT_00020"},{"time":1.7,"name":"EFFECT-CROP-3_0001_EFFECT_00021"},{"time":1.7333,"name":"EFFECT-CROP-3_0021_EFFECT_00001"},{"time":1.7667,"name":"EFFECT-CROP-3_0020_EFFECT_00002"},{"time":1.8,"name":"EFFECT-CROP-3_0019_EFFECT_00003"},{"time":1.8333,"name":"EFFECT-CROP-3_0018_EFFECT_00004"},{"time":1.8667,"name":"EFFECT-CROP-3_0017_EFFECT_00005"},{"time":1.9,"name":"EFFECT-CROP-3_0016_EFFECT_00006"},{"time":1.9333,"name":"EFFECT-CROP-3_0015_EFFECT_00007"},{"time":1.9667,"name":"EFFECT-CROP-3_0014_EFFECT_00008"},{"time":2,"name":"EFFECT-CROP-3_0013_EFFECT_00009"},{"time":2.0333,"name":"EFFECT-CROP-3_0012_EFFECT_00010"},{"time":2.0667,"name":"EFFECT-CROP-3_0011_EFFECT_00011"},{"time":2.1,"name":"EFFECT-CROP-3_0010_EFFECT_00012"},{"time":2.1333,"name":"EFFECT-CROP-3_0009_EFFECT_00013"},{"time":2.1667,"name":"EFFECT-CROP-3_0008_EFFECT_00014"},{"time":2.2,"name":"EFFECT-CROP-3_0007_EFFECT_00015"},{"time":2.2333,"name":"EFFECT-CROP-3_0006_EFFECT_00016"},{"time":2.2667,"name":"EFFECT-CROP-3_0005_EFFECT_00017"},{"time":2.3,"name":"EFFECT-CROP-3_0004_EFFECT_00018"},{"time":2.3333,"name":"EFFECT-CROP-3_0003_EFFECT_00019"},{"time":2.3667,"name":"EFFECT-CROP-3_0002_EFFECT_00020"},{"time":2.4,"name":"EFFECT-CROP-3_0001_EFFECT_00021"},{"time":2.4333,"name":"EFFECT-CROP-3_0000_EFFECT_00022"}]},"LIGHT":{"color":[{"time":0,"color":"ffffff00","curve":"stepped"},{"time":0.3333,"color":"ffffff00","curve":"stepped"},{"time":0.4667,"color":"ffffff00"},{"time":0.6667,"color":"ffffffff","curve":"stepped"},{"time":1.6667,"color":"ffffffff"},{"time":2,"color":"ffffff00"}]},"LIGHT2":{"color":[{"time":0,"color":"ffffff00","curve":"stepped"},{"time":0.3333,"color":"ffffff00","curve":"stepped"},{"time":0.5333,"color":"ffffff00"},{"time":0.7667,"color":"ffffffff","curve":"stepped"},{"time":1.6667,"color":"ffffffff"},{"time":2,"color":"ffffff00"}]},"LIGHT3":{"color":[{"time":0,"color":"ffffff00","curve":"stepped"},{"time":0.3333,"color":"ffffff00","curve":"stepped"},{"time":0.6667,"color":"ffffff00"},{"time":0.9,"color":"ffffffff","curve":"stepped"},{"time":1.6667,"color":"ffffffff"},{"time":2,"color":"ffffff00"}]},"LIGHT4":{"color":[{"time":0,"color":"ffffff00","curve":"stepped"},{"time":0.3333,"color":"ffffff00","curve":"stepped"},{"time":0.7667,"color":"ffffff00"},{"time":1.0333,"color":"ffffff80","curve":"stepped"},{"time":1.6667,"color":"ffffff80"},{"time":2,"color":"ffffff00"}]},"LIGHT5":{"color":[{"time":0,"color":"ffffff00","curve":"stepped"},{"time":0.3333,"color":"ffffff00"},{"time":0.5333,"color":"ffffff80"},{"time":1.6667,"color":"ffffff80"},{"time":2,"color":"ffffff00"}]},"LIGHT 1":{"color":[{"time":0,"color":"ffcf0000","curve":"stepped"},{"time":0.3333,"color":"ffcf0000","curve":"stepped"},{"time":0.9,"color":"ffcf0000"},{"time":1.1667,"color":"ffcf00ff","curve":"stepped"},{"time":1.6667,"color":"ffcf00ff"},{"time":2,"color":"ffcf0000"}]},"N":{"color":[{"time":0,"color":"ffffff00","curve":"stepped"},{"time":0.3333,"color":"ffffff00"},{"time":1,"color":"ffffff00"},{"time":1.1,"color":"ffffffff"}]},"O":{"color":[{"time":0,"color":"ffffff00","curve":"stepped"},{"time":0.3333,"color":"ffffff00"},{"time":1,"color":"ffffff00"},{"time":1.1,"color":"ffffffff"}]},"S":{"color":[{"time":0,"color":"ffffff00","curve":"stepped"},{"time":0.3333,"color":"ffffff00"},{"time":1,"color":"ffffff00"},{"time":1.1,"color":"ffffffff"}]},"U":{"color":[{"time":0,"color":"ffffff00","curve":"stepped"},{"time":0.3333,"color":"ffffff00"},{"time":1,"color":"ffffff00"},{"time":1.1,"color":"ffffffff"}]}},"bones":{"U":{"translate":[{"time":0,"x":548.41,"y":0,"curve":"stepped"},{"time":0.3333,"x":548.41,"y":0,"curve":"stepped"},{"time":1,"x":548.41,"y":0},{"time":1.1,"x":0,"y":0},{"time":1.1667,"x":-10.9,"y":0},{"time":1.2333,"x":14.93,"y":0},{"time":1.3,"x":0,"y":0}]},"bone5":{"rotate":[{"time":0.6667,"angle":0}],"translate":[{"time":0,"x":-11.82,"y":2.3,"curve":"stepped"},{"time":0.3333,"x":-11.82,"y":2.3},{"time":0.6667,"x":0,"y":0,"curve":"stepped"},{"time":0.8333,"x":0,"y":0},{"time":1,"x":-11.82,"y":2.3,"curve":"stepped"},{"time":2.4333,"x":-11.82,"y":2.3}]},"B":{"translate":[{"time":0,"x":-450.74,"y":0,"curve":"stepped"},{"time":0.3333,"x":-450.74,"y":0,"curve":"stepped"},{"time":1,"x":-450.74,"y":0},{"time":1.1,"x":0,"y":0},{"time":1.1667,"x":17.55,"y":0},{"time":1.2333,"x":-13.07,"y":0},{"time":1.3,"x":0,"y":0}]},"bone15":{"rotate":[{"time":0.8333,"angle":-1.29}],"translate":[{"time":0,"x":-21.37,"y":-5.27,"curve":"stepped"},{"time":0.3333,"x":-21.37,"y":-5.27},{"time":0.6667,"x":0,"y":0,"curve":"stepped"},{"time":0.8333,"x":0,"y":0},{"time":1,"x":-21.37,"y":-5.27,"curve":"stepped"},{"time":2.4333,"x":-21.37,"y":-5.27}]},"bone13":{"rotate":[{"time":0.6667,"angle":0},{"time":0.8333,"angle":3.71}],"translate":[{"time":0,"x":-34.93,"y":2.93,"curve":"stepped"},{"time":0.3333,"x":-34.93,"y":2.93},{"time":0.6667,"x":0,"y":0,"curve":"stepped"},{"time":0.8333,"x":0,"y":0},{"time":1,"x":-34.93,"y":2.93,"curve":"stepped"},{"time":2.4333,"x":-34.93,"y":2.93}]},"bone16":{"rotate":[{"time":0.8333,"angle":-1.44}],"translate":[{"time":0,"x":-24.97,"y":-3.93,"curve":"stepped"},{"time":0.3333,"x":-24.97,"y":-3.93},{"time":0.6667,"x":0,"y":0,"curve":"stepped"},{"time":0.8333,"x":0,"y":0},{"time":1,"x":-24.97,"y":-3.93,"curve":"stepped"},{"time":2.4333,"x":-24.97,"y":-3.93}]},"bone6":{"rotate":[{"time":0.6667,"angle":0}],"translate":[{"time":0,"x":-28.15,"y":-0.81,"curve":"stepped"},{"time":0.3333,"x":-28.15,"y":-0.81},{"time":0.6667,"x":0,"y":0,"curve":"stepped"},{"time":0.8333,"x":0,"y":0},{"time":1,"x":-28.15,"y":-0.81,"curve":"stepped"},{"time":2.4333,"x":-28.15,"y":-0.81}]},"bone10":{"rotate":[{"time":0.6667,"angle":0}],"translate":[{"time":0,"x":-35.95,"y":-0.85,"curve":"stepped"},{"time":0.3333,"x":-35.95,"y":-0.85},{"time":0.6667,"x":0,"y":0,"curve":"stepped"},{"time":0.8333,"x":0,"y":0},{"time":1,"x":-35.95,"y":-0.85,"curve":"stepped"},{"time":2.4333,"x":-35.95,"y":-0.85}]},"bone2":{"rotate":[{"time":0,"angle":0,"curve":"stepped"},{"time":0.3333,"angle":0,"curve":"stepped"},{"time":0.6667,"angle":0},{"time":1.1667,"angle":-3.61},{"time":2.4333,"angle":0}],"translate":[{"time":0,"x":-4.53,"y":1.06,"curve":"stepped"},{"time":0.3333,"x":-4.53,"y":1.06},{"time":0.6667,"x":0,"y":0},{"time":1,"x":-4.53,"y":1.06},{"time":1.1667,"x":-13.58,"y":3.18},{"time":2.4333,"x":-4.53,"y":1.06}]},"bone3":{"rotate":[{"time":0,"angle":8.14,"curve":"stepped"},{"time":0.3333,"angle":8.14},{"time":0.6667,"angle":0},{"time":0.8333,"angle":-7.67},{"time":1,"angle":8.14,"curve":"stepped"},{"time":2.4333,"angle":8.14}]},"bone11":{"rotate":[{"time":0,"angle":-1.84,"curve":"stepped"},{"time":0.3333,"angle":-1.84},{"time":0.6667,"angle":0},{"time":0.8333,"angle":4.12},{"time":1,"angle":-1.84,"curve":"stepped"},{"time":2.4333,"angle":-1.84}],"translate":[{"time":0,"x":-8.33,"y":-4.04,"curve":"stepped"},{"time":0.3333,"x":-8.33,"y":-4.04},{"time":0.6667,"x":0,"y":0,"curve":"stepped"},{"time":0.8333,"x":0,"y":0},{"time":1,"x":-8.33,"y":-4.04,"curve":"stepped"},{"time":2.4333,"x":-8.33,"y":-4.04}]},"bone12":{"rotate":[{"time":0.6667,"angle":0},{"time":0.8333,"angle":-3.75}],"translate":[{"time":0,"x":-30.75,"y":-1.46,"curve":"stepped"},{"time":0.3333,"x":-30.75,"y":-1.46},{"time":0.6667,"x":0,"y":0,"curve":"stepped"},{"time":0.8333,"x":0,"y":0},{"time":1,"x":-30.75,"y":-1.46,"curve":"stepped"},{"time":2.4333,"x":-30.75,"y":-1.46}]},"bone14":{"rotate":[{"time":0,"angle":-14.23,"curve":"stepped"},{"time":0.3333,"angle":-14.23},{"time":0.6667,"angle":0},{"time":0.8333,"angle":7.12},{"time":1,"angle":-14.23,"curve":"stepped"},{"time":2.4333,"angle":-14.23}],"translate":[{"time":0,"x":-5.08,"y":-1.84,"curve":"stepped"},{"time":0.3333,"x":-5.08,"y":-1.84},{"time":0.6667,"x":0,"y":0,"curve":"stepped"},{"time":0.8333,"x":0,"y":0},{"time":1,"x":-5.08,"y":-1.84,"curve":"stepped"},{"time":2.4333,"x":-5.08,"y":-1.84}]},"bone7":{"rotate":[{"time":0.6667,"angle":0}],"translate":[{"time":0,"x":-22.12,"y":-2.52,"curve":"stepped"},{"time":0.3333,"x":-22.12,"y":-2.52},{"time":0.6667,"x":0,"y":0,"curve":"stepped"},{"time":0.8333,"x":0,"y":0},{"time":1,"x":-22.12,"y":-2.52,"curve":"stepped"},{"time":2.4333,"x":-22.12,"y":-2.52}]},"bone4":{"rotate":[{"time":0,"angle":37.03,"curve":"stepped"},{"time":0.3333,"angle":37.03},{"time":0.6667,"angle":0},{"time":0.8333,"angle":-9.94},{"time":1,"angle":37.03,"curve":"stepped"},{"time":2.4333,"angle":37.03}]},"S":{"translate":[{"time":0,"x":548.41,"y":0,"curve":"stepped"},{"time":0.3333,"x":548.41,"y":0,"curve":"stepped"},{"time":1,"x":548.41,"y":0},{"time":1.1,"x":0,"y":0},{"time":1.1667,"x":-10.9,"y":0},{"time":1.2333,"x":14.93,"y":0},{"time":1.3,"x":0,"y":0}]},"BONE INFINITY GLOVE":{"translate":[{"time":0,"x":0,"y":-38.43,"curve":"stepped"},{"time":0.3333,"x":0,"y":-38.43},{"time":0.8333,"x":0,"y":54.53},{"time":1,"x":0,"y":-103.91},{"time":1.1667,"x":0,"y":-115.28},{"time":1.6667,"x":0,"y":-103.91},{"time":2.4333,"x":0,"y":-38.43}],"scale":[{"time":0,"x":0,"y":0},{"time":0.1,"x":1,"y":1},{"time":0.1667,"x":1.08,"y":1.08},{"time":0.2333,"x":0.98,"y":0.98},{"time":0.3,"x":1,"y":1}]},"N":{"translate":[{"time":0,"x":548.41,"y":0,"curve":"stepped"},{"time":0.3333,"x":548.41,"y":0,"curve":"stepped"},{"time":1,"x":548.41,"y":0},{"time":1.1,"x":0,"y":0},{"time":1.1667,"x":-10.9,"y":0},{"time":1.2333,"x":14.93,"y":0},{"time":1.3,"x":0,"y":0}]},"O":{"translate":[{"time":0,"x":-450.74,"y":0,"curve":"stepped"},{"time":0.3333,"x":-450.74,"y":0,"curve":"stepped"},{"time":1,"x":-450.74,"y":0},{"time":1.1,"x":0,"y":0},{"time":1.1667,"x":17.55,"y":0},{"time":1.2333,"x":-13.07,"y":0},{"time":1.3,"x":0,"y":0}]},"bone9":{"rotate":[{"time":0.6667,"angle":0}],"translate":[{"time":0,"x":-25.38,"y":-2.25,"curve":"stepped"},{"time":0.3333,"x":-25.38,"y":-2.25},{"time":0.6667,"x":0,"y":0,"curve":"stepped"},{"time":0.8333,"x":0,"y":0},{"time":1,"x":-25.38,"y":-2.25,"curve":"stepped"},{"time":2.4333,"x":-25.38,"y":-2.25}]},"bone8":{"rotate":[{"time":0,"angle":-2.5,"curve":"stepped"},{"time":0.3333,"angle":-2.5},{"time":0.6667,"angle":0,"curve":"stepped"},{"time":0.8333,"angle":0},{"time":1,"angle":-2.5,"curve":"stepped"},{"time":2.4333,"angle":-2.5}],"translate":[{"time":0,"x":-13.43,"y":-1.16,"curve":"stepped"},{"time":0.3333,"x":-13.43,"y":-1.16},{"time":0.6667,"x":0,"y":0,"curve":"stepped"},{"time":0.8333,"x":0,"y":0},{"time":1,"x":-13.43,"y":-1.16,"curve":"stepped"},{"time":2.4333,"x":-13.43,"y":-1.16}]}}}}},"_atlasText":"\nBONUS INFINITY GLOVE EFFECT.png\nsize: 512,512\nformat: RGBA8888\nfilter: Linear,Linear\nrepeat: none\nColor Balance 8 copy 2\n  rotate: false\n  xy: 1, 213\n  size: 291, 297\n  orig: 291, 297\n  offset: 0, 0\n  index: -1\nEFFECT-CROP-3_0000_EFFECT_00022\n  rotate: false\n  xy: 1, 3\n  size: 1, 1\n  orig: 1, 1\n  offset: 0, 0\n  index: -1\nLIGHT\n  rotate: false\n  xy: 320, 1\n  size: 90, 90\n  orig: 90, 90\n  offset: 0, 0\n  index: -1\nLayer 14\n  rotate: false\n  xy: 411, 3\n  size: 74, 88\n  orig: 74, 88\n  offset: 0, 0\n  index: -1\nLayer 22\n  rotate: false\n  xy: 143, 21\n  size: 176, 191\n  orig: 176, 191\n  offset: 0, 0\n  index: -1\nLayer 23\n  rotate: true\n  xy: 293, 213\n  size: 138, 191\n  orig: 138, 191\n  offset: 0, 0\n  index: -1\nLayer 24\n  rotate: true\n  xy: 320, 92\n  size: 120, 191\n  orig: 120, 191\n  offset: 0, 0\n  index: -1\nLayer 25\n  rotate: false\n  xy: 1, 5\n  size: 141, 207\n  orig: 141, 207\n  offset: 0, 0\n  index: -1\nLayer 26\n  rotate: true\n  xy: 320, 352\n  size: 158, 191\n  orig: 158, 191\n  offset: 0, 0\n  index: -1\n\nBONUS INFINITY GLOVE EFFECT2.png\nsize: 512,512\nformat: RGBA8888\nfilter: Linear,Linear\nrepeat: none\nEFFECT-CROP-3_0001_EFFECT_00021\n  rotate: false\n  xy: 1, 1\n  size: 224, 246\n  orig: 224, 246\n  offset: 0, 0\n  index: -1\nEFFECT-CROP-3_0002_EFFECT_00020\n  rotate: false\n  xy: 277, 263\n  size: 224, 246\n  orig: 224, 246\n  offset: 0, 0\n  index: -1\nEFFECT-CROP-3_0003_EFFECT_00019\n  rotate: false\n  xy: 226, 1\n  size: 224, 246\n  orig: 224, 246\n  offset: 0, 0\n  index: -1\nLayer 16 copy\n  rotate: false\n  xy: 451, 100\n  size: 60, 75\n  orig: 60, 75\n  offset: 0, 0\n  index: -1\nLayer 17 copy 4\n  rotate: false\n  xy: 451, 176\n  size: 60, 86\n  orig: 60, 86\n  offset: 0, 0\n  index: -1\nLayer 17 copy 6\n  rotate: false\n  xy: 451, 16\n  size: 57, 83\n  orig: 57, 83\n  offset: 0, 0\n  index: -1\nLayer 20\n  rotate: false\n  xy: 1, 248\n  size: 275, 261\n  orig: 275, 261\n  offset: 0, 0\n  index: -1\n\nBONUS INFINITY GLOVE EFFECT3.png\nsize: 512,512\nformat: RGBA8888\nfilter: Linear,Linear\nrepeat: none\nEFFECT-CROP-3_0004_EFFECT_00018\n  rotate: false\n  xy: 1, 248\n  size: 224, 246\n  orig: 224, 246\n  offset: 0, 0\n  index: -1\nEFFECT-CROP-3_0005_EFFECT_00017\n  rotate: false\n  xy: 1, 1\n  size: 224, 246\n  orig: 224, 246\n  offset: 0, 0\n  index: -1\nEFFECT-CROP-3_0006_EFFECT_00016\n  rotate: false\n  xy: 226, 248\n  size: 224, 246\n  orig: 224, 246\n  offset: 0, 0\n  index: -1\nEFFECT-CROP-3_0007_EFFECT_00015\n  rotate: false\n  xy: 226, 1\n  size: 224, 246\n  orig: 224, 246\n  offset: 0, 0\n  index: -1\nLayer 14 copy\n  rotate: false\n  xy: 451, 86\n  size: 45, 61\n  orig: 45, 61\n  offset: 0, 0\n  index: -1\nLayer 14 copy 2\n  rotate: false\n  xy: 451, 307\n  size: 59, 79\n  orig: 59, 79\n  offset: 0, 0\n  index: -1\nLayer 17 copy 2\n  rotate: false\n  xy: 451, 223\n  size: 51, 83\n  orig: 51, 83\n  offset: 0, 0\n  index: -1\nLayer 17 copy 5\n  rotate: false\n  xy: 451, 148\n  size: 48, 74\n  orig: 48, 74\n  offset: 0, 0\n  index: -1\nLayer 18\n  rotate: false\n  xy: 451, 387\n  size: 58, 107\n  orig: 58, 107\n  offset: 0, 0\n  index: -1\n\nBONUS INFINITY GLOVE EFFECT4.png\nsize: 512,512\nformat: RGBA8888\nfilter: Linear,Linear\nrepeat: none\nEFFECT-CROP-3_0008_EFFECT_00014\n  rotate: false\n  xy: 1, 248\n  size: 224, 246\n  orig: 224, 246\n  offset: 0, 0\n  index: -1\nEFFECT-CROP-3_0009_EFFECT_00013\n  rotate: false\n  xy: 1, 1\n  size: 224, 246\n  orig: 224, 246\n  offset: 0, 0\n  index: -1\nEFFECT-CROP-3_0010_EFFECT_00012\n  rotate: false\n  xy: 226, 248\n  size: 224, 246\n  orig: 224, 246\n  offset: 0, 0\n  index: -1\nEFFECT-CROP-3_0011_EFFECT_00011\n  rotate: false\n  xy: 226, 1\n  size: 224, 246\n  orig: 224, 246\n  offset: 0, 0\n  index: -1\n\nBONUS INFINITY GLOVE EFFECT5.png\nsize: 512,512\nformat: RGBA8888\nfilter: Linear,Linear\nrepeat: none\nEFFECT-CROP-3_0012_EFFECT_00010\n  rotate: false\n  xy: 1, 248\n  size: 224, 246\n  orig: 224, 246\n  offset: 0, 0\n  index: -1\nEFFECT-CROP-3_0013_EFFECT_00009\n  rotate: false\n  xy: 1, 1\n  size: 224, 246\n  orig: 224, 246\n  offset: 0, 0\n  index: -1\nEFFECT-CROP-3_0014_EFFECT_00008\n  rotate: false\n  xy: 226, 248\n  size: 224, 246\n  orig: 224, 246\n  offset: 0, 0\n  index: -1\nEFFECT-CROP-3_0015_EFFECT_00007\n  rotate: false\n  xy: 226, 1\n  size: 224, 246\n  orig: 224, 246\n  offset: 0, 0\n  index: -1\n\nBONUS INFINITY GLOVE EFFECT6.png\nsize: 512,512\nformat: RGBA8888\nfilter: Linear,Linear\nrepeat: none\nEFFECT-CROP-3_0016_EFFECT_00006\n  rotate: false\n  xy: 1, 248\n  size: 224, 246\n  orig: 224, 246\n  offset: 0, 0\n  index: -1\nEFFECT-CROP-3_0017_EFFECT_00005\n  rotate: false\n  xy: 1, 1\n  size: 224, 246\n  orig: 224, 246\n  offset: 0, 0\n  index: -1\nEFFECT-CROP-3_0018_EFFECT_00004\n  rotate: false\n  xy: 226, 248\n  size: 224, 246\n  orig: 224, 246\n  offset: 0, 0\n  index: -1\nEFFECT-CROP-3_0019_EFFECT_00003\n  rotate: false\n  xy: 226, 1\n  size: 224, 246\n  orig: 224, 246\n  offset: 0, 0\n  index: -1\n\nBONUS INFINITY GLOVE EFFECT7.png\nsize: 512,512\nformat: RGBA8888\nfilter: Linear,Linear\nrepeat: none\nEFFECT-CROP-3_0020_EFFECT_00002\n  rotate: false\n  xy: 1, 250\n  size: 224, 246\n  orig: 224, 246\n  offset: 0, 0\n  index: -1\nEFFECT-CROP-3_0021_EFFECT_00001\n  rotate: false\n  xy: 1, 3\n  size: 224, 246\n  orig: 224, 246\n  offset: 0, 0\n  index: -1\nEFFECT-CROP-3_0022_EFFECT_00000\n  rotate: false\n  xy: 226, 250\n  size: 224, 246\n  orig: 224, 246\n  offset: 0, 0\n  index: -1\nLayer 14 copy 4\n  rotate: false\n  xy: 226, 153\n  size: 77, 96\n  orig: 77, 96\n  offset: 0, 0\n  index: -1\nLayer 14 copy 5\n  rotate: false\n  xy: 375, 169\n  size: 70, 80\n  orig: 70, 80\n  offset: 0, 0\n  index: -1\nLayer 16 copy 2\n  rotate: false\n  xy: 226, 65\n  size: 71, 87\n  orig: 71, 87\n  offset: 0, 0\n  index: -1\nLayer 16 copy 3\n  rotate: false\n  xy: 304, 161\n  size: 70, 88\n  orig: 70, 88\n  offset: 0, 0\n  index: -1\nLayer 17 copy 3\n  rotate: true\n  xy: 226, 1\n  size: 63, 87\n  orig: 63, 87\n  offset: 0, 0\n  index: -1\nLayer 17 copy 7\n  rotate: false\n  xy: 298, 68\n  size: 61, 84\n  orig: 61, 84\n  offset: 0, 0\n  index: -1\n","textures":[{"__uuid__":"fdbfbYQ8FMApKqBcXI7Td5"},{"__uuid__":"a6iDS52PhOfKZlb2+7yUy1"},{"__uuid__":"7dsxQfybpL3Ivsb6SOeab7"},{"__uuid__":"9eAxPDMeVA64XfeSFZHHHz"},{"__uuid__":"ffvudUBEVBEaH6ShkBEmRr"},{"__uuid__":"9fW/HNCKRB6LloMGzr0byw"},{"__uuid__":"0eX7ktefhBdZmAz4I0sa0N"}],"textureNames":["BONUS INFINITY GLOVE EFFECT.png","BONUS INFINITY GLOVE EFFECT2.png","BONUS INFINITY GLOVE EFFECT3.png","BONUS INFINITY GLOVE EFFECT4.png","BONUS INFINITY GLOVE EFFECT5.png","BONUS INFINITY GLOVE EFFECT6.png","BONUS INFINITY GLOVE EFFECT7.png"]}