{"__type__":"dragonBones.DragonBonesAtlasAsset","_name":"kyby_chibang3_tex","_atlasJson":"{\"SubTexture\":[{\"width\":188,\"y\":332,\"height\":94,\"name\":\"chibang3_L03\",\"x\":226},{\"width\":114,\"y\":396,\"height\":143,\"name\":\"chibang3_L01\",\"x\":108},{\"width\":197,\"y\":694,\"height\":61,\"name\":\"chibang3_L02\",\"x\":305},{\"width\":105,\"y\":1,\"height\":233,\"name\":\"chibang3_Lzhu\",\"x\":327},{\"width\":87,\"y\":306,\"height\":55,\"name\":\"chibang3_Lding\",\"x\":416},{\"frameWidth\":33,\"y\":717,\"frameX\":-9,\"frameHeight\":15,\"frameY\":0,\"width\":24,\"height\":15,\"name\":\"cb4liuguang1_00009\",\"x\":200},{\"frameWidth\":33,\"y\":215,\"frameX\":-6,\"frameHeight\":15,\"frameY\":0,\"width\":27,\"height\":15,\"name\":\"cb4liuguang1_00008\",\"x\":287},{\"frameWidth\":33,\"y\":589,\"frameX\":-3,\"frameHeight\":15,\"frameY\":0,\"width\":30,\"height\":15,\"name\":\"cb4liuguang1_00007\",\"x\":305},{\"frameWidth\":33,\"y\":215,\"frameX\":0,\"frameHeight\":15,\"frameY\":0,\"width\":30,\"height\":15,\"name\":\"cb4liuguang1_00006\",\"x\":226},{\"frameWidth\":33,\"y\":215,\"frameX\":0,\"frameHeight\":15,\"frameY\":0,\"width\":27,\"height\":15,\"name\":\"cb4liuguang1_00005\",\"x\":258},{\"frameWidth\":33,\"y\":734,\"frameX\":0,\"frameHeight\":15,\"frameY\":0,\"width\":23,\"height\":15,\"name\":\"cb4liuguang1_00004\",\"x\":200},{\"frameWidth\":33,\"y\":734,\"frameX\":0,\"frameHeight\":15,\"frameY\":0,\"width\":19,\"height\":15,\"name\":\"cb4liuguang1_00003\",\"x\":225},{\"frameWidth\":33,\"y\":717,\"frameX\":0,\"frameHeight\":15,\"frameY\":0,\"width\":16,\"height\":15,\"name\":\"cb4liuguang1_00002\",\"x\":226},{\"frameWidth\":33,\"y\":215,\"frameX\":0,\"frameHeight\":15,\"frameY\":-3,\"width\":9,\"height\":10,\"name\":\"cb4liuguang1_00001\",\"x\":316},{\"frameWidth\":33,\"y\":558,\"frameX\":-22,\"frameHeight\":15,\"frameY\":-3,\"width\":11,\"height\":10,\"name\":\"cb4liuguang1_00011\",\"x\":201},{\"width\":33,\"y\":572,\"height\":15,\"name\":\"cb4liuguang1_00000\",\"x\":305},{\"frameWidth\":33,\"y\":541,\"frameX\":-14,\"frameHeight\":15,\"frameY\":0,\"width\":19,\"height\":15,\"name\":\"cb4liuguang1_00010\",\"x\":201},{\"frameWidth\":154,\"y\":541,\"frameX\":-55,\"frameHeight\":93,\"frameY\":-37,\"width\":46,\"height\":27,\"name\":\"cb4saoguang_00001\",\"x\":153},{\"frameWidth\":154,\"y\":839,\"frameX\":-3,\"frameHeight\":93,\"frameY\":-6,\"width\":150,\"height\":45,\"name\":\"cb4saoguang_00015\",\"x\":332},{\"frameWidth\":154,\"y\":363,\"frameX\":-41,\"frameHeight\":93,\"frameY\":-19,\"width\":74,\"height\":55,\"name\":\"cb4saoguang_00003\",\"x\":416},{\"frameWidth\":154,\"y\":428,\"frameX\":-3,\"frameHeight\":93,\"frameY\":-2,\"width\":150,\"height\":87,\"name\":\"cb4saoguang_00012\",\"x\":340},{\"frameWidth\":154,\"y\":660,\"frameX\":-3,\"frameHeight\":93,\"frameY\":-6,\"width\":150,\"height\":55,\"name\":\"cb4saoguang_00014\",\"x\":153},{\"frameWidth\":154,\"y\":757,\"frameX\":-18,\"frameHeight\":93,\"frameY\":-9,\"width\":120,\"height\":80,\"name\":\"cb4saoguang_00006\",\"x\":332},{\"frameWidth\":154,\"y\":757,\"frameX\":-13,\"frameHeight\":93,\"frameY\":-7,\"width\":130,\"height\":82,\"name\":\"cb4saoguang_00007\",\"x\":200},{\"frameWidth\":154,\"y\":630,\"frameX\":-3,\"frameHeight\":93,\"frameY\":-3,\"width\":150,\"height\":86,\"name\":\"cb4saoguang_00009\",\"x\":1},{\"frameWidth\":154,\"y\":572,\"frameX\":-3,\"frameHeight\":93,\"frameY\":-3,\"width\":150,\"height\":86,\"name\":\"cb4saoguang_00013\",\"x\":153},{\"frameWidth\":154,\"y\":1,\"frameX\":-46,\"frameHeight\":93,\"frameY\":-23,\"width\":64,\"height\":49,\"name\":\"cb4saoguang_00002\",\"x\":434},{\"frameWidth\":154,\"y\":450,\"frameX\":-27,\"frameHeight\":93,\"frameY\":-10,\"width\":102,\"height\":74,\"name\":\"cb4saoguang_00005\",\"x\":1},{\"frameWidth\":154,\"y\":517,\"frameX\":-3,\"frameHeight\":93,\"frameY\":-2,\"width\":150,\"height\":87,\"name\":\"cb4saoguang_00011\",\"x\":340},{\"frameWidth\":154,\"y\":606,\"frameX\":-4,\"frameHeight\":93,\"frameY\":-3,\"width\":148,\"height\":86,\"name\":\"cb4saoguang_00008\",\"x\":305},{\"frameWidth\":154,\"y\":541,\"frameX\":-3,\"frameHeight\":93,\"frameY\":-2,\"width\":150,\"height\":87,\"name\":\"cb4saoguang_00010\",\"x\":1},{\"frameWidth\":154,\"y\":236,\"frameX\":-32,\"frameHeight\":93,\"frameY\":-12,\"width\":92,\"height\":68,\"name\":\"cb4saoguang_00004\",\"x\":416},{\"frameWidth\":324,\"y\":215,\"frameX\":-40,\"frameHeight\":212,\"frameY\":-18,\"width\":116,\"height\":179,\"name\":\"chibang3guangmang\",\"x\":108},{\"width\":324,\"y\":1,\"height\":212,\"name\":\"chibang3canying\",\"x\":1},{\"frameWidth\":114,\"y\":428,\"frameX\":0,\"frameHeight\":143,\"frameY\":0,\"width\":114,\"height\":142,\"name\":\"chibang3wangge1\",\"x\":224},{\"width\":197,\"y\":718,\"height\":61,\"name\":\"chibang3wangge2\",\"x\":1},{\"width\":188,\"y\":236,\"height\":94,\"name\":\"chibang3wangge3\",\"x\":226},{\"width\":105,\"y\":215,\"height\":233,\"name\":\"chibang3wangge4\",\"x\":1}],\"width\":512,\"imagePath\":\"kyby_chibang3_tex.png\",\"height\":1024,\"name\":\"kyby_chibang3\"}","_texture":{"__uuid__":"feaixA67pP3YsE7qWteFNs"},"texture":{"__uuid__":"feaixA67pP3YsE7qWteFNs"}}