{"__type__":"sp.SkeletonData","_name":"zoneFx_2","_skeletonJson":{"skeleton":{"hash":"gvdRznHVqb5+67FXiiHZgUPueSo","spine":"3.6.53","width":635.81,"height":605,"images":"../THOR ANIM/"},"bones":[{"name":"root"},{"name":"CENTER","parent":"root","y":331.43},{"name":"EFFECT BONE","parent":"CENTER","y":-0.4},{"name":"HAND L","parent":"CENTER","x":198.12,"y":-79.09,"color":"ff3f00ff"},{"name":"MASK","parent":"CENTER","y":-331.43},{"name":"STONE","parent":"CENTER","y":194.87},{"name":"bone","parent":"CENTER","length":123.74,"rotation":82.04,"x":-3.94,"y":-83.21},{"name":"bone2","parent":"bone","x":123.74},{"name":"bone3","parent":"CENTER","x":128,"y":14.47},{"name":"bone4","parent":"bone2","length":87.17,"rotation":-112.13,"x":9.73,"y":-69.6},{"name":"bone5","parent":"bone4","length":79.83,"rotation":-30.31,"x":87.17},{"name":"bone6","parent":"bone2","length":83.94,"rotation":134.08,"x":14.49,"y":44.89},{"name":"bone7","parent":"bone6","length":93.66,"rotation":-8.27,"x":83.94},{"name":"bone8","parent":"bone7","x":93.66},{"name":"bone9","parent":"bone2","length":29.59,"rotation":-2.05,"x":31.58,"y":-58.75},{"name":"bone10","parent":"bone9","length":39.51,"rotation":50.61,"x":28.74,"y":-0.15},{"name":"bone11","parent":"bone2","length":58.28,"rotation":85.13,"x":32.83,"y":37.48},{"name":"bone12","parent":"bone11","length":74.26,"rotation":-3.48,"x":58.28},{"name":"bone13","parent":"bone12","length":68.3,"rotation":1.33,"x":74.26},{"name":"bone14","parent":"bone13","length":68.91,"rotation":-2.58,"x":67.79,"y":1.63},{"name":"bone15","parent":"bone14","length":74.64,"rotation":8.12,"x":68.91},{"name":"bone16","parent":"CENTER","x":-126,"y":14.47}],"slots":[{"name":"BACK_1","bone":"root","attachment":"BACK_1"},{"name":"MASK","bone":"MASK","attachment":"MASK"},{"name":"EFFECT_1","bone":"root","attachment":"EFFECT_1"},{"name":"THOR_ICON","bone":"root","attachment":"THOR_ICON"},{"name":"DOWN","bone":"root","attachment":"DOWN"},{"name":"DOWN BORDER","bone":"root","attachment":"DOWN BORDER"},{"name":"UP","bone":"root","attachment":"UP"},{"name":"BORDER_2","bone":"root","attachment":"BORDER_2"},{"name":"BORDER_1","bone":"root","attachment":"BORDER_1"},{"name":"AO_CHOANG_BACK","bone":"root","attachment":"AO_CHOANG_BACK"},{"name":"HAND_R","bone":"root","attachment":"HAND_R"},{"name":"HAMMER","bone":"root","attachment":"HAMMER"},{"name":"HAND_L","bone":"root","attachment":"HAND_L"},{"name":"AO_CHOANG_1","bone":"root","attachment":"AO_CHOANG_1"},{"name":"AO_CHOANG_2","bone":"root","attachment":"AO_CHOANG_2"},{"name":"THOR_BODY","bone":"root","attachment":"THOR_BODY"},{"name":"STONE","bone":"root","attachment":"STONE"},{"name":"$","bone":"root","attachment":"$"},{"name":"1,000","bone":"root","attachment":"1,000"},{"name":"SPACE STONE 2","bone":"root","color":"ffffff00","attachment":"SPACE STONE 2","blend":"additive"}],"ik":[{"name":"HAND L","order":0,"bones":["bone4","bone5"],"target":"HAND L","bendPositive":false}],"skins":{"default":{"$":{"$":{"x":-38.22,"y":194.1,"width":20,"height":36}},"1,000":{"1,000":{"x":5.43,"y":191.16,"width":69,"height":36}},"AO_CHOANG_1":{"AO_CHOANG_1":{"type":"mesh","uvs":[0.04378,0.00089,0.00687,0.33087,0,0.80975,0.19143,0.80572,0.36779,0.82182,0.58516,0.86206,0.7696,0.94039,0.9165,0.99999,0.9792,1,1,0.84194,1,0.57635,0.92552,0.46984,0.7783,0.35502,0.60735,0.24636,0.39818,0.08942,0.21498,0,0.21361,0.30672,0.39092,0.47976,0.57509,0.61256,0.77003,0.76548,0.91886,0.8659],"triangles":[16,0,15,16,15,14,1,0,16,3,1,16,2,1,3,17,16,14,3,16,17,4,3,17,18,4,17,17,14,13,18,17,13,18,13,12,12,19,18,5,18,19,4,18,5,6,5,19,12,11,19,20,19,11,10,20,11,9,20,10,6,19,20,7,6,20,8,20,9,7,20,8],"vertices":[1,20,68.2,-28.04,1,1,20,74.77,14.53,1,2,19,125.34,82.31,0.00411,20,67.49,73.52,0.99589,2,19,58.88,60.75,0.48731,20,-1.35,61.56,0.51269,3,18,58.46,42.76,0.08681,19,-11.17,40.66,0.91156,20,-73.54,51.56,0.00162,3,17,62.3,28.98,0.77891,18,-11.28,29.25,0.21185,19,-80.23,24.03,0.00924,2,16,54.43,19.66,0.69014,17,-5.04,19.39,0.30986,1,16,0.13,15,1,1,16,-21.81,9.88,1,1,16,-24.85,-10.92,1,1,16,-17.54,-43.03,1,2,16,17.03,-50.37,0.94509,17,-38.12,-52.78,0.05491,3,16,67.48,-51.81,0.3115,17,12.33,-51.16,0.68692,18,-63.1,-49.71,0.00158,2,17,75.97,-46.57,0.47482,18,0.64,-46.59,0.52518,2,18,79.42,-45.65,0.76948,19,13.75,-46.71,0.23052,3,18,146.88,-39.07,0.02211,19,80.85,-37.1,0.39719,20,6.58,-38.41,0.5807,3,18,137.53,-2.2,0.00021,19,69.84,-0.69,0.38007,20,0.82,-0.81,0.61972,3,18,68.35,1.5,0.08582,19,0.57,-0.11,0.91418,20,-67.67,9.54,0,2,17,72.8,-0.18,0.70938,18,-1.46,-0.15,0.29062,2,16,59.09,-1.52,0.3614,17,0.9,-1.47,0.6386,1,16,0.15,-1.13,1],"hull":16,"edges":[0,2,2,4,4,6,6,8,8,10,10,12,12,14,14,16,16,18,18,20,20,22,22,24,24,26,26,28,28,30,0,30,30,32,32,6,28,34,34,8,26,36,36,10,24,38,38,12,40,22,40,14],"width":365,"height":124}},"AO_CHOANG_2":{"AO_CHOANG_2":{"type":"mesh","uvs":[0.1154,0.99821,0.05979,0.56499,0,0.22881,0,0,0.52687,0.00354,0.99673,0.12137,1,0.36744,0.99951,0.68975,0.85771,1,0.52687,0.45408],"triangles":[9,2,4,2,3,4,0,9,8,8,9,7,0,1,9,7,9,6,1,2,9,9,5,6,9,4,5],"vertices":[2,14,-17.32,30.42,0.94379,15,-5.61,55,0.05621,2,14,12.94,40.9,0.53216,15,21.69,38.26,0.46784,2,14,36.16,50.52,0.08748,15,43.87,26.42,0.91252,2,14,52.61,53.43,0.00791,15,56.55,15.55,0.99209,2,14,60.69,6.16,0.20445,15,25.15,-20.68,0.79555,2,14,59.65,-37.44,0.98676,15,-9.21,-47.55,0.01324,1,14,42.01,-40.85,1,1,14,18.83,-44.9,1,2,14,-5.71,-36.13,0.9999,15,-49.67,3.8,0.0001,2,14,28.3,0.45,0.96118,15,0.18,0.72,0.03882],"hull":9,"edges":[0,2,2,4,4,6,6,8,8,10,10,12,12,14,14,16,0,16,2,18,18,14,18,12,18,4],"width":91,"height":73}},"AO_CHOANG_BACK":{"AO_CHOANG_BACK":{"type":"mesh","uvs":[0,0.4555,0.32445,0.5764,0.55757,0.93909,0.69981,1,0.91318,0.91491,1,0.81215,1,0.31647,0.93231,0.27025,0.74327,0.14118,0.6751,0.1135,0.39557,0.00001,0.01625,0,0,0.20767,0.36396,0.2258,0.68401,0.31043,0.93688,0.39506],"triangles":[12,11,13,0,12,13,1,0,13,13,11,10,13,10,9,14,9,8,13,9,14,1,13,14,2,1,14,14,8,7,15,7,6,14,7,15,15,6,5,15,5,4,14,15,2,15,4,2,3,2,4],"vertices":[2,17,131.73,78.63,0.02524,18,59.28,77.27,0.97476,3,16,126.1,71.5,0.09015,17,63.35,75.49,0.48342,18,-9.16,75.72,0.42643,3,16,68.71,108.28,0.54509,17,3.83,108.71,0.42521,18,-67.89,110.31,0.0297,3,16,38.46,109.76,0.68585,17,-26.45,108.35,0.30768,18,-98.17,110.66,0.00646,2,16,-1.65,88.93,0.87127,17,-65.22,85.12,0.12873,2,16,-15.95,71.55,0.91773,17,-78.44,66.91,0.08227,1,16,-1.19,6.79,1,1,16,13.71,3.83,1,2,16,55.34,-4.43,0.9116,17,-2.67,-4.6,0.0884,1,17,11.78,-4.23,1,1,17,71.05,-2.73,1,1,18,71.85,17.45,1,2,17,141.06,46.75,0.00198,18,67.87,45.19,0.99802,3,16,128.64,23.9,0.0077,17,68.77,28.13,0.5122,18,-4.83,28.25,0.4801,3,16,62.15,20.38,0.42806,17,2.62,20.58,0.56864,18,-71.14,22.24,0.0033,2,16,9.08,19.93,0.9927,17,-50.32,16.9,0.0073],"hull":13,"edges":[0,2,2,4,4,6,6,8,8,10,10,12,20,22,22,24,0,24,26,20,26,2,16,28,28,4,30,8,12,14,14,16,30,14,16,18,18,20,28,18],"width":205,"height":134}},"BACK_1":{"BACK_1":{"type":"mesh","uvs":[1,1,0,1,0,0,1,0],"triangles":[1,2,3,1,3,0],"vertices":[1,1,133.66,-155.43,1,1,1,-133.34,-155.43,1,1,1,-133.34,193.57,1,1,1,133.66,193.57,1],"hull":4,"edges":[0,2,2,4,4,6,0,6],"width":267,"height":349}},"BORDER_1":{"BORDER_1":{"type":"mesh","uvs":[1,1,0,1,0,0,1,0],"triangles":[1,2,3,1,3,0],"vertices":[1,8,41.16,-201.9,1,1,8,-103.84,-201.9,1,1,8,-103.84,269.1,1,1,8,41.16,269.1,1],"hull":4,"edges":[0,2,2,4,4,6,0,6],"width":145,"height":471}},"BORDER_2":{"BORDER_2":{"type":"mesh","uvs":[1,1,0,1,0,0,1,0],"triangles":[1,2,3,1,3,0],"vertices":[1,21,103.16,-201.9,1,1,21,-41.84,-201.9,1,1,21,-41.84,269.1,1,1,21,103.16,269.1,1],"hull":4,"edges":[0,2,2,4,4,6,0,6],"width":145,"height":471}},"DOWN":{"DOWN":{"type":"mesh","uvs":[0.28098,0.00059,0,1,1,1,1,0],"triangles":[0,3,2,1,0,2],"vertices":[1,6,27.7,66.99,1,1,6,-107.22,100.89,1,1,6,-81.46,-83.32,1,1,6,46.3,-65.45,1],"hull":4,"edges":[0,2,2,4,4,6,0,6],"width":186,"height":129}},"DOWN BORDER":{"DOWN BORDER":{"type":"mesh","uvs":[0.99666,1,0.00334,1,0.00334,0,0.99666,0],"triangles":[1,2,3,1,3,0],"vertices":[1,1,178.36,-310.43,1,1,1,-178.04,-310.43,1,1,1,-178.04,-87.43,1,1,1,178.36,-87.43,1],"hull":4,"edges":[0,2,2,4,4,6,0,6],"width":299,"height":223}},"EFFECT_1":{"EFFECT_1":{"type":"mesh","uvs":[1,1,0,1,0,0,1,0],"triangles":[1,2,3,1,3,0],"vertices":[1,2,278.1,-270.03,1,1,2,-278.1,-270.03,1,1,2,-278.1,269.97,1,1,2,278.1,269.97,1],"hull":4,"edges":[0,2,2,4,4,6,0,6],"width":309,"height":300}},"HAMMER":{"HAMMER":{"type":"mesh","uvs":[0.60094,0,0.46099,0.19101,0.40622,0.19624,0.32712,0.25107,0.31799,0.32941,0,0.48087,0.0533,0.66105,0.1963,0.74462,0.39394,0.7591,0.44578,0.7629,0.48229,0.54093,0.55835,0.58794,0.7196,0.75245,0.83825,1,0.95995,1,1,0.90652,0.8778,0.68194,0.75915,0.47826,0.65571,0.36336,0.86868,0.25891,0.91431,0.15184,0.85723,0.05361,0.82608,0,0.74089,0.08656,0.54009,0.27196,0.40318,0.38164,0.85126,0.18132,0.82957,0.23719,0.56919,0.34893,0.4607,0.44018],"triangles":[23,0,22,23,22,21,26,23,21,26,21,20,27,23,26,19,26,20,27,26,19,24,1,0,24,0,23,24,23,27,28,24,27,18,28,27,18,27,19,25,3,2,4,3,25,24,25,2,24,2,1,28,29,25,28,25,24,10,29,28,11,10,28,11,28,18,11,18,17,6,5,4,6,4,25,7,6,25,7,29,8,25,29,7,12,11,17,12,17,16,29,10,8,9,8,10,13,12,16,13,16,15,14,13,15],"vertices":[1,13,-67.37,-102.53,1,1,13,-16.17,-80.51,1,1,13,-5.88,-86.03,1,1,13,15.62,-84.39,1,1,13,28.19,-69.55,1,1,13,104.93,-76.99,1,1,13,120.87,-33.93,1,1,13,107.61,0.27,1,1,13,75.14,26.98,1,1,13,66.62,33.99,1,1,13,29.14,-6.77,1,1,13,22.45,11.94,1,1,13,17.35,64.8,1,1,13,31.32,129.42,1,1,13,10.08,144.06,1,1,13,-10.01,129.86,1,1,13,-20.15,69.48,1,1,13,-27.97,13.78,1,1,13,-26.01,-22.03,1,1,13,-77.83,-17.66,1,1,13,-100.8,-33.95,1,1,13,-104.6,-60.8,1,1,13,-106.67,-75.45,1,1,13,-79.67,-68.09,1,1,13,-18.64,-54.53,1,1,13,20.63,-48.68,1,1,13,-85.66,-35.54,1,1,13,-74.05,-26.78,1,1,13,-12.93,-35.37,1,1,13,18.8,-29.86,1],"hull":23,"edges":[0,2,2,4,4,6,6,8,8,10,10,12,12,14,18,20,20,22,22,24,24,26,26,28,28,30,30,32,32,34,34,36,36,38,38,40,0,44,40,42,42,44,50,12,50,48,48,46,46,42,54,56,56,58,14,16,16,18,58,16,54,52,52,40,24,32,22,34,26,30],"width":212,"height":247}},"HAND_L":{"HAND_L":{"type":"mesh","uvs":[0.12361,0.00046,0,0.11612,0,0.38277,0.19127,0.45798,0.35541,0.52252,0.47387,0.5691,0.55326,0.6976,0.63662,0.83254,0.68306,0.92412,0.72153,1,0.85598,1,0.99999,0.99999,0.99999,0.84977,1,0.69439,0.95075,0.56427,0.89534,0.41787,0.83829,0.26711,0.72189,0.20434,0.51112,0.09068,0.34297,0,0.16253,0.17395,0.63662,0.42132,0.83829,0.75865,0.34717,0.24324,0.51676,0.33885,0.74204,0.58446,0.84721,0.89529,0.8151,0.70119,0.94741,0.90225,0.95117,0.80011,0.94525,0.7198,0.92877,0.65044,0.9055,0.57202,0.86345,0.46914,0.83207,0.41871,0.75291,0.3324,0.68314,0.30294,0.59315,0.27164,0.52414,0.19036,0.44141,0.1518,0.36595,0.09008,0.30759,0.03411,0.07547,0.28581,0.17911,0.33783,0.26617,0.42677,0.38757,0.47778,0.43658,0.49331,0.53639,0.51233,0.59906,0.5458,0.6183,0.60546,0.67474,0.66493,0.74471,0.72195,0.75109,0.7554,0.70208,0.78804,0.68434,0.85434,0.73471,0.8877],"triangles":[34,35,16,15,34,16,21,35,34,33,34,15,33,15,14,32,33,14,25,21,34,25,34,33,25,33,32,48,21,25,49,48,25,31,32,14,50,49,25,31,14,13,6,5,48,48,5,47,6,49,50,49,6,48,27,25,32,27,32,31,51,50,25,30,31,13,27,31,30,27,51,25,52,51,27,22,27,30,52,27,22,53,50,51,53,51,52,6,50,53,29,30,13,22,30,29,7,6,53,12,29,13,54,7,53,55,53,52,54,53,55,26,22,29,28,26,29,28,29,12,8,7,54,8,54,55,11,28,12,10,26,28,10,28,11,9,8,55,55,52,22,55,22,26,9,55,26,9,26,10,41,0,19,18,40,19,41,19,40,39,40,18,20,0,41,1,0,20,17,38,18,39,18,38,40,20,41,23,40,39,23,20,40,37,38,17,42,1,20,36,37,17,35,36,17,16,35,17,43,20,23,42,20,43,38,23,39,24,38,37,24,23,38,2,1,42,21,37,36,21,36,35,24,37,21,44,43,23,45,44,23,3,43,44,2,42,43,3,2,43,24,45,23,46,45,24,46,24,21,47,46,21,4,44,45,3,44,4,4,45,46,48,47,21,5,46,47,4,46,5],"vertices":[1,9,-20.37,21.89,1,1,9,-27.18,-5.32,1,1,9,-3.92,-45.46,1,2,9,28.79,-41.63,0.99825,10,-29.38,-65.4,0.00175,2,9,56.86,-38.34,0.89969,10,-6.81,-48.39,0.10031,2,9,77.12,-35.97,0.53041,10,9.48,-36.12,0.46959,2,9,99.18,-49.02,0.07948,10,35.12,-36.26,0.92052,2,9,122.35,-62.73,0.00124,10,62.04,-36.4,0.99876,2,9,150.56,-61.16,0.00056,10,79.52,-37.89,0.99944,1,10,94,-39.12,1,1,10,104.49,-20.65,1,1,10,115.73,-0.86,1,1,10,93,12.05,1,1,10,69.49,25.4,1,2,9,140.3,13.57,0.01958,10,46.09,29.72,0.98042,2,9,121.54,20.19,0.04161,10,19.49,34.78,0.95839,2,9,100.59,38.36,0.41946,10,-7.78,39.89,0.58054,2,9,79.2,38.59,0.79806,10,-26.36,29.3,0.20194,2,9,39.78,38.79,0.91039,10,-57.24,21.75,0.08961,1,9,9.57,39.34,1,1,9,0.08,-1.15,1,2,9,86.47,-0.83,0.60161,10,-0.18,-1.06,0.39839,1,10,66.59,-2.34,1,2,9,31.76,2.8,0.95359,10,-53.43,-14.92,0.04641,2,9,63.05,1.94,0.75709,10,-23.49,-5.8,0.24291,2,9,117.97,-10.92,0.29354,10,32.68,-0.59,0.70646,1,10,87.97,-12.86,1,2,9,140.17,-18.35,0.08483,10,56.08,-0.59,0.91517,1,10,96.84,0.31,1,1,10,81.68,9.6,1,1,10,69.06,15.69,1,2,9,147.68,0.16,0.02067,10,57.34,19.35,0.97933,2,9,135.85,7.82,0.07787,10,43.69,22.86,0.92213,2,9,119.02,16.61,0.09934,10,24.94,25.85,0.90066,2,9,109.46,19.83,0.17855,10,14.86,25.87,0.82145,2,9,91.92,22.4,0.49657,10,-2.6,22.75,0.50343,2,9,81.69,20.39,0.70879,10,-11.66,17.6,0.29121,2,9,67,18.03,0.76576,10,-24.84,10.71,0.23424,2,9,50.54,24.83,0.84428,10,-42.61,11.93,0.15572,2,9,36.04,24.05,0.92945,10,-56.12,6.6,0.07055,2,9,20.61,27.49,0.97352,10,-71.84,4.96,0.02648,1,9,7.71,31.4,1,1,9,-2.06,-24.88,1,2,9,16.66,-24.52,0.99899,10,-59.09,-45.61,0.00101,2,9,36.73,-31.27,0.95037,10,-37.91,-45.65,0.04963,2,9,58.04,-29.5,0.8701,10,-18.27,-37.22,0.1299,2,9,66.04,-27.91,0.81365,10,-11.19,-33.17,0.18635,2,9,82.93,-22.86,0.55777,10,3.24,-23.02,0.44223,2,9,96.3,-21.12,0.36637,10,15.36,-17.13,0.63363,2,9,105.46,-26.85,0.25368,10,25.87,-19.66,0.74632,2,9,119.2,-28.54,0.17051,10,39.43,-16.91,0.82949,2,9,134.25,-28.48,0.08555,10,53.68,-12.08,0.91445,2,9,138.89,-32.14,0.07013,10,59.25,-14.07,0.92987,2,9,136.94,-41.54,0.04083,10,60.38,-23.6,0.95917,2,9,142.58,-51.99,0.01743,10,69.05,-31.73,0.98257,2,9,152.39,-50.99,0.00702,10,78.03,-27.67,0.99298],"hull":20,"edges":[0,2,2,4,0,38,18,20,20,22,40,0,40,2,4,6,6,8,8,10,10,12,12,14,30,32,32,34,34,36,36,38,26,28,28,30,22,24,24,26,14,16,16,18,40,46,46,48,48,42,42,50,50,54,54,44,44,52,56,58,58,60,60,62,62,64,64,66,30,68,68,42,66,68,32,70,70,42,68,70,34,72,72,42,70,72,72,74,74,76,76,78,78,80,38,82,82,40,80,82,4,84,84,40,6,86,86,40,84,86,86,88,88,90,8,92,92,42,90,92,10,94,94,42,92,94,12,96,96,42,94,96,96,98,98,100,100,102,102,104,104,106,106,108,108,110],"width":158,"height":174}},"HAND_R":{"HAND_R":{"type":"mesh","uvs":[1,0.03713,0.92768,0,0.74873,0,0.6871,0.02757,0.55277,0.08766,0.40572,0.15344,0.27556,0.22892,0.12632,0.31546,0,0.38871,0,0.49709,0.20812,0.51824,0.34029,0.46826,0.46104,0.4226,0.59959,0.37021,0.76633,0.32883,0.87776,0.30118,0.97242,0.27769,1,0.13758,0.48774,0.28297,0.9165,0.12965,0.37387,0.32762,0.23581,0.38673,0.15277,0.42057,0.10181,0.45098,0.65944,0.23041,0.80176,0.17757],"triangles":[6,5,18,20,6,18,21,7,6,21,6,20,22,7,21,23,8,7,12,20,18,12,18,13,22,23,7,11,21,20,11,20,12,9,8,23,10,22,21,10,21,11,23,22,10,9,23,10,19,2,1,19,1,0,19,0,17,25,2,19,3,2,25,24,4,3,24,3,25,16,19,17,15,25,19,18,5,4,18,4,24,16,15,19,14,24,25,14,25,15,18,24,14,13,18,14],"vertices":[1,11,-21.5,-13.54,1,1,11,-14.23,-27.18,1,1,11,13.58,-40.77,1,2,11,26.01,-39.29,0.98913,12,-51.67,-47.21,0.01087,2,11,53.43,-36.43,0.96542,12,-35.57,-31.51,0.03458,2,11,83.33,-33.18,0.48384,12,-5.51,-32.72,0.51616,2,11,111.65,-26.52,0.00917,12,23.48,-30.33,0.99083,2,11,144.12,-18.88,0.0042,12,56.72,-27.59,0.9958,1,12,84.86,-25.27,1,1,12,99.86,-3.49,1,1,12,73.13,21.18,1,2,11,127.23,30.87,0.01543,12,47.39,24.11,0.98457,2,11,103.57,30.03,0.02952,12,23.86,26.79,0.97048,2,11,76.42,29.07,0.59349,12,-3.13,29.86,0.40651,2,11,46.07,32.66,0.98973,12,-32.61,37.91,0.01027,1,11,25.79,35.06,1,1,11,8.56,37.1,1,1,11,-10.74,8.48,1,2,11,84.46,1.45,0.3812,12,0.73,1.35,0.6188,1,11,1.39,0.4,1,2,11,106.63,-4.04,0.0282,12,23.03,-0.73,0.9718,2,11,133.99,-9.69,0.0104,12,50.93,-2.39,0.9896,2,11,150.2,-13.52,0.00163,12,67.51,-3.85,0.99837,2,11,161.7,-14.08,0.00105,12,78.98,-2.75,0.99895,2,11,52.1,3.14,0.92973,12,-31.96,-1.47,0.07027,2,11,24.34,2.27,0.96883,12,-59.3,-6.33,0.03117],"hull":18,"edges":[0,2,2,4,16,18,18,20,32,34,0,34,10,12,24,26,8,10,26,28,36,10,36,26,36,24,36,28,36,8,36,12,38,32,28,30,30,32,38,30,38,2,38,4,38,0,12,14,14,16,20,22,22,24,4,6,6,8,38,50,50,48,48,36,36,40,40,42,42,44,44,46],"width":173,"height":244}},"MASK":{"MASK":{"type":"clipping","end":"EFFECT_1","vertexCount":9,"vertices":[0.82,466.48,-60.06,512.14,-130.07,447.46,-132.35,205.46,-89.74,172.74,92.9,171.22,136.28,206.98,134.76,433.76,66.27,511.38],"color":"ffffffff"}},"SPACE STONE 2":{"SPACE STONE 2":{"type":"mesh","uvs":[1,1,0,1,0,0,1,0],"triangles":[1,2,3,1,3,0],"vertices":[1,5,43.79,-54.21,1,1,5,-43.79,-54.21,1,1,5,-43.79,56.61,1,1,5,43.79,56.61,1],"hull":4,"edges":[0,2,2,4,4,6,0,6],"width":162,"height":205}},"STONE":{"STONE":{"type":"mesh","uvs":[1,1,0,1,0,0,1,0],"triangles":[1,2,3,1,3,0],"vertices":[1,5,22.82,-34.39,1,1,5,-22.82,-34.39,1,1,5,-22.82,36.79,1,1,5,22.82,36.79,1],"hull":4,"edges":[0,2,2,4,4,6,0,6],"width":84,"height":131}},"THOR_BODY":{"THOR_BODY":{"type":"mesh","uvs":[0.38437,0.00102,0.36218,0.08914,0.33998,0.18335,0.32611,0.26844,0.24415,0.26982,0.1081,0.27228,0,0.28059,0,0.36892,0,0.46292,0,0.66197,0,0.83519,0,1,0.09419,1,0.19,1,0.2828,1,0.47315,1,0.65427,1,0.81437,1,0.83379,0.81695,0.91979,0.67109,1,0.47052,1,0.40071,1,0.3201,0.87263,0.30035,0.75611,0.28819,0.79218,0.2031,0.83102,0.10738,0.85044,0.02533,0.78423,0.01537,0.70895,0.00406,0.63133,0.00273,0.5314,0.00102,0.68949,0.09027,0.66362,0.17672,0.68726,0.23461,0.65249,0.2739,0.6206,0.34209,0.51195,0.08919,0.49457,0.18178,0.48075,0.26071,0.46562,0.32292,0.50566,0.15434,0.61525,0.15364,0.65248,0.16,0.65045,0.19886,0.58316,0.20118,0.70089,0.1678,0.67456,0.1762,0.67721,0.2018,0.71233,0.21168,0.75693,0.21479,0.77407,0.1893,0.73808,0.17087,0.61503,0.24392,0.60588,0.2342,0.62276,0.22121,0.54272,0.27535,0.57628,0.25962,0.65833,0.26012,0.69858,0.27344,0.70867,0.2883,0.67723,0.30176,0.6388,0.30153,0.58286,0.2938,0.6997,0.32067,0.61915,0.09147,0.7613,0.09916,0.38503,0.49879,0.33155,0.66957,0.30998,0.83208,0.07241,0.47319,0.09736,0.66467,0.09601,0.83244,0.5688,0.512,0.53847,0.67785,0.51309,0.83417,0.79706,0.52642,0.74631,0.68172,0.69101,0.82656,0.24371,0.48386,0.22494,0.66742,0.20279,0.83135,0.08586,0.37043,0.24592,0.3745,0.43204,0.3942,0.59381,0.40653,0.8292,0.41208,0.72817,0.28923,0.79948,0.10572,0.41045,0.26998,0.41108,0.23876,0.40311,0.18777],"triangles":[16,78,17,17,78,18,15,75,16,16,75,78,14,69,15,15,69,75,13,81,14,14,81,69,11,10,12,12,72,13,13,72,81,12,10,72,10,9,72,69,68,75,75,74,78,75,68,74,72,71,81,72,9,71,81,80,69,69,80,68,81,71,80,78,77,18,78,74,77,18,77,19,74,73,77,77,76,19,77,73,76,68,67,74,74,67,73,19,76,20,67,68,79,68,80,79,80,71,79,9,70,71,71,70,79,9,8,70,73,85,76,76,86,20,76,85,86,67,84,73,73,84,85,79,83,67,67,83,84,3,84,83,84,3,89,90,89,2,2,89,3,70,82,79,79,82,83,70,8,82,86,21,20,8,7,82,86,85,64,85,36,64,64,24,86,86,23,21,86,24,23,84,40,85,85,40,36,23,22,21,84,89,40,82,5,83,5,4,83,83,4,3,5,82,6,82,7,6,63,36,40,40,39,56,40,56,63,36,61,64,36,62,61,36,63,62,40,89,39,64,87,24,64,60,87,64,61,60,62,35,61,61,35,59,61,59,60,59,35,58,62,63,35,56,57,63,63,57,35,50,24,87,87,60,59,24,50,25,49,50,87,45,57,56,35,57,58,87,59,49,58,34,59,59,34,49,89,90,39,90,2,91,56,39,38,39,90,38,57,53,58,57,54,53,34,44,48,48,44,33,33,47,48,53,55,58,55,44,58,44,34,58,57,45,54,45,56,38,53,54,55,90,91,38,34,48,49,54,45,55,55,45,44,49,52,50,50,51,25,50,52,51,48,46,49,49,46,52,25,51,26,48,47,46,38,41,45,45,42,44,45,41,42,44,43,33,44,42,43,51,88,26,51,52,88,88,52,66,41,38,91,91,2,1,41,91,1,33,43,47,46,47,32,52,46,66,47,43,32,46,32,66,42,65,43,43,65,32,41,37,42,41,1,37,42,37,65,26,88,27,66,28,88,88,28,27,32,29,66,66,29,28,37,31,65,65,30,32,65,31,30,32,30,29,1,0,37,37,0,31],"vertices":[1,6,264.12,26.01,1,1,6,238.95,25.68,1,1,6,212.07,25.1,1,1,6,187.94,23.63,1,1,6,185.66,36.13,1,1,6,181.82,56.88,1,1,6,176.99,73.09,1,1,6,152.27,69.36,1,1,6,125.97,65.38,1,1,6,70.27,56.96,1,1,6,21.8,49.64,1,1,6,-24.32,42.67,1,1,6,-22.14,28.23,1,1,6,-19.92,13.55,1,1,6,-17.77,-0.67,1,1,6,-13.36,-29.85,1,1,6,-9.16,-57.6,1,1,6,-5.45,-82.14,1,1,6,46.22,-77.38,1,1,6,89.02,-84.39,1,1,6,147,-88.2,1,1,6,166.54,-85.25,1,1,6,189.1,-81.84,1,1,6,191.67,-61.48,1,1,6,192.38,-43.11,1,1,6,217.02,-45.04,1,1,6,244.71,-46.94,1,1,6,268.12,-46.45,1,1,6,269.37,-35.88,1,1,6,270.79,-23.86,1,1,6,269.36,-11.91,1,1,6,267.53,3.48,1,1,6,246.22,-24.53,1,1,6,221.42,-24.22,1,1,6,205.77,-30.29,1,1,6,193.97,-26.62,1,1,6,174.15,-24.62,1,1,6,242.4,2.73,1,1,6,216.09,1.48,1,1,6,193.69,0.26,1,1,6,175.93,-0.06,1,1,6,224.03,0.94,1,1,6,226.76,-15.83,1,1,6,225.85,-21.8,1,1,6,214.92,-23.14,1,1,6,212.72,-12.92,1,1,6,224.79,-29.55,1,1,6,221.82,-25.87,1,1,6,214.72,-27.36,1,1,6,212.77,-33.16,1,1,6,212.93,-40.13,1,1,6,220.46,-41.68,1,1,6,224.79,-35.38,1,1,6,201.49,-19.61,1,1,6,204,-17.8,1,1,6,208.03,-19.84,1,1,6,191.03,-9.86,1,1,6,196.2,-14.34,1,1,6,197.97,-26.94,1,1,6,195.17,-33.67,1,1,6,191.25,-35.84,1,1,6,186.75,-31.59,1,1,6,185.93,-25.69,1,1,6,186.79,-16.79,1,1,6,181.98,-35.84,1,1,6,244.25,-13.8,1,1,6,245.39,-35.91,1,1,6,124.85,4.86,1,1,6,75.82,5.83,1,1,6,29.85,2.26,1,1,6,124.77,53.85,1,1,6,71.77,41.93,1,1,6,24.79,35.04,1,1,6,125.41,-23.87,1,1,6,78.3,-26.23,1,1,6,33.97,-28.95,1,1,6,126.66,-59.46,1,1,6,82.03,-58.25,1,1,6,40.22,-55.9,1,1,6,125.75,27.15,1,1,6,73.95,22.26,1,1,6,27.57,18.72,1,1,6,153.84,56.14,1,1,6,156.41,31.43,1,1,6,155.21,2.08,1,1,6,155.5,-23.24,1,1,6,159.4,-59.55,1,1,6,191.44,-38.87,1,1,6,244.44,-42.04,1,1,6,189.47,10.64,1,1,6,198.22,11.86,1,1,6,212.3,15.24,1],"hull":32,"edges":[0,2,2,4,4,6,10,12,16,18,18,20,20,22,22,24,34,36,36,38,38,40,44,46,46,48,48,50,50,52,52,54,0,62,76,82,82,84,84,86,86,88,88,90,90,76,92,94,94,96,96,98,98,100,100,102,102,104,104,92,96,68,106,108,108,110,112,114,114,116,116,118,118,120,120,122,122,124,124,126,126,112,94,64,74,82,76,78,78,80,58,60,60,62,54,56,56,58,128,48,128,72,72,80,68,116,28,30,30,32,32,34,24,26,26,28,6,8,8,10,12,14,14,16,40,42,42,44,164,140,140,142,142,144,144,24,166,158,158,160,160,162,162,26,168,134,134,136,136,138,138,28,170,146,146,148,148,150,150,30,172,152,152,154,154,156,156,32,172,46,170,172,166,164,166,8,164,10,128,174,174,100,102,176,80,178,178,180,180,182],"width":155,"height":283}},"THOR_ICON":{"THOR_ICON":{"type":"mesh","uvs":[1,1,0,1,0,0,1,0],"triangles":[1,2,3,1,3,0],"vertices":[1,1,108.29,-155.43,1,1,1,-105.71,-155.43,1,1,1,-105.71,121.57,1,1,1,108.29,121.57,1],"hull":4,"edges":[0,2,2,4,4,6,0,6],"width":214,"height":277}},"UP":{"UP":{"type":"mesh","uvs":[1,1,0,1,0,0,1,0],"triangles":[1,2,3,1,3,0],"vertices":[1,1,60.66,118.57,1,1,1,-58.34,118.57,1,1,1,-58.34,294.57,1,1,1,60.66,294.57,1],"hull":4,"edges":[0,2,2,4,4,6,0,6],"width":119,"height":176}}}},"animations":{"zoneFx_2":{"slots":{"SPACE STONE 2":{"color":[{"time":0,"color":"ffffff00"},{"time":0.6667,"color":"ffffffff"},{"time":1.3333,"color":"ffffff00"}]}},"bones":{"bone3":{"translate":[{"time":0,"x":0,"y":0},{"time":0.6667,"x":10,"y":0},{"time":1.3333,"x":0,"y":0}]},"bone16":{"translate":[{"time":0,"x":0,"y":0},{"time":0.6667,"x":-12,"y":0},{"time":1.3333,"x":0,"y":0}]},"STONE":{"translate":[{"time":0,"x":0,"y":0},{"time":0.3333,"x":0,"y":4.09},{"time":0.6667,"x":0,"y":0},{"time":1,"x":0,"y":-4.09},{"time":1.3333,"x":0,"y":0}]},"bone11":{"rotate":[{"time":0,"angle":0},{"time":0.1667,"angle":2.57},{"time":0.3333,"angle":5.96},{"time":0.5,"angle":-0.71},{"time":0.6667,"angle":0.37},{"time":0.8333,"angle":0.41},{"time":1,"angle":1.29},{"time":1.1667,"angle":3.64},{"time":1.3333,"angle":0}]},"bone12":{"rotate":[{"time":0,"angle":0},{"time":0.1667,"angle":6.1},{"time":0.3333,"angle":4.3},{"time":0.5,"angle":-3.31},{"time":0.6667,"angle":-0.98},{"time":0.8333,"angle":9.83},{"time":1,"angle":6.97},{"time":1.1667,"angle":3.18},{"time":1.3333,"angle":0}]},"bone13":{"rotate":[{"time":0,"angle":0},{"time":0.1667,"angle":7.57},{"time":0.3333,"angle":-7.68},{"time":0.5,"angle":-4.38},{"time":0.6667,"angle":-5.83},{"time":0.8333,"angle":-0.87},{"time":1,"angle":13.83},{"time":1.1667,"angle":-5.22},{"time":1.3333,"angle":0}]},"bone14":{"rotate":[{"time":0,"angle":0},{"time":0.1667,"angle":13.03},{"time":0.3333,"angle":0.77},{"time":0.5,"angle":10.48},{"time":0.6667,"angle":-8.34},{"time":0.8333,"angle":1.13},{"time":1,"angle":0.02},{"time":1.1667,"angle":-6.64},{"time":1.3333,"angle":0}]},"bone15":{"rotate":[{"time":0,"angle":0},{"time":0.1667,"angle":-12.12},{"time":0.3333,"angle":-25.4},{"time":0.5,"angle":-3.77},{"time":0.6667,"angle":-32.76},{"time":0.8333,"angle":-8.63},{"time":1,"angle":6.24},{"time":1.1667,"angle":-43.09},{"time":1.3333,"angle":0}]},"bone4":{"translate":[{"time":0,"x":0,"y":0},{"time":0.6667,"x":3.21,"y":-5.56},{"time":1.3333,"x":0,"y":0}]},"HAND L":{"translate":[{"time":0,"x":0,"y":0},{"time":0.3333,"x":7.6,"y":16.46},{"time":0.6667,"x":15.19,"y":10.13},{"time":1,"x":7.6,"y":0.21},{"time":1.3333,"x":0,"y":0}]},"bone6":{"rotate":[{"time":0,"angle":0},{"time":0.6667,"angle":-2.23},{"time":1.3333,"angle":0}],"translate":[{"time":0,"x":0,"y":0},{"time":0.6667,"x":0.13,"y":-0.92},{"time":1.3333,"x":0,"y":0}]},"bone":{"translate":[{"time":0,"x":0,"y":0},{"time":0.3333,"x":0,"y":11.39},{"time":0.6667,"x":0,"y":0},{"time":1,"x":0,"y":-3.8},{"time":1.3333,"x":0,"y":0}]},"bone9":{"rotate":[{"time":0,"angle":0},{"time":0.1667,"angle":-13.52},{"time":0.3333,"angle":-8.33},{"time":0.5,"angle":5.74},{"time":0.6667,"angle":4.97},{"time":0.8333,"angle":-5.3},{"time":1,"angle":5.54},{"time":1.1667,"angle":-7.14},{"time":1.3333,"angle":0}]},"bone10":{"rotate":[{"time":0,"angle":0},{"time":0.1667,"angle":9.79},{"time":0.3333,"angle":14.14},{"time":0.5,"angle":10.59},{"time":0.6667,"angle":-4.6},{"time":0.8333,"angle":2.01},{"time":1,"angle":3.93},{"time":1.1667,"angle":5.69},{"time":1.3333,"angle":0}]},"bone7":{"rotate":[{"time":0,"angle":0},{"time":0.6667,"angle":-4.67},{"time":1.3333,"angle":0}],"translate":[{"time":0,"x":0,"y":0,"curve":"stepped"},{"time":1.3333,"x":0,"y":0}]},"EFFECT BONE":{"rotate":[{"time":0,"angle":0},{"time":0.6667,"angle":180},{"time":1.3333,"angle":0}]}},"deform":{"default":{"HAND_L":{"HAND_L":[{"time":0},{"time":0.6667,"offset":62,"vertices":[1.84416,-7.60458,-0.19479,-6.86038,1.18623,-6.76077,-4.46472,-8.96436,-0.19479,-6.86038,1.18623,-6.76077,-0.19479,-6.86038,1.18623,-6.76077,-0.19479,-6.86038,1.18623,-6.76077,-0.36198,-1.29675,-0.19479,-6.86038,1.18623,-6.76077]},{"time":1.3333}]},"HAND_R":{"HAND_R":[{"time":0},{"time":0.6667,"offset":54,"vertices":[-0.77975,7.00601,-2.32849,6.65424,4.15305,5.22482,-0.77975,7.00601,-2.32849,6.65424,-0.77975,7.00601,-2.32849,6.65424,1.84666,2.74908,1.18427,3.09299,0,0,0,0,2.47357,5.65305,1.1452,6.06403,4.15305,5.22482,2.87791,6.02277]},{"time":1.3333}]},"THOR_BODY":{"THOR_BODY":[{"time":0,"offset":8,"vertices":[0.49654,-3.55042,0,0,0,0,0,0,0,0,0,0,0,0,0,0,0,0,0.49654,-3.55042,0,0,-0.26472,1.89259,-0.02187,0.1555,0,0,0,0,0,0,0,0,0,0,0,0,-0.02187,0.1555,0,0,0,0,0,0,0,0,0,0,0,0,0,0,0,0,0,0,0,0,0,0,0,0,0,0,0,0,0,0,0,0,0,0,0,0,0,0,0,0,0,0,0,0,0,0,0,0,0,0,0,0,0,0,0,0,0,0,0,0,0,0,0,0,0,0,0,0,0,0,0,0,0,0,0,0,0,0,0,0,0,0,0,0,0,0,0,0,0,0,0,0,0,0,0,0,0,0,-0.26472,1.89259,-0.26472,1.89259,-0.26472,1.89259,-0.02187,0.1555,-0.02187,0.1555,-0.02187,0.1555,0.49654,-3.55042,0.49654,-3.55042,0.49654,-3.55042,0,0,0.49654,-3.55042,0,0,-0.26472,1.89259,-0.28659,2.04809]},{"time":0.6667,"offset":8,"vertices":[1.0662,-7.62388,0.18511,-1.32367,0,0,0,0,0,0,0,0,0,0,0,0,0.18511,-1.32367,1.0662,-7.62388,0.7053,-5.04332,0.34759,-2.48542,0.42505,-3.03989,-0.60294,4.31049,0,0,0,0,0,0,0,0,0,0,0.85571,-6.11882,0,0,0,0,-0.13661,0.9764,0,0,0,0,0.35975,-2.57231,0.17986,-1.28616,0.28311,-2.0246,0.26671,-1.90734,0.30921,-2.21189,0.46071,-3.29497,0.40165,-2.87296,0.30178,-2.15814,0.39749,-2.84326,0.30026,-2.14745,0.31223,-2.23339,0.43519,-3.11199,0.30026,-2.14745,0.24522,-1.75358,0.24522,-1.75358,0.40075,-2.86599,0.24522,-1.75358,0.32674,-2.3371,0.38685,-2.76714,0.38686,-2.76712,0.13927,-0.99646,-0.0278,0.19876,-0.0278,0.19876,0.21823,-1.56125,0.3402,-2.43344,0.3402,-2.43344,0.3402,-2.43344,0.36642,-2.62081,0.36642,-2.62081,0.39172,-2.80178,0.16468,-1.17764,0.0278,-0.19877,0.25534,-1.82612,0.23618,-1.68937,0.50834,-3.63596,-0.0278,0.19877,0.29864,-2.1357,0.0594,-0.42524,0.79619,-5.69345,1.3354,-9.54873,1.06265,-7.59839,-0.16973,1.21302,0.18511,-1.32367,0.18511,-1.32367,1.09334,-7.81815,0.8931,-6.38612,0.34759,-2.48542,1.13952,-8.1482,1.12845,-8.06916,0.76958,-5.50302,1.0662,-7.62388,1.0662,-7.62388,1.0662,-7.62388,-0.25485,1.82153,1.0662,-7.62388,0.22558,-1.61361,0.23963,-1.71406,1.05757,-7.56225,-0.0719,0.51398,-0.24781,1.77146,0.1334,-0.95385,0.1334,-0.95385]},{"time":1.3333,"offset":8,"vertices":[0.49654,-3.55042,0,0,0,0,0,0,0,0,0,0,0,0,0,0,0,0,0.49654,-3.55042,0,0,-0.26472,1.89259,-0.02187,0.1555,0,0,0,0,0,0,0,0,0,0,0,0,-0.02187,0.1555,0,0,0,0,0,0,0,0,0,0,0,0,0,0,0,0,0,0,0,0,0,0,0,0,0,0,0,0,0,0,0,0,0,0,0,0,0,0,0,0,0,0,0,0,0,0,0,0,0,0,0,0,0,0,0,0,0,0,0,0,0,0,0,0,0,0,0,0,0,0,0,0,0,0,0,0,0,0,0,0,0,0,0,0,0,0,0,0,0,0,0,0,0,0,0,0,0,0,-0.26472,1.89259,-0.26472,1.89259,-0.26472,1.89259,-0.02187,0.1555,-0.02187,0.1555,-0.02187,0.1555,0.49654,-3.55042,0.49654,-3.55042,0.49654,-3.55042,0,0,0.49654,-3.55042,0,0,-0.26472,1.89259,-0.28659,2.04809]}]}}}}}},"_atlasText":"\nTHOR ANIM.png\nsize: 296,475\nformat: RGBA8888\nfilter: Linear,Linear\nrepeat: none\nBORDER_1\n  rotate: false\n  xy: 2, 2\n  size: 145, 471\n  orig: 145, 471\n  offset: 0, 0\n  index: -1\nBORDER_2\n  rotate: false\n  xy: 149, 2\n  size: 145, 471\n  orig: 145, 471\n  offset: 0, 0\n  index: -1\n\nTHOR ANIM2.png\nsize: 304,473\nformat: RGBA8888\nfilter: Linear,Linear\nrepeat: none\n$\n  rotate: true\n  xy: 178, 7\n  size: 20, 36\n  orig: 20, 36\n  offset: 0, 0\n  index: -1\n1,000\n  rotate: true\n  xy: 264, 91\n  size: 69, 36\n  orig: 69, 36\n  offset: 0, 0\n  index: -1\nEFFECT_1\n  rotate: true\n  xy: 2, 162\n  size: 309, 300\n  orig: 309, 300\n  offset: 0, 0\n  index: -1\nHAND_L\n  rotate: true\n  xy: 2, 2\n  size: 158, 174\n  orig: 158, 174\n  offset: 0, 0\n  index: -1\nSTONE\n  rotate: false\n  xy: 178, 29\n  size: 84, 131\n  orig: 84, 131\n  offset: 0, 0\n  index: -1\n\nTHOR ANIM3.png\nsize: 308,473\nformat: RGBA8888\nfilter: Linear,Linear\nrepeat: none\nDOWN\n  rotate: true\n  xy: 177, 60\n  size: 186, 129\n  orig: 186, 129\n  offset: 0, 0\n  index: -1\nDOWN BORDER\n  rotate: false\n  xy: 2, 248\n  size: 299, 223\n  orig: 299, 223\n  offset: 0, 0\n  index: -1\nHAND_R\n  rotate: false\n  xy: 2, 2\n  size: 173, 244\n  orig: 173, 244\n  offset: 0, 0\n  index: -1\n\nTHOR ANIM4.png\nsize: 271,474\nformat: RGBA8888\nfilter: Linear,Linear\nrepeat: none\nAO_CHOANG_2\n  rotate: true\n  xy: 180, 30\n  size: 91, 73\n  orig: 91, 73\n  offset: 0, 0\n  index: -1\nBACK_1\n  rotate: false\n  xy: 2, 123\n  size: 267, 349\n  orig: 267, 349\n  offset: 0, 0\n  index: -1\nUP\n  rotate: true\n  xy: 2, 2\n  size: 119, 176\n  orig: 119, 176\n  offset: 0, 0\n  index: -1\n\nTHOR ANIM5.png\nsize: 281,467\nformat: RGBA8888\nfilter: Linear,Linear\nrepeat: none\nHAMMER\n  rotate: false\n  xy: 2, 2\n  size: 212, 247\n  orig: 212, 247\n  offset: 0, 0\n  index: -1\nTHOR_ICON\n  rotate: true\n  xy: 2, 251\n  size: 214, 277\n  orig: 214, 277\n  offset: 0, 0\n  index: -1\n\nTHOR ANIM6.png\nsize: 292,416\nformat: RGBA8888\nfilter: Linear,Linear\nrepeat: none\nAO_CHOANG_1\n  rotate: true\n  xy: 2, 49\n  size: 365, 124\n  orig: 365, 124\n  offset: 0, 0\n  index: -1\nAO_CHOANG_BACK\n  rotate: true\n  xy: 128, 2\n  size: 205, 134\n  orig: 205, 134\n  offset: 0, 0\n  index: -1\nSPACE STONE 2\n  rotate: false\n  xy: 128, 209\n  size: 162, 205\n  orig: 162, 205\n  offset: 0, 0\n  index: -1\n\nTHOR ANIM7.png\nsize: 159,287\nformat: RGBA8888\nfilter: Linear,Linear\nrepeat: none\nTHOR_BODY\n  rotate: false\n  xy: 2, 2\n  size: 155, 283\n  orig: 155, 283\n  offset: 0, 0\n  index: -1\n","textures":[{"__uuid__":"acu82IxcBGUaUD8RgVaKpH"},{"__uuid__":"18+4Y27rtHbL/8Bi+MZgmx"},{"__uuid__":"42G1bV1h9D2rOHL7xA+p4G"},{"__uuid__":"cbzmq3lfhKc4ygZcXRzPU4"},{"__uuid__":"4fKMwqOHpPjYCdIvhgf20F"},{"__uuid__":"eazg/qeQtPTaVkF8d5DW/j"},{"__uuid__":"04a/1hM7xOn6+iqEF6+9s/"}],"textureNames":["THOR ANIM.png","THOR ANIM2.png","THOR ANIM3.png","THOR ANIM4.png","THOR ANIM5.png","THOR ANIM6.png","THOR ANIM7.png"]}