{"__type__":"sp.SkeletonData","_name":"IconTaiXiuMD5","_skeletonJson":{"skeleton":{"hash":"POcB/dVCNRIVDRIFNRFfjbxtSmM","spine":"3.7.94","width":304.58,"height":436,"images":"./images/","audio":"/Users/macbookpro2020/Documents/Tai XIu MD5_GO88/Anim banner"},"bones":[{"name":"root"},{"name":"bone","parent":"root","length":61.59,"rotation":90,"y":-11.9},{"name":"bone10","parent":"bone","length":53.63,"x":176.11,"y":-0.98},{"name":"bone2","parent":"bone10","length":51.71,"x":-99.61,"y":34.72},{"name":"bone3","parent":"bone10","length":62.19,"x":-36.22,"y":-45.59},{"name":"bone4","parent":"bone10","length":55.19,"x":-8.92,"y":27.7},{"name":"bone7","parent":"bone","length":38.93,"x":38.35,"y":108.65},{"name":"bone8","parent":"bone","length":49.97,"x":88.89,"y":-10.18},{"name":"bone9","parent":"bone","length":52.29,"x":23.21,"y":-107.83},{"name":"bone11","parent":"bone","length":43.16,"x":-9.32,"y":13.68,"scaleX":1.1,"scaleY":1.1},{"name":"bone13","parent":"bone","length":41.24,"x":-12.86,"y":90.37,"scaleX":1.1,"scaleY":1.1},{"name":"bone15","parent":"bone","length":49.97,"x":170.81,"y":87.15},{"name":"bone16","parent":"bone","length":63.56,"x":85.6,"y":-1.03},{"name":"aura","parent":"bone","length":57.9,"rotation":-90,"x":90.73,"y":-0.73},{"name":"bone12","parent":"bone","length":43.16,"x":-13.3,"y":-85.91,"scaleX":1.2,"scaleY":1.2},{"name":"bone14","parent":"bone13","length":46.14,"rotation":90,"x":-0.23,"y":-0.02},{"name":"bone17","parent":"bone11","length":34.16,"rotation":90,"x":-1.33,"y":0.72},{"name":"bone18","parent":"bone12","length":42.05,"rotation":90,"x":-0.45,"y":0.89},{"name":"bone19","parent":"bone","length":45.48,"x":-62.64,"y":89.56},{"name":"bone20","parent":"bone","length":44.01,"rotation":0.64,"x":-113.5,"y":89.29},{"name":"bone21","parent":"bone19","length":33.85,"rotation":90,"x":-0.04,"y":-0.25},{"name":"bone22","parent":"bone20","length":31.25,"rotation":89.36,"x":-0.34,"y":0.03},{"name":"bone23","parent":"bone","length":63.56,"x":85.6,"y":-1.03},{"name":"bone24","parent":"bone","length":43.16,"x":-13.3,"y":-85.91,"scaleX":1.2,"scaleY":1.2},{"name":"bone25","parent":"bone24","length":42.05,"rotation":90,"x":-0.45,"y":0.89},{"name":"bone5","parent":"root","length":35.69,"rotation":90,"x":-6.6,"y":-171.99},{"name":"bone6","parent":"root","length":34.52,"rotation":90,"x":-4.85,"y":-166.14}],"slots":[{"name":"Group 3","bone":"root","attachment":"Group 2a"},{"name":"effect2","bone":"bone16","attachment":"sang1","blend":"additive"},{"name":"effect3","bone":"bone23","attachment":"sang1","blend":"additive"},{"name":"aura","bone":"aura","attachment":"aura","blend":"additive"},{"name":"xi ngau 3","bone":"bone4","attachment":"xi ngau 3"},{"name":"xi ngau 2","bone":"bone3","attachment":"xi ngau 2"},{"name":"Layer 6","bone":"bone7","attachment":"Layer 6"},{"name":"Layer 7","bone":"bone9","attachment":"Layer 7"},{"name":"Layer 8","bone":"bone8","attachment":"Layer 8"},{"name":"Layer 9","bone":"bone15","attachment":"Layer 8"},{"name":"xi ngau 1","bone":"bone2","attachment":"xi ngau 1"},{"name":"TÀI2","bone":"bone13","attachment":"TÀI"},{"name":"XỈU","bone":"bone11","attachment":"XỈU"},{"name":"MD5","bone":"bone12","attachment":"MD5"},{"name":"MD6","bone":"bone24","attachment":"MD5","blend":"additive"},{"name":"TÀI_blur","bone":"bone14","attachment":"TÀI_blur"},{"name":"XỈU_blur","bone":"bone17","attachment":"XỈU_blur"},{"name":"MD5_blur","bone":"bone18","attachment":"MD5_blur"},{"name":"MD5_blur2","bone":"bone25","attachment":"MD5_blur"},{"name":"icon tai_outline","bone":"bone21","attachment":"icon tai_outline","blend":"additive"},{"name":"icon xiu_outline","bone":"bone22","attachment":"icon xiu_outline","blend":"additive"},{"name":"icon tai","bone":"bone19","attachment":"icon tai"},{"name":"icon xiu","bone":"bone20","attachment":"icon xiu"},{"name":"effect1","bone":"bone5","attachment":"effect1"},{"name":"effect4","bone":"bone6","attachment":"effect2"}],"skins":{"default":{"Group 3":{"Group 2":{"width":290,"height":436},"Group 2a":{"x":1.17,"width":290,"height":436}},"Layer 6":{"Layer 6":{"rotation":-90,"width":26,"height":20}},"Layer 7":{"Layer 7":{"x":1.11,"y":-0.82,"rotation":-90,"width":38,"height":43}},"Layer 8":{"Layer 8":{"x":0.5,"rotation":-90,"width":42,"height":31}},"Layer 9":{"Layer 8":{"x":0.5,"rotation":92,"width":42,"height":31}},"MD5":{"MD5":{"x":0.5,"y":-1.79,"rotation":-90,"width":107,"height":60}},"MD5_blur":{"MD5_blur":{"x":-0.5,"y":-0.5,"rotation":-180,"width":107,"height":60}},"MD5_blur2":{"MD5_blur":{"x":-0.5,"y":-0.5,"rotation":-180,"width":107,"height":60}},"MD6":{"MD5":{"x":0.5,"y":-1.79,"rotation":-90,"width":107,"height":60}},"TÀI2":{"TÀI":{"x":6.03,"y":8.18,"rotation":-90,"width":95,"height":60}},"TÀI_blur":{"TÀI_blur":{"x":8.84,"y":-7.01,"rotation":-180,"width":95,"height":60}},"XỈU":{"XỈU":{"x":3.94,"y":-0.49,"rotation":-90,"width":95,"height":60}},"XỈU_blur":{"XỈU_blur":{"x":-1.67,"y":-5.55,"rotation":-180,"width":95,"height":60}},"aura":{"aura":{"x":0.5,"y":0.5,"width":123,"height":121}},"effect1":{"effect1":{"y":-0.5,"rotation":-90,"width":199,"height":60}},"effect2":{"sang1":{"x":0.5,"y":-0.5,"rotation":-90,"width":281,"height":267}},"effect3":{"sang1":{"x":0.5,"y":-0.5,"rotation":-90,"width":281,"height":267}},"effect4":{"effect2":{"y":0.08,"rotation":-90,"width":199,"height":60}},"icon tai":{"icon tai":{"rotation":-90,"width":54,"height":54}},"icon tai_outline":{"icon tai_outline":{"rotation":180,"width":54,"height":54}},"icon xiu":{"icon xiu":{"x":0.01,"y":1.18,"rotation":-90.64,"width":54,"height":54}},"icon xiu_outline":{"icon xiu_outline":{"x":1.17,"rotation":-180,"width":54,"height":54}},"xi ngau 1":{"xi ngau 1":{"x":-2.43,"y":1.4,"rotation":-106.78,"width":125,"height":130}},"xi ngau 2":{"xi ngau 2":{"x":-16,"y":-4.33,"rotation":-36.87,"width":108,"height":104}},"xi ngau 3":{"xi ngau 3":{"x":-8.12,"y":-0.76,"rotation":-90,"width":75,"height":74}}}},"animations":{"txmd5_anim":{"slots":{"Layer 6":{"color":[{"time":1.6333,"color":"ffffffff"},{"time":2.5,"color":"ffffff00"}]},"Layer 7":{"color":[{"time":1.9333,"color":"ffffffff"},{"time":2.8333,"color":"ffffff00"}]},"Layer 8":{"color":[{"time":1.3333,"color":"ffffffff"},{"time":1.6667,"color":"ffffff00"}]},"Layer 9":{"color":[{"time":1.6333,"color":"ffffffff"},{"time":2.3333,"color":"ffffff00"}]},"MD5":{"color":[{"time":0,"color":"ffffff00","curve":"stepped"},{"time":0.3333,"color":"ffffff00"},{"time":0.9,"color":"ffffffff","curve":"stepped"},{"time":3.5,"color":"ffffffff"},{"time":4,"color":"ffffff00"}]},"MD5_blur":{"color":[{"time":0,"color":"ffffff00"}]},"MD6":{"color":[{"time":0,"color":"ffffff00","curve":"stepped"},{"time":0.3333,"color":"ffffff00"},{"time":0.9,"color":"ffffffff"},{"time":1.3333,"color":"ffffff00"}]},"MD5_blur2":{"color":[{"time":0,"color":"ffffff00"}]},"TÀI2":{"color":[{"time":0,"color":"ffffff00","curve":"stepped"},{"time":0.2,"color":"ffffff00"},{"time":0.6667,"color":"ffffffff","curve":"stepped"},{"time":3,"color":"ffffffff"},{"time":3.5,"color":"ffffff00"}]},"TÀI_blur":{"color":[{"time":0,"color":"ffffff00"}]},"XỈU":{"color":[{"time":0,"color":"ffffff00","curve":"stepped"},{"time":0.0667,"color":"ffffff00"},{"time":0.8333,"color":"ffffffff","curve":"stepped"},{"time":3.1333,"color":"ffffffff"},{"time":3.6333,"color":"ffffff00"}]},"XỈU_blur":{"color":[{"time":0,"color":"ffffff00"}]},"aura":{"color":[{"time":0,"color":"ffffff00","curve":"stepped"},{"time":0.5667,"color":"ffffff00"},{"time":0.7,"color":"ffffffd2"},{"time":1.2667,"color":"ffffff59"},{"time":1.5667,"color":"ffffff00"}]},"effect1":{"color":[{"time":0,"color":"ffffff00"},{"time":0.6333,"color":"ffffffb0"},{"time":1.8333,"color":"ffffff00"}]},"effect2":{"color":[{"time":0,"color":"ffffff00"},{"time":1.5,"color":"ffffff7f"},{"time":3,"color":"ffffff00"}]},"effect3":{"color":[{"time":0,"color":"ffffff00"},{"time":1.5,"color":"ffffff80"},{"time":3,"color":"ffffff00"}]},"effect4":{"color":[{"time":0,"color":"ffffff00","curve":"stepped"},{"time":1.1667,"color":"ffffff00"},{"time":2.3,"color":"ffffffb3"},{"time":3.2,"color":"ffffff00"}]}},"bones":{"bone2":{"rotate":[{"time":0,"angle":-21.69,"curve":[0.185,-0.52,0.903,0.81]},{"time":0.5,"angle":29.33,"curve":[0.185,-0.52,0.903,0.81]},{"time":3,"angle":-21.69}],"translate":[{"time":0,"x":-4.5,"y":9.9},{"time":0.6667,"x":27.59,"y":0},{"time":1,"x":32.51,"y":11.64},{"time":1.3333,"x":-3.08,"y":16.98},{"time":1.5,"x":6.68,"y":17.17},{"time":1.6333,"x":0.29,"y":16.52},{"time":1.7667,"x":3.42,"y":15.88},{"time":3,"x":-4.5,"y":9.9},{"time":3.4333,"x":-8.91,"y":9.9},{"time":4,"x":-4.5,"y":9.9}]},"bone4":{"rotate":[{"time":0,"angle":-42.73},{"time":0.6667,"angle":15.59},{"time":3,"angle":-42.73}],"translate":[{"time":0,"x":-24.45,"y":-21.6},{"time":0.6667,"x":-8.25,"y":-21.6},{"time":1,"x":-10.77,"y":-11.27},{"time":1.1333,"x":-33.28,"y":-10.1},{"time":1.2667,"x":-25.43,"y":-10.85},{"time":1.3667,"x":-33.28,"y":-10.1},{"time":1.4333,"x":-30.22,"y":-10.57},{"time":3,"x":-24.45,"y":-21.6},{"time":3.3667,"x":-29.41,"y":-21.6},{"time":4,"x":-24.45,"y":-21.6}]},"bone3":{"rotate":[{"time":0,"angle":0},{"time":0.5,"angle":-40.74,"curve":[0.172,-0.89,0.906,0.85]},{"time":3,"angle":0}],"translate":[{"time":0,"x":-26.96,"y":-15.05},{"time":0.6667,"x":-16.93,"y":-5.64},{"time":0.8667,"x":-12.75,"y":-12.35},{"time":1.1667,"x":-49.31,"y":-21.29},{"time":1.3,"x":-39.58,"y":-20.84},{"time":1.4333,"x":-50.29,"y":-20.38},{"time":1.5333,"x":-48.4,"y":-20.16},{"time":1.6,"x":-43.83,"y":-19.92},{"time":1.6667,"x":-49.32,"y":-19.69},{"time":3,"x":-26.96,"y":-15.05},{"time":3.6667,"x":-32.47,"y":-15.05},{"time":4,"x":-26.96,"y":-15.05}]},"bone9":{"rotate":[{"time":0.3333,"angle":0},{"time":0.5,"angle":-120},{"time":0.6667,"angle":136.42},{"time":0.8333,"angle":0},{"time":1,"angle":-120},{"time":1.1667,"angle":136.42},{"time":1.3333,"angle":0},{"time":1.4667,"angle":-90.17},{"time":1.6,"angle":-16.15},{"time":1.7667,"angle":-63.35},{"time":1.9333,"angle":-44.02}],"translate":[{"time":0,"x":-18.24,"y":0},{"time":0.3333,"x":51.82,"y":89.94},{"time":0.6667,"x":64.51,"y":46.82},{"time":1.0667,"x":19.33,"y":2.46},{"time":1.4333,"x":-9.46,"y":0},{"time":1.9333,"x":-18.24,"y":0}],"scale":[{"time":0,"x":0,"y":0,"curve":"stepped"},{"time":0.3333,"x":0,"y":0},{"time":0.6,"x":0.9,"y":0.9}]},"bone7":{"rotate":[{"time":0.6667,"angle":0},{"time":0.8,"angle":139.6},{"time":0.9,"angle":-120.19},{"time":1,"angle":0},{"time":1.1,"angle":139.6},{"time":1.2,"angle":-120.19},{"time":1.3,"angle":0},{"time":1.4,"angle":-54.7},{"time":1.5,"angle":-14.42},{"time":1.5667,"angle":-35.02},{"time":1.6333,"angle":-20.15}],"translate":[{"time":0,"x":33.88,"y":-107.8,"curve":"stepped"},{"time":0.6667,"x":33.88,"y":-107.8},{"time":1.1,"x":-26.49,"y":3.08}],"scale":[{"time":0,"x":0,"y":0,"curve":"stepped"},{"time":0.6667,"x":0,"y":0},{"time":0.8,"x":1,"y":1}]},"bone8":{"rotate":[{"time":0.5,"angle":0},{"time":0.6,"angle":139.7},{"time":0.7333,"angle":-120.84},{"time":0.8333,"angle":0},{"time":0.9333,"angle":139.7},{"time":1.0667,"angle":-120.84},{"time":1.1667,"angle":0},{"time":1.3,"angle":62.64},{"time":1.4,"angle":17.25},{"time":1.5,"angle":42.28},{"time":1.5333,"angle":23.62}],"translate":[{"time":0.5,"x":0,"y":0},{"time":0.8,"x":73.3,"y":-59.14},{"time":1.1667,"x":27.1,"y":-96.71}],"scale":[{"time":0,"x":0,"y":0,"curve":"stepped"},{"time":0.5,"x":0,"y":0},{"time":0.6,"x":0.8,"y":0.8}]},"bone15":{"rotate":[{"time":0.6,"angle":0},{"time":0.7,"angle":139.01},{"time":0.8333,"angle":-124.5},{"time":0.9333,"angle":0},{"time":1.0667,"angle":139.01},{"time":1.1667,"angle":-124.5},{"time":1.2667,"angle":0},{"time":1.4,"angle":45.77},{"time":1.5,"angle":7.75},{"time":1.5667,"angle":40.77},{"time":1.6333,"angle":3.8}],"translate":[{"time":0,"x":-91.78,"y":-95.48,"curve":"stepped"},{"time":0.6,"x":-91.78,"y":-95.48},{"time":0.9333,"x":6.16,"y":-60.98},{"time":1.2667,"x":-34.5,"y":18.48}],"scale":[{"time":0,"x":0,"y":0,"curve":"stepped"},{"time":0.6,"x":0,"y":0},{"time":0.7667,"x":1,"y":1}]},"bone16":{"rotate":[{"time":0,"angle":0},{"time":1,"angle":-120},{"time":2,"angle":120},{"time":3,"angle":0}]},"aura":{"rotate":[{"time":0,"angle":-34.26}],"scale":[{"time":0,"x":0,"y":0,"curve":"stepped"},{"time":0.5667,"x":0,"y":0},{"time":1.0333,"x":2,"y":2},{"time":1.5,"x":2.2,"y":2.2}]},"bone13":{"translate":[{"time":0,"x":0,"y":-105.07,"curve":[0.289,-0.18,0.327,1.21]},{"time":0.6667,"x":0,"y":0}]},"bone11":{"translate":[{"time":0,"x":0,"y":-78.55,"curve":"stepped"},{"time":0.0667,"x":0,"y":-78.55,"curve":[0.338,-0.11,0.152,1.5]},{"time":0.8333,"x":0,"y":0}]},"bone12":{"translate":[{"time":0,"x":0,"y":-26.57,"curve":[0.374,-0.09,0.305,2.5]},{"time":0.9,"x":0,"y":0}]},"bone10":{"translate":[{"time":0,"x":13.3,"y":0}]},"bone19":{"scale":[{"time":0,"x":1,"y":1},{"time":1,"x":1.116,"y":1.116},{"time":2,"x":1,"y":1},{"time":3,"x":1.116,"y":1.116},{"time":4,"x":1,"y":1}]},"bone20":{"scale":[{"time":0,"x":1,"y":1},{"time":1,"x":1.12,"y":1.12},{"time":2,"x":1,"y":1},{"time":3,"x":1.12,"y":1.12},{"time":4,"x":1,"y":1}]},"bone23":{"rotate":[{"time":0,"angle":0},{"time":1,"angle":120},{"time":2,"angle":-120},{"time":3,"angle":0}],"scale":[{"time":0,"x":0.6,"y":0.6}]},"bone24":{"translate":[{"time":0,"x":0,"y":-26.57,"curve":[0.374,-0.09,0.305,2.5]},{"time":0.9,"x":0,"y":0}],"scale":[{"time":0.6667,"x":1,"y":1},{"time":1.3333,"x":1.338,"y":1.338}]},"bone5":{"translate":[{"time":0,"x":0,"y":0},{"time":2,"x":0,"y":24.57}]},"bone6":{"translate":[{"time":1.1667,"x":0,"y":0},{"time":4,"x":0,"y":16.38}]}}}}},"_atlasText":"\nIconTaiXiuMD5.png\nsize: 1616,302\nformat: RGBA8888\nfilter: Linear,Linear\nrepeat: none\nGroup 2\n  rotate: true\n  xy: 1, 11\n  size: 290, 436\n  orig: 290, 436\n  offset: 0, 0\n  index: -1\nGroup 2a\n  rotate: true\n  xy: 439, 11\n  size: 290, 436\n  orig: 290, 436\n  offset: 0, 0\n  index: -1\nLayer 6\n  rotate: true\n  xy: 1343, 18\n  size: 26, 20\n  orig: 26, 20\n  offset: 0, 0\n  index: -1\nLayer 7\n  rotate: false\n  xy: 1270, 1\n  size: 38, 43\n  orig: 38, 43\n  offset: 0, 0\n  index: -1\nLayer 8\n  rotate: true\n  xy: 1310, 2\n  size: 42, 31\n  orig: 42, 31\n  offset: 0, 0\n  index: -1\nMD5\n  rotate: false\n  xy: 1505, 241\n  size: 107, 60\n  orig: 107, 60\n  offset: 0, 0\n  index: -1\nMD5_blur\n  rotate: false\n  xy: 1397, 179\n  size: 107, 60\n  orig: 107, 60\n  offset: 0, 0\n  index: -1\nTÀI\n  rotate: true\n  xy: 1146, 5\n  size: 95, 60\n  orig: 95, 60\n  offset: 0, 0\n  index: -1\nTÀI_blur\n  rotate: true\n  xy: 1208, 5\n  size: 95, 60\n  orig: 95, 60\n  offset: 0, 0\n  index: -1\nXỈU\n  rotate: false\n  xy: 1397, 241\n  size: 95, 60\n  orig: 95, 60\n  offset: 0, 0\n  index: -1\nXỈU_blur\n  rotate: false\n  xy: 1506, 179\n  size: 95, 60\n  orig: 95, 60\n  offset: 0, 0\n  index: -1\naura\n  rotate: true\n  xy: 1270, 46\n  size: 123, 121\n  orig: 123, 121\n  offset: 0, 0\n  index: -1\neffect1\n  rotate: true\n  xy: 1208, 102\n  size: 199, 60\n  orig: 199, 60\n  offset: 0, 0\n  index: -1\neffect2\n  rotate: true\n  xy: 1146, 102\n  size: 199, 60\n  orig: 199, 60\n  offset: 0, 0\n  index: -1\nicon tai\n  rotate: false\n  xy: 1393, 5\n  size: 54, 54\n  orig: 54, 54\n  offset: 0, 0\n  index: -1\nicon tai_outline\n  rotate: false\n  xy: 1449, 5\n  size: 54, 54\n  orig: 54, 54\n  offset: 0, 0\n  index: -1\nicon xiu\n  rotate: false\n  xy: 1505, 47\n  size: 54, 54\n  orig: 54, 54\n  offset: 0, 0\n  index: -1\nicon xiu_outline\n  rotate: false\n  xy: 1561, 47\n  size: 54, 54\n  orig: 54, 54\n  offset: 0, 0\n  index: -1\nsang1\n  rotate: true\n  xy: 877, 20\n  size: 281, 267\n  orig: 281, 267\n  offset: 0, 0\n  index: -1\nxi ngau 1\n  rotate: false\n  xy: 1270, 171\n  size: 125, 130\n  orig: 125, 130\n  offset: 0, 0\n  index: -1\nxi ngau 2\n  rotate: true\n  xy: 1393, 61\n  size: 108, 104\n  orig: 108, 104\n  offset: 0, 0\n  index: -1\nxi ngau 3\n  rotate: false\n  xy: 1505, 103\n  size: 75, 74\n  orig: 75, 74\n  offset: 0, 0\n  index: -1\n","textures":[{"__uuid__":"81QDP43ptP5KN8P2r89LK3"}],"textureNames":["IconTaiXiuMD5.png"]}