{"__type__":"dragonBones.DragonBonesAtlasAsset","_name":"huangjinchuitousha_shadow_tex","_atlasJson":"{\"width\":1024,\"imagePath\":\"huangjinchuitousha_shadow_tex.png\",\"height\":1024,\"name\":\"huangjinchuitousha_shadow\",\"SubTexture\":[{\"y\":487,\"frameX\":-364,\"frameHeight\":765,\"frameY\":-251,\"width\":283,\"frameWidth\":1020,\"height\":157,\"name\":\"00006\",\"x\":286},{\"y\":1,\"frameX\":-364,\"frameHeight\":765,\"frameY\":-250,\"width\":283,\"frameWidth\":1020,\"height\":163,\"name\":\"00013\",\"x\":570},{\"y\":805,\"frameX\":-364,\"frameHeight\":765,\"frameY\":-254,\"width\":283,\"frameWidth\":1020,\"height\":157,\"name\":\"00004\",\"x\":286},{\"y\":1,\"frameX\":-364,\"frameHeight\":765,\"frameY\":-248,\"width\":282,\"frameWidth\":1020,\"height\":164,\"name\":\"00012\",\"x\":1},{\"y\":1,\"frameX\":-364,\"frameHeight\":765,\"frameY\":-247,\"width\":283,\"frameWidth\":1020,\"height\":163,\"name\":\"00011\",\"x\":285},{\"y\":331,\"frameX\":-364,\"frameHeight\":765,\"frameY\":-247,\"width\":283,\"frameWidth\":1020,\"height\":162,\"name\":\"00010\",\"x\":1},{\"y\":646,\"frameX\":-364,\"frameHeight\":765,\"frameY\":-255,\"width\":283,\"frameWidth\":1020,\"height\":157,\"name\":\"00003\",\"x\":286},{\"y\":166,\"frameX\":-364,\"frameHeight\":765,\"frameY\":-253,\"width\":283,\"frameWidth\":1020,\"height\":156,\"name\":\"00005\",\"x\":571},{\"y\":495,\"frameX\":-364,\"frameHeight\":765,\"frameY\":-253,\"width\":283,\"frameWidth\":1020,\"height\":161,\"name\":\"00001\",\"x\":1},{\"y\":821,\"frameX\":-364,\"frameHeight\":765,\"frameY\":-248,\"width\":283,\"frameWidth\":1020,\"height\":159,\"name\":\"00008\",\"x\":1},{\"y\":658,\"frameX\":-364,\"frameHeight\":765,\"frameY\":-247,\"width\":283,\"frameWidth\":1020,\"height\":161,\"name\":\"00009\",\"x\":1},{\"y\":327,\"frameX\":-364,\"frameHeight\":765,\"frameY\":-249,\"width\":283,\"frameWidth\":1020,\"height\":158,\"name\":\"00007\",\"x\":286},{\"y\":167,\"frameX\":-364,\"frameHeight\":765,\"frameY\":-251,\"width\":283,\"frameWidth\":1020,\"height\":162,\"name\":\"00000\",\"x\":1},{\"y\":166,\"frameX\":-364,\"frameHeight\":765,\"frameY\":-254,\"width\":283,\"frameWidth\":1020,\"height\":159,\"name\":\"00002\",\"x\":286}]}","_texture":{"__uuid__":"c9LrWTjVBIQoYLiWuoh1Ln"},"texture":{"__uuid__":"c9LrWTjVBIQoYLiWuoh1Ln"}}