{"__type__":"dragonBones.DragonBonesAtlasAsset","_name":"meirenyu_shadow_tex","_atlasJson":"{\"width\":1024,\"imagePath\":\"meirenyu_shadow_tex.png\",\"height\":2048,\"name\":\"meirenyu_shadow\",\"SubTexture\":[{\"y\":1200,\"frameX\":-279,\"frameHeight\":765,\"frameY\":-351,\"width\":409,\"frameWidth\":1020,\"height\":186,\"name\":\"00005\",\"x\":1},{\"y\":206,\"frameX\":-284,\"frameHeight\":765,\"frameY\":-339,\"width\":409,\"frameWidth\":1020,\"height\":204,\"name\":\"00001\",\"x\":1},{\"y\":1754,\"frameX\":-280,\"frameHeight\":765,\"frameY\":-355,\"width\":404,\"frameWidth\":1020,\"height\":178,\"name\":\"00006\",\"x\":1},{\"y\":1574,\"frameX\":-278,\"frameHeight\":765,\"frameY\":-343,\"width\":409,\"frameWidth\":1020,\"height\":178,\"name\":\"00012\",\"x\":1},{\"y\":614,\"frameX\":-279,\"frameHeight\":765,\"frameY\":-347,\"width\":414,\"frameWidth\":1020,\"height\":194,\"name\":\"00004\",\"x\":1},{\"y\":810,\"frameX\":-284,\"frameHeight\":765,\"frameY\":-339,\"width\":405,\"frameWidth\":1020,\"height\":195,\"name\":\"00015\",\"x\":1},{\"y\":720,\"frameX\":-281,\"frameHeight\":765,\"frameY\":-358,\"width\":403,\"frameWidth\":1020,\"height\":171,\"name\":\"00007\",\"x\":417},{\"y\":893,\"frameX\":-281,\"frameHeight\":765,\"frameY\":-358,\"width\":407,\"frameWidth\":1020,\"height\":169,\"name\":\"00008\",\"x\":408},{\"y\":1007,\"frameX\":-282,\"frameHeight\":765,\"frameY\":-337,\"width\":399,\"frameWidth\":1020,\"height\":191,\"name\":\"00014\",\"x\":1},{\"y\":549,\"frameX\":-280,\"frameHeight\":765,\"frameY\":-356,\"width\":413,\"frameWidth\":1020,\"height\":169,\"name\":\"00009\",\"x\":417},{\"y\":1,\"frameX\":-282,\"frameHeight\":765,\"frameY\":-340,\"width\":414,\"frameWidth\":1020,\"height\":203,\"name\":\"00002\",\"x\":1},{\"y\":377,\"frameX\":-280,\"frameHeight\":765,\"frameY\":-353,\"width\":416,\"frameWidth\":1020,\"height\":170,\"name\":\"00010\",\"x\":412},{\"y\":412,\"frameX\":-285,\"frameHeight\":765,\"frameY\":-339,\"width\":408,\"frameWidth\":1020,\"height\":200,\"name\":\"00000\",\"x\":1},{\"y\":203,\"frameX\":-279,\"frameHeight\":765,\"frameY\":-349,\"width\":416,\"frameWidth\":1020,\"height\":172,\"name\":\"00011\",\"x\":417},{\"y\":1,\"frameX\":-280,\"frameHeight\":765,\"frameY\":-343,\"width\":416,\"frameWidth\":1020,\"height\":200,\"name\":\"00003\",\"x\":417},{\"y\":1388,\"frameX\":-279,\"frameHeight\":765,\"frameY\":-339,\"width\":396,\"frameWidth\":1020,\"height\":184,\"name\":\"00013\",\"x\":1}]}","_texture":{"__uuid__":"ba8m1kK8NNNacsWYOgwfXX"},"texture":{"__uuid__":"ba8m1kK8NNNacsWYOgwfXX"}}