[{"__type__":"cc.SpriteFrame","content":{"name":"XoSo_select_on","texture":"34ELZ6PL1OZYBRBVEfzFr1","rect":[1553,348,78,78],"offset":[0,0],"originalSize":[78,78],"capInsets":[0,0,0,0]}},{"__type__":"cc.SpriteFrame","content":{"name":"XoSo_select_off","texture":"34ELZ6PL1OZYBRBVEfzFr1","rect":[1473,348,78,78],"offset":[0,0],"originalSize":[78,78],"capInsets":[0,0,0,0]}},[{"__type__":"cc.Prefab","_name":"XoSo_item_select","data":{"__id__":1}},{"__type__":"cc.Node","_name":"XoSo_item_select","_children":[{"__id__":2},{"__id__":3},{"__id__":4}],"_components":[{"__type__":"61675TPqG5KgLFHTaCss4/w","node":{"__id__":1},"nodeOn":{"__id__":3},"nodeOff":{"__id__":2},"text":{"__id__":5}},{"__type__":"cc.Button","node":{"__id__":1},"clickEvents":[{"__type__":"cc.ClickEvent","target":{"__id__":1},"_componentId":"61675TPqG5KgLFHTaCss4/w","handler":"onClickSelect"}]}],"_prefab":{"__type__":"cc.PrefabInfo","root":{"__id__":1},"asset":{"__uuid__":"c27QXcqgNNnI1nPHL/Eizc"},"fileId":"e23Cj5j55NsLUacbaQacAr"},"_contentSize":{"__type__":"cc.Size","width":78,"height":78},"_trs":{"__type__":"TypedArray","ctor":"Float64Array","array":[-418.5,-59,0,0,0,0,1,1,1,1]}},{"__type__":"cc.Node","_name":"XoSo_select_off","_parent":{"__id__":1},"_components":[{"__type__":"cc.Sprite","node":{"__id__":2},"_materials":[{"__uuid__":"ecpdLyjvZBwrvm+cedCcQy"}],"_spriteFrame":{"__uuid__":"b92tWsNe1EcrSwNtVEcHtg"}}],"_prefab":{"__type__":"cc.PrefabInfo","root":{"__id__":1},"asset":{"__uuid__":"c27QXcqgNNnI1nPHL/Eizc"},"fileId":"5fNO6P9ItPkIgayAGG6jac"},"_contentSize":{"__type__":"cc.Size","width":78,"height":78},"_trs":{"__type__":"TypedArray","ctor":"Float64Array","array":[0,0,0,0,0,0,1,1,1,1]}},{"__type__":"cc.Node","_name":"XoSo_select_on","_parent":{"__id__":1},"_active":false,"_components":[{"__type__":"cc.Sprite","node":{"__id__":3},"_materials":[{"__uuid__":"ecpdLyjvZBwrvm+cedCcQy"}],"_spriteFrame":{"__uuid__":"7diXGY4+VL26VTZvHwWM8S"}}],"_prefab":{"__type__":"cc.PrefabInfo","root":{"__id__":1},"asset":{"__uuid__":"c27QXcqgNNnI1nPHL/Eizc"},"fileId":"91cEPAym9Oj7nZ0EL01NdA"},"_contentSize":{"__type__":"cc.Size","width":78,"height":78},"_trs":{"__type__":"TypedArray","ctor":"Float64Array","array":[0,0,0,0,0,0,1,1,1,1]}},{"__type__":"cc.Node","_name":"label","_parent":{"__id__":1},"_components":[{"__id__":5}],"_prefab":{"__type__":"cc.PrefabInfo","root":{"__id__":1},"asset":{"__uuid__":"c27QXcqgNNnI1nPHL/Eizc"},"fileId":"a5PEeneYFMqbOKapO2x7ZW"},"_color":{"__type__":"cc.Color","r":255},"_contentSize":{"__type__":"cc.Size","height":44},"_trs":{"__type__":"TypedArray","ctor":"Float64Array","array":[-0.8,0,0,0,0,0,1,1,1,1]}},{"__type__":"cc.Label","node":{"__id__":4},"_materials":[{"__uuid__":"ecpdLyjvZBwrvm+cedCcQy"}],"_useOriginalSize":false,"_fontSize":33,"_lineHeight":80,"_N$file":{"__uuid__":"b18Yd78IJIEKyq7TC43fTd"},"_isSystemFontUsed":false,"_N$horizontalAlign":1,"_N$verticalAlign":2}]]