[[{"__type__":"cc.Prefab","_name":"x120","data":{"__id__":1}},{"__type__":"cc.Node","_name":"x120","_children":[{"__id__":2},{"__id__":4},{"__id__":6},{"__id__":7},{"__id__":8},{"__id__":9}],"_components":[{"__type__":"655c6/MZdJNZo/YxgAvEk8A","node":{"__id__":1},"fish":{"__id__":5},"shadow":{"__id__":3},"collider":{"__id__":10},"anim":{"__id__":11},"head":{"__id__":6},"end":{"__id__":7},"suoMe":{"__id__":9},"suoOther":{"__id__":8},"speed":0.9},{"__id__":11},{"__id__":10}],"_prefab":{"__type__":"cc.PrefabInfo","root":{"__id__":1},"asset":{"__uuid__":"adMS+lTD9MSbKvjUujPcE9"},"fileId":"91j1wkRvhCUqHKiwrm+vZw"},"_trs":{"__type__":"TypedArray","ctor":"Float64Array","array":[-924.292,-235.843,0,0,0,0,1,1,1,1]},"_groupIndex":6,"groupIndex":6},{"__type__":"cc.Node","_name":"shadow","_parent":{"__id__":1},"_components":[{"__id__":3}],"_prefab":{"__type__":"cc.PrefabInfo","root":{"__id__":1},"asset":{"__uuid__":"adMS+lTD9MSbKvjUujPcE9"},"fileId":"f8ffcqiU5BT5+M6kl2D2UD"},"_trs":{"__type__":"TypedArray","ctor":"Float64Array","array":[30,-5,0,0,0,0,1,0.8,0.8,1]},"_groupIndex":6,"groupIndex":6},{"__type__":"dragonBones.ArmatureDisplay","node":{"__id__":2},"_materials":[{"__uuid__":"ecpdLyjvZBwrvm+cedCcQy"}],"_armatureName":"meirenyu_shadow","_animationName":"meirenyu_shadow","_preCacheMode":0,"_armatureKey":"9739c1dd-9255-4b03-aeac-362b36141a9b#f270e453-8ee6-4a2f-addc-59d20bf13816","_N$dragonAsset":{"__uuid__":"97OcHdklVLA66sNis2FBqb"},"_N$dragonAtlasAsset":{"__uuid__":"f2cORTjuZKL63cWdIL8TgW"},"_N$timeScale":0.5},{"__type__":"cc.Node","_name":"fish","_parent":{"__id__":1},"_components":[{"__id__":5}],"_prefab":{"__type__":"cc.PrefabInfo","root":{"__id__":1},"asset":{"__uuid__":"adMS+lTD9MSbKvjUujPcE9"},"fileId":"78wAqcRQBF6Yw7gVobuoNi"},"_trs":{"__type__":"TypedArray","ctor":"Float64Array","array":[0,0,0,0,0,0,1,0.8,0.8,1]}},{"__type__":"dragonBones.ArmatureDisplay","node":{"__id__":4},"_materials":[{"__uuid__":"ecpdLyjvZBwrvm+cedCcQy"}],"_armatureName":"meirenyu","_animationName":"newAnimation","_preCacheMode":0,"_armatureKey":"62cb756e-7598-431e-bbf4-b5cb8691ad33#edf29f49-f806-4409-9514-6b0df3f7abf4","_N$dragonAsset":{"__uuid__":"62y3VudZhDHrv0tcuGka0z"},"_N$dragonAtlasAsset":{"__uuid__":"ed8p9J+AZECZUUaw3z96v0"},"_N$timeScale":0.5},{"__type__":"cc.Node","_name":"head","_parent":{"__id__":1},"_prefab":{"__type__":"cc.PrefabInfo","root":{"__id__":1},"asset":{"__uuid__":"adMS+lTD9MSbKvjUujPcE9"},"fileId":"24IW9lC3RLW64ABtNXjQJr"},"_trs":{"__type__":"TypedArray","ctor":"Float64Array","array":[-50.469,9.712,0,0,0,0,1,1,1,1]}},{"__type__":"cc.Node","_name":"end","_parent":{"__id__":1},"_prefab":{"__type__":"cc.PrefabInfo","root":{"__id__":1},"asset":{"__uuid__":"adMS+lTD9MSbKvjUujPcE9"},"fileId":"77OBGAld5Jhaya+RY90a3x"},"_trs":{"__type__":"TypedArray","ctor":"Float64Array","array":[140.453,14.849,0,0,0,0,1,1,1,1]}},{"__type__":"cc.Node","_name":"fish_suoding_other","_parent":{"__id__":1},"_active":false,"_components":[{"__type__":"cc.Sprite","node":{"__id__":8},"_materials":[{"__uuid__":"ecpdLyjvZBwrvm+cedCcQy"}],"_spriteFrame":{"__uuid__":"d6GNvieS9K8pqo+oyuZNkc"}},{"__type__":"cc.Animation","node":{"__id__":8},"_defaultClip":{"__uuid__":"41C/GXlRNOjLlgy6YN7juw"},"_clips":[{"__uuid__":"41C/GXlRNOjLlgy6YN7juw"}],"playOnLoad":true}],"_prefab":{"__type__":"cc.PrefabInfo","root":{"__id__":1},"asset":{"__uuid__":"adMS+lTD9MSbKvjUujPcE9"},"fileId":"aeNKZG0PNE/qx4JJf8W+SW"},"_opacity":97,"_contentSize":{"__type__":"cc.Size","width":169,"height":169},"_trs":{"__type__":"TypedArray","ctor":"Float64Array","array":[0,12,0,0,0,0,1,0.85,0.85,1]}},{"__type__":"cc.Node","_name":"fish_suoding_me","_parent":{"__id__":1},"_active":false,"_components":[{"__type__":"cc.Sprite","node":{"__id__":9},"_materials":[{"__uuid__":"ecpdLyjvZBwrvm+cedCcQy"}],"_spriteFrame":{"__uuid__":"d6GNvieS9K8pqo+oyuZNkc"}},{"__type__":"cc.Animation","node":{"__id__":9},"_defaultClip":{"__uuid__":"41C/GXlRNOjLlgy6YN7juw"},"_clips":[{"__uuid__":"41C/GXlRNOjLlgy6YN7juw"}],"playOnLoad":true}],"_prefab":{"__type__":"cc.PrefabInfo","root":{"__id__":1},"asset":{"__uuid__":"adMS+lTD9MSbKvjUujPcE9"},"fileId":"05VscxozZHzLmcJe5fOpcP"},"_contentSize":{"__type__":"cc.Size","width":169,"height":169},"_trs":{"__type__":"TypedArray","ctor":"Float64Array","array":[0,12,0,0,0,0,1,1,1,1]}},{"__type__":"cc.PolygonCollider","node":{"__id__":1},"points":[{"__type__":"cc.Vec2","x":31.3,"y":-43.5},{"__type__":"cc.Vec2","x":38.3,"y":-34.3},{"__type__":"cc.Vec2","x":-24.2,"y":-5.9},{"__type__":"cc.Vec2","x":107,"y":13.5},{"__type__":"cc.Vec2","x":185.2,"y":-16.3},{"__type__":"cc.Vec2","x":194.6,"y":22.2},{"__type__":"cc.Vec2","x":159.8,"y":16.8},{"__type__":"cc.Vec2","x":102.4,"y":42.8},{"__type__":"cc.Vec2","x":30.2,"y":50.8},{"__type__":"cc.Vec2","x":-92.7,"y":23.2},{"__type__":"cc.Vec2","x":-93.4,"y":3.2}]},{"__type__":"cc.Animation","node":{"__id__":1},"_clips":[{"__uuid__":"c6J8ymCIdFnL9UK1jbFsIL"},{"__uuid__":"51mL5E4pFP2KnUGMHQsDKH"},{"__uuid__":"fawqhgzOxEdr2wJiPcTYyN"},{"__uuid__":"33Yf9zNBtKfICK8OikKDfA"},{"__uuid__":"51vkU9riJL74YeEv0qYDsk"},{"__uuid__":"a8CTjqfLVFxK+3/iOv1tUo"},{"__uuid__":"c41PkwCIRGVLai1DAZMuot"},{"__uuid__":"afyOX8EztNaa/vKwuISjOD"},{"__uuid__":"ceNICdEoFAOqldI08ZfYdu"},{"__uuid__":"5ezAa12uJBQ6lBSmcQOAMD"},{"__uuid__":"b0eAA/nKVPaLA+1a/Mz9mh"},{"__uuid__":"58A4k2kFxLbrKib7KBBX2R"},{"__uuid__":"657yjD6EtGx5qJnfHwSt/0"},{"__uuid__":"c7iBZHsnpCjKcCqieueeR7"}]}],{"__type__":"cc.SpriteFrame","content":{"name":"fish_game_pic_suoding1","texture":"bclyb1CdFAXZK7vE6k7C0V","rect":[0,0,169,169],"offset":[-0.5,0.5],"originalSize":[170,170],"capInsets":[0,0,0,0]}}]