[[{"__type__":"cc.Prefab","_name":"x10_1","data":{"__id__":1}},{"__type__":"cc.Node","_name":"x10_1","_children":[{"__id__":2},{"__id__":4},{"__id__":6},{"__id__":7},{"__id__":8},{"__id__":9}],"_components":[{"__type__":"655c6/MZdJNZo/YxgAvEk8A","node":{"__id__":1},"fish":{"__id__":5},"shadow":{"__id__":3},"collider":{"__id__":10},"anim":{"__id__":11},"head":{"__id__":6},"end":{"__id__":7},"suoMe":{"__id__":9},"suoOther":{"__id__":8},"speed":1.2},{"__id__":11},{"__id__":10}],"_prefab":{"__type__":"cc.PrefabInfo","root":{"__id__":1},"asset":{"__uuid__":"2cnZ7nLmhKMb4YmHaXb8vD"},"fileId":"69578tVMVOjq9qQVkqVZ3L"},"_trs":{"__type__":"TypedArray","ctor":"Float64Array","array":[0,0,0,0,0,0,1,1,1,1]},"_groupIndex":6,"groupIndex":6},{"__type__":"cc.Node","_name":"shadow","_parent":{"__id__":1},"_components":[{"__id__":3}],"_prefab":{"__type__":"cc.PrefabInfo","root":{"__id__":1},"asset":{"__uuid__":"2cnZ7nLmhKMb4YmHaXb8vD"},"fileId":"b0dSU8MCNIQ65pAIEzr7GU"},"_trs":{"__type__":"TypedArray","ctor":"Float64Array","array":[-12,-12,0,0,0,0,1,1,1,1]},"_groupIndex":6,"groupIndex":6},{"__type__":"dragonBones.ArmatureDisplay","node":{"__id__":2},"_materials":[{"__uuid__":"ecpdLyjvZBwrvm+cedCcQy"}],"_armatureName":"haigui_shadow","_animationName":"haigui_shadow","_preCacheMode":0,"_armatureKey":"aeb3007f-b479-4598-ba16-5cf55c5e4a55#ffc90a4b-6222-4927-95eb-56cf41ca4467","_N$dragonAsset":{"__uuid__":"aeswB/tHlFmLoWXPVcXkpV"},"_N$dragonAtlasAsset":{"__uuid__":"ffyQpLYiJJJ5XrVs9BykRn"},"_N$timeScale":0.5},{"__type__":"cc.Node","_name":"fish","_parent":{"__id__":1},"_components":[{"__id__":5}],"_prefab":{"__type__":"cc.PrefabInfo","root":{"__id__":1},"asset":{"__uuid__":"2cnZ7nLmhKMb4YmHaXb8vD"},"fileId":"f1DWxB6rRKzLhoFIm+zi2H"},"_trs":{"__type__":"TypedArray","ctor":"Float64Array","array":[0,0,0,0,0,0,1,1,1,1]}},{"__type__":"dragonBones.ArmatureDisplay","node":{"__id__":4},"_materials":[{"__uuid__":"ecpdLyjvZBwrvm+cedCcQy"}],"_armatureName":"haigui","_animationName":"haigui","_preCacheMode":0,"_armatureKey":"43c0dbd7-7d55-48ee-b8cc-4bb5ad98f005#e80614f9-bea9-4699-94f9-bd9efb204289","_N$dragonAsset":{"__uuid__":"43wNvXfVVI7rjMS7WtmPAF"},"_N$dragonAtlasAsset":{"__uuid__":"e8BhT5vqlGmZT5vZ77IEKJ"},"_N$timeScale":0.5},{"__type__":"cc.Node","_name":"head","_parent":{"__id__":1},"_prefab":{"__type__":"cc.PrefabInfo","root":{"__id__":1},"asset":{"__uuid__":"2cnZ7nLmhKMb4YmHaXb8vD"},"fileId":"1aGJ7pZw9O86BBKubONa3J"},"_trs":{"__type__":"TypedArray","ctor":"Float64Array","array":[-47.782,-4.476,0,0,0,0,1,1,1,1]}},{"__type__":"cc.Node","_name":"end","_parent":{"__id__":1},"_prefab":{"__type__":"cc.PrefabInfo","root":{"__id__":1},"asset":{"__uuid__":"2cnZ7nLmhKMb4YmHaXb8vD"},"fileId":"7fyiTIA4pOMpUjgrk0wOUL"},"_trs":{"__type__":"TypedArray","ctor":"Float64Array","array":[-13.17,9.234,0,0,0,0,1,1,1,1]}},{"__type__":"cc.Node","_name":"fish_suoding_other","_parent":{"__id__":1},"_active":false,"_components":[{"__type__":"cc.Sprite","node":{"__id__":8},"_materials":[{"__uuid__":"ecpdLyjvZBwrvm+cedCcQy"}],"_spriteFrame":{"__uuid__":"d6GNvieS9K8pqo+oyuZNkc"}},{"__type__":"cc.Animation","node":{"__id__":8},"_defaultClip":{"__uuid__":"41C/GXlRNOjLlgy6YN7juw"},"_clips":[{"__uuid__":"41C/GXlRNOjLlgy6YN7juw"}],"playOnLoad":true}],"_prefab":{"__type__":"cc.PrefabInfo","root":{"__id__":1},"asset":{"__uuid__":"2cnZ7nLmhKMb4YmHaXb8vD"},"fileId":"a4EzYVw0tOOpPI9RNZsBtb"},"_opacity":97,"_contentSize":{"__type__":"cc.Size","width":169,"height":169},"_trs":{"__type__":"TypedArray","ctor":"Float64Array","array":[0,0,0,0,0,0,1,0.85,0.85,1]}},{"__type__":"cc.Node","_name":"fish_suoding_me","_parent":{"__id__":1},"_active":false,"_components":[{"__type__":"cc.Sprite","node":{"__id__":9},"_materials":[{"__uuid__":"ecpdLyjvZBwrvm+cedCcQy"}],"_spriteFrame":{"__uuid__":"d6GNvieS9K8pqo+oyuZNkc"}},{"__type__":"cc.Animation","node":{"__id__":9},"_defaultClip":{"__uuid__":"41C/GXlRNOjLlgy6YN7juw"},"_clips":[{"__uuid__":"41C/GXlRNOjLlgy6YN7juw"}],"playOnLoad":true}],"_prefab":{"__type__":"cc.PrefabInfo","root":{"__id__":1},"asset":{"__uuid__":"2cnZ7nLmhKMb4YmHaXb8vD"},"fileId":"c1A6xYZjFB3rA106h3dYka"},"_contentSize":{"__type__":"cc.Size","width":169,"height":169},"_trs":{"__type__":"TypedArray","ctor":"Float64Array","array":[0,0,0,0,0,0,1,1,1,1]}},{"__type__":"cc.PolygonCollider","node":{"__id__":1},"points":[{"__type__":"cc.Vec2","x":-32.8,"y":-62.6},{"__type__":"cc.Vec2","x":-7.3,"y":-87.9},{"__type__":"cc.Vec2","x":26,"y":-82.8},{"__type__":"cc.Vec2","x":-8.9,"y":-47.8},{"__type__":"cc.Vec2","x":24,"y":-38.7},{"__type__":"cc.Vec2","x":35.9,"y":-30.4},{"__type__":"cc.Vec2","x":50.7,"y":-47.2},{"__type__":"cc.Vec2","x":79,"y":-45.3},{"__type__":"cc.Vec2","x":82.8,"y":-26.8},{"__type__":"cc.Vec2","x":39.7,"y":-21.4},{"__type__":"cc.Vec2","x":48.2,"y":-1.7},{"__type__":"cc.Vec2","x":85.5,"y":-1.5},{"__type__":"cc.Vec2","x":50.7,"y":14.2},{"__type__":"cc.Vec2","x":38.2,"y":11.6},{"__type__":"cc.Vec2","x":21.2,"y":34.2},{"__type__":"cc.Vec2","x":-24,"y":36.9},{"__type__":"cc.Vec2","x":-33.2,"y":12.4},{"__type__":"cc.Vec2","x":-62.3,"y":17.3},{"__type__":"cc.Vec2","x":-71.7,"y":1},{"__type__":"cc.Vec2","x":-60,"y":-19.5},{"__type__":"cc.Vec2","x":-33,"y":-13.5},{"__type__":"cc.Vec2","x":-21.5,"y":-35.6}]},{"__type__":"cc.Animation","node":{"__id__":1},"_clips":[{"__uuid__":"a2uj14PmZK2qR1qc4M16Wh"},{"__uuid__":"5ak/Jp0tpLJo8i3ppQg2Ht"},{"__uuid__":"5bOXJB0vdM1b2POlW2S6cd"},{"__uuid__":"5e2pqRy6pHWI1A7H3M4LgW"},{"__uuid__":"6ckG3/NjBMiIeK25O6v4xf"},{"__uuid__":"48LPTdX7ZC97zqY3q/slQC"},{"__uuid__":"2dzf/b09NK6LRPiFhWlwZR"},{"__uuid__":"d2GKY+Wk9Ca4Hy+M7+jvQW"},{"__uuid__":"fcaoDY8RlPtZqFYdLSRuKY"},{"__uuid__":"c6oPxDO+BCw5F2tEuLmCR7"},{"__uuid__":"74yBVnhc1Kp64BwNKQRQCF"},{"__uuid__":"b0PutUKbdFZYncPeoBtb8d"},{"__uuid__":"11kHRlmAtO5KHZqs6zswjQ"},{"__uuid__":"55Z3ewAfpMQadHueU9ZTMu"}]}],{"__type__":"cc.SpriteFrame","content":{"name":"fish_game_pic_suoding1","texture":"bclyb1CdFAXZK7vE6k7C0V","rect":[0,0,169,169],"offset":[-0.5,0.5],"originalSize":[170,170],"capInsets":[0,0,0,0]}}]