{"__type__":"dragonBones.DragonBonesAsset","_name":"ankangyu_ske","_dragonBonesJson":"{\"frameRate\":24,\"name\":\"ankangyu\",\"version\":\"5.5\",\"compatibleVersion\":\"5.5\",\"armature\":[{\"type\":\"Sheet\",\"frameRate\":24,\"name\":\"Sprite\",\"aabb\":{\"x\":-100,\"y\":-71,\"width\":200,\"height\":142},\"bone\":[{\"name\":\"root\"}],\"slot\":[{\"displayIndex\":2,\"name\":\"sheetSlot\",\"parent\":\"root\"}],\"skin\":[{\"slot\":[{\"name\":\"sheetSlot\",\"display\":[{\"name\":\"ankangyu_00000\"},{\"name\":\"ankangyu_00001\"},{\"name\":\"ankangyu_00002\"},{\"name\":\"ankangyu_00003\"},{\"name\":\"ankangyu_00004\"},{\"name\":\"ankangyu_00005\"},{\"name\":\"ankangyu_00006\"},{\"name\":\"ankangyu_00007\"},{\"name\":\"ankangyu_00008\"},{\"name\":\"ankangyu_00009\"},{\"name\":\"ankangyu_00010\"},{\"name\":\"ankangyu_00011\"}]}]}],\"animation\":[{\"duration\":12,\"playTimes\":0,\"name\":\"Sprite\",\"slot\":[{\"name\":\"sheetSlot\",\"displayFrame\":[{},{\"value\":1},{\"value\":2},{\"value\":3},{\"value\":4},{\"value\":5},{\"value\":6},{\"value\":7},{\"value\":8},{\"value\":9},{\"value\":10},{\"value\":11}]}]}],\"defaultActions\":[{\"gotoAndPlay\":\"Sprite\"}]}]}"}