[{"__type__":"cc.SpriteFrame","content":{"name":"font","texture":"bfFcwsEHBEs7iNqxytwwPw","rect":[10,10,407,32],"offset":[0,0],"originalSize":[427,52],"capInsets":[0,0,0,0]}},{"__type__":"cc.BitmapFont","_name":"font","spriteFrame":{"__uuid__":"0blFtM3AFCqaSNfwx0j+rU"},"fontSize":36,"_fntConfig":{"commonHeight":52,"fontSize":36,"atlasName":"font.png","fontDefDictionary":{"32":{"rect":{"x":0,"y":0,"width":0,"height":0},"xOffset":1,"yOffset":10,"xAdvance":15},"43":{"rect":{"x":352,"y":10,"width":23,"height":23},"xOffset":1,"yOffset":9,"xAdvance":21},"46":{"rect":{"x":385,"y":10,"width":11,"height":10},"xOffset":1,"yOffset":22,"xAdvance":9},"48":{"rect":{"x":315,"y":10,"width":27,"height":32},"xOffset":1,"yOffset":0,"xAdvance":25},"49":{"rect":{"x":10,"y":10,"width":15,"height":31},"xOffset":1,"yOffset":1,"xAdvance":13},"50":{"rect":{"x":35,"y":10,"width":24,"height":32},"xOffset":1,"yOffset":0,"xAdvance":21},"51":{"rect":{"x":69,"y":10,"width":23,"height":32},"xOffset":1,"yOffset":0,"xAdvance":20},"52":{"rect":{"x":102,"y":10,"width":27,"height":31},"xOffset":1,"yOffset":1,"xAdvance":24},"53":{"rect":{"x":139,"y":10,"width":24,"height":32},"xOffset":1,"yOffset":1,"xAdvance":21},"54":{"rect":{"x":173,"y":10,"width":26,"height":32},"xOffset":1,"yOffset":0,"xAdvance":22},"55":{"rect":{"x":209,"y":10,"width":24,"height":31},"xOffset":1,"yOffset":1,"xAdvance":21},"56":{"rect":{"x":243,"y":10,"width":26,"height":32},"xOffset":1,"yOffset":0,"xAdvance":23},"57":{"rect":{"x":279,"y":10,"width":26,"height":32},"xOffset":3,"yOffset":0,"xAdvance":30},"59":{"rect":{"x":406,"y":10,"width":11,"height":25},"xOffset":1,"yOffset":10,"xAdvance":9}},"kerningDict":{}}}]