[{"__type__":"cc.BitmapFont","_name":"MyriadSemiB_WY-export","spriteFrame":{"__uuid__":"a1/nJrbdRAsqtVtZP4h8r+"},"fontSize":32,"_fntConfig":{"commonHeight":80,"fontSize":32,"atlasName":"MyriadSemiB_WY-export.png","fontDefDictionary":{"9":{"rect":{"x":0,"y":0,"width":0,"height":0},"xOffset":0,"yOffset":0,"xAdvance":160},"32":{"rect":{"x":0,"y":0,"width":0,"height":0},"xOffset":0,"yOffset":0,"xAdvance":20},"33":{"rect":{"x":435,"y":40,"width":16,"height":34},"xOffset":0,"yOffset":46,"xAdvance":13},"34":{"rect":{"x":280,"y":228,"width":20,"height":18},"xOffset":0,"yOffset":46,"xAdvance":17},"35":{"rect":{"x":279,"y":362,"width":26,"height":33},"xOffset":0,"yOffset":47,"xAdvance":23},"36":{"rect":{"x":412,"y":0,"width":24,"height":39},"xOffset":0,"yOffset":44,"xAdvance":21},"37":{"rect":{"x":0,"y":35,"width":38,"height":33},"xOffset":0,"yOffset":47,"xAdvance":35},"38":{"rect":{"x":69,"y":372,"width":31,"height":34},"xOffset":0,"yOffset":46,"xAdvance":28},"39":{"rect":{"x":334,"y":327,"width":13,"height":18},"xOffset":0,"yOffset":46,"xAdvance":10},"40":{"rect":{"x":435,"y":466,"width":17,"height":38},"xOffset":0,"yOffset":46,"xAdvance":14},"41":{"rect":{"x":434,"y":155,"width":17,"height":38},"xOffset":0,"yOffset":46,"xAdvance":14},"42":{"rect":{"x":223,"y":488,"width":23,"height":22},"xOffset":0,"yOffset":46,"xAdvance":20},"43":{"rect":{"x":162,"y":480,"width":28,"height":28},"xOffset":0,"yOffset":52,"xAdvance":25},"44":{"rect":{"x":333,"y":491,"width":16,"height":19},"xOffset":0,"yOffset":65,"xAdvance":13},"45":{"rect":{"x":307,"y":349,"width":19,"height":12},"xOffset":0,"yOffset":60,"xAdvance":16},"46":{"rect":{"x":63,"y":496,"width":15,"height":15},"xOffset":0,"yOffset":65,"xAdvance":12},"47":{"rect":{"x":412,"y":215,"width":21,"height":35},"xOffset":0,"yOffset":46,"xAdvance":18},"48":{"rect":{"x":306,"y":362,"width":26,"height":33},"xOffset":0,"yOffset":47,"xAdvance":23},"49":{"rect":{"x":412,"y":279,"width":19,"height":33},"xOffset":0,"yOffset":47,"xAdvance":16},"50":{"rect":{"x":279,"y":431,"width":26,"height":33},"xOffset":0,"yOffset":47,"xAdvance":23},"51":{"rect":{"x":334,"y":72,"width":25,"height":33},"xOffset":0,"yOffset":47,"xAdvance":22},"52":{"rect":{"x":194,"y":334,"width":28,"height":33},"xOffset":0,"yOffset":47,"xAdvance":25},"53":{"rect":{"x":360,"y":305,"width":25,"height":33},"xOffset":0,"yOffset":47,"xAdvance":22},"54":{"rect":{"x":307,"y":70,"width":26,"height":33},"xOffset":0,"yOffset":47,"xAdvance":23},"55":{"rect":{"x":360,"y":271,"width":25,"height":33},"xOffset":0,"yOffset":47,"xAdvance":22},"56":{"rect":{"x":307,"y":104,"width":26,"height":33},"xOffset":0,"yOffset":47,"xAdvance":23},"57":{"rect":{"x":307,"y":210,"width":26,"height":33},"xOffset":0,"yOffset":47,"xAdvance":23},"58":{"rect":{"x":436,"y":432,"width":15,"height":27},"xOffset":0,"yOffset":53,"xAdvance":12},"59":{"rect":{"x":432,"y":361,"width":17,"height":31},"xOffset":0,"yOffset":53,"xAdvance":14},"60":{"rect":{"x":280,"y":160,"width":26,"height":29},"xOffset":0,"yOffset":51,"xAdvance":23},"61":{"rect":{"x":36,"y":140,"width":28,"height":19},"xOffset":0,"yOffset":56,"xAdvance":25},"62":{"rect":{"x":255,"y":0,"width":27,"height":29},"xOffset":0,"yOffset":51,"xAdvance":24},"63":{"rect":{"x":412,"y":144,"width":21,"height":34},"xOffset":0,"yOffset":46,"xAdvance":18},"64":{"rect":{"x":0,"y":374,"width":34,"height":34},"xOffset":0,"yOffset":50,"xAdvance":31},"65":{"rect":{"x":133,"y":120,"width":30,"height":34},"xOffset":0,"yOffset":46,"xAdvance":27},"66":{"rect":{"x":333,"y":393,"width":26,"height":34},"xOffset":0,"yOffset":46,"xAdvance":23},"67":{"rect":{"x":194,"y":368,"width":28,"height":34},"xOffset":0,"yOffset":46,"xAdvance":25},"68":{"rect":{"x":132,"y":444,"width":30,"height":34},"xOffset":0,"yOffset":46,"xAdvance":27},"69":{"rect":{"x":360,"y":339,"width":25,"height":34},"xOffset":0,"yOffset":46,"xAdvance":22},"70":{"rect":{"x":411,"y":396,"width":24,"height":34},"xOffset":0,"yOffset":46,"xAdvance":21},"71":{"rect":{"x":74,"y":0,"width":30,"height":34},"xOffset":0,"yOffset":46,"xAdvance":27},"72":{"rect":{"x":163,"y":403,"width":29,"height":34},"xOffset":0,"yOffset":46,"xAdvance":26},"73":{"rect":{"x":452,"y":274,"width":14,"height":34},"xOffset":0,"yOffset":46,"xAdvance":11},"74":{"rect":{"x":412,"y":76,"width":21,"height":34},"xOffset":0,"yOffset":46,"xAdvance":18},"75":{"rect":{"x":194,"y":261,"width":28,"height":34},"xOffset":0,"yOffset":46,"xAdvance":25},"76":{"rect":{"x":411,"y":431,"width":24,"height":34},"xOffset":0,"yOffset":46,"xAdvance":21},"77":{"rect":{"x":0,"y":125,"width":35,"height":34},"xOffset":0,"yOffset":46,"xAdvance":32},"78":{"rect":{"x":194,"y":226,"width":28,"height":34},"xOffset":0,"yOffset":46,"xAdvance":25},"79":{"rect":{"x":41,"y":0,"width":32,"height":34},"xOffset":0,"yOffset":46,"xAdvance":29},"80":{"rect":{"x":307,"y":279,"width":26,"height":34},"xOffset":0,"yOffset":46,"xAdvance":23},"81":{"rect":{"x":69,"y":166,"width":32,"height":37},"xOffset":0,"yOffset":46,"xAdvance":29},"82":{"rect":{"x":252,"y":219,"width":27,"height":34},"xOffset":0,"yOffset":46,"xAdvance":24},"83":{"rect":{"x":386,"y":361,"width":25,"height":34},"xOffset":0,"yOffset":46,"xAdvance":22},"84":{"rect":{"x":194,"y":191,"width":28,"height":34},"xOffset":0,"yOffset":46,"xAdvance":25},"85":{"rect":{"x":194,"y":156,"width":29,"height":34},"xOffset":0,"yOffset":46,"xAdvance":26},"86":{"rect":{"x":133,"y":85,"width":30,"height":34},"xOffset":0,"yOffset":46,"xAdvance":27},"87":{"rect":{"x":0,"y":0,"width":40,"height":34},"xOffset":0,"yOffset":46,"xAdvance":37},"88":{"rect":{"x":197,"y":0,"width":29,"height":34},"xOffset":0,"yOffset":46,"xAdvance":26},"89":{"rect":{"x":102,"y":75,"width":30,"height":34},"xOffset":0,"yOffset":46,"xAdvance":27},"90":{"rect":{"x":223,"y":229,"width":28,"height":34},"xOffset":0,"yOffset":46,"xAdvance":25},"91":{"rect":{"x":436,"y":393,"width":17,"height":38},"xOffset":0,"yOffset":46,"xAdvance":14},"92":{"rect":{"x":412,"y":179,"width":21,"height":35},"xOffset":0,"yOffset":46,"xAdvance":18},"93":{"rect":{"x":452,"y":235,"width":16,"height":38},"xOffset":0,"yOffset":46,"xAdvance":13},"94":{"rect":{"x":279,"y":335,"width":27,"height":26},"xOffset":0,"yOffset":47,"xAdvance":24},"95":{"rect":{"x":0,"y":497,"width":27,"height":11},"xOffset":0,"yOffset":73,"xAdvance":24},"96":{"rect":{"x":37,"y":79,"width":17,"height":14},"xOffset":0,"yOffset":46,"xAdvance":14},"97":{"rect":{"x":333,"y":463,"width":25,"height":27},"xOffset":0,"yOffset":53,"xAdvance":22},"98":{"rect":{"x":251,"y":376,"width":27,"height":35},"xOffset":0,"yOffset":45,"xAdvance":24},"99":{"rect":{"x":385,"y":484,"width":24,"height":27},"xOffset":0,"yOffset":53,"xAdvance":21},"100":{"rect":{"x":224,"y":153,"width":27,"height":35},"xOffset":0,"yOffset":45,"xAdvance":24},"101":{"rect":{"x":280,"y":30,"width":26,"height":27},"xOffset":0,"yOffset":53,"xAdvance":23},"102":{"rect":{"x":412,"y":40,"width":22,"height":35},"xOffset":0,"yOffset":45,"xAdvance":19},"103":{"rect":{"x":252,"y":72,"width":27,"height":34},"xOffset":0,"yOffset":53,"xAdvance":24},"104":{"rect":{"x":307,"y":174,"width":26,"height":35},"xOffset":0,"yOffset":45,"xAdvance":23},"105":{"rect":{"x":452,"y":40,"width":14,"height":34},"xOffset":0,"yOffset":46,"xAdvance":11},"106":{"rect":{"x":432,"y":319,"width":19,"height":41},"xOffset":0,"yOffset":46,"xAdvance":16},"107":{"rect":{"x":307,"y":138,"width":26,"height":35},"xOffset":0,"yOffset":45,"xAdvance":23},"108":{"rect":{"x":452,"y":351,"width":14,"height":35},"xOffset":0,"yOffset":45,"xAdvance":11},"109":{"rect":{"x":0,"y":69,"width":36,"height":27},"xOffset":0,"yOffset":53,"xAdvance":33},"110":{"rect":{"x":307,"y":42,"width":26,"height":27},"xOffset":0,"yOffset":53,"xAdvance":23},"111":{"rect":{"x":251,"y":412,"width":27,"height":27},"xOffset":0,"yOffset":53,"xAdvance":24},"112":{"rect":{"x":252,"y":184,"width":27,"height":34},"xOffset":0,"yOffset":53,"xAdvance":24},"113":{"rect":{"x":227,"y":0,"width":27,"height":34},"xOffset":0,"yOffset":53,"xAdvance":24},"114":{"rect":{"x":412,"y":251,"width":20,"height":27},"xOffset":0,"yOffset":53,"xAdvance":17},"115":{"rect":{"x":283,"y":0,"width":22,"height":27},"xOffset":0,"yOffset":53,"xAdvance":19},"116":{"rect":{"x":412,"y":111,"width":21,"height":32},"xOffset":0,"yOffset":48,"xAdvance":18},"117":{"rect":{"x":385,"y":421,"width":25,"height":27},"xOffset":0,"yOffset":53,"xAdvance":22},"118":{"rect":{"x":251,"y":348,"width":27,"height":27},"xOffset":0,"yOffset":53,"xAdvance":24},"119":{"rect":{"x":0,"y":97,"width":35,"height":27},"xOffset":0,"yOffset":53,"xAdvance":32},"120":{"rect":{"x":280,"y":132,"width":26,"height":27},"xOffset":0,"yOffset":53,"xAdvance":23},"121":{"rect":{"x":223,"y":411,"width":27,"height":34},"xOffset":0,"yOffset":53,"xAdvance":24},"122":{"rect":{"x":410,"y":484,"width":24,"height":27},"xOffset":0,"yOffset":53,"xAdvance":21},"123":{"rect":{"x":412,"y":313,"width":19,"height":38},"xOffset":0,"yOffset":46,"xAdvance":16},"124":{"rect":{"x":453,"y":75,"width":13,"height":45},"xOffset":0,"yOffset":44,"xAdvance":10},"125":{"rect":{"x":434,"y":116,"width":18,"height":38},"xOffset":0,"yOffset":46,"xAdvance":15},"126":{"rect":{"x":35,"y":490,"width":27,"height":16},"xOffset":0,"yOffset":57,"xAdvance":24},"192":{"rect":{"x":102,"y":234,"width":30,"height":39},"xOffset":0,"yOffset":41,"xAdvance":27},"193":{"rect":{"x":102,"y":194,"width":30,"height":39},"xOffset":0,"yOffset":41,"xAdvance":27},"194":{"rect":{"x":132,"y":360,"width":30,"height":39},"xOffset":0,"yOffset":41,"xAdvance":27},"195":{"rect":{"x":133,"y":237,"width":30,"height":39},"xOffset":0,"yOffset":41,"xAdvance":27},"200":{"rect":{"x":360,"y":231,"width":25,"height":39},"xOffset":0,"yOffset":41,"xAdvance":22},"201":{"rect":{"x":386,"y":321,"width":25,"height":39},"xOffset":0,"yOffset":41,"xAdvance":22},"202":{"rect":{"x":386,"y":156,"width":25,"height":39},"xOffset":0,"yOffset":41,"xAdvance":22},"204":{"rect":{"x":437,"y":0,"width":17,"height":39},"xOffset":0,"yOffset":41,"xAdvance":14},"205":{"rect":{"x":434,"y":76,"width":18,"height":39},"xOffset":0,"yOffset":41,"xAdvance":15},"210":{"rect":{"x":69,"y":247,"width":32,"height":39},"xOffset":0,"yOffset":41,"xAdvance":29},"211":{"rect":{"x":35,"y":450,"width":32,"height":39},"xOffset":0,"yOffset":41,"xAdvance":29},"212":{"rect":{"x":69,"y":79,"width":32,"height":39},"xOffset":0,"yOffset":41,"xAdvance":29},"213":{"rect":{"x":35,"y":410,"width":32,"height":39},"xOffset":0,"yOffset":41,"xAdvance":29},"217":{"rect":{"x":194,"y":35,"width":29,"height":39},"xOffset":0,"yOffset":41,"xAdvance":26},"218":{"rect":{"x":164,"y":42,"width":29,"height":39},"xOffset":0,"yOffset":41,"xAdvance":26},"221":{"rect":{"x":72,"y":35,"width":30,"height":39},"xOffset":0,"yOffset":41,"xAdvance":27},"224":{"rect":{"x":333,"y":428,"width":25,"height":34},"xOffset":0,"yOffset":46,"xAdvance":22},"225":{"rect":{"x":334,"y":106,"width":25,"height":34},"xOffset":0,"yOffset":46,"xAdvance":22},"226":{"rect":{"x":360,"y":42,"width":25,"height":34},"xOffset":0,"yOffset":46,"xAdvance":22},"227":{"rect":{"x":334,"y":37,"width":25,"height":34},"xOffset":0,"yOffset":46,"xAdvance":22},"232":{"rect":{"x":280,"y":58,"width":26,"height":34},"xOffset":0,"yOffset":46,"xAdvance":23},"233":{"rect":{"x":279,"y":396,"width":26,"height":34},"xOffset":0,"yOffset":46,"xAdvance":23},"234":{"rect":{"x":307,"y":244,"width":26,"height":34},"xOffset":0,"yOffset":46,"xAdvance":23},"236":{"rect":{"x":434,"y":194,"width":17,"height":34},"xOffset":0,"yOffset":46,"xAdvance":14},"237":{"rect":{"x":434,"y":229,"width":17,"height":34},"xOffset":0,"yOffset":46,"xAdvance":14},"242":{"rect":{"x":252,"y":107,"width":27,"height":34},"xOffset":0,"yOffset":46,"xAdvance":24},"243":{"rect":{"x":223,"y":376,"width":27,"height":34},"xOffset":0,"yOffset":46,"xAdvance":24},"244":{"rect":{"x":223,"y":303,"width":27,"height":34},"xOffset":0,"yOffset":46,"xAdvance":24},"245":{"rect":{"x":251,"y":440,"width":27,"height":34},"xOffset":0,"yOffset":46,"xAdvance":24},"249":{"rect":{"x":385,"y":449,"width":25,"height":34},"xOffset":0,"yOffset":46,"xAdvance":22},"250":{"rect":{"x":360,"y":196,"width":25,"height":34},"xOffset":0,"yOffset":46,"xAdvance":22},"253":{"rect":{"x":251,"y":306,"width":27,"height":41},"xOffset":0,"yOffset":46,"xAdvance":24},"258":{"rect":{"x":133,"y":155,"width":30,"height":39},"xOffset":0,"yOffset":41,"xAdvance":27},"259":{"rect":{"x":334,"y":176,"width":25,"height":34},"xOffset":0,"yOffset":46,"xAdvance":22},"272":{"rect":{"x":0,"y":339,"width":34,"height":34},"xOffset":0,"yOffset":46,"xAdvance":31},"273":{"rect":{"x":163,"y":320,"width":30,"height":35},"xOffset":0,"yOffset":45,"xAdvance":27},"296":{"rect":{"x":432,"y":279,"width":19,"height":39},"xOffset":0,"yOffset":41,"xAdvance":16},"297":{"rect":{"x":412,"y":352,"width":19,"height":34},"xOffset":0,"yOffset":46,"xAdvance":16},"360":{"rect":{"x":164,"y":82,"width":29,"height":39},"xOffset":0,"yOffset":41,"xAdvance":26},"361":{"rect":{"x":386,"y":44,"width":25,"height":34},"xOffset":0,"yOffset":46,"xAdvance":22},"416":{"rect":{"x":0,"y":261,"width":34,"height":37},"xOffset":0,"yOffset":43,"xAdvance":31},"417":{"rect":{"x":103,"y":42,"width":29,"height":30},"xOffset":0,"yOffset":50,"xAdvance":26},"431":{"rect":{"x":35,"y":200,"width":33,"height":39},"xOffset":0,"yOffset":41,"xAdvance":30},"432":{"rect":{"x":132,"y":479,"width":29,"height":32},"xOffset":0,"yOffset":48,"xAdvance":26},"7840":{"rect":{"x":133,"y":195,"width":30,"height":41},"xOffset":0,"yOffset":46,"xAdvance":27},"7841":{"rect":{"x":334,"y":141,"width":25,"height":34},"xOffset":0,"yOffset":53,"xAdvance":22},"7842":{"rect":{"x":69,"y":329,"width":31,"height":42},"xOffset":0,"yOffset":38,"xAdvance":28},"7843":{"rect":{"x":334,"y":0,"width":25,"height":36},"xOffset":0,"yOffset":44,"xAdvance":22},"7844":{"rect":{"x":163,"y":277,"width":30,"height":42},"xOffset":0,"yOffset":38,"xAdvance":27},"7845":{"rect":{"x":279,"y":297,"width":27,"height":37},"xOffset":0,"yOffset":43,"xAdvance":24},"7846":{"rect":{"x":105,"y":0,"width":30,"height":41},"xOffset":0,"yOffset":39,"xAdvance":27},"7847":{"rect":{"x":360,"y":77,"width":25,"height":37},"xOffset":0,"yOffset":43,"xAdvance":22},"7848":{"rect":{"x":102,"y":110,"width":30,"height":43},"xOffset":0,"yOffset":37,"xAdvance":27},"7849":{"rect":{"x":280,"y":93,"width":26,"height":38},"xOffset":0,"yOffset":42,"xAdvance":23},"7850":{"rect":{"x":101,"y":374,"width":30,"height":43},"xOffset":0,"yOffset":37,"xAdvance":27},"7851":{"rect":{"x":360,"y":115,"width":25,"height":38},"xOffset":0,"yOffset":42,"xAdvance":22},"7852":{"rect":{"x":163,"y":356,"width":30,"height":46},"xOffset":0,"yOffset":41,"xAdvance":27},"7853":{"rect":{"x":360,"y":154,"width":25,"height":41},"xOffset":0,"yOffset":46,"xAdvance":22},"7854":{"rect":{"x":102,"y":274,"width":30,"height":42},"xOffset":0,"yOffset":38,"xAdvance":27},"7855":{"rect":{"x":359,"y":467,"width":25,"height":38},"xOffset":0,"yOffset":42,"xAdvance":22},"7856":{"rect":{"x":133,"y":42,"width":30,"height":42},"xOffset":0,"yOffset":38,"xAdvance":27},"7857":{"rect":{"x":334,"y":248,"width":25,"height":38},"xOffset":0,"yOffset":42,"xAdvance":22},"7858":{"rect":{"x":101,"y":329,"width":30,"height":44},"xOffset":0,"yOffset":36,"xAdvance":27},"7859":{"rect":{"x":334,"y":287,"width":25,"height":39},"xOffset":0,"yOffset":41,"xAdvance":22},"7860":{"rect":{"x":132,"y":400,"width":30,"height":43},"xOffset":0,"yOffset":37,"xAdvance":27},"7861":{"rect":{"x":359,"y":428,"width":25,"height":38},"xOffset":0,"yOffset":42,"xAdvance":22},"7862":{"rect":{"x":101,"y":418,"width":30,"height":47},"xOffset":0,"yOffset":40,"xAdvance":27},"7863":{"rect":{"x":360,"y":0,"width":25,"height":41},"xOffset":0,"yOffset":46,"xAdvance":22},"7864":{"rect":{"x":386,"y":79,"width":25,"height":41},"xOffset":0,"yOffset":46,"xAdvance":22},"7865":{"rect":{"x":306,"y":474,"width":26,"height":34},"xOffset":0,"yOffset":53,"xAdvance":23},"7866":{"rect":{"x":386,"y":236,"width":25,"height":42},"xOffset":0,"yOffset":38,"xAdvance":22},"7867":{"rect":{"x":279,"y":465,"width":26,"height":36},"xOffset":0,"yOffset":44,"xAdvance":23},"7868":{"rect":{"x":386,"y":196,"width":25,"height":39},"xOffset":0,"yOffset":41,"xAdvance":22},"7869":{"rect":{"x":307,"y":314,"width":26,"height":34},"xOffset":0,"yOffset":46,"xAdvance":23},"7870":{"rect":{"x":279,"y":254,"width":27,"height":42},"xOffset":0,"yOffset":38,"xAdvance":24},"7871":{"rect":{"x":194,"y":296,"width":28,"height":37},"xOffset":0,"yOffset":43,"xAdvance":25},"7872":{"rect":{"x":386,"y":279,"width":25,"height":41},"xOffset":0,"yOffset":39,"xAdvance":22},"7873":{"rect":{"x":280,"y":190,"width":26,"height":37},"xOffset":0,"yOffset":43,"xAdvance":23},"7874":{"rect":{"x":333,"y":349,"width":26,"height":43},"xOffset":0,"yOffset":37,"xAdvance":23},"7875":{"rect":{"x":306,"y":396,"width":26,"height":38},"xOffset":0,"yOffset":42,"xAdvance":23},"7876":{"rect":{"x":386,"y":0,"width":25,"height":43},"xOffset":0,"yOffset":37,"xAdvance":22},"7877":{"rect":{"x":306,"y":435,"width":26,"height":38},"xOffset":0,"yOffset":42,"xAdvance":23},"7878":{"rect":{"x":360,"y":374,"width":25,"height":46},"xOffset":0,"yOffset":41,"xAdvance":22},"7879":{"rect":{"x":307,"y":0,"width":26,"height":41},"xOffset":0,"yOffset":46,"xAdvance":23},"7880":{"rect":{"x":452,"y":155,"width":16,"height":42},"xOffset":0,"yOffset":38,"xAdvance":13},"7881":{"rect":{"x":452,"y":198,"width":16,"height":36},"xOffset":0,"yOffset":44,"xAdvance":13},"7882":{"rect":{"x":452,"y":309,"width":14,"height":41},"xOffset":0,"yOffset":46,"xAdvance":11},"7883":{"rect":{"x":453,"y":432,"width":14,"height":41},"xOffset":0,"yOffset":46,"xAdvance":11},"7884":{"rect":{"x":69,"y":287,"width":32,"height":41},"xOffset":0,"yOffset":46,"xAdvance":29},"7885":{"rect":{"x":224,"y":35,"width":27,"height":34},"xOffset":0,"yOffset":53,"xAdvance":24},"7886":{"rect":{"x":69,"y":204,"width":32,"height":42},"xOffset":0,"yOffset":38,"xAdvance":29},"7887":{"rect":{"x":252,"y":35,"width":27,"height":36},"xOffset":0,"yOffset":44,"xAdvance":24},"7888":{"rect":{"x":36,"y":97,"width":32,"height":42},"xOffset":0,"yOffset":38,"xAdvance":29},"7889":{"rect":{"x":223,"y":191,"width":28,"height":37},"xOffset":0,"yOffset":43,"xAdvance":25},"7890":{"rect":{"x":68,"y":454,"width":32,"height":41},"xOffset":0,"yOffset":39,"xAdvance":29},"7891":{"rect":{"x":223,"y":338,"width":27,"height":37},"xOffset":0,"yOffset":43,"xAdvance":24},"7892":{"rect":{"x":68,"y":410,"width":32,"height":43},"xOffset":0,"yOffset":37,"xAdvance":29},"7893":{"rect":{"x":223,"y":264,"width":27,"height":38},"xOffset":0,"yOffset":42,"xAdvance":24},"7894":{"rect":{"x":39,"y":35,"width":32,"height":43},"xOffset":0,"yOffset":37,"xAdvance":29},"7895":{"rect":{"x":224,"y":70,"width":27,"height":38},"xOffset":0,"yOffset":42,"xAdvance":24},"7896":{"rect":{"x":69,"y":119,"width":32,"height":46},"xOffset":0,"yOffset":41,"xAdvance":29},"7897":{"rect":{"x":252,"y":142,"width":27,"height":41},"xOffset":0,"yOffset":46,"xAdvance":24},"7898":{"rect":{"x":0,"y":299,"width":34,"height":39},"xOffset":0,"yOffset":41,"xAdvance":31},"7899":{"rect":{"x":193,"y":403,"width":29,"height":34},"xOffset":0,"yOffset":46,"xAdvance":26},"7900":{"rect":{"x":0,"y":181,"width":34,"height":39},"xOffset":0,"yOffset":41,"xAdvance":31},"7901":{"rect":{"x":164,"y":122,"width":29,"height":34},"xOffset":0,"yOffset":46,"xAdvance":26},"7902":{"rect":{"x":0,"y":409,"width":34,"height":42},"xOffset":0,"yOffset":38,"xAdvance":31},"7903":{"rect":{"x":164,"y":157,"width":29,"height":36},"xOffset":0,"yOffset":44,"xAdvance":26},"7904":{"rect":{"x":0,"y":221,"width":34,"height":39},"xOffset":0,"yOffset":41,"xAdvance":31},"7905":{"rect":{"x":164,"y":234,"width":29,"height":34},"xOffset":0,"yOffset":46,"xAdvance":26},"7906":{"rect":{"x":0,"y":452,"width":34,"height":44},"xOffset":0,"yOffset":43,"xAdvance":31},"7907":{"rect":{"x":194,"y":118,"width":29,"height":37},"xOffset":0,"yOffset":50,"xAdvance":26},"7908":{"rect":{"x":163,"y":438,"width":29,"height":41},"xOffset":0,"yOffset":46,"xAdvance":26},"7909":{"rect":{"x":386,"y":121,"width":25,"height":34},"xOffset":0,"yOffset":53,"xAdvance":22},"7910":{"rect":{"x":194,"y":75,"width":29,"height":42},"xOffset":0,"yOffset":38,"xAdvance":26},"7911":{"rect":{"x":334,"y":211,"width":25,"height":36},"xOffset":0,"yOffset":44,"xAdvance":22},"7912":{"rect":{"x":35,"y":160,"width":33,"height":39},"xOffset":0,"yOffset":41,"xAdvance":30},"7913":{"rect":{"x":133,"y":277,"width":29,"height":34},"xOffset":0,"yOffset":46,"xAdvance":26},"7914":{"rect":{"x":35,"y":240,"width":33,"height":39},"xOffset":0,"yOffset":41,"xAdvance":30},"7915":{"rect":{"x":193,"y":438,"width":29,"height":34},"xOffset":0,"yOffset":46,"xAdvance":26},"7916":{"rect":{"x":35,"y":367,"width":33,"height":42},"xOffset":0,"yOffset":38,"xAdvance":30},"7917":{"rect":{"x":193,"y":473,"width":29,"height":36},"xOffset":0,"yOffset":44,"xAdvance":26},"7918":{"rect":{"x":35,"y":327,"width":33,"height":39},"xOffset":0,"yOffset":41,"xAdvance":30},"7919":{"rect":{"x":167,"y":0,"width":29,"height":34},"xOffset":0,"yOffset":46,"xAdvance":26},"7920":{"rect":{"x":35,"y":280,"width":33,"height":46},"xOffset":0,"yOffset":41,"xAdvance":30},"7921":{"rect":{"x":164,"y":194,"width":29,"height":39},"xOffset":0,"yOffset":48,"xAdvance":26},"7922":{"rect":{"x":102,"y":154,"width":30,"height":39},"xOffset":0,"yOffset":41,"xAdvance":27},"7923":{"rect":{"x":223,"y":446,"width":27,"height":41},"xOffset":0,"yOffset":46,"xAdvance":24},"7924":{"rect":{"x":136,"y":0,"width":30,"height":41},"xOffset":0,"yOffset":46,"xAdvance":27},"7925":{"rect":{"x":251,"y":475,"width":27,"height":34},"xOffset":0,"yOffset":53,"xAdvance":24},"7926":{"rect":{"x":132,"y":317,"width":30,"height":42},"xOffset":0,"yOffset":38,"xAdvance":27},"7927":{"rect":{"x":224,"y":109,"width":27,"height":43},"xOffset":0,"yOffset":44,"xAdvance":24},"7928":{"rect":{"x":101,"y":466,"width":30,"height":39},"xOffset":0,"yOffset":41,"xAdvance":27},"7929":{"rect":{"x":251,"y":264,"width":27,"height":41},"xOffset":0,"yOffset":46,"xAdvance":24},"8734":{"rect":{"x":0,"y":160,"width":34,"height":20},"xOffset":0,"yOffset":56,"xAdvance":31}},"kerningDict":{}}},{"__type__":"cc.SpriteFrame","content":{"name":"MyriadSemiB_WY-export","texture":"3bCrPWWq5PUKVgVOogUJ7Y","rect":[0,0,468,511],"offset":[-22,0.5],"originalSize":[512,512],"capInsets":[0,0,0,0]}}]