[{"__type__":"cc.SpriteFrame","content":{"name":"singleColor","texture":"a8Anh32NZGRZegUtSgEj26","rect":[0,0,2,2],"offset":[0,0],"originalSize":[2,2],"capInsets":[0,0,0,0]}},[{"__type__":"cc.Prefab","_name":"item","data":{"__id__":1}},{"__type__":"cc.Node","_name":"item","_children":[{"__id__":2},{"__id__":3},{"__id__":5},{"__id__":7},{"__id__":9},{"__id__":11}],"_components":[{"__type__":"d4891jUjldP9bIGVML2EuXS","node":{"__id__":1},"time":{"__id__":4},"phien":{"__id__":6},"cuoc":{"__id__":8},"kq":[{"__id__":13},{"__id__":15},{"__id__":17}],"win":{"__id__":10}}],"_prefab":{"__type__":"cc.PrefabInfo","root":{"__id__":1},"asset":{"__id__":0},"fileId":"46iyfIihlKzpQK5qUOqZMo"},"_contentSize":{"__type__":"cc.Size","width":1070,"height":60},"_trs":{"__type__":"TypedArray","ctor":"Float64Array","array":[0,-30,0,0,0,0,1,1,1,1]},"_zIndex":0},{"__type__":"cc.Node","_name":"bg","_parent":{"__id__":1},"_components":[{"__type__":"cc.Sprite","node":{"__id__":2},"_spriteFrame":{"__uuid__":"41D7kWhyFGY7q4NDlzkazn"},"_sizeMode":0}],"_prefab":{"__type__":"cc.PrefabInfo","root":{"__id__":1},"asset":{"__id__":0},"fileId":"7eBf/bcgtGHJk40PA8qChP"},"_opacity":61,"_color":{"__type__":"cc.Color","r":97,"g":97,"b":97},"_contentSize":{"__type__":"cc.Size","width":1070,"height":60},"_trs":{"__type__":"TypedArray","ctor":"Float64Array","array":[0,0,0,0,0,0,1,1,1,1]},"_zIndex":0},{"__type__":"cc.Node","_name":"time","_parent":{"__id__":1},"_components":[{"__id__":4}],"_prefab":{"__type__":"cc.PrefabInfo","root":{"__id__":1},"asset":{"__id__":0},"fileId":"3cyatWEbJO9rioZTQ5B3yb"},"_contentSize":{"__type__":"cc.Size","height":22.5},"_trs":{"__type__":"TypedArray","ctor":"Float64Array","array":[-405,0,0,0,0,0,1,1,1,1]},"_zIndex":0},{"__type__":"cc.Label","node":{"__id__":3},"_useOriginalSize":false,"_fontSize":20,"_lineHeight":45,"_N$file":{"__uuid__":"3f/j3m06dBSKpjksQB+doY"},"_isSystemFontUsed":false,"_N$horizontalAlign":1,"_N$verticalAlign":1},{"__type__":"cc.Node","_name":"name","_parent":{"__id__":1},"_components":[{"__id__":6}],"_prefab":{"__type__":"cc.PrefabInfo","root":{"__id__":1},"asset":{"__id__":0},"fileId":"4fQHjwfNlJ1rjWRrGsYEt4"},"_contentSize":{"__type__":"cc.Size","height":22.5},"_trs":{"__type__":"TypedArray","ctor":"Float64Array","array":[-188.5,0,0,0,0,0,1,1,1,1]},"_zIndex":0},{"__type__":"cc.Label","node":{"__id__":5},"_useOriginalSize":false,"_fontSize":20,"_lineHeight":45,"_N$file":{"__uuid__":"3f/j3m06dBSKpjksQB+doY"},"_isSystemFontUsed":false,"_N$horizontalAlign":1,"_N$verticalAlign":1},{"__type__":"cc.Node","_name":"cuoc","_parent":{"__id__":1},"_components":[{"__id__":8}],"_prefab":{"__type__":"cc.PrefabInfo","root":{"__id__":1},"asset":{"__id__":0},"fileId":"7c+vl5swhP8J+mJ3sIwj1m"},"_contentSize":{"__type__":"cc.Size","height":22.5},"_trs":{"__type__":"TypedArray","ctor":"Float64Array","array":[-6,0,0,0,0,0,1,1,1,1]},"_zIndex":0},{"__type__":"cc.Label","node":{"__id__":7},"_useOriginalSize":false,"_fontSize":20,"_lineHeight":45,"_N$file":{"__uuid__":"3f/j3m06dBSKpjksQB+doY"},"_isSystemFontUsed":false,"_N$horizontalAlign":1,"_N$verticalAlign":1},{"__type__":"cc.Node","_name":"thang","_parent":{"__id__":1},"_components":[{"__id__":10}],"_prefab":{"__type__":"cc.PrefabInfo","root":{"__id__":1},"asset":{"__id__":0},"fileId":"63YCW+QjtMbrlB059PRNPz"},"_contentSize":{"__type__":"cc.Size","height":28.13},"_trs":{"__type__":"TypedArray","ctor":"Float64Array","array":[176,0,0,0,0,0,1,1,1,1]},"_zIndex":0},{"__type__":"cc.Label","node":{"__id__":9},"_useOriginalSize":false,"_fontSize":20,"_lineHeight":45,"_N$file":{"__uuid__":"50Yq4Ym45Oiale/Gz2e9FJ"},"_isSystemFontUsed":false,"_N$horizontalAlign":1,"_N$verticalAlign":1},{"__type__":"cc.Node","_name":"kq","_parent":{"__id__":1},"_children":[{"__id__":12},{"__id__":14},{"__id__":16}],"_prefab":{"__type__":"cc.PrefabInfo","root":{"__id__":1},"asset":{"__id__":0},"fileId":"ce4+TOtd1POKz7mPgQgeHc"},"_contentSize":{"__type__":"cc.Size","width":135,"height":50},"_trs":{"__type__":"TypedArray","ctor":"Float64Array","array":[396,0,0,0,0,0,1,1,1,1]},"_zIndex":0},{"__type__":"cc.Node","_name":"0","_parent":{"__id__":11},"_components":[{"__id__":13}],"_prefab":{"__type__":"cc.PrefabInfo","root":{"__id__":1},"asset":{"__id__":0},"fileId":"d88/llMINBaLdt6E2iRftE"},"_contentSize":{"__type__":"cc.Size","width":35,"height":50},"_trs":{"__type__":"TypedArray","ctor":"Float64Array","array":[-50,0,0,0,0,0,1,1,1,1]},"_zIndex":0},{"__type__":"cc.Sprite","node":{"__id__":12},"_sizeMode":0},{"__type__":"cc.Node","_name":"1","_parent":{"__id__":11},"_components":[{"__id__":15}],"_prefab":{"__type__":"cc.PrefabInfo","root":{"__id__":1},"asset":{"__id__":0},"fileId":"e2fw/CBRNMfYuepcxQhmEc"},"_contentSize":{"__type__":"cc.Size","width":35,"height":50},"_trs":{"__type__":"TypedArray","ctor":"Float64Array","array":[0,0,0,0,0,0,1,1,1,1]},"_zIndex":0},{"__type__":"cc.Sprite","node":{"__id__":14},"_sizeMode":0},{"__type__":"cc.Node","_name":"2","_parent":{"__id__":11},"_components":[{"__id__":17}],"_prefab":{"__type__":"cc.PrefabInfo","root":{"__id__":1},"asset":{"__id__":0},"fileId":"89RYG6sd5NKpY4SWg8qHUA"},"_contentSize":{"__type__":"cc.Size","width":35,"height":50},"_trs":{"__type__":"TypedArray","ctor":"Float64Array","array":[50,0,0,0,0,0,1,1,1,1]},"_zIndex":0},{"__type__":"cc.Sprite","node":{"__id__":16},"_sizeMode":0}]]