[{"__type__":"cc.BitmapFont","_name":"text1-export","spriteFrame":{"__uuid__":"f3mr9+RAFFyrx27rgMtp1E"},"fontSize":32,"_fntConfig":{"commonHeight":40,"fontSize":32,"atlasName":"text1-export.png","fontDefDictionary":{"9":{"rect":{"x":0,"y":0,"width":0,"height":0},"xOffset":0,"yOffset":0,"xAdvance":160},"32":{"rect":{"x":0,"y":0,"width":0,"height":0},"xOffset":0,"yOffset":0,"xAdvance":20},"33":{"rect":{"x":460,"y":439,"width":13,"height":31},"xOffset":12,"yOffset":8,"xAdvance":14},"34":{"rect":{"x":191,"y":190,"width":19,"height":17},"xOffset":9,"yOffset":8,"xAdvance":20},"35":{"rect":{"x":353,"y":221,"width":25,"height":28},"xOffset":6,"yOffset":10,"xAdvance":26},"36":{"rect":{"x":403,"y":64,"width":22,"height":36},"xOffset":8,"yOffset":6,"xAdvance":23},"37":{"rect":{"x":0,"y":316,"width":32,"height":32},"xOffset":3,"yOffset":8,"xAdvance":33},"38":{"rect":{"x":131,"y":279,"width":29,"height":32},"xOffset":4,"yOffset":8,"xAdvance":30},"39":{"rect":{"x":245,"y":451,"width":12,"height":18},"xOffset":13,"yOffset":8,"xAdvance":13},"40":{"rect":{"x":426,"y":41,"width":19,"height":40},"xOffset":9,"yOffset":8,"xAdvance":20},"41":{"rect":{"x":425,"y":0,"width":19,"height":40},"xOffset":9,"yOffset":8,"xAdvance":20},"42":{"rect":{"x":100,"y":89,"width":20,"height":21},"xOffset":9,"yOffset":8,"xAdvance":21},"43":{"rect":{"x":99,"y":382,"width":24,"height":23},"xOffset":7,"yOffset":16,"xAdvance":25},"44":{"rect":{"x":50,"y":454,"width":12,"height":18},"xOffset":13,"yOffset":27,"xAdvance":13},"45":{"rect":{"x":163,"y":153,"width":16,"height":13},"xOffset":11,"yOffset":20,"xAdvance":17},"46":{"rect":{"x":132,"y":76,"width":12,"height":12},"xOffset":13,"yOffset":27,"xAdvance":13},"47":{"rect":{"x":403,"y":133,"width":21,"height":35},"xOffset":8,"yOffset":8,"xAdvance":22},"48":{"rect":{"x":353,"y":325,"width":25,"height":32},"xOffset":6,"yOffset":8,"xAdvance":26},"49":{"rect":{"x":444,"y":215,"width":17,"height":31},"xOffset":10,"yOffset":8,"xAdvance":18},"50":{"rect":{"x":353,"y":250,"width":24,"height":31},"xOffset":7,"yOffset":8,"xAdvance":25},"51":{"rect":{"x":354,"y":282,"width":24,"height":32},"xOffset":7,"yOffset":8,"xAdvance":25},"52":{"rect":{"x":300,"y":368,"width":26,"height":31},"xOffset":6,"yOffset":8,"xAdvance":27},"53":{"rect":{"x":353,"y":147,"width":25,"height":32},"xOffset":6,"yOffset":8,"xAdvance":26},"54":{"rect":{"x":300,"y":400,"width":26,"height":32},"xOffset":6,"yOffset":8,"xAdvance":27},"55":{"rect":{"x":403,"y":101,"width":22,"height":31},"xOffset":8,"yOffset":8,"xAdvance":23},"56":{"rect":{"x":354,"y":26,"width":24,"height":32},"xOffset":7,"yOffset":8,"xAdvance":25},"57":{"rect":{"x":300,"y":433,"width":26,"height":31},"xOffset":6,"yOffset":8,"xAdvance":27},"58":{"rect":{"x":462,"y":361,"width":12,"height":25},"xOffset":13,"yOffset":14,"xAdvance":13},"59":{"rect":{"x":462,"y":329,"width":12,"height":31},"xOffset":13,"yOffset":14,"xAdvance":13},"60":{"rect":{"x":353,"y":0,"width":24,"height":25},"xOffset":7,"yOffset":15,"xAdvance":25},"61":{"rect":{"x":0,"y":454,"width":24,"height":21},"xOffset":7,"yOffset":17,"xAdvance":25},"62":{"rect":{"x":328,"y":108,"width":24,"height":25},"xOffset":7,"yOffset":15,"xAdvance":25},"63":{"rect":{"x":378,"y":250,"width":24,"height":31},"xOffset":7,"yOffset":8,"xAdvance":25},"64":{"rect":{"x":131,"y":135,"width":31,"height":32},"xOffset":3,"yOffset":8,"xAdvance":32},"65":{"rect":{"x":34,"y":158,"width":31,"height":31},"xOffset":3,"yOffset":8,"xAdvance":32},"66":{"rect":{"x":353,"y":358,"width":25,"height":31},"xOffset":6,"yOffset":8,"xAdvance":26},"67":{"rect":{"x":33,"y":421,"width":32,"height":32},"xOffset":3,"yOffset":8,"xAdvance":33},"68":{"rect":{"x":39,"y":0,"width":28,"height":31},"xOffset":5,"yOffset":8,"xAdvance":29},"69":{"rect":{"x":403,"y":249,"width":20,"height":31},"xOffset":9,"yOffset":8,"xAdvance":21},"70":{"rect":{"x":403,"y":360,"width":20,"height":31},"xOffset":9,"yOffset":8,"xAdvance":21},"71":{"rect":{"x":0,"y":162,"width":33,"height":32},"xOffset":2,"yOffset":8,"xAdvance":34},"72":{"rect":{"x":163,"y":82,"width":27,"height":31},"xOffset":5,"yOffset":8,"xAdvance":28},"73":{"rect":{"x":446,"y":81,"width":13,"height":31},"xOffset":12,"yOffset":8,"xAdvance":14},"74":{"rect":{"x":354,"y":59,"width":23,"height":32},"xOffset":7,"yOffset":8,"xAdvance":24},"75":{"rect":{"x":217,"y":296,"width":27,"height":31},"xOffset":5,"yOffset":8,"xAdvance":28},"76":{"rect":{"x":403,"y":328,"width":20,"height":31},"xOffset":9,"yOffset":8,"xAdvance":21},"77":{"rect":{"x":0,"y":382,"width":32,"height":31},"xOffset":3,"yOffset":8,"xAdvance":33},"78":{"rect":{"x":162,"y":211,"width":27,"height":31},"xOffset":5,"yOffset":8,"xAdvance":28},"79":{"rect":{"x":0,"y":349,"width":32,"height":32},"xOffset":3,"yOffset":8,"xAdvance":33},"80":{"rect":{"x":327,"y":434,"width":25,"height":31},"xOffset":6,"yOffset":8,"xAdvance":26},"81":{"rect":{"x":0,"y":58,"width":34,"height":32},"xOffset":2,"yOffset":8,"xAdvance":35},"82":{"rect":{"x":327,"y":218,"width":25,"height":31},"xOffset":6,"yOffset":8,"xAdvance":26},"83":{"rect":{"x":328,"y":32,"width":25,"height":32},"xOffset":6,"yOffset":8,"xAdvance":26},"84":{"rect":{"x":378,"y":59,"width":23,"height":31},"xOffset":7,"yOffset":8,"xAdvance":24},"85":{"rect":{"x":353,"y":390,"width":25,"height":32},"xOffset":6,"yOffset":8,"xAdvance":26},"86":{"rect":{"x":131,"y":247,"width":30,"height":31},"xOffset":4,"yOffset":8,"xAdvance":31},"87":{"rect":{"x":0,"y":0,"width":38,"height":31},"xOffset":0,"yOffset":8,"xAdvance":39},"88":{"rect":{"x":68,"y":79,"width":31,"height":31},"xOffset":3,"yOffset":8,"xAdvance":32},"89":{"rect":{"x":162,"y":243,"width":27,"height":31},"xOffset":5,"yOffset":8,"xAdvance":28},"90":{"rect":{"x":402,"y":32,"width":22,"height":31},"xOffset":8,"yOffset":8,"xAdvance":23},"91":{"rect":{"x":445,"y":288,"width":17,"height":40},"xOffset":10,"yOffset":8,"xAdvance":18},"92":{"rect":{"x":403,"y":169,"width":21,"height":35},"xOffset":8,"yOffset":8,"xAdvance":22},"93":{"rect":{"x":445,"y":247,"width":17,"height":40},"xOffset":10,"yOffset":8,"xAdvance":18},"94":{"rect":{"x":25,"y":454,"width":24,"height":19},"xOffset":7,"yOffset":8,"xAdvance":25},"95":{"rect":{"x":300,"y":466,"width":23,"height":9},"xOffset":7,"yOffset":35,"xAdvance":24},"96":{"rect":{"x":258,"y":451,"width":12,"height":18},"xOffset":13,"yOffset":8,"xAdvance":13},"97":{"rect":{"x":66,"y":446,"width":27,"height":26},"xOffset":5,"yOffset":14,"xAdvance":28},"98":{"rect":{"x":301,"y":36,"width":26,"height":32},"xOffset":6,"yOffset":8,"xAdvance":27},"99":{"rect":{"x":273,"y":447,"width":26,"height":26},"xOffset":6,"yOffset":14,"xAdvance":27},"100":{"rect":{"x":300,"y":335,"width":26,"height":32},"xOffset":6,"yOffset":8,"xAdvance":27},"101":{"rect":{"x":218,"y":268,"width":26,"height":26},"xOffset":6,"yOffset":14,"xAdvance":27},"102":{"rect":{"x":445,"y":160,"width":16,"height":31},"xOffset":11,"yOffset":8,"xAdvance":17},"103":{"rect":{"x":301,"y":69,"width":26,"height":34},"xOffset":6,"yOffset":14,"xAdvance":27},"104":{"rect":{"x":379,"y":0,"width":23,"height":31},"xOffset":7,"yOffset":8,"xAdvance":24},"105":{"rect":{"x":462,"y":387,"width":12,"height":31},"xOffset":13,"yOffset":8,"xAdvance":13},"106":{"rect":{"x":446,"y":42,"width":15,"height":38},"xOffset":11,"yOffset":8,"xAdvance":16},"107":{"rect":{"x":379,"y":329,"width":23,"height":31},"xOffset":7,"yOffset":8,"xAdvance":24},"108":{"rect":{"x":462,"y":0,"width":12,"height":31},"xOffset":13,"yOffset":8,"xAdvance":13},"109":{"rect":{"x":0,"y":91,"width":34,"height":25},"xOffset":2,"yOffset":14,"xAdvance":35},"110":{"rect":{"x":379,"y":361,"width":23,"height":25},"xOffset":7,"yOffset":14,"xAdvance":24},"111":{"rect":{"x":218,"y":447,"width":26,"height":26},"xOffset":6,"yOffset":14,"xAdvance":27},"112":{"rect":{"x":301,"y":104,"width":26,"height":31},"xOffset":6,"yOffset":14,"xAdvance":27},"113":{"rect":{"x":301,"y":297,"width":26,"height":31},"xOffset":6,"yOffset":14,"xAdvance":27},"114":{"rect":{"x":424,"y":450,"width":16,"height":25},"xOffset":11,"yOffset":14,"xAdvance":17},"115":{"rect":{"x":379,"y":32,"width":22,"height":26},"xOffset":8,"yOffset":14,"xAdvance":23},"116":{"rect":{"x":425,"y":215,"width":18,"height":31},"xOffset":10,"yOffset":8,"xAdvance":19},"117":{"rect":{"x":379,"y":162,"width":23,"height":26},"xOffset":7,"yOffset":14,"xAdvance":24},"118":{"rect":{"x":327,"y":408,"width":25,"height":25},"xOffset":6,"yOffset":14,"xAdvance":26},"119":{"rect":{"x":0,"y":32,"width":34,"height":25},"xOffset":2,"yOffset":14,"xAdvance":35},"120":{"rect":{"x":131,"y":356,"width":27,"height":25},"xOffset":5,"yOffset":14,"xAdvance":28},"121":{"rect":{"x":327,"y":0,"width":25,"height":31},"xOffset":6,"yOffset":14,"xAdvance":26},"122":{"rect":{"x":379,"y":223,"width":20,"height":25},"xOffset":9,"yOffset":14,"xAdvance":21},"123":{"rect":{"x":425,"y":133,"width":19,"height":40},"xOffset":9,"yOffset":8,"xAdvance":20},"124":{"rect":{"x":460,"y":81,"width":13,"height":35},"xOffset":12,"yOffset":8,"xAdvance":14},"125":{"rect":{"x":425,"y":174,"width":19,"height":40},"xOffset":9,"yOffset":8,"xAdvance":20},"126":{"rect":{"x":354,"y":92,"width":22,"height":15},"xOffset":8,"yOffset":20,"xAdvance":23},"192":{"rect":{"x":66,"y":406,"width":31,"height":39},"xOffset":3,"yOffset":0,"xAdvance":32},"193":{"rect":{"x":99,"y":342,"width":31,"height":39},"xOffset":3,"yOffset":0,"xAdvance":32},"194":{"rect":{"x":68,"y":40,"width":31,"height":38},"xOffset":3,"yOffset":1,"xAdvance":32},"195":{"rect":{"x":67,"y":116,"width":31,"height":37},"xOffset":3,"yOffset":2,"xAdvance":32},"200":{"rect":{"x":424,"y":330,"width":20,"height":39},"xOffset":9,"yOffset":0,"xAdvance":21},"201":{"rect":{"x":424,"y":410,"width":20,"height":39},"xOffset":9,"yOffset":0,"xAdvance":21},"202":{"rect":{"x":424,"y":249,"width":20,"height":38},"xOffset":9,"yOffset":1,"xAdvance":21},"204":{"rect":{"x":445,"y":329,"width":16,"height":39},"xOffset":11,"yOffset":0,"xAdvance":17},"205":{"rect":{"x":445,"y":120,"width":16,"height":39},"xOffset":11,"yOffset":0,"xAdvance":17},"210":{"rect":{"x":33,"y":333,"width":32,"height":40},"xOffset":3,"yOffset":0,"xAdvance":33},"211":{"rect":{"x":66,"y":322,"width":32,"height":40},"xOffset":3,"yOffset":0,"xAdvance":33},"212":{"rect":{"x":66,"y":243,"width":32,"height":39},"xOffset":3,"yOffset":1,"xAdvance":33},"213":{"rect":{"x":35,"y":77,"width":32,"height":38},"xOffset":3,"yOffset":2,"xAdvance":33},"217":{"rect":{"x":327,"y":177,"width":25,"height":40},"xOffset":6,"yOffset":0,"xAdvance":26},"218":{"rect":{"x":327,"y":250,"width":25,"height":40},"xOffset":6,"yOffset":0,"xAdvance":26},"221":{"rect":{"x":162,"y":433,"width":27,"height":39},"xOffset":5,"yOffset":0,"xAdvance":28},"224":{"rect":{"x":218,"y":37,"width":27,"height":35},"xOffset":5,"yOffset":5,"xAdvance":28},"225":{"rect":{"x":246,"y":302,"width":27,"height":35},"xOffset":5,"yOffset":5,"xAdvance":28},"226":{"rect":{"x":219,"y":107,"width":27,"height":34},"xOffset":5,"yOffset":6,"xAdvance":28},"227":{"rect":{"x":245,"y":268,"width":27,"height":33},"xOffset":5,"yOffset":7,"xAdvance":28},"232":{"rect":{"x":300,"y":0,"width":26,"height":35},"xOffset":6,"yOffset":5,"xAdvance":27},"233":{"rect":{"x":274,"y":36,"width":26,"height":35},"xOffset":6,"yOffset":5,"xAdvance":27},"234":{"rect":{"x":274,"y":300,"width":26,"height":34},"xOffset":6,"yOffset":6,"xAdvance":27},"236":{"rect":{"x":445,"y":404,"width":16,"height":34},"xOffset":11,"yOffset":5,"xAdvance":17},"237":{"rect":{"x":445,"y":369,"width":16,"height":34},"xOffset":11,"yOffset":5,"xAdvance":17},"242":{"rect":{"x":273,"y":338,"width":26,"height":35},"xOffset":6,"yOffset":5,"xAdvance":27},"243":{"rect":{"x":273,"y":0,"width":26,"height":35},"xOffset":6,"yOffset":5,"xAdvance":27},"244":{"rect":{"x":273,"y":265,"width":26,"height":34},"xOffset":6,"yOffset":6,"xAdvance":27},"245":{"rect":{"x":273,"y":231,"width":26,"height":33},"xOffset":6,"yOffset":7,"xAdvance":27},"249":{"rect":{"x":379,"y":387,"width":23,"height":35},"xOffset":7,"yOffset":5,"xAdvance":24},"250":{"rect":{"x":379,"y":423,"width":23,"height":35},"xOffset":7,"yOffset":5,"xAdvance":24},"253":{"rect":{"x":327,"y":136,"width":25,"height":40},"xOffset":6,"yOffset":5,"xAdvance":26},"258":{"rect":{"x":98,"y":406,"width":31,"height":37},"xOffset":3,"yOffset":2,"xAdvance":32},"259":{"rect":{"x":218,"y":234,"width":27,"height":33},"xOffset":5,"yOffset":7,"xAdvance":28},"272":{"rect":{"x":98,"y":444,"width":30,"height":31},"xOffset":4,"yOffset":8,"xAdvance":31},"273":{"rect":{"x":161,"y":279,"width":28,"height":32},"xOffset":5,"yOffset":8,"xAdvance":29},"296":{"rect":{"x":426,"y":82,"width":19,"height":37},"xOffset":9,"yOffset":2,"xAdvance":20},"297":{"rect":{"x":403,"y":0,"width":20,"height":31},"xOffset":9,"yOffset":8,"xAdvance":21},"360":{"rect":{"x":327,"y":329,"width":25,"height":38},"xOffset":6,"yOffset":2,"xAdvance":26},"361":{"rect":{"x":379,"y":189,"width":23,"height":33},"xOffset":7,"yOffset":7,"xAdvance":24},"416":{"rect":{"x":0,"y":279,"width":32,"height":36},"xOffset":3,"yOffset":4,"xAdvance":33},"417":{"rect":{"x":246,"y":338,"width":26,"height":30},"xOffset":6,"yOffset":10,"xAdvance":27},"431":{"rect":{"x":132,"y":39,"width":28,"height":36},"xOffset":5,"yOffset":4,"xAdvance":29},"432":{"rect":{"x":219,"y":142,"width":27,"height":30},"xOffset":5,"yOffset":10,"xAdvance":28},"7840":{"rect":{"x":68,"y":0,"width":31,"height":39},"xOffset":3,"yOffset":8,"xAdvance":32},"7841":{"rect":{"x":219,"y":73,"width":27,"height":33},"xOffset":5,"yOffset":14,"xAdvance":28},"7842":{"rect":{"x":100,"y":0,"width":31,"height":41},"xOffset":3,"yOffset":-2,"xAdvance":32},"7843":{"rect":{"x":218,"y":0,"width":27,"height":36},"xOffset":5,"yOffset":4,"xAdvance":28},"7844":{"rect":{"x":0,"y":234,"width":32,"height":44},"xOffset":3,"yOffset":-5,"xAdvance":33},"7845":{"rect":{"x":0,"y":195,"width":32,"height":38},"xOffset":3,"yOffset":2,"xAdvance":33},"7846":{"rect":{"x":99,"y":158,"width":31,"height":45},"xOffset":3,"yOffset":-6,"xAdvance":32},"7847":{"rect":{"x":218,"y":364,"width":27,"height":41},"xOffset":5,"yOffset":-1,"xAdvance":28},"7848":{"rect":{"x":99,"y":111,"width":31,"height":46},"xOffset":3,"yOffset":-7,"xAdvance":32},"7849":{"rect":{"x":160,"y":312,"width":28,"height":40},"xOffset":5,"yOffset":0,"xAdvance":29},"7850":{"rect":{"x":99,"y":204,"width":31,"height":44},"xOffset":3,"yOffset":-5,"xAdvance":32},"7851":{"rect":{"x":191,"y":116,"width":27,"height":39},"xOffset":5,"yOffset":1,"xAdvance":28},"7852":{"rect":{"x":99,"y":249,"width":31,"height":46},"xOffset":3,"yOffset":1,"xAdvance":32},"7853":{"rect":{"x":190,"y":36,"width":27,"height":41},"xOffset":5,"yOffset":6,"xAdvance":28},"7854":{"rect":{"x":99,"y":296,"width":31,"height":45},"xOffset":3,"yOffset":-6,"xAdvance":32},"7855":{"rect":{"x":190,"y":428,"width":27,"height":40},"xOffset":5,"yOffset":0,"xAdvance":28},"7856":{"rect":{"x":130,"y":382,"width":31,"height":45},"xOffset":3,"yOffset":-6,"xAdvance":32},"7857":{"rect":{"x":190,"y":349,"width":27,"height":40},"xOffset":5,"yOffset":0,"xAdvance":28},"7858":{"rect":{"x":100,"y":42,"width":31,"height":46},"xOffset":3,"yOffset":-7,"xAdvance":32},"7859":{"rect":{"x":190,"y":211,"width":27,"height":42},"xOffset":5,"yOffset":-2,"xAdvance":28},"7860":{"rect":{"x":130,"y":428,"width":31,"height":44},"xOffset":3,"yOffset":-5,"xAdvance":32},"7861":{"rect":{"x":163,"y":114,"width":27,"height":38},"xOffset":5,"yOffset":2,"xAdvance":28},"7862":{"rect":{"x":131,"y":89,"width":31,"height":45},"xOffset":3,"yOffset":2,"xAdvance":32},"7863":{"rect":{"x":218,"y":406,"width":27,"height":40},"xOffset":5,"yOffset":7,"xAdvance":28},"7864":{"rect":{"x":424,"y":370,"width":20,"height":39},"xOffset":9,"yOffset":8,"xAdvance":21},"7865":{"rect":{"x":300,"y":223,"width":26,"height":33},"xOffset":6,"yOffset":14,"xAdvance":27},"7866":{"rect":{"x":424,"y":288,"width":20,"height":41},"xOffset":9,"yOffset":-2,"xAdvance":21},"7867":{"rect":{"x":300,"y":144,"width":26,"height":36},"xOffset":6,"yOffset":4,"xAdvance":27},"7868":{"rect":{"x":403,"y":438,"width":20,"height":37},"xOffset":9,"yOffset":2,"xAdvance":21},"7869":{"rect":{"x":274,"y":110,"width":26,"height":33},"xOffset":6,"yOffset":7,"xAdvance":27},"7870":{"rect":{"x":218,"y":190,"width":27,"height":43},"xOffset":5,"yOffset":-4,"xAdvance":28},"7871":{"rect":{"x":131,"y":207,"width":30,"height":39},"xOffset":4,"yOffset":1,"xAdvance":31},"7872":{"rect":{"x":403,"y":392,"width":20,"height":45},"xOffset":9,"yOffset":-6,"xAdvance":21},"7873":{"rect":{"x":247,"y":118,"width":26,"height":40},"xOffset":6,"yOffset":0,"xAdvance":27},"7874":{"rect":{"x":379,"y":282,"width":23,"height":46},"xOffset":7,"yOffset":-7,"xAdvance":24},"7875":{"rect":{"x":247,"y":42,"width":26,"height":41},"xOffset":6,"yOffset":-1,"xAdvance":27},"7876":{"rect":{"x":403,"y":205,"width":21,"height":43},"xOffset":8,"yOffset":-4,"xAdvance":22},"7877":{"rect":{"x":246,"y":369,"width":26,"height":39},"xOffset":6,"yOffset":1,"xAdvance":27},"7878":{"rect":{"x":403,"y":281,"width":20,"height":46},"xOffset":9,"yOffset":1,"xAdvance":21},"7879":{"rect":{"x":246,"y":409,"width":26,"height":41},"xOffset":6,"yOffset":6,"xAdvance":27},"7880":{"rect":{"x":446,"y":0,"width":15,"height":41},"xOffset":11,"yOffset":-2,"xAdvance":16},"7881":{"rect":{"x":445,"y":439,"width":14,"height":35},"xOffset":12,"yOffset":4,"xAdvance":15},"7882":{"rect":{"x":462,"y":117,"width":13,"height":39},"xOffset":12,"yOffset":8,"xAdvance":14},"7883":{"rect":{"x":462,"y":157,"width":12,"height":39},"xOffset":13,"yOffset":8,"xAdvance":13},"7884":{"rect":{"x":0,"y":414,"width":32,"height":39},"xOffset":3,"yOffset":8,"xAdvance":33},"7885":{"rect":{"x":247,"y":84,"width":26,"height":33},"xOffset":6,"yOffset":14,"xAdvance":27},"7886":{"rect":{"x":33,"y":195,"width":32,"height":42},"xOffset":3,"yOffset":-2,"xAdvance":33},"7887":{"rect":{"x":246,"y":173,"width":26,"height":36},"xOffset":6,"yOffset":4,"xAdvance":27},"7888":{"rect":{"x":0,"y":117,"width":33,"height":44},"xOffset":2,"yOffset":-4,"xAdvance":34},"7889":{"rect":{"x":131,"y":168,"width":30,"height":38},"xOffset":4,"yOffset":2,"xAdvance":31},"7890":{"rect":{"x":33,"y":238,"width":32,"height":46},"xOffset":3,"yOffset":-6,"xAdvance":33},"7891":{"rect":{"x":246,"y":210,"width":26,"height":41},"xOffset":6,"yOffset":-1,"xAdvance":27},"7892":{"rect":{"x":33,"y":285,"width":32,"height":47},"xOffset":3,"yOffset":-7,"xAdvance":33},"7893":{"rect":{"x":246,"y":0,"width":26,"height":41},"xOffset":6,"yOffset":-1,"xAdvance":27},"7894":{"rect":{"x":35,"y":32,"width":32,"height":44},"xOffset":3,"yOffset":-4,"xAdvance":33},"7895":{"rect":{"x":300,"y":257,"width":26,"height":39},"xOffset":6,"yOffset":1,"xAdvance":27},"7896":{"rect":{"x":33,"y":374,"width":32,"height":46},"xOffset":3,"yOffset":1,"xAdvance":33},"7897":{"rect":{"x":300,"y":181,"width":26,"height":41},"xOffset":6,"yOffset":6,"xAdvance":27},"7898":{"rect":{"x":34,"y":117,"width":32,"height":40},"xOffset":3,"yOffset":0,"xAdvance":33},"7899":{"rect":{"x":273,"y":159,"width":26,"height":35},"xOffset":6,"yOffset":5,"xAdvance":27},"7900":{"rect":{"x":66,"y":158,"width":32,"height":40},"xOffset":3,"yOffset":0,"xAdvance":33},"7901":{"rect":{"x":273,"y":195,"width":26,"height":35},"xOffset":6,"yOffset":5,"xAdvance":27},"7902":{"rect":{"x":66,"y":363,"width":32,"height":42},"xOffset":3,"yOffset":-2,"xAdvance":33},"7903":{"rect":{"x":273,"y":374,"width":26,"height":36},"xOffset":6,"yOffset":4,"xAdvance":27},"7904":{"rect":{"x":66,"y":283,"width":32,"height":38},"xOffset":3,"yOffset":2,"xAdvance":33},"7905":{"rect":{"x":273,"y":411,"width":26,"height":35},"xOffset":6,"yOffset":5,"xAdvance":27},"7906":{"rect":{"x":66,"y":199,"width":32,"height":43},"xOffset":3,"yOffset":4,"xAdvance":33},"7907":{"rect":{"x":274,"y":72,"width":26,"height":37},"xOffset":6,"yOffset":10,"xAdvance":27},"7908":{"rect":{"x":327,"y":368,"width":25,"height":39},"xOffset":6,"yOffset":8,"xAdvance":26},"7909":{"rect":{"x":379,"y":128,"width":23,"height":33},"xOffset":7,"yOffset":14,"xAdvance":24},"7910":{"rect":{"x":328,"y":65,"width":25,"height":42},"xOffset":6,"yOffset":-2,"xAdvance":26},"7911":{"rect":{"x":379,"y":91,"width":23,"height":36},"xOffset":7,"yOffset":4,"xAdvance":24},"7912":{"rect":{"x":161,"y":41,"width":28,"height":40},"xOffset":5,"yOffset":0,"xAdvance":29},"7913":{"rect":{"x":218,"y":328,"width":27,"height":35},"xOffset":5,"yOffset":5,"xAdvance":28},"7914":{"rect":{"x":161,"y":0,"width":28,"height":40},"xOffset":5,"yOffset":0,"xAdvance":29},"7915":{"rect":{"x":190,"y":0,"width":27,"height":35},"xOffset":5,"yOffset":5,"xAdvance":28},"7916":{"rect":{"x":162,"y":168,"width":28,"height":42},"xOffset":5,"yOffset":-2,"xAdvance":29},"7917":{"rect":{"x":189,"y":312,"width":27,"height":36},"xOffset":5,"yOffset":4,"xAdvance":28},"7918":{"rect":{"x":132,"y":0,"width":28,"height":38},"xOffset":5,"yOffset":2,"xAdvance":29},"7919":{"rect":{"x":191,"y":156,"width":27,"height":33},"xOffset":5,"yOffset":7,"xAdvance":28},"7920":{"rect":{"x":131,"y":312,"width":28,"height":43},"xOffset":5,"yOffset":4,"xAdvance":29},"7921":{"rect":{"x":191,"y":78,"width":27,"height":37},"xOffset":5,"yOffset":10,"xAdvance":28},"7922":{"rect":{"x":162,"y":393,"width":27,"height":39},"xOffset":5,"yOffset":0,"xAdvance":28},"7923":{"rect":{"x":353,"y":180,"width":25,"height":40},"xOffset":6,"yOffset":5,"xAdvance":26},"7924":{"rect":{"x":162,"y":353,"width":27,"height":39},"xOffset":5,"yOffset":8,"xAdvance":28},"7925":{"rect":{"x":328,"y":291,"width":25,"height":33},"xOffset":6,"yOffset":14,"xAdvance":26},"7926":{"rect":{"x":190,"y":254,"width":27,"height":41},"xOffset":5,"yOffset":-2,"xAdvance":28},"7927":{"rect":{"x":353,"y":423,"width":25,"height":41},"xOffset":6,"yOffset":4,"xAdvance":26},"7928":{"rect":{"x":190,"y":390,"width":27,"height":37},"xOffset":5,"yOffset":2,"xAdvance":28},"7929":{"rect":{"x":353,"y":108,"width":25,"height":38},"xOffset":6,"yOffset":7,"xAdvance":26}},"kerningDict":{"4259879":-5,"4259907":-3,"4259911":-3,"4259919":-2,"4259921":-2,"4259924":-6,"4259925":-2,"4259926":-8,"4259927":-6,"4259929":-8,"4259939":-2,"4259940":-2,"4259941":-2,"4259943":-1,"4259951":-2,"4259952":-1,"4259953":-2,"4259956":-4,"4259957":-2,"4259958":-6,"4259959":-5,"4259961":-5,"4325420":-1,"4325422":-1,"4325441":-2,"4325445":-1,"4325452":-1,"4325456":-1,"4325458":-1,"4325461":-1,"4325462":-4,"4325463":-4,"4325465":-5,"4325474":-1,"4325481":-1,"4325483":-1,"4325484":-1,"4325490":-1,"4325493":-1,"4325497":-3,"4390956":-2,"4390958":-2,"4390977":-3,"4390991":-1,"4390994":-1,"4391009":-2,"4391026":-1,"4456492":-1,"4456494":-1,"4456513":-2,"4456516":-1,"4456517":-1,"4456521":-1,"4456524":-1,"4456525":-1,"4456526":-1,"4456527":-1,"4456528":-1,"4456530":-1,"4456533":-1,"4456534":-2,"4456535":-2,"4456537":-3,"4456545":-1,"4522051":-1,"4522063":-1,"4522101":-1,"4522102":-1,"4587564":-8,"4587566":-8,"4587578":-1,"4587579":-1,"4587585":-5,"4587587":-1,"4587591":-1,"4587599":-1,"4587617":-1,"4587621":-1,"4587625":-1,"4587631":-1,"4587634":-1,"4587636":-1,"4587637":-1,"4587641":-1,"4653125":-1,"4653135":-1,"4653138":-1,"4653141":-1,"4653173":-1,"4718671":-1,"4718693":-1,"4718703":-1,"4718709":-1,"4718713":-1,"4784195":-1,"4784199":-1,"4784207":-1,"4784227":-1,"4784228":-1,"4784239":-1,"4784241":-1,"4784244":-1,"4849708":-1,"4849710":-1,"4849729":-2,"4849743":-1,"4849761":-1,"4849765":-1,"4849775":-1,"4849781":-1,"4915279":-3,"4915301":-3,"4915311":-3,"4915317":-3,"4980775":-8,"4980803":-2,"4980807":-2,"4980815":-1,"4980820":-6,"4980821":-1,"4980822":-7,"4980823":-5,"4980825":-8,"4980853":-1,"4980857":-5,"5046343":-1,"5046351":-1,"5046369":-1,"5046371":-1,"5046372":-1,"5046373":-1,"5046383":-1,"5111852":-1,"5111854":-1,"5111875":-1,"5111879":-1,"5111887":-1,"5111905":-1,"5111909":-1,"5111913":-1,"5111919":-1,"5111925":-1,"5177388":-1,"5177390":-1,"5177409":-2,"5177410":-1,"5177412":-1,"5177413":-1,"5177414":-1,"5177416":-1,"5177417":-1,"5177419":-1,"5177420":-1,"5177421":-1,"5177422":-1,"5177424":-1,"5177426":-1,"5177428":-1,"5177429":-1,"5177430":-2,"5177431":-2,"5177432":-3,"5177433":-3,"5177441":-1,"5177442":-1,"5177448":-1,"5177451":-1,"5177452":-1,"5242924":-6,"5242926":-6,"5242938":-1,"5242939":-1,"5242945":-5,"5242949":-1,"5242956":-1,"5242959":-1,"5242960":-1,"5242965":-1,"5242969":-3,"5242977":-1,"5242981":-1,"5242991":-1,"5308501":-1,"5374019":-1,"5374023":-1,"5374036":-1,"5374037":-1,"5374038":-2,"5374039":-2,"5374041":-3,"5374052":-1,"5374053":-1,"5374063":-1,"5374068":-1,"5374069":-1,"5439532":-1,"5439534":-1,"5439561":-1,"5439565":-1,"5439572":-2,"5439573":-1,"5439593":-1,"5439600":-1,"5439605":-1,"5505068":-6,"5505070":-6,"5505082":-1,"5505083":-1,"5505089":-6,"5505091":-1,"5505103":-1,"5505121":-3,"5505123":-3,"5505125":-3,"5505129":-1,"5505135":-3,"5505138":-1,"5505139":-3,"5505141":-1,"5505143":-1,"5505145":-1,"5570604":-1,"5570606":-1,"5570625":-2,"5570627":-1,"5570631":-1,"5570639":-1,"5570643":-1,"5570657":-1,"5570663":-1,"5570669":-1,"5570670":-1,"5570672":-1,"5570675":-1,"5636140":-7,"5636142":-7,"5636154":-3,"5636155":-3,"5636161":-8,"5636163":-3,"5636167":-3,"5636175":-3,"5636179":-4,"5636193":-5,"5636197":-5,"5636201":-2,"5636207":-5,"5636210":-3,"5636213":-3,"5701676":-5,"5701678":-5,"5701690":-2,"5701691":-2,"5701697":-6,"5701699":-2,"5701703":-2,"5701711":-2,"5701732":-3,"5701737":-1,"5701741":-2,"5701746":-2,"5701748":-2,"5701749":-2,"5701753":-2,"5767265":-3,"5767269":-3,"5767279":-3,"5767285":-3,"5767289":-4,"5832748":-8,"5832750":-8,"5832762":-2,"5832763":-2,"5832769":-8,"5832771":-2,"5832783":-2,"5832787":-3,"5832804":-4,"5832805":-4,"5832809":-1,"5832816":-2,"5832821":-2,"5832822":-2,"5898319":-1,"6357091":-1,"6357092":-1,"6357093":-1,"6357094":-1,"6357095":-1,"6357104":-1,"6357108":-1,"6357109":-1,"6357110":-1,"6357111":-1,"6357113":-1,"6422572":-1,"6422574":-1,"6422636":-1,"6422642":-1,"6422645":-1,"6422649":-2,"6488161":-1,"6488168":-1,"6488171":-1,"6553644":-1,"6553646":-1,"6553697":-1,"6553699":-1,"6553701":-1,"6553703":-1,"6553711":-1,"6553716":-1,"6553717":-1,"6553718":-1,"6553719":-1,"6553721":-1,"6619180":-1,"6619182":-1,"6619233":-1,"6619241":-1,"6619244":-1,"6619245":-1,"6619246":-1,"6619248":-1,"6619250":-1,"6619252":-1,"6619253":-1,"6619254":-2,"6619255":-2,"6619257":-2,"6684716":-3,"6684718":-3,"6684769":-1,"6684773":-1,"6684774":-1,"6684777":-1,"6684780":-1,"6684783":-1,"6750252":-1,"6750254":-1,"6750305":-1,"6750309":-1,"6750311":-1,"6750312":-1,"6750316":-1,"6750319":-1,"6815843":-1,"6815844":-1,"6815845":-1,"6815847":-1,"6815855":-1,"6815856":-1,"6815860":-1,"6815861":-1,"6815862":-2,"6815863":-2,"6815865":-2,"6881379":-1,"6881380":-1,"6881381":-1,"6881383":-1,"6881391":-1,"6881392":-1,"6881396":-1,"6881397":-1,"6881398":-1,"6946860":-1,"6946862":-1,"6946913":-1,"6946917":-1,"6946927":-1,"6946933":-1,"7012449":-3,"7012451":-3,"7012452":-3,"7012453":-3,"7012455":-1,"7012463":-3,"7077985":-1,"7077987":-1,"7077988":-1,"7077989":-1,"7077990":-1,"7077991":-1,"7077999":-1,"7078000":-1,"7078001":-1,"7078005":-1,"7078006":-1,"7078007":-1,"7078009":-1,"7143521":-1,"7143523":-1,"7143524":-1,"7143525":-1,"7143527":-1,"7143534":-1,"7143535":-1,"7143536":-1,"7143540":-1,"7143541":-1,"7143542":-2,"7143545":-2,"7209059":-1,"7209060":-1,"7209061":-1,"7209063":-1,"7209071":-1,"7209072":-1,"7209076":-1,"7209077":-1,"7209078":-2,"7209079":-2,"7209081":-2,"7274540":-1,"7274542":-1,"7274594":-1,"7274598":-1,"7274600":-1,"7274602":-3,"7274603":-1,"7274604":-1,"7274605":-1,"7274606":-1,"7274608":-1,"7274610":-1,"7274613":-1,"7274614":-2,"7274615":-2,"7274616":-3,"7274617":-2,"7340076":-1,"7340078":-1,"7340129":-1,"7340136":-1,"7340137":-1,"7340140":-1,"7340144":-1,"7340149":-1,"7405685":-1,"7471148":-5,"7471150":-5,"7471201":-1,"7471204":-1,"7471205":-1,"7471207":-1,"7471211":-1,"7471212":-1,"7471213":-1,"7471214":-1,"7471215":-1,"7471217":-1,"7471218":-1,"7471220":-1,"7471222":-1,"7471225":-1,"7536684":-1,"7536686":-1,"7536744":-1,"7536756":-2,"7536757":-1,"7602220":-4,"7602222":-4,"7602273":-1,"7602276":-1,"7602277":-1,"7602287":-1,"7667809":-1,"7667811":-1,"7667812":-1,"7667813":-1,"7667815":-1,"7667823":-1,"7667824":-1,"7667825":-1,"7667828":-1,"7667830":-1,"7667831":-1,"7667833":-1,"7733292":-4,"7733294":-4,"7733345":-2,"7733346":-1,"7733347":-2,"7733348":-2,"7733349":-2,"7733351":-2,"7733359":-2,"7733366":-1,"7733369":-1,"7798828":-4,"7798830":-4,"7798881":-2,"7798884":-2,"7798885":-2,"7798887":-2,"7798888":-1,"7798895":-2,"7798904":-2,"7864417":-3,"7864421":-3,"7864431":-3,"7929900":-5,"7929902":-5,"7929953":-2,"7929955":-2,"7929956":-2,"7929957":-2,"7929967":-2}}},{"__type__":"cc.SpriteFrame","content":{"name":"text1-export","texture":"81A2Sfu7ZD0aRWFp4XCG94","rect":[0,0,476,476],"offset":[0,0],"originalSize":[476,476],"capInsets":[0,0,0,0]}}]