[{"__type__":"cc.SpriteFrame","content":{"name":"Font_Myriad_Number-export","texture":"7cFFUI9ndN0YhCXewg/DbO","rect":[0,0,90,118],"offset":[-19,5],"originalSize":[128,128],"capInsets":[0,0,0,0]}},{"__type__":"cc.BitmapFont","_name":"Font_Myriad_Number-export","spriteFrame":{"__uuid__":"1eezL0BRBMip+dA0argZ5i"},"fontSize":32,"_fntConfig":{"commonHeight":80,"fontSize":32,"atlasName":"Font_Myriad_Number-export.png","fontDefDictionary":{"9":{"rect":{"x":0,"y":0,"width":0,"height":0},"xOffset":0,"yOffset":0,"xAdvance":160},"32":{"rect":{"x":0,"y":0,"width":0,"height":0},"xOffset":0,"yOffset":0,"xAdvance":20},"44":{"rect":{"x":73,"y":29,"width":12,"height":15},"xOffset":0,"yOffset":69,"xAdvance":13},"46":{"rect":{"x":73,"y":45,"width":11,"height":11},"xOffset":0,"yOffset":69,"xAdvance":12},"47":{"rect":{"x":71,"y":88,"width":19,"height":30},"xOffset":0,"yOffset":51,"xAdvance":20},"48":{"rect":{"x":33,"y":0,"width":23,"height":28},"xOffset":0,"yOffset":52,"xAdvance":24},"49":{"rect":{"x":72,"y":58,"width":14,"height":28},"xOffset":0,"yOffset":52,"xAdvance":15},"50":{"rect":{"x":48,"y":89,"width":22,"height":28},"xOffset":0,"yOffset":52,"xAdvance":23},"51":{"rect":{"x":49,"y":59,"width":22,"height":28},"xOffset":0,"yOffset":52,"xAdvance":23},"52":{"rect":{"x":0,"y":30,"width":25,"height":28},"xOffset":0,"yOffset":52,"xAdvance":26},"53":{"rect":{"x":50,"y":29,"width":22,"height":28},"xOffset":0,"yOffset":52,"xAdvance":23},"54":{"rect":{"x":24,"y":89,"width":23,"height":28},"xOffset":0,"yOffset":52,"xAdvance":24},"55":{"rect":{"x":57,"y":0,"width":21,"height":28},"xOffset":0,"yOffset":52,"xAdvance":22},"56":{"rect":{"x":0,"y":89,"width":23,"height":28},"xOffset":0,"yOffset":52,"xAdvance":24},"57":{"rect":{"x":26,"y":30,"width":23,"height":28},"xOffset":0,"yOffset":52,"xAdvance":24},"58":{"rect":{"x":79,"y":0,"width":11,"height":22},"xOffset":0,"yOffset":58,"xAdvance":12},"66":{"rect":{"x":25,"y":59,"width":23,"height":29},"xOffset":0,"yOffset":51,"xAdvance":24},"75":{"rect":{"x":0,"y":59,"width":24,"height":29},"xOffset":0,"yOffset":51,"xAdvance":25},"77":{"rect":{"x":0,"y":0,"width":32,"height":29},"xOffset":0,"yOffset":51,"xAdvance":33}},"kerningDict":{}}}]