[{"__type__":"cc.BitmapFont","_name":"text2-export","spriteFrame":{"__uuid__":"b6E7c/NyBDS5lDfQ/dOPcJ"},"fontSize":32,"_fntConfig":{"commonHeight":40,"fontSize":32,"atlasName":"text2-export.png","fontDefDictionary":{"9":{"rect":{"x":0,"y":0,"width":0,"height":0},"xOffset":0,"yOffset":0,"xAdvance":160},"32":{"rect":{"x":0,"y":0,"width":0,"height":0},"xOffset":0,"yOffset":0,"xAdvance":20},"43":{"rect":{"x":47,"y":135,"width":45,"height":46},"xOffset":0,"yOffset":-12,"xAdvance":46},"44":{"rect":{"x":74,"y":182,"width":16,"height":28},"xOffset":0,"yOffset":23,"xAdvance":17},"45":{"rect":{"x":47,"y":182,"width":26,"height":16},"xOffset":0,"yOffset":3,"xAdvance":27},"46":{"rect":{"x":177,"y":136,"width":16,"height":17},"xOffset":0,"yOffset":23,"xAdvance":17},"47":{"rect":{"x":138,"y":136,"width":38,"height":75},"xOffset":0,"yOffset":-25,"xAdvance":39},"48":{"rect":{"x":138,"y":67,"width":44,"height":68},"xOffset":0,"yOffset":-27,"xAdvance":45},"49":{"rect":{"x":139,"y":0,"width":23,"height":65},"xOffset":0,"yOffset":-25,"xAdvance":24},"50":{"rect":{"x":93,"y":136,"width":44,"height":67},"xOffset":0,"yOffset":-27,"xAdvance":45},"51":{"rect":{"x":47,"y":66,"width":45,"height":68},"xOffset":0,"yOffset":-27,"xAdvance":46},"52":{"rect":{"x":0,"y":0,"width":47,"height":65},"xOffset":0,"yOffset":-25,"xAdvance":48},"53":{"rect":{"x":93,"y":0,"width":45,"height":66},"xOffset":0,"yOffset":-25,"xAdvance":46},"54":{"rect":{"x":0,"y":134,"width":46,"height":66},"xOffset":0,"yOffset":-25,"xAdvance":47},"55":{"rect":{"x":48,"y":0,"width":39,"height":65},"xOffset":0,"yOffset":-25,"xAdvance":40},"56":{"rect":{"x":93,"y":67,"width":44,"height":68},"xOffset":0,"yOffset":-27,"xAdvance":45},"57":{"rect":{"x":0,"y":66,"width":46,"height":67},"xOffset":0,"yOffset":-27,"xAdvance":47},"58":{"rect":{"x":177,"y":154,"width":16,"height":47},"xOffset":0,"yOffset":-7,"xAdvance":17},"59":{"rect":{"x":163,"y":0,"width":16,"height":58},"xOffset":0,"yOffset":-7,"xAdvance":17}},"kerningDict":{}}},{"__type__":"cc.SpriteFrame","content":{"name":"text2-export","texture":"56JkyaGalHS7nJjtzJH+H4","rect":[0,0,194,212],"offset":[0,0],"originalSize":[194,212],"capInsets":[0,0,0,0]}}]