{"__type__":"dragonBones.DragonBonesAsset","_name":"duobaoyu_ske","_dragonBonesJson":"{\"frameRate\":24,\"name\":\"duobaoyu\",\"version\":\"5.5\",\"compatibleVersion\":\"5.5\",\"armature\":[{\"type\":\"Sheet\",\"frameRate\":24,\"name\":\"duobaoyu\",\"aabb\":{\"x\":-510,\"y\":-382.5,\"width\":1020,\"height\":765},\"bone\":[{\"name\":\"root\"}],\"slot\":[{\"displayIndex\":1,\"name\":\"sheetSlot\",\"parent\":\"root\"}],\"skin\":[{\"slot\":[{\"name\":\"sheetSlot\",\"display\":[{\"name\":\"kyby_dby_01\"},{\"name\":\"kyby_dby_02\"},{\"name\":\"kyby_dby_03\"},{\"name\":\"kyby_dby_04\"},{\"name\":\"kyby_dby_05\"},{\"name\":\"kyby_dby_06\"},{\"name\":\"kyby_dby_07\"},{\"name\":\"kyby_dby_08\"},{\"name\":\"kyby_dby_09\"},{\"name\":\"kyby_dby_10\"}]}]}],\"animation\":[{\"duration\":10,\"playTimes\":0,\"name\":\"duobaoyu\",\"slot\":[{\"name\":\"sheetSlot\",\"displayFrame\":[{},{\"value\":1},{\"value\":2},{\"value\":3},{\"value\":4},{\"value\":5},{\"value\":6},{\"value\":7},{\"value\":8},{\"value\":9}]}]}],\"defaultActions\":[{\"gotoAndPlay\":\"duobaoyu\"}]}]}"}