{"__type__":"dragonBones.DragonBonesAsset","_name":"kyby_hailang_ske","_dragonBonesJson":"{\"frameRate\":30,\"name\":\"kyby_hailang\",\"version\":\"5.5\",\"compatibleVersion\":\"5.5\",\"armature\":[{\"type\":\"Armature\",\"frameRate\":30,\"name\":\"kyby_hailang\",\"aabb\":{\"x\":-428.34,\"y\":-227.61,\"width\":1404.79,\"height\":526.99},\"bone\":[{\"name\":\"root\"},{\"length\":154,\"name\":\"1\",\"parent\":\"root\",\"transform\":{\"x\":339.3397,\"y\":2.85,\"skX\":179.2275,\"skY\":179.2275,\"scX\":2,\"scY\":2}},{\"length\":154,\"name\":\"11\",\"parent\":\"root\",\"transform\":{\"x\":339.3397,\"y\":2.85,\"skX\":179.2275,\"skY\":179.2275,\"scX\":2,\"scY\":2}},{\"length\":275,\"name\":\"0012\",\"parent\":\"root\",\"transform\":{\"x\":526.4029,\"y\":-43.4724,\"skX\":179.5735,\"skY\":179.5735}},{\"name\":\"paopao\",\"parent\":\"root\",\"transform\":{\"x\":681.4131,\"y\":289.6115,\"scX\":0.5807,\"scY\":0.5807}},{\"name\":\"paopao1\",\"parent\":\"root\",\"transform\":{\"x\":587.4651,\"y\":142.948,\"scX\":1.2394,\"scY\":1.2394}},{\"name\":\"paopao11\",\"parent\":\"root\",\"transform\":{\"x\":786.0867,\"y\":-1.4416,\"scX\":1.1155,\"scY\":1.1155}},{\"name\":\"paopao111\",\"parent\":\"root\",\"transform\":{\"x\":918.0259,\"y\":-91.2587,\"scX\":0.9012,\"scY\":0.9012}},{\"name\":\"paopao1111\",\"parent\":\"root\",\"transform\":{\"x\":597.1139,\"y\":-36.6863,\"scX\":1.5143,\"scY\":1.5143}},{\"name\":\"paopao11111\",\"parent\":\"root\",\"transform\":{\"x\":707.9747,\"y\":-217.1733,\"scX\":1.1155,\"scY\":1.1155}},{\"name\":\"paopao111111\",\"parent\":\"root\",\"transform\":{\"x\":965.8236,\"y\":248.1515,\"scX\":0.9849,\"scY\":0.9849}},{\"name\":\"paopao1111111\",\"parent\":\"root\",\"transform\":{\"x\":867.1133,\"y\":144.1378,\"skX\":-0.3361,\"skY\":-0.3361,\"scX\":0.8483,\"scY\":0.8483}}],\"slot\":[{\"name\":\"0012\",\"parent\":\"0012\"},{\"displayIndex\":2,\"name\":\"1\",\"parent\":\"1\"},{\"displayIndex\":2,\"name\":\"11\",\"parent\":\"11\"},{\"name\":\"paopao\",\"parent\":\"paopao\"},{\"name\":\"paopao1\",\"parent\":\"paopao1\"},{\"name\":\"paopao11\",\"parent\":\"paopao11\"},{\"name\":\"paopao111\",\"parent\":\"paopao111\"},{\"name\":\"paopao1111\",\"parent\":\"paopao1111\"},{\"name\":\"paopao11111\",\"parent\":\"paopao11111\"},{\"name\":\"paopao111111\",\"parent\":\"paopao111111\"},{\"name\":\"paopao1111111\",\"parent\":\"paopao1111111\"}],\"skin\":[{\"slot\":[{\"name\":\"paopao1111111\",\"display\":[{\"name\":\"paopao\",\"transform\":{\"x\":0.63,\"y\":-0.39}}]},{\"name\":\"paopao11111\",\"display\":[{\"name\":\"paopao\",\"transform\":{\"x\":0.63,\"y\":-0.39}}]},{\"name\":\"paopao1111\",\"display\":[{\"name\":\"paopao\",\"transform\":{\"x\":0.63,\"y\":-0.39}}]},{\"name\":\"paopao1\",\"display\":[{\"name\":\"paopao\",\"transform\":{\"x\":0.63,\"y\":-0.39}}]},{\"name\":\"11\",\"display\":[{\"name\":\"3\",\"transform\":{\"x\":193.21,\"y\":5.46,\"skX\":-179.23,\"skY\":-179.23}},{\"name\":\"2\",\"transform\":{\"x\":193.21,\"y\":5.46,\"skX\":-179.23,\"skY\":-179.23}},{\"name\":\"1\",\"transform\":{\"x\":193.21,\"y\":5.46,\"skX\":-179.23,\"skY\":-179.23}}]},{\"name\":\"0012\",\"display\":[{\"name\":\"0012\",\"transform\":{\"x\":635.03,\"y\":-35.69,\"skX\":-179.57,\"skY\":-179.57,\"scX\":2,\"scY\":2}}]},{\"name\":\"paopao11\",\"display\":[{\"name\":\"paopao\",\"transform\":{\"x\":0.63,\"y\":-0.39}}]},{\"name\":\"paopao\",\"display\":[{\"name\":\"paopao\",\"transform\":{\"x\":0.63,\"y\":-0.39}}]},{\"name\":\"paopao111\",\"display\":[{\"name\":\"paopao\",\"transform\":{\"x\":0.63,\"y\":-0.39}}]},{\"name\":\"paopao111111\",\"display\":[{\"name\":\"paopao\",\"transform\":{\"x\":0.63,\"y\":-0.39}}]},{\"name\":\"1\",\"display\":[{\"name\":\"3\",\"transform\":{\"x\":193.21,\"y\":5.46,\"skX\":-179.23,\"skY\":-179.23}},{\"name\":\"2\",\"transform\":{\"x\":193.21,\"y\":5.46,\"skX\":-179.23,\"skY\":-179.23}},{\"name\":\"1\",\"transform\":{\"x\":193.21,\"y\":5.46,\"skX\":-179.23,\"skY\":-179.23}}]}]}],\"animation\":[{\"duration\":75,\"name\":\"hailang\",\"bone\":[{\"name\":\"1\",\"translateFrame\":[{\"duration\":12,\"curve\":[0.4951219512195122,0.20940819423368742,1,1],\"x\":-1038.26},{\"duration\":48,\"curve\":[0,0,0.5,1],\"x\":-140.93},{\"duration\":15,\"x\":404.16}]},{\"name\":\"11\",\"translateFrame\":[{\"duration\":12,\"curve\":[0.47560975609756095,0.1456752655538695,1,1],\"x\":-1044.75},{\"duration\":48,\"curve\":[0,0,0.5,1],\"x\":-142.25},{\"duration\":15,\"x\":403.44}],\"scaleFrame\":[{\"duration\":60,\"tweenEasing\":0},{\"duration\":15,\"x\":1.1}]},{\"name\":\"0012\",\"translateFrame\":[{\"duration\":17},{\"duration\":17,\"tweenEasing\":0,\"x\":80.81,\"y\":1.69},{\"duration\":19,\"tweenEasing\":0,\"x\":60.57,\"y\":0.54},{\"duration\":22,\"x\":37.64,\"y\":-0.76}],\"scaleFrame\":[{\"duration\":17,\"tweenEasing\":0,\"x\":0.41},{\"duration\":36,\"tweenEasing\":0,\"x\":0.7},{\"duration\":22,\"x\":0.8}]},{\"name\":\"paopao\",\"translateFrame\":[{\"duration\":22},{\"duration\":35,\"tweenEasing\":0,\"x\":-564.87,\"y\":-72.47},{\"duration\":18,\"x\":-841.54,\"y\":-61.32}]},{\"name\":\"paopao1\",\"translateFrame\":[{\"duration\":14},{\"duration\":40,\"tweenEasing\":0,\"x\":-564.87,\"y\":-72.47},{\"duration\":21,\"x\":-841.54,\"y\":-61.32}]},{\"name\":\"paopao11\",\"translateFrame\":[{\"duration\":25},{\"duration\":37,\"tweenEasing\":0,\"x\":-625.5,\"y\":-72.47},{\"duration\":13,\"x\":-841.54,\"y\":-61.32}]},{\"name\":\"paopao111\",\"translateFrame\":[{\"duration\":31},{\"duration\":40,\"tweenEasing\":0,\"x\":-536.94,\"y\":-72.47},{\"duration\":4,\"x\":-841.54,\"y\":-61.32}]},{\"name\":\"paopao1111\",\"translateFrame\":[{\"duration\":16},{\"duration\":34,\"tweenEasing\":0,\"x\":-672.57,\"y\":-72.47},{\"duration\":25,\"x\":-841.54,\"y\":-61.32}]},{\"name\":\"paopao11111\",\"translateFrame\":[{\"duration\":18},{\"duration\":39,\"tweenEasing\":0,\"x\":-564.87,\"y\":-72.47},{\"duration\":18,\"x\":-841.54,\"y\":-61.32}]},{\"name\":\"paopao111111\",\"translateFrame\":[{\"duration\":40},{\"duration\":35,\"tweenEasing\":0,\"x\":-564.87,\"y\":-72.47},{\"duration\":0,\"x\":-716.96,\"y\":-61.32}]},{\"name\":\"paopao1111111\",\"translateFrame\":[{\"duration\":28},{\"duration\":39,\"tweenEasing\":0,\"x\":-753.68,\"y\":-72.47},{\"duration\":8,\"x\":-841.54,\"y\":-61.32}]}],\"slot\":[{\"name\":\"1\",\"displayFrame\":[{\"duration\":4,\"value\":2},{\"duration\":5,\"value\":1},{\"duration\":4},{\"duration\":4,\"value\":2},{\"duration\":4,\"value\":1},{\"duration\":5},{\"duration\":4,\"value\":2},{\"duration\":5,\"value\":1},{\"duration\":3},{\"duration\":6,\"value\":2},{\"duration\":3,\"value\":1},{\"duration\":4},{\"duration\":4,\"value\":2},{\"duration\":5,\"value\":1},{\"duration\":15}],\"colorFrame\":[{\"duration\":46,\"tweenEasing\":0},{\"duration\":14,\"tweenEasing\":0},{\"duration\":15,\"value\":{\"aM\":0}}]},{\"name\":\"11\",\"displayFrame\":[{\"duration\":3},{\"duration\":4,\"value\":2},{\"duration\":4,\"value\":1},{\"duration\":5},{\"duration\":4,\"value\":2},{\"duration\":5,\"value\":1},{\"duration\":3},{\"duration\":6,\"value\":2},{\"duration\":3,\"value\":1},{\"duration\":4},{\"duration\":4,\"value\":2},{\"duration\":5,\"value\":1},{\"duration\":4},{\"duration\":4,\"value\":2},{\"duration\":17,\"value\":1}],\"colorFrame\":[{\"duration\":60,\"tweenEasing\":0},{\"duration\":15,\"value\":{\"aM\":0}}]},{\"name\":\"0012\",\"displayFrame\":[{\"duration\":17,\"value\":-1},{\"duration\":58}],\"colorFrame\":[{\"duration\":17},{\"duration\":5,\"tweenEasing\":0,\"value\":{\"aM\":0}},{\"duration\":31,\"tweenEasing\":0,\"value\":{\"aM\":70}},{\"duration\":22,\"value\":{\"aM\":0}}]},{\"name\":\"paopao\",\"displayFrame\":[{\"duration\":22,\"value\":-1},{\"duration\":53}],\"colorFrame\":[{\"duration\":37},{\"duration\":20,\"tweenEasing\":0},{\"duration\":18,\"value\":{\"aM\":0}}]},{\"name\":\"paopao1\",\"displayFrame\":[{\"duration\":14,\"value\":-1},{\"duration\":61}],\"colorFrame\":[{\"duration\":31},{\"duration\":23,\"tweenEasing\":0},{\"duration\":21,\"value\":{\"aM\":0}}]},{\"name\":\"paopao11\",\"displayFrame\":[{\"duration\":25,\"value\":-1},{\"duration\":50}],\"colorFrame\":[{\"duration\":41},{\"duration\":21,\"tweenEasing\":0},{\"duration\":13,\"value\":{\"aM\":0}}]},{\"name\":\"paopao111\",\"displayFrame\":[{\"duration\":31,\"value\":-1},{\"duration\":44}],\"colorFrame\":[{\"duration\":48},{\"duration\":23,\"tweenEasing\":0},{\"duration\":4,\"value\":{\"aM\":0}}]},{\"name\":\"paopao1111\",\"displayFrame\":[{\"duration\":16,\"value\":-1},{\"duration\":59}],\"colorFrame\":[{\"duration\":31},{\"duration\":19,\"tweenEasing\":0},{\"duration\":25,\"value\":{\"aM\":0}}]},{\"name\":\"paopao11111\",\"displayFrame\":[{\"duration\":18,\"value\":-1},{\"duration\":57}],\"colorFrame\":[{\"duration\":35},{\"duration\":22,\"tweenEasing\":0},{\"duration\":18,\"value\":{\"aM\":0}}]},{\"name\":\"paopao111111\",\"displayFrame\":[{\"duration\":40,\"value\":-1},{\"duration\":35}],\"colorFrame\":[{\"duration\":55},{\"duration\":20,\"tweenEasing\":0},{\"duration\":0,\"value\":{\"aM\":0}}]},{\"name\":\"paopao1111111\",\"displayFrame\":[{\"duration\":28,\"value\":-1},{\"duration\":47}],\"colorFrame\":[{\"duration\":45},{\"duration\":22,\"tweenEasing\":0},{\"duration\":8,\"value\":{\"aM\":0}}]}]}],\"defaultActions\":[{\"gotoAndPlay\":\"hailang\"}],\"canvas\":{\"width\":1280,\"height\":720}}]}"}