{"__type__":"sp.SkeletonData","_name":"wineffect_tayduky","_skeletonJson":{"skeleton":{"hash":"uqb2wlndP2JXSf1odTg8BXAssPI","spine":"3.7.93","width":1700,"height":1700,"images":"","audio":"/Users/phutrung/Trung/longshin/file Ve/tayduky/WineffectAnimation"},"bones":[{"name":"root","scaleX":0.85,"scaleY":0.85},{"name":"bone","parent":"root","length":40.46,"rotation":90,"x":-2.03,"y":8.95},{"name":"bone2","parent":"root","length":27.28,"rotation":90,"x":5.42,"y":-76.31,"scaleX":1.567,"scaleY":3.055},{"name":"bone3","parent":"root","length":27.28,"rotation":90,"x":-287.3,"y":-78.14,"scaleX":1.478,"scaleY":2.475},{"name":"bone4","parent":"root","length":27.28,"rotation":90,"x":303.93,"y":-78.12,"scaleX":1.288,"scaleY":2.593},{"name":"bone5","parent":"root","length":48,"rotation":90,"x":-0.69,"y":-10.73},{"name":"bone6","parent":"root","length":58.97,"rotation":90,"x":0.82,"y":-179.94},{"name":"bone7","parent":"root","length":54.75,"rotation":90,"x":1.54,"y":-142.06,"scaleX":0.844,"scaleY":0.844},{"name":"bone8","parent":"bone7","length":216.32,"rotation":5.42,"x":83.95,"y":417.56},{"name":"bone9","parent":"bone7","length":255.05,"rotation":-5.09,"x":62.05,"y":-415.37},{"name":"bone10","parent":"bone7","length":92.93,"rotation":32.16,"x":99.55,"y":259.88},{"name":"bone11","parent":"bone7","length":92.77,"rotation":27.55,"x":67.97,"y":82.27},{"name":"bone12","parent":"bone7","length":97.63,"rotation":-24.51,"x":73.33,"y":-70.9},{"name":"bone13","parent":"bone7","length":111.26,"rotation":-29.17,"x":93.86,"y":-232.72},{"name":"bone14","parent":"root","length":30.1,"rotation":90.7,"x":0.12,"y":77.23},{"name":"bone15","parent":"root","length":18.08,"rotation":90,"x":0.07,"y":46.15},{"name":"bone16","parent":"root","length":20.86,"rotation":90,"x":1.25,"y":139.86},{"name":"bone17","parent":"root","length":38.43,"rotation":90,"x":37.32,"y":-0.14,"scaleX":2.001,"scaleY":2.001},{"name":"bone18","parent":"root","length":28.5,"rotation":90,"x":0.72,"y":0.54},{"name":"bone19","parent":"root","length":28.5,"rotation":90,"x":0.72,"y":0.54},{"name":"bone20","parent":"root","length":38.43,"rotation":90,"x":37.32,"y":-0.14,"scaleX":2.001,"scaleY":2.001},{"name":"bone21","parent":"root","length":64.8,"rotation":90},{"name":"bone22","parent":"root","length":126.77,"rotation":90,"scaleX":2,"scaleY":2},{"name":"bone24","parent":"root","length":126.73,"rotation":90,"x":-0.09,"y":-1.72},{"name":"bone23","parent":"bone24","length":149.84,"x":-0.03,"y":0.01,"scaleX":2,"scaleY":2}],"slots":[{"name":"blackpoint","bone":"root","color":"ffffff89","attachment":"blackpoint"},{"name":"cloud1","bone":"bone3","attachment":"cloud9"},{"name":"cloud2","bone":"bone4","attachment":"cloud9"},{"name":"cloud0","bone":"bone2","attachment":"cloud9"},{"name":"wineffect1","bone":"bone5","attachment":"wineffect1"},{"name":"jackpottext0","bone":"bone","attachment":"jackpottext8"},{"name":"wineffect2","bone":"root","attachment":"wineffect2"},{"name":"wineffect5","bone":"root","attachment":"wineffect5"},{"name":"wineffect3","bone":"root","attachment":"wineffect3"},{"name":"wineffect6","bone":"root","attachment":"wineffect3","blend":"additive"},{"name":"wineffect4","bone":"root","attachment":"wineffect4"},{"name":"wineffect7","bone":"bone18","attachment":"wineffect6"},{"name":"wineffect8","bone":"bone19","attachment":"wineffect6","blend":"additive"},{"name":"cuonvai","bone":"root","attachment":"cuonvai"},{"name":"boxtienthang","bone":"bone6","attachment":"boxtienthang"},{"name":"cuonvai2","bone":"root","attachment":"cuonvai"},{"name":"BIGWIN0","bone":"bone15"},{"name":"domdom","bone":"bone16","attachment":"domdom"},{"name":"staff","bone":"bone23","attachment":"staff"},{"name":"bonus0","bone":"bone22","attachment":"bonus0"},{"name":"FB0","bone":"bone17"},{"name":"FB1","bone":"bone20","blend":"additive"},{"name":"bonus1","bone":"bone21","attachment":"bonus1"},{"name":"bn0","bone":"root","attachment":"bn0","blend":"additive"},{"name":"bn1","bone":"root","attachment":"bn1","blend":"additive"},{"name":"bn2","bone":"root","attachment":"bn2","blend":"additive"},{"name":"bn3","bone":"root","attachment":"bn3","blend":"additive"},{"name":"bn4","bone":"root","attachment":"bn4","blend":"additive"}],"skins":{"default":{"BIGWIN0":{"BIGWIN1":{"x":39.34,"y":-0.43,"rotation":-90,"width":424,"height":102},"BIGWIN2":{"x":39.34,"y":-0.43,"rotation":-90,"width":424,"height":102},"BIGWIN3":{"x":39.34,"y":-0.43,"rotation":-90,"width":424,"height":102},"BIGWIN4":{"x":39.34,"y":-0.43,"rotation":-90,"width":424,"height":102},"BIGWIN5":{"x":39.34,"y":-0.43,"rotation":-90,"width":424,"height":102},"BIGWIN6":{"x":39.34,"y":-0.43,"rotation":-90,"width":424,"height":102},"BIGWIN7":{"x":39.34,"y":-0.43,"rotation":-90,"width":424,"height":102},"BIGWIN8":{"x":39.34,"y":-0.43,"rotation":-90,"width":424,"height":102},"BIGWIN9":{"x":39.34,"y":-0.43,"rotation":-90,"width":424,"height":102}},"FB0":{"FB0":{"x":0.64,"y":133.14,"rotation":-90,"width":92,"height":94},"FB1":{"x":2.4,"y":107.89,"rotation":-90,"width":148,"height":104},"FB2":{"x":2.01,"y":78.73,"rotation":-90,"width":209,"height":112},"FB3":{"x":0.64,"y":55.72,"rotation":-90,"width":250,"height":122},"FB4":{"x":1.62,"y":33.69,"rotation":-90,"width":299,"height":124},"FB5":{"x":1.51,"y":32.91,"rotation":-90,"width":328,"height":125},"FB6":{"x":2.24,"y":32.89,"rotation":-90,"width":328,"height":123},"FB7":{"x":3.45,"y":24.87,"rotation":-90,"width":312,"height":121},"FB8":{"x":4.25,"y":13.64,"rotation":-90,"width":287,"height":117},"FB9":{"x":-2.17,"y":10.83,"rotation":-90,"width":283,"height":129},"FB10":{"x":1.04,"y":-35.68,"rotation":-90,"width":186,"height":112},"FB11":{"x":0.64,"y":-32.88,"rotation":-90,"width":192,"height":112},"FB12":{"x":9.46,"y":-28.87,"rotation":-90,"width":187,"height":90}},"FB1":{"FB0":{"x":0.64,"y":133.14,"rotation":-90,"width":92,"height":94},"FB1":{"x":2.4,"y":107.89,"rotation":-90,"width":148,"height":104},"FB2":{"x":2.01,"y":78.73,"rotation":-90,"width":209,"height":112},"FB3":{"x":0.64,"y":55.72,"rotation":-90,"width":250,"height":122},"FB4":{"x":1.62,"y":33.69,"rotation":-90,"width":299,"height":124},"FB5":{"x":1.51,"y":32.91,"rotation":-90,"width":328,"height":125},"FB6":{"x":2.24,"y":32.89,"rotation":-90,"width":328,"height":123},"FB7":{"x":3.45,"y":24.87,"rotation":-90,"width":312,"height":121},"FB8":{"x":4.25,"y":13.64,"rotation":-90,"width":287,"height":117},"FB9":{"x":-2.17,"y":10.83,"rotation":-90,"width":283,"height":129},"FB10":{"x":1.04,"y":-35.68,"rotation":-90,"width":186,"height":112},"FB11":{"x":0.64,"y":-32.88,"rotation":-90,"width":192,"height":112},"FB12":{"x":9.46,"y":-28.87,"rotation":-90,"width":187,"height":90}},"blackpoint":{"blackpoint":{"scaleX":1000,"scaleY":1000,"width":2,"height":2}},"bn0":{"bn0":{"x":-279.98,"y":5.02,"width":138,"height":160}},"bn1":{"bn1":{"x":-135.02,"y":4.75,"width":138,"height":160}},"bn2":{"bn2":{"x":4.26,"y":-0.4,"width":138,"height":160}},"bn3":{"bn3":{"x":147.06,"y":4.94,"width":138,"height":160}},"bn4":{"bn4":{"x":283.97,"y":5.05,"width":138,"height":160}},"bonus0":{"bonus0":{"type":"mesh","uvs":[0,0,1,0,1,1,0,1],"triangles":[3,0,1,3,1,2],"vertices":[104.48,100.23,104.48,-107.77,-106.52,-107.77,-106.52,100.23],"hull":4,"edges":[0,2,2,4,4,6,0,6],"width":208,"height":211}},"bonus1":{"bonus1":{"type":"mesh","uvs":[1,1,0,1,0,0,1,0],"triangles":[1,2,3,1,3,0],"vertices":[-83,-355,-83,355,83,355,83,-355],"hull":4,"edges":[0,2,2,4,4,6,0,6],"width":710,"height":166}},"boxtienthang":{"boxtienthang":{"type":"mesh","uvs":[1,1,0,1,0,0,1,0],"triangles":[1,2,3,1,3,0],"vertices":[-69.14,-309.68,-69.14,311.32,60.86,311.32,60.86,-309.68],"hull":4,"edges":[0,2,2,4,4,6,0,6],"width":621,"height":130}},"cloud0":{"cloud1":{"x":-1.82,"y":5.42,"rotation":-90,"width":334,"height":181},"cloud3":{"x":-1.82,"y":5.42,"rotation":-90,"width":334,"height":181},"cloud5":{"x":-1.82,"y":5.42,"rotation":-90,"width":334,"height":181},"cloud7":{"x":-1.82,"y":5.42,"rotation":-90,"width":334,"height":181},"cloud9":{"x":-1.82,"y":5.42,"rotation":-90,"width":334,"height":181},"cloud11":{"x":-1.82,"y":5.42,"rotation":-90,"width":334,"height":181}},"cloud1":{"cloud1":{"x":-1.82,"y":5.42,"rotation":-90,"width":334,"height":181},"cloud3":{"x":-1.82,"y":5.42,"rotation":-90,"width":334,"height":181},"cloud5":{"x":-1.82,"y":5.42,"rotation":-90,"width":334,"height":181},"cloud7":{"x":-1.82,"y":5.42,"rotation":-90,"width":334,"height":181},"cloud9":{"x":-1.82,"y":5.42,"rotation":-90,"width":334,"height":181},"cloud11":{"x":-1.82,"y":5.42,"rotation":-90,"width":334,"height":181}},"cloud2":{"cloud1":{"x":-1.82,"y":5.42,"rotation":-90,"width":334,"height":181},"cloud3":{"x":-1.82,"y":5.42,"rotation":-90,"width":334,"height":181},"cloud5":{"x":-1.82,"y":5.42,"rotation":-90,"width":334,"height":181},"cloud7":{"x":-1.82,"y":5.42,"rotation":-90,"width":334,"height":181},"cloud9":{"x":-1.82,"y":5.42,"rotation":-90,"width":334,"height":181},"cloud11":{"x":-1.82,"y":5.42,"rotation":-90,"width":334,"height":181}},"cuonvai":{"cuonvai":{"type":"mesh","uvs":[1,1,0,1,0,0,1,0],"triangles":[1,2,3,1,3,0],"vertices":[1,8,-70.21,-27.83,1,1,8,-62.18,56.79,1,1,8,270.33,25.23,1,1,8,262.3,-59.39,1],"hull":4,"edges":[0,2,2,4,4,6,0,6],"width":85,"height":334}},"cuonvai2":{"cuonvai":{"type":"mesh","uvs":[1,1,0,1,0,0,1,0],"triangles":[1,2,3,1,3,0],"vertices":[1,9,-48.54,33.65,1,1,9,-40.98,-51.18,1,1,9,291.7,-21.54,1,1,9,284.14,63.29,1],"hull":4,"edges":[0,2,2,4,4,6,0,6],"width":85,"height":334}},"domdom":{"domdom":{"type":"mesh","uvs":[1,1,0,1,0,0,1,0],"triangles":[1,2,3,1,3,0],"vertices":[-64.71,-314.92,-64.71,319.08,36.29,319.08,36.29,-314.92],"hull":4,"edges":[0,2,2,4,4,6,0,6],"width":634,"height":101}},"jackpottext0":{"jackpottext1":{"x":0.5,"rotation":-90,"width":772,"height":133},"jackpottext2":{"x":0.5,"rotation":-90,"width":772,"height":133},"jackpottext3":{"x":0.5,"rotation":-90,"width":772,"height":133},"jackpottext4":{"x":0.5,"rotation":-90,"width":772,"height":133},"jackpottext5":{"x":0.5,"rotation":-90,"width":772,"height":133},"jackpottext6":{"x":0.5,"rotation":-90,"width":772,"height":133},"jackpottext7":{"x":0.5,"rotation":-90,"width":772,"height":133},"jackpottext8":{"x":0.5,"rotation":-90,"width":772,"height":133}},"staff":{"staff":{"type":"mesh","uvs":[0,0,1,0,1,1,0,1],"triangles":[3,0,1,3,1,2],"vertices":[345.2,14.09,345.2,-13.91,-312.8,-13.91,-312.8,14.09],"hull":4,"edges":[0,2,2,4,4,6,0,6],"width":28,"height":658}},"wineffect1":{"wineffect1":{"type":"mesh","uvs":[1,1,0,1,0,0,1,0],"triangles":[1,2,3,1,3,0],"vertices":[-93.27,-498.69,-93.27,496.31,114.73,496.31,114.73,-498.69],"hull":4,"edges":[0,2,2,4,4,6,0,6],"width":995,"height":208}},"wineffect2":{"wineffect2":{"type":"mesh","uvs":[0,0,0.04668,0.06391,0.11157,0.122,0.17866,0.16668,0.26105,0.19796,0.35001,0.21583,0.4448,0.22477,0.52647,0.22477,0.61397,0.21136,0.71386,0.18455,0.81303,0.15104,0.89689,0.1086,0.95886,0.05721,1,0,0.97345,0.84806,0.91511,0.88604,0.85168,0.92625,0.77803,0.94636,0.70803,0.9754,0.64095,0.99327,0.55126,1,0.45209,1,0.36897,1,0.29241,0.97987,0.22168,0.94413,0.13272,0.89274,0.05907,0.86147,0,0.81232],"triangles":[5,25,27,25,26,27,27,1,2,27,0,1,24,25,6,27,3,4,27,2,3,21,6,7,21,22,6,24,6,22,22,23,24,6,25,5,27,4,5,19,20,7,7,20,21,18,19,7,17,7,8,14,8,9,18,7,17,15,16,17,15,17,8,9,10,14,14,15,8,10,11,14,14,12,13,11,12,14],"vertices":[1,8,199.73,-2.9,1,2,10,211.07,24.79,0.11975,8,177.98,-41.35,0.88025,3,11,278.09,142.38,0.00148,10,167.35,-13.96,0.63833,8,156.37,-95.62,0.36019,3,11,240.11,96.82,0.06973,10,125.83,-56.32,0.90874,8,138.35,-152.13,0.02153,2,11,199.36,37.79,0.42028,10,80.47,-111.89,0.57972,3,12,51.64,245.59,0.02321,11,159.34,-28.02,0.88181,10,35.29,-174.28,0.09498,2,12,83.32,170.02,0.27932,11,119.22,-99.47,0.72068,2,12,112.59,105.82,0.67491,11,86.58,-162.03,0.32509,3,13,46.97,181.74,0.02333,12,147.4,38.6,0.93442,11,54.97,-230.8,0.04225,2,13,95.64,110.06,0.50667,12,190.08,-36.79,0.49333,2,13,145.66,39.86,0.9594,12,234.23,-110.83,0.0406,2,9,183.07,90.6,0.568,13,191.43,-17.56,0.432,2,9,202.26,38.55,0.616,13,230.18,-57.26,0.384,1,9,221.48,4.58,1,1,9,-18.77,6.21,1,2,9,-33.91,55.46,0.528,13,7.68,-138.19,0.472,2,9,-50.06,109.05,0.616,13,-28.94,-95.86,0.384,3,9,-61.36,171.93,0.064,13,-64.91,-43.06,0.86575,12,17.61,-176.36,0.07025,2,13,-101.54,5.75,0.5833,12,-14.93,-124.73,0.4167,3,13,-134.2,53.9,0.21962,12,-43.56,-74.09,0.77834,11,-151.31,-149.47,0.00205,3,13,-173.63,120.64,0.00958,12,-77.43,-4.37,0.80496,11,-117.15,-79.89,0.18546,3,12,-112.98,73.59,0.23203,11,-77.51,-3.93,0.76648,10,-198.86,-131.23,0.00149,3,12,-142.78,138.94,0.00544,11,-44.29,59.74,0.88339,10,-160.63,-70.43,0.11117,2,11,-8.66,115.77,0.56212,10,-120.61,-17.45,0.43788,3,11,28.54,165.28,0.18383,10,-79.55,28.92,0.79819,8,-83.42,-168.42,0.01798,3,11,76.94,226.72,0.00113,10,-26.37,86.27,0.72129,8,-61.73,-93.27,0.27758,2,10,14.97,135.44,0.2482,8,-46.94,-30.76,0.7518,2,10,53.87,171.27,0.00446,8,-28.32,18.74,0.99554],"hull":28,"edges":[0,2,2,4,4,6,6,8,8,10,10,12,12,14,14,16,16,18,18,20,20,22,22,24,24,26,26,28,28,30,30,32,32,34,34,36,36,38,38,40,40,42,42,44,44,46,46,48,48,50,50,52,52,54,0,54],"width":864,"height":282}},"wineffect3":{"wineffect3":{"type":"mesh","uvs":[1,1,0,1,0,0,1,0],"triangles":[1,2,3,1,3,0],"vertices":[312,3.69,-312,3.69,-312,167.69,312,167.69],"hull":4,"edges":[0,2,2,4,4,6,0,6],"width":624,"height":164}},"wineffect4":{"wineffect4":{"type":"mesh","uvs":[0,0,1,0,1,1,0,1],"triangles":[3,0,1,3,1,2],"vertices":[-322.92,176.63,323.08,176.63,323.08,-9.37,-322.92,-9.37],"hull":4,"edges":[0,2,2,4,4,6,0,6],"width":323,"height":93}},"wineffect5":{"wineffect5":{"type":"mesh","uvs":[1,1,0.875,1,0.75,1,0.625,1,0.5,1,0.375,1,0.25,1,0.125,1,0,1,0,0.5,0,0,0.125,0,0.25,0,0.375,0,0.5,0,0.625,0,0.75,0,0.875,0,1,0,1,0.5,0.875,0.5,0.75,0.5,0.625,0.5,0.5,0.5,0.375,0.5,0.25,0.5,0.125,0.5],"triangles":[21,17,16,20,17,21,2,20,21,1,20,2,20,18,17,19,18,20,1,19,20,0,19,1,23,15,14,22,15,23,4,22,23,3,22,4,22,16,15,21,16,22,3,21,22,2,21,3,25,12,26,6,25,7,25,13,12,24,13,25,6,24,25,5,24,6,24,14,13,23,14,24,5,23,24,4,23,5,9,11,10,26,11,9,8,26,9,7,26,8,26,12,11,7,25,26],"vertices":[1,13,-6.58,-98.21,1,2,12,39.06,-165.44,0.03095,13,-44.42,-30.43,0.96905,2,12,6.86,-94.81,0.52929,13,-82.26,37.34,0.47071,3,11,-100.75,-133.15,0.00238,12,-25.35,-24.18,0.96911,13,-120.1,105.12,0.02851,2,11,-64.85,-64.33,0.40775,12,-57.55,46.45,0.59225,3,10,-149.77,-126.74,0.00108,11,-28.94,4.49,0.96295,12,-89.76,117.08,0.03596,2,10,-108.45,-61.03,0.24184,11,6.97,73.31,0.75816,2,10,-67.13,4.69,0.81543,11,42.87,142.13,0.18457,1,10,-25.81,70.4,1,1,10,51.65,21.69,1,2,10,129.11,-27.01,0.9752,11,241.03,126.3,0.0248,2,10,87.79,-92.73,0.68101,11,205.12,57.48,0.31899,3,10,46.47,-158.44,0.15301,11,169.21,-11.34,0.83836,12,44.55,263.63,0.00863,3,10,5.15,-224.15,0.00008,11,133.31,-80.16,0.82495,12,76.75,193,0.17497,2,11,97.4,-148.98,0.42464,12,108.95,122.37,0.57536,3,11,61.49,-217.8,0.07779,12,141.16,51.74,0.91848,13,39.68,194.33,0.00373,2,12,173.36,-18.89,0.70447,13,77.52,126.55,0.29553,2,12,205.57,-89.52,0.151,13,115.36,58.77,0.849,1,13,153.2,-9.01,1,1,13,73.31,-53.61,1,2,12,122.31,-127.48,0.04082,13,35.47,14.17,0.95918,2,12,90.11,-56.85,0.63238,13,-2.37,81.95,0.36762,2,11,-19.63,-175.48,0.02068,12,57.9,13.78,0.97932,2,11,16.28,-106.66,0.41492,12,25.7,84.41,0.58508,2,11,52.18,-37.84,0.89486,12,-6.5,155.04,0.10514,2,10,-30.99,-109.73,0.14731,11,88.09,30.98,0.85269,2,10,10.33,-44.02,0.77818,11,124,99.81,0.22182],"hull":20,"edges":[0,2,2,4,4,6,6,8,8,10,10,12,12,14,14,16,16,18,18,20,20,22,22,24,24,26,26,28,28,30,30,32,32,34,34,36,36,38,38,0],"width":621,"height":183}},"wineffect6":{"wineffect3":{"type":"mesh","uvs":[1,1,0,1,0,0,1,0],"triangles":[1,2,3,1,3,0],"vertices":[312,3.69,-312,3.69,-312,167.69,312,167.69],"hull":4,"edges":[0,2,2,4,4,6,0,6],"width":624,"height":164}},"wineffect7":{"wineffect6":{"x":-0.54,"y":0.22,"rotation":-90,"width":899,"height":120}},"wineffect8":{"wineffect6":{"x":-0.54,"y":0.22,"rotation":-90,"width":899,"height":120}}}},"animations":{"Bigwin":{"slots":{"BIGWIN0":{"attachment":[{"time":1.3333,"name":"BIGWIN1"},{"time":1.4,"name":"BIGWIN2"},{"time":1.4667,"name":"BIGWIN3"},{"time":1.5333,"name":"BIGWIN4"},{"time":1.6,"name":"BIGWIN5"},{"time":1.6667,"name":"BIGWIN6"},{"time":1.7333,"name":"BIGWIN7"},{"time":1.8,"name":"BIGWIN8"},{"time":1.8667,"name":"BIGWIN9"},{"time":1.9333,"name":null},{"time":2.4667,"name":"BIGWIN1"},{"time":2.5333,"name":"BIGWIN2"},{"time":2.6,"name":"BIGWIN3"},{"time":2.6667,"name":"BIGWIN4"},{"time":2.7333,"name":"BIGWIN5"},{"time":2.8,"name":"BIGWIN6"},{"time":2.8667,"name":"BIGWIN7"},{"time":2.9333,"name":"BIGWIN8"},{"time":3,"name":"BIGWIN9"},{"time":3.0667,"name":null},{"time":3.6,"name":"BIGWIN1"},{"time":3.6667,"name":"BIGWIN2"},{"time":3.7333,"name":"BIGWIN3"},{"time":3.8,"name":"BIGWIN4"},{"time":3.8667,"name":"BIGWIN5"},{"time":3.9333,"name":"BIGWIN6"},{"time":4,"name":"BIGWIN7"},{"time":4.0667,"name":"BIGWIN8"},{"time":4.1333,"name":"BIGWIN9"},{"time":4.2,"name":null},{"time":4.7333,"name":"BIGWIN1"},{"time":4.8,"name":"BIGWIN2"},{"time":4.8667,"name":"BIGWIN3"},{"time":4.9333,"name":"BIGWIN4"},{"time":5,"name":"BIGWIN5"},{"time":5.0667,"name":"BIGWIN6"},{"time":5.1333,"name":"BIGWIN7"},{"time":5.2,"name":"BIGWIN8"},{"time":5.2667,"name":"BIGWIN9"},{"time":5.3333,"name":null},{"time":5.8667,"name":"BIGWIN1"},{"time":5.9333,"name":"BIGWIN2"},{"time":6,"name":"BIGWIN3"},{"time":6.0667,"name":"BIGWIN4"},{"time":6.1333,"name":"BIGWIN5"},{"time":6.2,"name":"BIGWIN6"},{"time":6.2667,"name":"BIGWIN7"},{"time":6.3333,"name":"BIGWIN8"},{"time":6.4,"name":"BIGWIN9"},{"time":6.5333,"name":null}]},"bn0":{"attachment":[{"time":0,"name":null}]},"bn1":{"attachment":[{"time":0,"name":null}]},"bn2":{"attachment":[{"time":0,"name":null}]},"bn3":{"attachment":[{"time":0,"name":null}]},"bn4":{"attachment":[{"time":0,"name":null}]},"bonus0":{"attachment":[{"time":0,"name":null}]},"bonus1":{"attachment":[{"time":0,"name":null}]},"cloud0":{"attachment":[{"time":0,"name":null}]},"cloud1":{"attachment":[{"time":0,"name":null}]},"cloud2":{"attachment":[{"time":0,"name":null}]},"domdom":{"color":[{"time":0,"color":"ffffff00","curve":"stepped"},{"time":0.6333,"color":"ffffff00"},{"time":0.6667,"color":"ffffffff"},{"time":1.1667,"color":"ffffff00"}]},"jackpottext0":{"attachment":[{"time":0,"name":null}]},"staff":{"attachment":[{"time":0,"name":null}]},"wineffect1":{"attachment":[{"time":0,"name":null}]},"wineffect3":{"color":[{"time":0,"color":"ffffff00","curve":"stepped"},{"time":0.6333,"color":"ffffff00"},{"time":0.6667,"color":"ffffffff"}]},"wineffect4":{"color":[{"time":0,"color":"ffffff00","curve":"stepped"},{"time":0.3333,"color":"ffffff00"},{"time":0.4,"color":"ffffffff","curve":"stepped"},{"time":0.6333,"color":"ffffffff"},{"time":1,"color":"ffffff00"}]},"wineffect5":{"color":[{"time":0,"color":"ffffff00","curve":"stepped"},{"time":0.6667,"color":"ffffff00"},{"time":1,"color":"fffffffe"}]},"wineffect6":{"color":[{"time":0,"color":"ffffff00","curve":"stepped"},{"time":0.6333,"color":"ffffff00"},{"time":0.6667,"color":"ffffffff"},{"time":1,"color":"ffffff00","curve":"stepped"},{"time":1.3333,"color":"ffffff00"},{"time":1.6,"color":"ffffff37"},{"time":1.8333,"color":"ffffff00","curve":"stepped"},{"time":2.4333,"color":"ffffff00"},{"time":2.7,"color":"ffffff37"},{"time":2.9333,"color":"ffffff00","curve":"stepped"},{"time":3.5667,"color":"ffffff00"},{"time":3.8333,"color":"ffffff37"},{"time":4.0667,"color":"ffffff00","curve":"stepped"},{"time":4.7,"color":"ffffff00"},{"time":4.9667,"color":"ffffff37"},{"time":5.2,"color":"ffffff00","curve":"stepped"},{"time":5.8333,"color":"ffffff00"},{"time":6.1,"color":"ffffff37"},{"time":6.3333,"color":"ffffff00"}]},"wineffect7":{"attachment":[{"time":0,"name":null}]},"wineffect8":{"attachment":[{"time":0,"name":null}]}},"bones":{"bone8":{"rotate":[{"time":0,"angle":-5.48},{"time":0.3333,"angle":0}],"translate":[{"time":0,"x":-21.17,"y":-383.66},{"time":0.3333,"x":0,"y":0},{"time":0.6667,"x":13.1,"y":-0.87},{"time":1,"x":0,"y":0},{"time":1.3333,"x":13.1,"y":-0.87},{"time":1.6667,"x":0,"y":0},{"time":2,"x":13.1,"y":-0.87},{"time":2.3333,"x":0,"y":0},{"time":2.6667,"x":13.1,"y":-0.87},{"time":3,"x":0,"y":0},{"time":3.3333,"x":13.1,"y":-0.87},{"time":3.6667,"x":0,"y":0},{"time":4,"x":13.1,"y":-0.87},{"time":4.3333,"x":0,"y":0},{"time":4.6667,"x":13.1,"y":-0.87},{"time":5,"x":0,"y":0},{"time":5.3333,"x":13.1,"y":-0.87},{"time":5.6667,"x":0,"y":0},{"time":6,"x":13.1,"y":-0.87},{"time":6.3333,"x":0,"y":0},{"time":6.6667,"x":13.1,"y":-0.87}]},"bone9":{"rotate":[{"time":0,"angle":6.64},{"time":0.3333,"angle":0}],"translate":[{"time":0,"x":-20.11,"y":379.47},{"time":0.3333,"x":0,"y":0},{"time":0.6667,"x":19.21,"y":-0.87},{"time":1,"x":0,"y":0},{"time":1.3333,"x":19.21,"y":-0.87},{"time":1.6667,"x":0,"y":0},{"time":2,"x":19.21,"y":-0.87},{"time":2.3333,"x":0,"y":0},{"time":2.6667,"x":19.21,"y":-0.87},{"time":3,"x":0,"y":0},{"time":3.3333,"x":19.21,"y":-0.87},{"time":3.6667,"x":0,"y":0},{"time":4,"x":19.21,"y":-0.87},{"time":4.3333,"x":0,"y":0},{"time":4.6667,"x":19.21,"y":-0.87},{"time":5,"x":0,"y":0},{"time":5.3333,"x":19.21,"y":-0.87},{"time":5.6667,"x":0,"y":0},{"time":6,"x":19.21,"y":-0.87},{"time":6.3333,"x":0,"y":0},{"time":6.6667,"x":19.21,"y":-0.87}]},"bone7":{"translate":[{"time":0,"x":0,"y":-57.04},{"time":0.3333,"x":0,"y":0},{"time":1.1333,"x":0,"y":26.05},{"time":1.9,"x":0,"y":0},{"time":2.7,"x":0,"y":26.05},{"time":3.5,"x":0,"y":0},{"time":4.3,"x":0,"y":26.05},{"time":5.0667,"x":0,"y":0},{"time":5.8667,"x":0,"y":26.05},{"time":6.6667,"x":0,"y":0}],"scale":[{"time":0.3333,"x":1,"y":1},{"time":1.1333,"x":0.917,"y":0.917},{"time":1.9,"x":1,"y":1},{"time":2.7,"x":0.917,"y":0.917},{"time":3.5,"x":1,"y":1},{"time":4.3,"x":0.917,"y":0.917},{"time":5.0667,"x":1,"y":1},{"time":5.8667,"x":0.917,"y":0.917},{"time":6.6667,"x":1,"y":1}]},"bone10":{"translate":[{"time":0,"x":0,"y":0},{"time":0.3333,"x":22.95,"y":-3.17},{"time":0.5,"x":0,"y":0},{"time":1,"x":22.95,"y":-3.17},{"time":1.6667,"x":0.45,"y":-4.67},{"time":2,"x":29.37,"y":-0.55},{"time":2.3333,"x":22.95,"y":-3.17},{"time":3,"x":0.45,"y":-4.67},{"time":3.6667,"x":22.95,"y":-3.17},{"time":4.3333,"x":0.45,"y":-4.67},{"time":5,"x":22.95,"y":-3.17},{"time":5.6667,"x":0.45,"y":-4.67},{"time":6,"x":20.96,"y":0.29},{"time":6.3333,"x":22.95,"y":-3.17},{"time":6.6667,"x":0,"y":0}]},"bone11":{"translate":[{"time":0,"x":0,"y":0},{"time":0.3333,"x":33.71,"y":0.69},{"time":0.5,"x":0,"y":0},{"time":1,"x":35.7,"y":-0.18},{"time":1.3333,"x":16.89,"y":-0.18},{"time":1.6667,"x":9.18,"y":1.2},{"time":2,"x":22.44,"y":0.51},{"time":2.3333,"x":19.07,"y":1.2},{"time":3,"x":-1.91,"y":-0.18},{"time":3.6667,"x":35.7,"y":-0.18},{"time":4.3333,"x":22.35,"y":-0.18},{"time":4.6667,"x":9.62,"y":2.59},{"time":5,"x":35.7,"y":-0.18},{"time":5.6667,"x":-1.91,"y":-0.18},{"time":6.3333,"x":35.7,"y":-0.18},{"time":6.6667,"x":0,"y":0}]},"bone12":{"translate":[{"time":0,"x":0,"y":0},{"time":0.3333,"x":26.91,"y":-0.79},{"time":0.5,"x":0,"y":0},{"time":0.8333,"x":19.05,"y":-1.66},{"time":1.1667,"x":0,"y":0},{"time":1.5,"x":19.05,"y":-1.66},{"time":1.8333,"x":0,"y":0},{"time":2.1667,"x":19.05,"y":-1.66},{"time":2.5,"x":0,"y":0},{"time":2.8333,"x":19.05,"y":-1.66},{"time":3.1667,"x":0,"y":0},{"time":3.5,"x":19.05,"y":-1.66},{"time":3.8333,"x":0,"y":0},{"time":4.1667,"x":19.05,"y":-1.66},{"time":4.5,"x":0,"y":0},{"time":4.8333,"x":19.05,"y":-1.66},{"time":5.1667,"x":0,"y":0},{"time":5.5,"x":19.05,"y":-1.66},{"time":5.8333,"x":0,"y":0},{"time":6.1667,"x":19.05,"y":-1.66},{"time":6.5,"x":0,"y":0}]},"bone13":{"translate":[{"time":0,"x":0,"y":0},{"time":0.3333,"x":15.61,"y":-2.04},{"time":0.5,"x":4.37,"y":-2.62},{"time":1,"x":5.52,"y":-4.56},{"time":1.6667,"x":15.61,"y":-2.04},{"time":2,"x":24.03,"y":-7.92},{"time":2.3333,"x":15.61,"y":-2.04,"curve":"stepped"},{"time":3,"x":15.61,"y":-2.04},{"time":3.3333,"x":0.47,"y":-2.04},{"time":3.6667,"x":15.61,"y":-2.04,"curve":"stepped"},{"time":4.3333,"x":15.61,"y":-2.04},{"time":4.6667,"x":4.68,"y":-3.72},{"time":5,"x":15.61,"y":-2.04},{"time":5.6667,"x":1.31,"y":-4.56},{"time":6.3333,"x":15.61,"y":-2.04},{"time":6.6667,"x":0,"y":0}]},"bone14":{"translate":[{"time":0,"x":1.17,"y":-96.08,"curve":"stepped"},{"time":0.3333,"x":1.17,"y":-96.08},{"time":0.4,"x":1.3,"y":-106.98},{"time":0.5333,"x":0,"y":0}],"scale":[{"time":0,"x":0.849,"y":0.849,"curve":"stepped"},{"time":0.3333,"x":0.849,"y":0.849},{"time":0.5333,"x":1,"y":1}]},"bone15":{"translate":[{"time":0,"x":0,"y":-16.83}],"scale":[{"time":0,"x":1.432,"y":1.432}]},"bone16":{"translate":[{"time":0.6333,"x":0,"y":0},{"time":1.1667,"x":0,"y":63.24}],"scale":[{"time":0.6333,"x":1,"y":1},{"time":1.1667,"x":1.116,"y":1.116}]},"bone6":{"scale":[{"time":0,"x":0,"y":0,"curve":"stepped"},{"time":0.3,"x":0,"y":0},{"time":0.5,"x":1.311,"y":1.16},{"time":0.5667,"x":1,"y":1},{"time":0.6,"x":1.134,"y":1.043},{"time":0.6333,"x":1,"y":1}]}},"deform":{"default":{"wineffect2":{"wineffect2":[{"time":0,"offset":6,"vertices":[-72.92785,-128.81808,-83.04173,-122.5417,-4.93294,-147.94666,-114.94331,-186.43182,-129.55034,-176.59366,-15.46777,-218.47086,-90.44469,-152.42847,-102.39884,-144.66843,38.8647,-95.23473,-51.2183,-89.20084,-58.21937,-84.79684,13.08246,-32.02455,-17.21498,-30.00607,-5.49371,7.8079,2.78059,9.13307,-36.91314,55.29114,-32.29607,58.10841,25.97482,61.1959,-77.88824,119.06119,-67.95151,124.99797,-119.61374,187.78503,-103.95264,196.88634,8.41248,77.20377,-32.21461,70.66461,11.23688,115.44154,-49.32338,104.97797,12.9442,3.44167,47.87058,-4.56113,38.7947,124.62062,-30.324,126.94876,47.61243,39.16762,20.91623,57.99657,35.17184,201.59737,-72.76715,191.26857,-56.97747,196.55005,-40.01116,140.49965,-28.45703,143.28679,-17.95015,90.25764,-10.55276,91.41764,65.61282,64.52522,-23.91914,25.05266,-21.80295,26.91374,7.82248,33.74234,3.85723,-36.23123,-26.20471,-25.31581,-28.15307,-23.12714,34.98275,-79.04996,-40.84021,-76.18879,-46.82909,-72.66,-67.40248,-126.57735,-77.3541,-120.75156,-96.46735,-178.91693,-110.53014,-170.58679,-2.57754,-203.24994,-79.34126,-142.10667,-90.5018,-135.27191,-4.45841,-162.69423,-26.27348,-50.44229,4.66113,-56.68375,-12.20981,-16.82016,-1.36376,-20.74088]},{"time":0.3333}]},"wineffect5":{"wineffect5":[{"time":0,"vertices":[-131.84898,236.16888,-85.04928,186.53041,-99.93246,178.9997,-57.88612,126.95622,-68.01658,121.8306,34.2537,65.65756,-30.72296,67.3819,-36.10067,64.66165,3.96773,7.60793,-3.55879,7.80767,-30.28467,-48.164,-26.31815,-50.44162,23.60567,-51.76647,-65.13744,-103.59247,-56.60481,-108.49088,-99.9904,-159.02051,-86.89163,-166.54053,-134.84314,-214.44879,-134.84314,-214.44879,-134.84311,-214.44879,-117.17834,-224.58957,-99.99034,-159.02045,-86.89161,-166.54044,-65.1373,-103.59219,-56.60477,-108.49091,50.76935,-111.3411,-35.68082,-54.84872,-31.16013,-57.53864,26.22691,-59.94798,3.96779,7.60796,-3.55878,7.80764,34.25381,65.65746,-30.72289,67.38198,-36.10054,64.66144,-57.88625,126.95631,-68.01688,121.83051,-85.04935,186.5304,-99.93262,178.99973,-131.84895,236.16888,-131.84894,236.16882,-75.64457,176.85143,-89.77103,170.11713,-48.93062,121.91276,-58.67949,117.53189,33.67696,54.72798,-22.45927,60.20695,0,0,0,0,-28.73672,-56.16681,26.63435,-57.19383,-59.22845,-99.88324,-51.01227,-104.3192,-89.09856,-145.49094,-77.12133,-152.17929]},{"time":0.3333}]}}}},"Jackpot":{"slots":{"bn0":{"attachment":[{"time":0,"name":null}]},"bn1":{"attachment":[{"time":0,"name":null}]},"bn2":{"attachment":[{"time":0,"name":null}]},"bn3":{"attachment":[{"time":0,"name":null}]},"bn4":{"attachment":[{"time":0,"name":null}]},"bonus0":{"attachment":[{"time":0,"name":null}]},"bonus1":{"attachment":[{"time":0,"name":null}]},"boxtienthang":{"color":[{"time":0,"color":"ffffff00"},{"time":0.1667,"color":"ffffffff"}]},"cloud0":{"color":[{"time":0,"color":"ffffff00"},{"time":0.3333,"color":"ffffffff"}],"attachment":[{"time":0.0667,"name":"cloud11"},{"time":0.2,"name":"cloud1"},{"time":0.3333,"name":"cloud3"},{"time":0.4667,"name":"cloud5"},{"time":0.6,"name":"cloud7"},{"time":0.7333,"name":"cloud9"},{"time":0.8667,"name":"cloud11"},{"time":1,"name":"cloud1"},{"time":1.1333,"name":"cloud3"},{"time":1.2667,"name":"cloud5"},{"time":1.4,"name":"cloud7"},{"time":1.5333,"name":"cloud9"},{"time":1.6667,"name":"cloud11"},{"time":1.8,"name":"cloud1"},{"time":1.9333,"name":"cloud3"},{"time":2.0667,"name":"cloud5"},{"time":2.2,"name":"cloud7"},{"time":2.3333,"name":"cloud9"},{"time":2.4667,"name":"cloud11"},{"time":2.6,"name":"cloud1"},{"time":2.7333,"name":"cloud3"},{"time":2.8667,"name":"cloud5"},{"time":3,"name":"cloud7"},{"time":3.1333,"name":"cloud9"},{"time":3.2667,"name":"cloud11"},{"time":3.4,"name":"cloud1"},{"time":3.5333,"name":"cloud3"},{"time":3.6667,"name":"cloud5"},{"time":3.8,"name":"cloud7"},{"time":3.9333,"name":"cloud9"},{"time":4.0667,"name":"cloud11"},{"time":4.2,"name":"cloud1"},{"time":4.3333,"name":"cloud3"},{"time":4.4667,"name":"cloud5"},{"time":4.6,"name":"cloud7"},{"time":4.7333,"name":"cloud9"},{"time":4.8667,"name":"cloud11"},{"time":5,"name":"cloud1"},{"time":5.1333,"name":"cloud3"},{"time":5.2667,"name":"cloud5"},{"time":5.4,"name":"cloud7"},{"time":5.5333,"name":"cloud9"},{"time":5.6667,"name":"cloud11"},{"time":5.8,"name":"cloud1"},{"time":5.9333,"name":"cloud3"},{"time":6.0667,"name":"cloud5"},{"time":6.2,"name":"cloud7"},{"time":6.3333,"name":"cloud9"},{"time":6.4667,"name":"cloud11"},{"time":6.6,"name":"cloud1"},{"time":6.7333,"name":"cloud3"},{"time":6.8667,"name":"cloud5"},{"time":7,"name":"cloud7"},{"time":7.1333,"name":"cloud9"},{"time":7.2667,"name":"cloud11"},{"time":7.4,"name":"cloud1"},{"time":7.5333,"name":"cloud3"},{"time":7.6667,"name":"cloud5"},{"time":7.8,"name":"cloud7"},{"time":7.9333,"name":"cloud9"},{"time":8.0667,"name":"cloud11"},{"time":8.2,"name":"cloud1"},{"time":8.3333,"name":"cloud3"},{"time":8.4667,"name":"cloud5"},{"time":8.6,"name":"cloud7"},{"time":8.7333,"name":"cloud9"},{"time":8.8667,"name":"cloud11"},{"time":9,"name":"cloud1"},{"time":9.1333,"name":"cloud3"},{"time":9.2667,"name":"cloud5"},{"time":9.4,"name":"cloud7"},{"time":9.5333,"name":"cloud9"},{"time":9.6667,"name":"cloud11"},{"time":9.8,"name":"cloud1"},{"time":9.9333,"name":"cloud3"},{"time":10.0667,"name":"cloud5"},{"time":10.2,"name":"cloud7"},{"time":10.3333,"name":"cloud9"},{"time":10.4667,"name":"cloud11"},{"time":10.6,"name":"cloud1"},{"time":10.7333,"name":"cloud3"},{"time":10.8667,"name":"cloud5"},{"time":11,"name":"cloud7"},{"time":11.1333,"name":"cloud9"}]},"cloud1":{"color":[{"time":0,"color":"ffffff00"},{"time":0.3333,"color":"ffffffff"}],"attachment":[{"time":0.0667,"name":"cloud1"},{"time":0.2,"name":"cloud3"},{"time":0.3333,"name":"cloud5"},{"time":0.4667,"name":"cloud7"},{"time":0.6,"name":"cloud9"},{"time":0.7333,"name":"cloud11"},{"time":0.8667,"name":"cloud1"},{"time":1,"name":"cloud3"},{"time":1.1333,"name":"cloud5"},{"time":1.2667,"name":"cloud7"},{"time":1.4,"name":"cloud9"},{"time":1.5333,"name":"cloud11"},{"time":1.6667,"name":"cloud1"},{"time":1.8,"name":"cloud3"},{"time":1.9333,"name":"cloud5"},{"time":2.0667,"name":"cloud7"},{"time":2.2,"name":"cloud9"},{"time":2.3333,"name":"cloud11"},{"time":2.4667,"name":"cloud1"},{"time":2.6,"name":"cloud3"},{"time":2.7333,"name":"cloud5"},{"time":2.8667,"name":"cloud7"},{"time":3,"name":"cloud9"},{"time":3.1333,"name":"cloud11"},{"time":3.2667,"name":"cloud1"},{"time":3.4,"name":"cloud3"},{"time":3.5333,"name":"cloud5"},{"time":3.6667,"name":"cloud7"},{"time":3.8,"name":"cloud9"},{"time":3.9333,"name":"cloud11"},{"time":4.0667,"name":"cloud1"},{"time":4.2,"name":"cloud3"},{"time":4.3333,"name":"cloud5"},{"time":4.4667,"name":"cloud7"},{"time":4.6,"name":"cloud9"},{"time":4.7333,"name":"cloud11"},{"time":4.8667,"name":"cloud1"},{"time":5,"name":"cloud3"},{"time":5.1333,"name":"cloud5"},{"time":5.2667,"name":"cloud7"},{"time":5.4,"name":"cloud9"},{"time":5.5333,"name":"cloud11"},{"time":5.6667,"name":"cloud1"},{"time":5.8,"name":"cloud3"},{"time":5.9333,"name":"cloud5"},{"time":6.0667,"name":"cloud7"},{"time":6.2,"name":"cloud9"},{"time":6.3333,"name":"cloud11"},{"time":6.4667,"name":"cloud1"},{"time":6.6,"name":"cloud3"},{"time":6.7333,"name":"cloud5"},{"time":6.8667,"name":"cloud7"},{"time":7,"name":"cloud9"},{"time":7.1333,"name":"cloud11"},{"time":7.2667,"name":"cloud1"},{"time":7.4,"name":"cloud3"},{"time":7.5333,"name":"cloud5"},{"time":7.6667,"name":"cloud7"},{"time":7.8,"name":"cloud9"},{"time":7.9333,"name":"cloud11"},{"time":8.0667,"name":"cloud1"},{"time":8.2,"name":"cloud3"},{"time":8.3333,"name":"cloud5"},{"time":8.4667,"name":"cloud7"},{"time":8.6,"name":"cloud9"},{"time":8.7333,"name":"cloud11"},{"time":8.8667,"name":"cloud1"},{"time":9,"name":"cloud3"},{"time":9.1333,"name":"cloud5"},{"time":9.2667,"name":"cloud7"},{"time":9.4,"name":"cloud9"},{"time":9.5333,"name":"cloud11"},{"time":9.6667,"name":"cloud1"},{"time":9.8,"name":"cloud3"},{"time":9.9333,"name":"cloud5"},{"time":10.0667,"name":"cloud7"},{"time":10.2,"name":"cloud9"},{"time":10.3333,"name":"cloud11"},{"time":10.4667,"name":"cloud1"},{"time":10.6,"name":"cloud3"},{"time":10.7333,"name":"cloud5"},{"time":10.8667,"name":"cloud7"},{"time":11,"name":"cloud9"},{"time":11.1333,"name":"cloud11"}]},"cloud2":{"color":[{"time":0,"color":"ffffff00"},{"time":0.3333,"color":"ffffffff"}],"attachment":[{"time":0,"name":"cloud5"},{"time":0.1333,"name":"cloud7"},{"time":0.2667,"name":"cloud9"},{"time":0.4,"name":"cloud11"},{"time":0.5333,"name":"cloud1"},{"time":0.6667,"name":"cloud3"},{"time":0.8,"name":"cloud5"},{"time":0.9333,"name":"cloud7"},{"time":1.0667,"name":"cloud9"},{"time":1.2,"name":"cloud11"},{"time":1.3333,"name":"cloud1"},{"time":1.4667,"name":"cloud3"},{"time":1.6,"name":"cloud5"},{"time":1.7333,"name":"cloud7"},{"time":1.8667,"name":"cloud9"},{"time":2,"name":"cloud11"},{"time":2.1333,"name":"cloud1"},{"time":2.2667,"name":"cloud3"},{"time":2.4,"name":"cloud5"},{"time":2.5333,"name":"cloud7"},{"time":2.6667,"name":"cloud9"},{"time":2.8,"name":"cloud11"},{"time":2.9333,"name":"cloud1"},{"time":3.0667,"name":"cloud3"},{"time":3.2,"name":"cloud5"},{"time":3.3333,"name":"cloud7"},{"time":3.4667,"name":"cloud9"},{"time":3.6,"name":"cloud11"},{"time":3.7333,"name":"cloud1"},{"time":3.8667,"name":"cloud3"},{"time":4,"name":"cloud5"},{"time":4.1333,"name":"cloud7"},{"time":4.2667,"name":"cloud9"},{"time":4.4,"name":"cloud11"},{"time":4.5333,"name":"cloud1"},{"time":4.6667,"name":"cloud3"},{"time":4.8,"name":"cloud5"},{"time":4.9333,"name":"cloud7"},{"time":5.0667,"name":"cloud9"},{"time":5.2,"name":"cloud11"},{"time":5.3333,"name":"cloud1"},{"time":5.4667,"name":"cloud3"},{"time":5.6,"name":"cloud5"},{"time":5.7333,"name":"cloud7"},{"time":5.8667,"name":"cloud9"},{"time":6,"name":"cloud11"},{"time":6.1333,"name":"cloud1"},{"time":6.2667,"name":"cloud3"},{"time":6.4,"name":"cloud5"},{"time":6.5333,"name":"cloud7"},{"time":6.6667,"name":"cloud9"},{"time":6.8,"name":"cloud11"},{"time":6.9333,"name":"cloud1"},{"time":7.0667,"name":"cloud3"},{"time":7.2,"name":"cloud5"},{"time":7.3333,"name":"cloud7"},{"time":7.4667,"name":"cloud9"},{"time":7.6,"name":"cloud11"},{"time":7.7333,"name":"cloud1"},{"time":7.8667,"name":"cloud3"},{"time":8,"name":"cloud5"},{"time":8.1333,"name":"cloud7"},{"time":8.2667,"name":"cloud9"},{"time":8.4,"name":"cloud11"},{"time":8.5333,"name":"cloud1"},{"time":8.6667,"name":"cloud3"},{"time":8.8,"name":"cloud5"},{"time":8.9333,"name":"cloud7"},{"time":9.0667,"name":"cloud9"},{"time":9.2,"name":"cloud11"},{"time":9.3333,"name":"cloud1"},{"time":9.4667,"name":"cloud3"},{"time":9.6,"name":"cloud5"},{"time":9.7333,"name":"cloud7"},{"time":9.8667,"name":"cloud9"},{"time":10,"name":"cloud11"},{"time":10.1333,"name":"cloud1"},{"time":10.2667,"name":"cloud3"},{"time":10.4,"name":"cloud5"},{"time":10.5333,"name":"cloud7"},{"time":10.6667,"name":"cloud9"},{"time":10.8,"name":"cloud11"},{"time":10.9333,"name":"cloud1"},{"time":11.0667,"name":"cloud3"}]},"cuonvai":{"attachment":[{"time":0,"name":null}]},"cuonvai2":{"attachment":[{"time":0,"name":null}]},"domdom":{"attachment":[{"time":0,"name":null}]},"jackpottext0":{"attachment":[{"time":0,"name":null},{"time":0.7,"name":"jackpottext1"},{"time":0.8,"name":"jackpottext2"},{"time":0.9,"name":"jackpottext3"},{"time":1,"name":"jackpottext4"},{"time":1.1,"name":"jackpottext5"},{"time":1.2,"name":"jackpottext6"},{"time":1.3,"name":"jackpottext7"},{"time":1.4,"name":"jackpottext8"},{"time":1.5,"name":null},{"time":2.1,"name":"jackpottext1"},{"time":2.2,"name":"jackpottext2"},{"time":2.3,"name":"jackpottext3"},{"time":2.4,"name":"jackpottext4"},{"time":2.5,"name":"jackpottext5"},{"time":2.6,"name":"jackpottext6"},{"time":2.7,"name":"jackpottext7"},{"time":2.8,"name":"jackpottext8"},{"time":2.9,"name":null},{"time":3.5,"name":"jackpottext1"},{"time":3.6,"name":"jackpottext2"},{"time":3.7,"name":"jackpottext3"},{"time":3.8,"name":"jackpottext4"},{"time":3.9,"name":"jackpottext5"},{"time":4,"name":"jackpottext6"},{"time":4.1,"name":"jackpottext7"},{"time":4.2,"name":"jackpottext8"},{"time":4.3,"name":null},{"time":4.9,"name":"jackpottext1"},{"time":5,"name":"jackpottext2"},{"time":5.1,"name":"jackpottext3"},{"time":5.2,"name":"jackpottext4"},{"time":5.3,"name":"jackpottext5"},{"time":5.4,"name":"jackpottext6"},{"time":5.5,"name":"jackpottext7"},{"time":5.6,"name":"jackpottext8"},{"time":5.7,"name":null},{"time":6.3333,"name":"jackpottext1"},{"time":6.4333,"name":"jackpottext2"},{"time":6.5333,"name":"jackpottext3"},{"time":6.6333,"name":"jackpottext4"},{"time":6.7333,"name":"jackpottext5"},{"time":6.8333,"name":"jackpottext6"},{"time":6.9333,"name":"jackpottext7"},{"time":7.0333,"name":"jackpottext8"},{"time":7.1333,"name":null},{"time":7.7333,"name":"jackpottext1"},{"time":7.8333,"name":"jackpottext2"},{"time":7.9333,"name":"jackpottext3"},{"time":8.0333,"name":"jackpottext4"},{"time":8.1333,"name":"jackpottext5"},{"time":8.2333,"name":"jackpottext6"},{"time":8.3333,"name":"jackpottext7"},{"time":8.4333,"name":"jackpottext8"},{"time":8.5333,"name":null},{"time":9.1333,"name":"jackpottext1"},{"time":9.2333,"name":"jackpottext2"},{"time":9.3333,"name":"jackpottext3"},{"time":9.4333,"name":"jackpottext4"},{"time":9.5333,"name":"jackpottext5"},{"time":9.6333,"name":"jackpottext6"},{"time":9.7333,"name":"jackpottext7"},{"time":9.8333,"name":"jackpottext8"},{"time":9.9333,"name":null}]},"staff":{"attachment":[{"time":0,"name":null}]},"wineffect2":{"attachment":[{"time":0,"name":null}]},"wineffect3":{"attachment":[{"time":0,"name":null}]},"wineffect4":{"attachment":[{"time":0,"name":null}]},"wineffect5":{"attachment":[{"time":0,"name":null}]},"wineffect6":{"attachment":[{"time":0,"name":null}]},"wineffect7":{"attachment":[{"time":0,"name":null}]},"wineffect8":{"attachment":[{"time":0,"name":null}]}},"bones":{"bone":{"translate":[{"time":0,"x":-0.53,"y":0.53}],"scale":[{"time":0,"x":1.25,"y":1.25}]},"bone2":{"translate":[{"time":0,"x":0,"y":-100.69},{"time":0.6667,"x":0,"y":0}],"scale":[{"time":0,"x":0,"y":0},{"time":0.6667,"x":1,"y":1}]},"bone3":{"translate":[{"time":0,"x":115.11,"y":-78.08},{"time":0.6667,"x":0,"y":0}],"scale":[{"time":0,"x":0,"y":0},{"time":0.6667,"x":1,"y":1}]},"bone4":{"translate":[{"time":0,"x":-127.23,"y":-87.8},{"time":0.6667,"x":0,"y":0}],"scale":[{"time":0,"x":0,"y":0},{"time":0.6667,"x":1,"y":1}]},"bone5":{"scale":[{"time":0,"x":0,"y":0},{"time":0.1667,"x":1.324,"y":1.324},{"time":0.2667,"x":1,"y":1},{"time":0.3,"x":1.104,"y":1.104},{"time":0.3333,"x":1,"y":1}]},"bone6":{"translate":[{"time":0,"x":0,"y":34.4},{"time":0.5,"x":0,"y":-9.59}],"scale":[{"time":0,"x":0,"y":0},{"time":0.5,"x":1,"y":1}]}}},"bonus":{"slots":{"bn0":{"color":[{"time":0,"color":"ffffff00","curve":"stepped"},{"time":0.3333,"color":"ffffff00"},{"time":0.6,"color":"ffffffff"},{"time":0.8333,"color":"ffffff00"},{"time":1.0667,"color":"ffffffff"},{"time":1.3333,"color":"ffffff00"},{"time":1.5667,"color":"ffffffff"},{"time":1.8333,"color":"ffffff00"},{"time":2.0667,"color":"ffffffff"},{"time":2.3333,"color":"ffffff00"}]},"bn1":{"color":[{"time":0,"color":"ffffff00","curve":"stepped"},{"time":0.3333,"color":"ffffff00"},{"time":0.6,"color":"ffffffff"},{"time":0.8333,"color":"ffffff00"},{"time":1.0667,"color":"ffffffff"},{"time":1.3333,"color":"ffffff00"},{"time":1.5667,"color":"ffffffff"},{"time":1.8333,"color":"ffffff00"},{"time":2.0667,"color":"ffffffff"},{"time":2.3333,"color":"ffffff00"}]},"bn2":{"color":[{"time":0,"color":"ffffff00","curve":"stepped"},{"time":0.3333,"color":"ffffff00"},{"time":0.6,"color":"ffffffff"},{"time":0.8333,"color":"ffffff00"},{"time":1.0667,"color":"ffffffff"},{"time":1.3333,"color":"ffffff00"},{"time":1.5667,"color":"ffffffff"},{"time":1.8333,"color":"ffffff00"},{"time":2.0667,"color":"ffffffff"},{"time":2.3333,"color":"ffffff00"}]},"bn3":{"color":[{"time":0,"color":"ffffff00","curve":"stepped"},{"time":0.3333,"color":"ffffff00"},{"time":0.6,"color":"ffffffff"},{"time":0.8333,"color":"ffffff00"},{"time":1.0667,"color":"ffffffff"},{"time":1.3333,"color":"ffffff00"},{"time":1.5667,"color":"ffffffff"},{"time":1.8333,"color":"ffffff00"},{"time":2.0667,"color":"ffffffff"},{"time":2.3333,"color":"ffffff00"}]},"bn4":{"color":[{"time":0,"color":"ffffff00","curve":"stepped"},{"time":0.3333,"color":"ffffff00"},{"time":0.6,"color":"ffffffff"},{"time":0.8333,"color":"ffffff00"},{"time":1.0667,"color":"ffffffff"},{"time":1.3333,"color":"ffffff00"},{"time":1.5667,"color":"ffffffff"},{"time":1.8333,"color":"ffffff00"},{"time":2.0667,"color":"ffffffff"},{"time":2.3333,"color":"ffffff00"}]},"bonus0":{"color":[{"time":0,"color":"ffffff00","curve":"stepped"},{"time":0.6333,"color":"ffffff00"},{"time":0.6667,"color":"ffffffff","curve":"stepped"},{"time":1.8333,"color":"ffffffff"},{"time":2.3333,"color":"ffffff00"}]},"bonus1":{"color":[{"time":0,"color":"ffffff00"},{"time":0.1667,"color":"ffffffff","curve":"stepped"},{"time":2.3333,"color":"ffffffff"},{"time":2.5,"color":"ffffff00"}]},"boxtienthang":{"attachment":[{"time":0,"name":null}]},"cloud0":{"attachment":[{"time":0,"name":null}]},"cloud1":{"attachment":[{"time":0,"name":null}]},"cloud2":{"attachment":[{"time":0,"name":null}]},"cuonvai":{"attachment":[{"time":0,"name":null}]},"cuonvai2":{"attachment":[{"time":0,"name":null}]},"domdom":{"attachment":[{"time":0,"name":null}]},"jackpottext0":{"attachment":[{"time":0,"name":null}]},"staff":{"color":[{"time":2.5,"color":"ffffffff"},{"time":3,"color":"ffffff00"}]},"wineffect1":{"attachment":[{"time":0,"name":null}]},"wineffect2":{"attachment":[{"time":0,"name":null}]},"wineffect3":{"attachment":[{"time":0,"name":null}]},"wineffect4":{"attachment":[{"time":0,"name":null}]},"wineffect5":{"attachment":[{"time":0,"name":null}]},"wineffect6":{"attachment":[{"time":0,"name":null}]},"wineffect7":{"attachment":[{"time":0,"name":null}]},"wineffect8":{"attachment":[{"time":0,"name":null}]}},"bones":{"bone21":{"scale":[{"time":0,"x":3,"y":3},{"time":0.1667,"x":1,"y":1,"curve":"stepped"},{"time":2.3333,"x":1,"y":1},{"time":2.5,"x":3,"y":3}]},"bone22":{"rotate":[{"time":0.6667,"angle":0},{"time":0.8333,"angle":-178.63},{"time":0.9333,"angle":82.63},{"time":1,"angle":0},{"time":1.1667,"angle":-178.63},{"time":1.2667,"angle":82.63},{"time":1.3333,"angle":0},{"time":1.5,"angle":-178.63},{"time":1.6,"angle":82.63},{"time":1.6667,"angle":0},{"time":1.8333,"angle":-178.63},{"time":1.9333,"angle":82.63},{"time":2,"angle":0},{"time":2.4333,"angle":-178.63},{"time":2.6667,"angle":82.63},{"time":2.8333,"angle":0}],"scale":[{"time":0,"x":0,"y":0,"curve":"stepped"},{"time":0.6667,"x":0,"y":0},{"time":1.1667,"x":1.277,"y":1.277,"curve":"stepped"},{"time":1.8333,"x":1.277,"y":1.277},{"time":2.3333,"x":3.551,"y":3.551}]},"bone23":{"rotate":[{"time":0.8333,"angle":0},{"time":0.9667,"angle":-179.39},{"time":1.0333,"angle":83.37},{"time":1.1,"angle":0},{"time":1.2,"angle":-179.39},{"time":1.3,"angle":83.37},{"time":1.3333,"angle":0},{"time":1.4667,"angle":-179.39},{"time":1.5333,"angle":83.37},{"time":1.6,"angle":0},{"time":1.7333,"angle":-179.39},{"time":1.8,"angle":83.37},{"time":1.8333,"angle":0},{"time":1.9667,"angle":-179.39},{"time":2.0333,"angle":83.37},{"time":2.1,"angle":0},{"time":2.2,"angle":-179.39},{"time":2.3,"angle":83.37},{"time":2.3333,"angle":0},{"time":2.4667,"angle":-179.39},{"time":2.5333,"angle":83.37},{"time":2.6,"angle":0},{"time":2.8667,"angle":-179.39},{"time":3.1,"angle":83.37},{"time":3.3333,"angle":0}],"scale":[{"time":0,"x":0,"y":0,"curve":"stepped"},{"time":0.8333,"x":0,"y":0},{"time":1.3333,"x":0.308,"y":0.308,"curve":"stepped"},{"time":1.8333,"x":0.308,"y":0.308},{"time":2.1667,"x":0.524,"y":0.524},{"time":3.3333,"x":1.717,"y":1.717}]}}},"free":{"slots":{"FB0":{"attachment":[{"time":0.0667,"name":"FB0"},{"time":0.1333,"name":"FB1"},{"time":0.2,"name":"FB2"},{"time":0.2667,"name":"FB3"},{"time":0.3333,"name":"FB4"},{"time":0.4,"name":"FB5"},{"time":0.4667,"name":"FB6"},{"time":0.5333,"name":"FB7"},{"time":0.6,"name":"FB8"},{"time":0.6667,"name":"FB9"},{"time":0.7333,"name":"FB10"},{"time":0.8,"name":"FB11"},{"time":0.8667,"name":"FB12"},{"time":0.9333,"name":null}]},"FB1":{"color":[{"time":0,"color":"ffffff5b"}],"attachment":[{"time":0.0667,"name":"FB0"},{"time":0.1333,"name":"FB1"},{"time":0.2,"name":"FB2"},{"time":0.2667,"name":"FB3"},{"time":0.3333,"name":"FB4"},{"time":0.4,"name":"FB5"},{"time":0.4667,"name":"FB6"},{"time":0.5333,"name":"FB7"},{"time":0.6,"name":"FB8"},{"time":0.6667,"name":"FB9"},{"time":0.7333,"name":"FB10"},{"time":0.8,"name":"FB11"},{"time":0.8667,"name":"FB12"},{"time":0.9333,"name":null}]},"bn0":{"attachment":[{"time":0,"name":null}]},"bn1":{"attachment":[{"time":0,"name":null}]},"bn2":{"attachment":[{"time":0,"name":null}]},"bn3":{"attachment":[{"time":0,"name":null}]},"bn4":{"attachment":[{"time":0,"name":null}]},"bonus0":{"attachment":[{"time":0,"name":null}]},"bonus1":{"attachment":[{"time":0,"name":null}]},"boxtienthang":{"attachment":[{"time":0,"name":null}]},"cloud0":{"attachment":[{"time":0,"name":null}]},"cloud1":{"attachment":[{"time":0,"name":null}]},"cloud2":{"attachment":[{"time":0,"name":null}]},"cuonvai":{"attachment":[{"time":0,"name":null}]},"cuonvai2":{"attachment":[{"time":0,"name":null}]},"domdom":{"attachment":[{"time":0,"name":null}]},"jackpottext0":{"attachment":[{"time":0,"name":null}]},"staff":{"attachment":[{"time":0,"name":null}]},"wineffect1":{"attachment":[{"time":0,"name":null}]},"wineffect2":{"attachment":[{"time":0,"name":null}]},"wineffect3":{"attachment":[{"time":0,"name":null}]},"wineffect4":{"attachment":[{"time":0,"name":null}]},"wineffect5":{"attachment":[{"time":0,"name":null}]},"wineffect6":{"attachment":[{"time":0,"name":null}]},"wineffect7":{"color":[{"time":0,"color":"ffffff00","curve":"stepped"},{"time":0.2,"color":"ffffff00"},{"time":0.4667,"color":"ffffffff","curve":"stepped"},{"time":1.6667,"color":"ffffffff"},{"time":1.8333,"color":"ffffff00"}]},"wineffect8":{"color":[{"time":0,"color":"ffffff00","curve":"stepped"},{"time":0.9333,"color":"ffffff00"},{"time":1.3333,"color":"ffffff50"},{"time":1.6667,"color":"ffffff00"}]}},"bones":{"bone17":{"translate":[{"time":0,"x":72.69,"y":0}],"scale":[{"time":0,"x":1.716,"y":1.939}]},"bone18":{"scale":[{"time":1.6667,"x":1,"y":1},{"time":1.8333,"x":3.452,"y":3.452}]},"bone19":{"scale":[{"time":1.6667,"x":1,"y":1},{"time":1.8333,"x":3.452,"y":3.452}]},"bone20":{"translate":[{"time":0,"x":72.69,"y":0}],"scale":[{"time":0,"x":1.716,"y":1.939}]}}}}},"_atlasText":"\nwineffect_tayduky.png\nsize: 1301,1301\nformat: RGBA8888\nfilter: Linear,Linear\nrepeat: none\nBIGWIN1\n  rotate: true\n  xy: 438, 279\n  size: 297, 71\n  orig: 297, 71\n  offset: 0, 0\n  index: -1\nBIGWIN2\n  rotate: true\n  xy: 511, 279\n  size: 297, 71\n  orig: 297, 71\n  offset: 0, 0\n  index: -1\nBIGWIN3\n  rotate: false\n  xy: 451, 4\n  size: 297, 71\n  orig: 297, 71\n  offset: 0, 0\n  index: -1\nBIGWIN4\n  rotate: true\n  xy: 584, 279\n  size: 297, 71\n  orig: 297, 71\n  offset: 0, 0\n  index: -1\nBIGWIN5\n  rotate: true\n  xy: 657, 305\n  size: 297, 71\n  orig: 297, 71\n  offset: 0, 0\n  index: -1\nBIGWIN6\n  rotate: true\n  xy: 730, 305\n  size: 297, 71\n  orig: 297, 71\n  offset: 0, 0\n  index: -1\nBIGWIN7\n  rotate: true\n  xy: 803, 305\n  size: 297, 71\n  orig: 297, 71\n  offset: 0, 0\n  index: -1\nBIGWIN8\n  rotate: true\n  xy: 876, 305\n  size: 297, 71\n  orig: 297, 71\n  offset: 0, 0\n  index: -1\nBIGWIN9\n  rotate: true\n  xy: 949, 305\n  size: 297, 71\n  orig: 297, 71\n  offset: 0, 0\n  index: -1\nFB0\n  rotate: false\n  xy: 211, 510\n  size: 64, 66\n  orig: 64, 66\n  offset: 0, 0\n  index: -1\nFB1\n  rotate: false\n  xy: 345, 2\n  size: 104, 73\n  orig: 104, 73\n  offset: 0, 0\n  index: -1\nFB10\n  rotate: false\n  xy: 1102, 309\n  size: 130, 78\n  orig: 130, 78\n  offset: 0, 0\n  index: -1\nFB11\n  rotate: true\n  xy: 1022, 355\n  size: 131, 78\n  orig: 134, 78\n  offset: 3, 0\n  index: -1\nFB12\n  rotate: false\n  xy: 277, 513\n  size: 129, 63\n  orig: 131, 63\n  offset: 2, 0\n  index: -1\nFB2\n  rotate: true\n  xy: 1022, 488\n  size: 146, 78\n  orig: 146, 78\n  offset: 0, 0\n  index: -1\nFB3\n  rotate: false\n  xy: 1119, 517\n  size: 175, 85\n  orig: 175, 85\n  offset: 0, 0\n  index: -1\nFB4\n  rotate: false\n  xy: 2, 605\n  size: 209, 87\n  orig: 209, 87\n  offset: 0, 0\n  index: -1\nFB5\n  rotate: true\n  xy: 608, 694\n  size: 230, 88\n  orig: 230, 88\n  offset: 0, 0\n  index: -1\nFB6\n  rotate: false\n  xy: 950, 21\n  size: 230, 86\n  orig: 230, 86\n  offset: 0, 0\n  index: -1\nFB7\n  rotate: true\n  xy: 690, 85\n  size: 218, 85\n  orig: 218, 85\n  offset: 0, 0\n  index: -1\nFB8\n  rotate: true\n  xy: 777, 102\n  size: 201, 82\n  orig: 201, 82\n  offset: 0, 0\n  index: -1\nFB9\n  rotate: false\n  xy: 750, 2\n  size: 198, 81\n  orig: 198, 90\n  offset: 0, 9\n  index: -1\nblackpoint\n  rotate: false\n  xy: 1263, 1298\n  size: 1, 1\n  orig: 1, 1\n  offset: 0, 0\n  index: -1\nbn0\n  rotate: true\n  xy: 149, 698\n  size: 97, 102\n  orig: 97, 112\n  offset: 0, 5\n  index: -1\nbn1\n  rotate: true\n  xy: 253, 698\n  size: 97, 102\n  orig: 97, 112\n  offset: 0, 5\n  index: -1\nbn2\n  rotate: true\n  xy: 97, 508\n  size: 95, 112\n  orig: 97, 112\n  offset: 1, 0\n  index: -1\nbn3\n  rotate: true\n  xy: 357, 698\n  size: 97, 102\n  orig: 97, 112\n  offset: 0, 5\n  index: -1\nbn4\n  rotate: true\n  xy: 461, 698\n  size: 97, 102\n  orig: 97, 112\n  offset: 0, 5\n  index: -1\nbonus0\n  rotate: false\n  xy: 2, 720\n  size: 145, 147\n  orig: 146, 148\n  offset: 0, 1\n  index: -1\nbonus1\n  rotate: true\n  xy: 97, 9\n  size: 497, 116\n  orig: 497, 116\n  offset: 0, 0\n  index: -1\nboxtienthang\n  rotate: true\n  xy: 345, 77\n  size: 434, 91\n  orig: 435, 91\n  offset: 0, 0\n  index: -1\ncloud1\n  rotate: false\n  xy: 1102, 389\n  size: 190, 126\n  orig: 234, 127\n  offset: 15, 1\n  index: -1\ncloud11\n  rotate: true\n  xy: 438, 77\n  size: 200, 127\n  orig: 234, 127\n  offset: 0, 0\n  index: -1\ncloud3\n  rotate: true\n  xy: 1119, 121\n  size: 186, 127\n  orig: 234, 127\n  offset: 22, 0\n  index: -1\ncloud5\n  rotate: true\n  xy: 990, 112\n  size: 191, 127\n  orig: 234, 127\n  offset: 16, 0\n  index: -1\ncloud7\n  rotate: true\n  xy: 861, 109\n  size: 194, 127\n  orig: 234, 127\n  offset: 11, 0\n  index: -1\ncloud9\n  rotate: true\n  xy: 567, 79\n  size: 198, 121\n  orig: 234, 127\n  offset: 4, 4\n  index: -1\ncuonvai\n  rotate: false\n  xy: 1240, 604\n  size: 59, 233\n  orig: 60, 234\n  offset: 0, 1\n  index: -1\ndomdom\n  rotate: false\n  xy: 149, 797\n  size: 443, 70\n  orig: 444, 71\n  offset: 0, 1\n  index: -1\njackpottext1\n  rotate: false\n  xy: 700, 1206\n  size: 540, 93\n  orig: 540, 93\n  offset: 0, 0\n  index: -1\njackpottext2\n  rotate: false\n  xy: 700, 1111\n  size: 540, 93\n  orig: 540, 93\n  offset: 0, 0\n  index: -1\njackpottext3\n  rotate: false\n  xy: 700, 1016\n  size: 540, 93\n  orig: 540, 93\n  offset: 0, 0\n  index: -1\njackpottext4\n  rotate: false\n  xy: 700, 921\n  size: 540, 93\n  orig: 540, 93\n  offset: 0, 0\n  index: -1\njackpottext5\n  rotate: false\n  xy: 698, 826\n  size: 540, 93\n  orig: 540, 93\n  offset: 0, 0\n  index: -1\njackpottext6\n  rotate: false\n  xy: 698, 731\n  size: 540, 93\n  orig: 540, 93\n  offset: 0, 0\n  index: -1\njackpottext7\n  rotate: false\n  xy: 698, 636\n  size: 540, 93\n  orig: 540, 93\n  offset: 0, 0\n  index: -1\njackpottext8\n  rotate: true\n  xy: 2, 62\n  size: 540, 93\n  orig: 540, 93\n  offset: 0, 0\n  index: -1\nstaff\n  rotate: false\n  xy: 1242, 839\n  size: 19, 460\n  orig: 20, 461\n  offset: 0, 1\n  index: -1\nwineffect1\n  rotate: false\n  xy: 2, 1154\n  size: 696, 145\n  orig: 697, 146\n  offset: 0, 1\n  index: -1\nwineffect2\n  rotate: false\n  xy: 2, 869\n  size: 604, 197\n  orig: 605, 197\n  offset: 0, 0\n  index: -1\nwineffect3\n  rotate: false\n  xy: 213, 578\n  size: 436, 114\n  orig: 437, 115\n  offset: 0, 1\n  index: -1\nwineffect4\n  rotate: true\n  xy: 633, 926\n  size: 226, 65\n  orig: 226, 65\n  offset: 0, 0\n  index: -1\nwineffect5\n  rotate: true\n  xy: 215, 74\n  size: 434, 128\n  orig: 435, 128\n  offset: 0, 0\n  index: -1\nwineffect6\n  rotate: false\n  xy: 2, 1068\n  size: 629, 84\n  orig: 629, 84\n  offset: 0, 0\n  index: -1\n","textures":[{"__uuid__":"03zbScYpVJH4Vn4BgWVeX4"}],"textureNames":["wineffect_tayduky.png"]}