{"__type__":"dragonBones.DragonBonesAtlasAsset","_name":"zhangyu_tex","_atlasJson":"{\"imagePath\":\"zhangyu_tex.png\",\"width\":716,\"height\":955,\"name\":\"zhangyu\",\"SubTexture\":[{\"width\":20,\"y\":357,\"height\":20,\"name\":\"paopao\",\"x\":180},{\"frameX\":-499,\"y\":746,\"frameY\":-218,\"frameWidth\":1020,\"width\":164,\"frameHeight\":765,\"height\":175,\"name\":\"kyby_zy_06\",\"x\":0},{\"frameX\":-516,\"y\":194,\"frameY\":-225,\"frameWidth\":1020,\"width\":137,\"frameHeight\":765,\"height\":163,\"name\":\"kyby_zy_12\",\"x\":321},{\"frameX\":-525,\"y\":353,\"frameY\":-231,\"frameWidth\":1020,\"width\":132,\"frameHeight\":765,\"height\":163,\"name\":\"kyby_zy_13\",\"x\":458},{\"frameX\":-498,\"y\":746,\"frameY\":-216,\"frameWidth\":1020,\"width\":158,\"frameHeight\":765,\"height\":171,\"name\":\"kyby_zy_07\",\"x\":164},{\"frameX\":-508,\"y\":194,\"frameY\":-225,\"frameWidth\":1020,\"width\":180,\"frameHeight\":765,\"height\":188,\"name\":\"kyby_zy_04\",\"x\":0},{\"frameX\":-522,\"y\":0,\"frameY\":-233,\"frameWidth\":1020,\"width\":186,\"frameHeight\":765,\"height\":194,\"name\":\"kyby_zy_03\",\"x\":0},{\"frameX\":-499,\"y\":550,\"frameY\":-216,\"frameWidth\":1020,\"width\":149,\"frameHeight\":765,\"height\":166,\"name\":\"kyby_zy_09\",\"x\":325},{\"frameX\":-498,\"y\":382,\"frameY\":-216,\"frameWidth\":1020,\"width\":153,\"frameHeight\":765,\"height\":168,\"name\":\"kyby_zy_08\",\"x\":174},{\"frameX\":-532,\"y\":357,\"frameY\":-235,\"frameWidth\":1020,\"width\":129,\"frameHeight\":765,\"height\":166,\"name\":\"kyby_zy_14\",\"x\":327},{\"frameX\":-542,\"y\":566,\"frameY\":-244,\"frameWidth\":1020,\"width\":153,\"frameHeight\":765,\"height\":170,\"name\":\"kyby_zy_01\",\"x\":172},{\"frameX\":-542,\"y\":194,\"frameY\":-243,\"frameWidth\":1020,\"width\":137,\"frameHeight\":765,\"height\":159,\"name\":\"kyby_zy_16\",\"x\":458},{\"frameX\":-537,\"y\":382,\"frameY\":-242,\"frameWidth\":1020,\"width\":174,\"frameHeight\":765,\"height\":184,\"name\":\"kyby_zy_02\",\"x\":0},{\"frameX\":-509,\"y\":194,\"frameY\":-221,\"frameWidth\":1020,\"width\":141,\"frameHeight\":765,\"height\":163,\"name\":\"kyby_zy_11\",\"x\":180},{\"frameX\":-538,\"y\":353,\"frameY\":-240,\"frameWidth\":1020,\"width\":126,\"frameHeight\":765,\"height\":165,\"name\":\"kyby_zy_15\",\"x\":590},{\"frameX\":-501,\"y\":566,\"frameY\":-221,\"frameWidth\":1020,\"width\":172,\"frameHeight\":765,\"height\":180,\"name\":\"kyby_zy_05\",\"x\":0},{\"frameX\":-503,\"y\":550,\"frameY\":-217,\"frameWidth\":1020,\"width\":145,\"frameHeight\":765,\"height\":165,\"name\":\"kyby_zy_10\",\"x\":474},{\"width\":38,\"y\":917,\"height\":38,\"name\":\"pao\",\"x\":164}]}","_texture":{"__uuid__":"35X0U9I7xMvIOh3sFUCqYf"},"texture":{"__uuid__":"35X0U9I7xMvIOh3sFUCqYf"}}