{"__type__":"sp.SkeletonData","_name":"avenger_bigwin","_skeletonJson":{"skeleton":{"hash":"eAVaSPqPo6y9fgyYE1skK8TdfhA","spine":"3.7.94","width":1111.71,"height":816.44,"images":"./images/","audio":"C:/Users/Toanp/OneDrive/Máy tính/avenger/bigwin"},"bones":[{"name":"root"},{"name":"CENTER","parent":"root","y":-88.69},{"name":"B","parent":"CENTER","x":-254.94,"y":5.81},{"name":"SCALE BONE","parent":"root","scaleX":1.6,"scaleY":1.6},{"name":"SB","parent":"SCALE BONE","length":114.8,"rotation":131.47,"x":-5.68,"y":2.73},{"name":"BONE EFFECT 1","parent":"SB","rotation":-131.47,"x":142.91,"y":-6.23},{"name":"MJ","parent":"SCALE BONE","length":122.46,"rotation":48.81,"x":22.74,"y":25.77,"transform":"noRotationOrReflection"},{"name":"BONE EFFECT 2","parent":"MJ","rotation":-48.81,"x":136.08,"y":-19.02},{"name":"G","parent":"CENTER","x":-81.91,"y":5.81},{"name":"I","parent":"CENTER","x":-166.42,"y":5.81},{"name":"I2","parent":"CENTER","x":195.86,"y":5.81},{"name":"N","parent":"CENTER","x":284.39,"y":5.81},{"name":"W","parent":"CENTER","x":93.25,"y":5.81}],"slots":[{"name":"Mjohnir","bone":"root","attachment":"Mjohnir"},{"name":"StormBreaker","bone":"root","attachment":"StormBreaker"},{"name":"EFFECT 1","bone":"BONE EFFECT 1","attachment":"EFFECT-1_0001_STORMBREAKER_00018","blend":"additive"},{"name":"EFFECT 2","bone":"BONE EFFECT 2","attachment":"EFFECT-2_0001_MIHORNIR_00018","blend":"additive"},{"name":"B","bone":"root","attachment":"B"},{"name":"I","bone":"root","attachment":"I"},{"name":"G","bone":"root","attachment":"G"},{"name":"N","bone":"root","attachment":"N"},{"name":"I2","bone":"root","attachment":"I2"},{"name":"W","bone":"root","attachment":"W"}],"skins":{"default":{"B":{"B":{"type":"mesh","uvs":[1,1,0,1,0,0,1,0],"triangles":[1,2,3,1,3,0],"vertices":[1,2,78.64,-106.07,1,1,2,-90.36,-106.07,1,1,2,-90.36,83.93,1,1,2,78.64,83.93,1],"hull":4,"edges":[0,2,2,4,4,6,0,6],"width":169,"height":190}},"EFFECT 1":{"EFFECT-1_0000_STORMBREAKER_00019":{"width":482,"height":451},"EFFECT-1_0001_STORMBREAKER_00018":{"width":482,"height":451},"EFFECT-1_0002_STORMBREAKER_00017":{"width":482,"height":451},"EFFECT-1_0003_STORMBREAKER_00016":{"width":482,"height":451},"EFFECT-1_0004_STORMBREAKER_00015":{"width":482,"height":451},"EFFECT-1_0005_STORMBREAKER_00014":{"width":482,"height":451},"EFFECT-1_0006_STORMBREAKER_00013":{"width":482,"height":451},"EFFECT-1_0007_STORMBREAKER_00012":{"width":482,"height":451},"EFFECT-1_0008_STORMBREAKER_00011":{"width":482,"height":451},"EFFECT-1_0009_STORMBREAKER_00010":{"width":482,"height":451},"EFFECT-1_0010_STORMBREAKER_00009":{"width":482,"height":451},"EFFECT-1_0011_STORMBREAKER_00008":{"width":482,"height":451},"EFFECT-1_0012_STORMBREAKER_00007":{"width":482,"height":451},"EFFECT-1_0013_STORMBREAKER_00006":{"width":482,"height":451},"EFFECT-1_0014_STORMBREAKER_00005":{"width":482,"height":451},"EFFECT-1_0015_STORMBREAKER_00004":{"width":482,"height":451},"EFFECT-1_0016_STORMBREAKER_00003":{"width":482,"height":451},"EFFECT-1_0017_STORMBREAKER_00002":{"width":482,"height":451},"EFFECT-1_0018_STORMBREAKER_00001":{"width":482,"height":451},"EFFECT-1_0019_STORMBREAKER_00000":{"width":482,"height":451}},"EFFECT 2":{"EFFECT-2_0000_MIHORNIR_00019":{"width":463,"height":427},"EFFECT-2_0001_MIHORNIR_00018":{"width":463,"height":427},"EFFECT-2_0002_MIHORNIR_00017":{"width":463,"height":427},"EFFECT-2_0003_MIHORNIR_00016":{"width":463,"height":427},"EFFECT-2_0004_MIHORNIR_00015":{"width":463,"height":427},"EFFECT-2_0005_MIHORNIR_00014":{"width":463,"height":427},"EFFECT-2_0006_MIHORNIR_00013":{"width":463,"height":427},"EFFECT-2_0007_MIHORNIR_00012":{"width":463,"height":427},"EFFECT-2_0008_MIHORNIR_00011":{"width":463,"height":427},"EFFECT-2_0009_MIHORNIR_00010":{"width":463,"height":427},"EFFECT-2_0010_MIHORNIR_00009":{"width":463,"height":427},"EFFECT-2_0011_MIHORNIR_00008":{"width":463,"height":427},"EFFECT-2_0012_MIHORNIR_00007":{"width":463,"height":427},"EFFECT-2_0013_MIHORNIR_00006":{"width":463,"height":427},"EFFECT-2_0014_MIHORNIR_00005":{"width":463,"height":427},"EFFECT-2_0015_MIHORNIR_00004":{"width":463,"height":427},"EFFECT-2_0016_MIHORNIR_00003":{"width":463,"height":427},"EFFECT-2_0017_MIHORNIR_00002":{"width":463,"height":427},"EFFECT-2_0018_MIHORNIR_00001":{"width":463,"height":427},"EFFECT-2_0019_MIHORNIR_00000":{"width":463,"height":427}},"G":{"G":{"type":"mesh","uvs":[1,1,0,1,0,0,1,0],"triangles":[1,2,3,1,3,0],"vertices":[1,8,55.24,-123.03,1,1,8,-62.76,-123.03,1,1,8,-62.76,83.97,1,1,8,55.24,83.97,1],"hull":4,"edges":[0,2,2,4,4,6,0,6],"width":118,"height":207}},"I":{"I":{"type":"mesh","uvs":[1,1,0,1,0,0,1,0],"triangles":[1,2,3,1,3,0],"vertices":[1,9,42.39,-106.07,1,1,9,-47.61,-106.07,1,1,9,-47.61,83.93,1,1,9,42.39,83.93,1],"hull":4,"edges":[0,2,2,4,4,6,0,6],"width":90,"height":190}},"I2":{"I2":{"type":"mesh","uvs":[1,1,0,1,0,0,1,0],"triangles":[1,2,3,1,3,0],"vertices":[1,10,42.03,-106.07,1,1,10,-48.97,-106.07,1,1,10,-48.97,83.93,1,1,10,42.03,83.93,1],"hull":4,"edges":[0,2,2,4,4,6,0,6],"width":91,"height":190}},"Mjohnir":{"Mjohnir":{"type":"mesh","uvs":[1,1,0,1,0,0,1,0],"triangles":[1,2,3,1,3,0],"vertices":[1,6,12.93,-249.12,1,1,6,-222.15,19.55,1,1,6,29.21,239.49,1,1,6,264.29,-29.18,1],"hull":4,"edges":[0,2,2,4,4,6,0,6],"width":357,"height":334}},"N":{"N":{"type":"mesh","uvs":[1,1,0,1,0,0,1,0],"triangles":[1,2,3,1,3,0],"vertices":[1,11,76.81,-106.07,1,1,11,-91.19,-106.07,1,1,11,-91.19,83.93,1,1,11,76.81,83.93,1],"hull":4,"edges":[0,2,2,4,4,6,0,6],"width":168,"height":190}},"StormBreaker":{"StormBreaker":{"type":"mesh","uvs":[1,1,0,1,0,0,1,0],"triangles":[1,2,3,1,3,0],"vertices":[1,4,-271.8,-45.44,1,1,4,5.04,267.74,1,1,4,298.74,8.13,1,1,4,21.91,-305.06,1],"hull":4,"edges":[0,2,2,4,4,6,0,6],"width":418,"height":392}},"W":{"W":{"type":"mesh","uvs":[1,1,0,1,0,0,1,0],"triangles":[1,2,3,1,3,0],"vertices":[1,12,63.58,-106.07,1,1,12,-84.42,-106.07,1,1,12,-84.42,83.93,1,1,12,63.58,83.93,1],"hull":4,"edges":[0,2,2,4,4,6,0,6],"width":148,"height":190}}}},"animations":{"avenger_bigwin":{"slots":{"EFFECT 1":{"attachment":[{"time":0,"name":"EFFECT-1_0019_STORMBREAKER_00000"},{"time":0.0333,"name":"EFFECT-1_0018_STORMBREAKER_00001"},{"time":0.0667,"name":"EFFECT-1_0017_STORMBREAKER_00002"},{"time":0.1,"name":"EFFECT-1_0016_STORMBREAKER_00003"},{"time":0.1333,"name":"EFFECT-1_0015_STORMBREAKER_00004"},{"time":0.1667,"name":"EFFECT-1_0014_STORMBREAKER_00005"},{"time":0.2,"name":"EFFECT-1_0013_STORMBREAKER_00006"},{"time":0.2333,"name":"EFFECT-1_0012_STORMBREAKER_00007"},{"time":0.2667,"name":"EFFECT-1_0011_STORMBREAKER_00008"},{"time":0.3,"name":"EFFECT-1_0010_STORMBREAKER_00009"},{"time":0.3333,"name":"EFFECT-1_0009_STORMBREAKER_00010"},{"time":0.3667,"name":"EFFECT-1_0008_STORMBREAKER_00011"},{"time":0.4,"name":"EFFECT-1_0007_STORMBREAKER_00012"},{"time":0.4333,"name":"EFFECT-1_0006_STORMBREAKER_00013"},{"time":0.4667,"name":"EFFECT-1_0005_STORMBREAKER_00014"},{"time":0.5,"name":"EFFECT-1_0004_STORMBREAKER_00015"},{"time":0.5333,"name":"EFFECT-1_0003_STORMBREAKER_00016"},{"time":0.5667,"name":"EFFECT-1_0002_STORMBREAKER_00017"},{"time":0.6,"name":"EFFECT-1_0001_STORMBREAKER_00018"},{"time":0.6333,"name":"EFFECT-1_0018_STORMBREAKER_00001"},{"time":0.6667,"name":"EFFECT-1_0017_STORMBREAKER_00002"},{"time":0.7,"name":"EFFECT-1_0016_STORMBREAKER_00003"},{"time":0.7333,"name":"EFFECT-1_0015_STORMBREAKER_00004"},{"time":0.7667,"name":"EFFECT-1_0014_STORMBREAKER_00005"},{"time":0.8,"name":"EFFECT-1_0013_STORMBREAKER_00006"},{"time":0.8333,"name":"EFFECT-1_0012_STORMBREAKER_00007"},{"time":0.8667,"name":"EFFECT-1_0011_STORMBREAKER_00008"},{"time":0.9,"name":"EFFECT-1_0010_STORMBREAKER_00009"},{"time":0.9333,"name":"EFFECT-1_0009_STORMBREAKER_00010"},{"time":0.9667,"name":"EFFECT-1_0008_STORMBREAKER_00011"},{"time":1,"name":"EFFECT-1_0007_STORMBREAKER_00012"},{"time":1.0333,"name":"EFFECT-1_0006_STORMBREAKER_00013"},{"time":1.0667,"name":"EFFECT-1_0005_STORMBREAKER_00014"},{"time":1.1,"name":"EFFECT-1_0004_STORMBREAKER_00015"},{"time":1.1333,"name":"EFFECT-1_0003_STORMBREAKER_00016"},{"time":1.1667,"name":"EFFECT-1_0002_STORMBREAKER_00017"},{"time":1.2,"name":"EFFECT-1_0001_STORMBREAKER_00018"},{"time":1.2333,"name":"EFFECT-1_0018_STORMBREAKER_00001"},{"time":1.2667,"name":"EFFECT-1_0017_STORMBREAKER_00002"},{"time":1.3,"name":"EFFECT-1_0016_STORMBREAKER_00003"},{"time":1.3333,"name":"EFFECT-1_0015_STORMBREAKER_00004"},{"time":1.3667,"name":"EFFECT-1_0014_STORMBREAKER_00005"},{"time":1.4,"name":"EFFECT-1_0013_STORMBREAKER_00006"},{"time":1.4333,"name":"EFFECT-1_0012_STORMBREAKER_00007"},{"time":1.4667,"name":"EFFECT-1_0011_STORMBREAKER_00008"},{"time":1.5,"name":"EFFECT-1_0010_STORMBREAKER_00009"},{"time":1.5333,"name":"EFFECT-1_0009_STORMBREAKER_00010"},{"time":1.5667,"name":"EFFECT-1_0008_STORMBREAKER_00011"},{"time":1.6,"name":"EFFECT-1_0007_STORMBREAKER_00012"},{"time":1.6333,"name":"EFFECT-1_0006_STORMBREAKER_00013"},{"time":1.6667,"name":"EFFECT-1_0005_STORMBREAKER_00014"},{"time":1.7,"name":"EFFECT-1_0004_STORMBREAKER_00015"},{"time":1.7333,"name":"EFFECT-1_0003_STORMBREAKER_00016"},{"time":1.7667,"name":"EFFECT-1_0002_STORMBREAKER_00017"},{"time":1.8,"name":"EFFECT-1_0001_STORMBREAKER_00018"},{"time":1.8333,"name":"EFFECT-1_0018_STORMBREAKER_00001"},{"time":1.8667,"name":"EFFECT-1_0017_STORMBREAKER_00002"},{"time":1.9,"name":"EFFECT-1_0016_STORMBREAKER_00003"},{"time":1.9333,"name":"EFFECT-1_0015_STORMBREAKER_00004"},{"time":1.9667,"name":"EFFECT-1_0014_STORMBREAKER_00005"},{"time":2,"name":"EFFECT-1_0013_STORMBREAKER_00006"},{"time":2.0333,"name":"EFFECT-1_0012_STORMBREAKER_00007"},{"time":2.0667,"name":"EFFECT-1_0011_STORMBREAKER_00008"},{"time":2.1,"name":"EFFECT-1_0010_STORMBREAKER_00009"},{"time":2.1333,"name":"EFFECT-1_0009_STORMBREAKER_00010"},{"time":2.1667,"name":"EFFECT-1_0008_STORMBREAKER_00011"},{"time":2.2,"name":"EFFECT-1_0007_STORMBREAKER_00012"},{"time":2.2333,"name":"EFFECT-1_0006_STORMBREAKER_00013"},{"time":2.2667,"name":"EFFECT-1_0005_STORMBREAKER_00014"},{"time":2.3,"name":"EFFECT-1_0004_STORMBREAKER_00015"},{"time":2.3333,"name":"EFFECT-1_0003_STORMBREAKER_00016"},{"time":2.3667,"name":"EFFECT-1_0002_STORMBREAKER_00017"},{"time":2.4,"name":"EFFECT-1_0001_STORMBREAKER_00018"},{"time":2.4333,"name":"EFFECT-1_0018_STORMBREAKER_00001"},{"time":2.4667,"name":"EFFECT-1_0017_STORMBREAKER_00002"},{"time":2.5,"name":"EFFECT-1_0016_STORMBREAKER_00003"},{"time":2.5333,"name":"EFFECT-1_0015_STORMBREAKER_00004"},{"time":2.5667,"name":"EFFECT-1_0014_STORMBREAKER_00005"},{"time":2.6,"name":"EFFECT-1_0013_STORMBREAKER_00006"},{"time":2.6333,"name":"EFFECT-1_0012_STORMBREAKER_00007"},{"time":2.6667,"name":"EFFECT-1_0011_STORMBREAKER_00008"},{"time":2.7,"name":"EFFECT-1_0010_STORMBREAKER_00009"},{"time":2.7333,"name":"EFFECT-1_0009_STORMBREAKER_00010"},{"time":2.7667,"name":"EFFECT-1_0008_STORMBREAKER_00011"},{"time":2.8,"name":"EFFECT-1_0007_STORMBREAKER_00012"},{"time":2.8333,"name":"EFFECT-1_0006_STORMBREAKER_00013"},{"time":2.8667,"name":"EFFECT-1_0005_STORMBREAKER_00014"},{"time":2.9,"name":"EFFECT-1_0004_STORMBREAKER_00015"},{"time":2.9333,"name":"EFFECT-1_0003_STORMBREAKER_00016"},{"time":2.9667,"name":"EFFECT-1_0002_STORMBREAKER_00017"},{"time":3,"name":"EFFECT-1_0001_STORMBREAKER_00018"}]},"EFFECT 2":{"attachment":[{"time":0,"name":"EFFECT-2_0019_MIHORNIR_00000"},{"time":0.0333,"name":"EFFECT-2_0018_MIHORNIR_00001"},{"time":0.0667,"name":"EFFECT-2_0017_MIHORNIR_00002"},{"time":0.1,"name":"EFFECT-2_0016_MIHORNIR_00003"},{"time":0.1333,"name":"EFFECT-2_0015_MIHORNIR_00004"},{"time":0.1667,"name":"EFFECT-2_0014_MIHORNIR_00005"},{"time":0.2,"name":"EFFECT-2_0013_MIHORNIR_00006"},{"time":0.2333,"name":"EFFECT-2_0012_MIHORNIR_00007"},{"time":0.2667,"name":"EFFECT-2_0011_MIHORNIR_00008"},{"time":0.3,"name":"EFFECT-2_0010_MIHORNIR_00009"},{"time":0.3333,"name":"EFFECT-2_0009_MIHORNIR_00010"},{"time":0.3667,"name":"EFFECT-2_0008_MIHORNIR_00011"},{"time":0.4,"name":"EFFECT-2_0007_MIHORNIR_00012"},{"time":0.4333,"name":"EFFECT-2_0006_MIHORNIR_00013"},{"time":0.4667,"name":"EFFECT-2_0005_MIHORNIR_00014"},{"time":0.5,"name":"EFFECT-2_0004_MIHORNIR_00015"},{"time":0.5333,"name":"EFFECT-2_0003_MIHORNIR_00016"},{"time":0.5667,"name":"EFFECT-2_0002_MIHORNIR_00017"},{"time":0.6,"name":"EFFECT-2_0001_MIHORNIR_00018"},{"time":0.6333,"name":"EFFECT-2_0018_MIHORNIR_00001"},{"time":0.6667,"name":"EFFECT-2_0017_MIHORNIR_00002"},{"time":0.7,"name":"EFFECT-2_0016_MIHORNIR_00003"},{"time":0.7333,"name":"EFFECT-2_0015_MIHORNIR_00004"},{"time":0.7667,"name":"EFFECT-2_0014_MIHORNIR_00005"},{"time":0.8,"name":"EFFECT-2_0013_MIHORNIR_00006"},{"time":0.8333,"name":"EFFECT-2_0012_MIHORNIR_00007"},{"time":0.8667,"name":"EFFECT-2_0011_MIHORNIR_00008"},{"time":0.9,"name":"EFFECT-2_0010_MIHORNIR_00009"},{"time":0.9333,"name":"EFFECT-2_0009_MIHORNIR_00010"},{"time":0.9667,"name":"EFFECT-2_0008_MIHORNIR_00011"},{"time":1,"name":"EFFECT-2_0007_MIHORNIR_00012"},{"time":1.0333,"name":"EFFECT-2_0006_MIHORNIR_00013"},{"time":1.0667,"name":"EFFECT-2_0005_MIHORNIR_00014"},{"time":1.1,"name":"EFFECT-2_0004_MIHORNIR_00015"},{"time":1.1333,"name":"EFFECT-2_0003_MIHORNIR_00016"},{"time":1.1667,"name":"EFFECT-2_0002_MIHORNIR_00017"},{"time":1.2,"name":"EFFECT-2_0001_MIHORNIR_00018"},{"time":1.2333,"name":"EFFECT-2_0018_MIHORNIR_00001"},{"time":1.2667,"name":"EFFECT-2_0017_MIHORNIR_00002"},{"time":1.3,"name":"EFFECT-2_0016_MIHORNIR_00003"},{"time":1.3333,"name":"EFFECT-2_0015_MIHORNIR_00004"},{"time":1.3667,"name":"EFFECT-2_0014_MIHORNIR_00005"},{"time":1.4,"name":"EFFECT-2_0013_MIHORNIR_00006"},{"time":1.4333,"name":"EFFECT-2_0012_MIHORNIR_00007"},{"time":1.4667,"name":"EFFECT-2_0011_MIHORNIR_00008"},{"time":1.5,"name":"EFFECT-2_0010_MIHORNIR_00009"},{"time":1.5333,"name":"EFFECT-2_0009_MIHORNIR_00010"},{"time":1.5667,"name":"EFFECT-2_0008_MIHORNIR_00011"},{"time":1.6,"name":"EFFECT-2_0007_MIHORNIR_00012"},{"time":1.6333,"name":"EFFECT-2_0006_MIHORNIR_00013"},{"time":1.6667,"name":"EFFECT-2_0005_MIHORNIR_00014"},{"time":1.7,"name":"EFFECT-2_0004_MIHORNIR_00015"},{"time":1.7333,"name":"EFFECT-2_0003_MIHORNIR_00016"},{"time":1.7667,"name":"EFFECT-2_0002_MIHORNIR_00017"},{"time":1.8,"name":"EFFECT-2_0001_MIHORNIR_00018"},{"time":1.8333,"name":"EFFECT-2_0018_MIHORNIR_00001"},{"time":1.8667,"name":"EFFECT-2_0017_MIHORNIR_00002"},{"time":1.9,"name":"EFFECT-2_0016_MIHORNIR_00003"},{"time":1.9333,"name":"EFFECT-2_0015_MIHORNIR_00004"},{"time":1.9667,"name":"EFFECT-2_0014_MIHORNIR_00005"},{"time":2,"name":"EFFECT-2_0013_MIHORNIR_00006"},{"time":2.0333,"name":"EFFECT-2_0012_MIHORNIR_00007"},{"time":2.0667,"name":"EFFECT-2_0011_MIHORNIR_00008"},{"time":2.1,"name":"EFFECT-2_0010_MIHORNIR_00009"},{"time":2.1333,"name":"EFFECT-2_0009_MIHORNIR_00010"},{"time":2.1667,"name":"EFFECT-2_0008_MIHORNIR_00011"},{"time":2.2,"name":"EFFECT-2_0007_MIHORNIR_00012"},{"time":2.2333,"name":"EFFECT-2_0006_MIHORNIR_00013"},{"time":2.2667,"name":"EFFECT-2_0005_MIHORNIR_00014"},{"time":2.3,"name":"EFFECT-2_0004_MIHORNIR_00015"},{"time":2.3333,"name":"EFFECT-2_0003_MIHORNIR_00016"},{"time":2.3667,"name":"EFFECT-2_0002_MIHORNIR_00017"},{"time":2.4,"name":"EFFECT-2_0001_MIHORNIR_00018"},{"time":2.4333,"name":"EFFECT-2_0018_MIHORNIR_00001"},{"time":2.4667,"name":"EFFECT-2_0017_MIHORNIR_00002"},{"time":2.5,"name":"EFFECT-2_0016_MIHORNIR_00003"},{"time":2.5333,"name":"EFFECT-2_0015_MIHORNIR_00004"},{"time":2.5667,"name":"EFFECT-2_0014_MIHORNIR_00005"},{"time":2.6,"name":"EFFECT-2_0013_MIHORNIR_00006"},{"time":2.6333,"name":"EFFECT-2_0012_MIHORNIR_00007"},{"time":2.6667,"name":"EFFECT-2_0011_MIHORNIR_00008"},{"time":2.7,"name":"EFFECT-2_0010_MIHORNIR_00009"},{"time":2.7333,"name":"EFFECT-2_0009_MIHORNIR_00010"},{"time":2.7667,"name":"EFFECT-2_0008_MIHORNIR_00011"},{"time":2.8,"name":"EFFECT-2_0007_MIHORNIR_00012"},{"time":2.8333,"name":"EFFECT-2_0006_MIHORNIR_00013"},{"time":2.8667,"name":"EFFECT-2_0005_MIHORNIR_00014"},{"time":2.9,"name":"EFFECT-2_0004_MIHORNIR_00015"},{"time":2.9333,"name":"EFFECT-2_0003_MIHORNIR_00016"},{"time":2.9667,"name":"EFFECT-2_0002_MIHORNIR_00017"},{"time":3,"name":"EFFECT-2_0001_MIHORNIR_00018"}]}},"bones":{"MJ":{"rotate":[{"time":0,"angle":0},{"time":0.1,"angle":-170.33},{"time":0.2333,"angle":17.87},{"time":0.3333,"angle":-145.32},{"time":0.4,"angle":41.17},{"time":0.4333,"angle":0.01},{"time":0.5,"angle":-6.53},{"time":0.5667,"angle":0.58},{"time":0.6333,"angle":0.01}],"translate":[{"time":0,"x":-1022.74,"y":0},{"time":0.4333,"x":0,"y":0}]},"SB":{"rotate":[{"time":0,"angle":0},{"time":0.1,"angle":180},{"time":0.2333,"angle":-1},{"time":0.3333,"angle":179},{"time":0.3667,"angle":-129.96},{"time":0.4,"angle":-29.79},{"time":0.4333,"angle":0.13},{"time":0.5,"angle":5.89},{"time":0.5667,"angle":-1.03},{"time":0.6333,"angle":0.13}],"translate":[{"time":0,"x":1005.68,"y":0},{"time":0.4333,"x":0,"y":0}]},"CENTER":{"rotate":[{"time":0,"angle":0.57,"curve":"stepped"},{"time":0.5,"angle":0.57},{"time":0.5333,"angle":-88.95},{"time":0.5667,"angle":-179.78},{"time":0.6,"angle":90.97},{"time":0.6333,"angle":-0.49},{"time":0.6667,"angle":-91.01},{"time":0.7,"angle":-179.71},{"time":0.7333,"angle":89.11},{"time":0.7667,"angle":0},{"time":0.8,"angle":-4.35},{"time":0.8333,"angle":6.85},{"time":0.8667,"angle":0},{"time":0.9,"angle":-2.92},{"time":0.9333,"angle":0}],"scale":[{"time":0,"x":0,"y":0,"curve":"stepped"},{"time":0.5,"x":0,"y":0},{"time":0.7667,"x":1,"y":1}]},"B":{"scale":[{"time":1,"x":1,"y":1},{"time":1.1,"x":1.4,"y":1.4},{"time":1.1667,"x":0.8,"y":0.8},{"time":1.2333,"x":1,"y":1}]},"I":{"scale":[{"time":1.1,"x":1,"y":1},{"time":1.2,"x":1.4,"y":1.4},{"time":1.2667,"x":0.8,"y":0.8},{"time":1.3333,"x":1,"y":1}]},"G":{"scale":[{"time":1.2,"x":1,"y":1},{"time":1.3,"x":1.4,"y":1.4},{"time":1.3667,"x":0.8,"y":0.8},{"time":1.4333,"x":1,"y":1}]},"W":{"scale":[{"time":1.3,"x":1,"y":1},{"time":1.4,"x":1.4,"y":1.4},{"time":1.4667,"x":0.8,"y":0.8},{"time":1.5333,"x":1,"y":1}]},"I2":{"scale":[{"time":1.4,"x":1,"y":1},{"time":1.5,"x":1.4,"y":1.4},{"time":1.5667,"x":0.8,"y":0.8},{"time":1.6333,"x":1,"y":1}]},"N":{"scale":[{"time":1.5,"x":1,"y":1},{"time":1.6,"x":1.4,"y":1.4},{"time":1.6667,"x":0.8,"y":0.8},{"time":1.7333,"x":1,"y":1}]}}}}},"_atlasText":"\navenger_bigwin.png\nsize: 2048,2048\nformat: RGBA8888\nfilter: Linear,Linear\nrepeat: none\nB\n  rotate: false\n  xy: 2, 2\n  size: 101, 114\n  orig: 101, 114\n  offset: 0, 0\n  index: -1\nEFFECT-1_0000_STORMBREAKER_00019\n  rotate: false\n  xy: 2, 1741\n  size: 289, 271\n  orig: 289, 271\n  offset: 0, 0\n  index: -1\nEFFECT-1_0001_STORMBREAKER_00018\n  rotate: false\n  xy: 2, 1468\n  size: 289, 271\n  orig: 289, 271\n  offset: 0, 0\n  index: -1\nEFFECT-1_0002_STORMBREAKER_00017\n  rotate: false\n  xy: 293, 1741\n  size: 289, 271\n  orig: 289, 271\n  offset: 0, 0\n  index: -1\nEFFECT-1_0003_STORMBREAKER_00016\n  rotate: false\n  xy: 2, 1195\n  size: 289, 271\n  orig: 289, 271\n  offset: 0, 0\n  index: -1\nEFFECT-1_0004_STORMBREAKER_00015\n  rotate: false\n  xy: 293, 1468\n  size: 289, 271\n  orig: 289, 271\n  offset: 0, 0\n  index: -1\nEFFECT-1_0005_STORMBREAKER_00014\n  rotate: false\n  xy: 584, 1741\n  size: 289, 271\n  orig: 289, 271\n  offset: 0, 0\n  index: -1\nEFFECT-1_0006_STORMBREAKER_00013\n  rotate: false\n  xy: 2, 922\n  size: 289, 271\n  orig: 289, 271\n  offset: 0, 0\n  index: -1\nEFFECT-1_0007_STORMBREAKER_00012\n  rotate: false\n  xy: 293, 1195\n  size: 289, 271\n  orig: 289, 271\n  offset: 0, 0\n  index: -1\nEFFECT-1_0008_STORMBREAKER_00011\n  rotate: false\n  xy: 584, 1468\n  size: 289, 271\n  orig: 289, 271\n  offset: 0, 0\n  index: -1\nEFFECT-1_0009_STORMBREAKER_00010\n  rotate: false\n  xy: 875, 1741\n  size: 289, 271\n  orig: 289, 271\n  offset: 0, 0\n  index: -1\nEFFECT-1_0010_STORMBREAKER_00009\n  rotate: false\n  xy: 2, 649\n  size: 289, 271\n  orig: 289, 271\n  offset: 0, 0\n  index: -1\nEFFECT-1_0011_STORMBREAKER_00008\n  rotate: false\n  xy: 293, 922\n  size: 289, 271\n  orig: 289, 271\n  offset: 0, 0\n  index: -1\nEFFECT-1_0012_STORMBREAKER_00007\n  rotate: false\n  xy: 584, 1195\n  size: 289, 271\n  orig: 289, 271\n  offset: 0, 0\n  index: -1\nEFFECT-1_0013_STORMBREAKER_00006\n  rotate: false\n  xy: 875, 1468\n  size: 289, 271\n  orig: 289, 271\n  offset: 0, 0\n  index: -1\nEFFECT-1_0014_STORMBREAKER_00005\n  rotate: false\n  xy: 1166, 1741\n  size: 289, 271\n  orig: 289, 271\n  offset: 0, 0\n  index: -1\nEFFECT-1_0015_STORMBREAKER_00004\n  rotate: false\n  xy: 2, 376\n  size: 289, 271\n  orig: 289, 271\n  offset: 0, 0\n  index: -1\nEFFECT-1_0016_STORMBREAKER_00003\n  rotate: false\n  xy: 293, 649\n  size: 289, 271\n  orig: 289, 271\n  offset: 0, 0\n  index: -1\nEFFECT-1_0017_STORMBREAKER_00002\n  rotate: false\n  xy: 584, 922\n  size: 289, 271\n  orig: 289, 271\n  offset: 0, 0\n  index: -1\nEFFECT-1_0018_STORMBREAKER_00001\n  rotate: false\n  xy: 875, 1195\n  size: 289, 271\n  orig: 289, 271\n  offset: 0, 0\n  index: -1\nEFFECT-1_0019_STORMBREAKER_00000\n  rotate: false\n  xy: 1166, 1468\n  size: 289, 271\n  orig: 289, 271\n  offset: 0, 0\n  index: -1\nEFFECT-2_0000_MIHORNIR_00019\n  rotate: false\n  xy: 1457, 1756\n  size: 278, 256\n  orig: 278, 256\n  offset: 0, 0\n  index: -1\nEFFECT-2_0001_MIHORNIR_00018\n  rotate: false\n  xy: 2, 118\n  size: 278, 256\n  orig: 278, 256\n  offset: 0, 0\n  index: -1\nEFFECT-2_0002_MIHORNIR_00017\n  rotate: false\n  xy: 293, 391\n  size: 278, 256\n  orig: 278, 256\n  offset: 0, 0\n  index: -1\nEFFECT-2_0003_MIHORNIR_00016\n  rotate: false\n  xy: 584, 664\n  size: 278, 256\n  orig: 278, 256\n  offset: 0, 0\n  index: -1\nEFFECT-2_0004_MIHORNIR_00015\n  rotate: false\n  xy: 875, 937\n  size: 278, 256\n  orig: 278, 256\n  offset: 0, 0\n  index: -1\nEFFECT-2_0005_MIHORNIR_00014\n  rotate: false\n  xy: 1166, 1210\n  size: 278, 256\n  orig: 278, 256\n  offset: 0, 0\n  index: -1\nEFFECT-2_0006_MIHORNIR_00013\n  rotate: false\n  xy: 1457, 1498\n  size: 278, 256\n  orig: 278, 256\n  offset: 0, 0\n  index: -1\nEFFECT-2_0007_MIHORNIR_00012\n  rotate: false\n  xy: 1737, 1756\n  size: 278, 256\n  orig: 278, 256\n  offset: 0, 0\n  index: -1\nEFFECT-2_0008_MIHORNIR_00011\n  rotate: false\n  xy: 1737, 1498\n  size: 278, 256\n  orig: 278, 256\n  offset: 0, 0\n  index: -1\nEFFECT-2_0009_MIHORNIR_00010\n  rotate: false\n  xy: 1457, 1240\n  size: 278, 256\n  orig: 278, 256\n  offset: 0, 0\n  index: -1\nEFFECT-2_0010_MIHORNIR_00009\n  rotate: false\n  xy: 1737, 1240\n  size: 278, 256\n  orig: 278, 256\n  offset: 0, 0\n  index: -1\nEFFECT-2_0011_MIHORNIR_00008\n  rotate: false\n  xy: 1446, 982\n  size: 278, 256\n  orig: 278, 256\n  offset: 0, 0\n  index: -1\nEFFECT-2_0012_MIHORNIR_00007\n  rotate: false\n  xy: 1726, 982\n  size: 278, 256\n  orig: 278, 256\n  offset: 0, 0\n  index: -1\nEFFECT-2_0013_MIHORNIR_00006\n  rotate: false\n  xy: 1166, 952\n  size: 278, 256\n  orig: 278, 256\n  offset: 0, 0\n  index: -1\nEFFECT-2_0014_MIHORNIR_00005\n  rotate: false\n  xy: 1446, 724\n  size: 278, 256\n  orig: 278, 256\n  offset: 0, 0\n  index: -1\nEFFECT-2_0015_MIHORNIR_00004\n  rotate: false\n  xy: 1726, 724\n  size: 278, 256\n  orig: 278, 256\n  offset: 0, 0\n  index: -1\nEFFECT-2_0016_MIHORNIR_00003\n  rotate: false\n  xy: 293, 133\n  size: 278, 256\n  orig: 278, 256\n  offset: 0, 0\n  index: -1\nEFFECT-2_0017_MIHORNIR_00002\n  rotate: false\n  xy: 584, 406\n  size: 278, 256\n  orig: 278, 256\n  offset: 0, 0\n  index: -1\nEFFECT-2_0018_MIHORNIR_00001\n  rotate: false\n  xy: 573, 148\n  size: 278, 256\n  orig: 278, 256\n  offset: 0, 0\n  index: -1\nEFFECT-2_0019_MIHORNIR_00000\n  rotate: false\n  xy: 875, 679\n  size: 278, 256\n  orig: 278, 256\n  offset: 0, 0\n  index: -1\nG\n  rotate: false\n  xy: 1080, 553\n  size: 71, 124\n  orig: 71, 124\n  offset: 0, 0\n  index: -1\nI\n  rotate: false\n  xy: 299, 17\n  size: 54, 114\n  orig: 54, 114\n  offset: 0, 0\n  index: -1\nI2\n  rotate: true\n  xy: 864, 420\n  size: 55, 114\n  orig: 55, 114\n  offset: 0, 0\n  index: -1\nMjohnir\n  rotate: false\n  xy: 864, 477\n  size: 214, 200\n  orig: 214, 200\n  offset: 0, 0\n  index: -1\nN\n  rotate: false\n  xy: 105, 2\n  size: 101, 114\n  orig: 101, 114\n  offset: 0, 0\n  index: -1\nStormBreaker\n  rotate: false\n  xy: 1155, 715\n  size: 251, 235\n  orig: 251, 235\n  offset: 0, 0\n  index: -1\nW\n  rotate: false\n  xy: 208, 2\n  size: 89, 114\n  orig: 89, 114\n  offset: 0, 0\n  index: -1\n","textures":[{"__uuid__":"9cN2HmJI9M1ZK7Os5R66sD"}],"textureNames":["avenger_bigwin.png"]}