{"__type__":"dragonBones.DragonBonesAsset","_name":"kyby_paotai2_ske","_dragonBonesJson":"{\"frameRate\":24,\"name\":\"kyby_paotai2\",\"version\":\"5.5\",\"compatibleVersion\":\"5.5\",\"armature\":[{\"type\":\"Armature\",\"frameRate\":24,\"name\":\"kyby_paotai2\",\"aabb\":{\"x\":-133.3,\"y\":-171.28,\"width\":267,\"height\":315},\"bone\":[{\"name\":\"root\",\"transform\":{\"y\":49.741}},{\"name\":\"paotai2\",\"parent\":\"root\",\"transform\":{\"scX\":0.36,\"scY\":0.36}},{\"length\":106,\"name\":\"paotai2_paotong\",\"parent\":\"paotai2\",\"transform\":{\"y\":-326.2,\"skX\":-89.4338,\"skY\":-89.4338}},{\"length\":166,\"name\":\"paotai2_paoshen\",\"parent\":\"paotai2\",\"transform\":{\"x\":-0.0174,\"y\":-52.8478,\"skX\":-89.278,\"skY\":-89.278}},{\"name\":\"pao0001\",\"parent\":\"paotai2_paotong\",\"transform\":{\"x\":91.7832,\"y\":1.9889,\"skX\":89.1356,\"skY\":89.1356,\"scX\":2.8,\"scY\":2.8}},{\"name\":\"number\",\"parent\":\"paotai2_paoshen\",\"transform\":{\"x\":85.6083,\"y\":-1.0614,\"skX\":89.278,\"skY\":89.278,\"scX\":2,\"scY\":2}}],\"slot\":[{\"displayIndex\":2,\"name\":\"pao0001\",\"parent\":\"pao0001\"},{\"name\":\"paotai2_paotong\",\"parent\":\"paotai2_paotong\"},{\"name\":\"paotai2_paoshen\",\"parent\":\"paotai2_paoshen\"},{\"displayIndex\":-1,\"name\":\"number\",\"parent\":\"number\"}],\"skin\":[{\"slot\":[{\"name\":\"pao0001\",\"display\":[{\"name\":\"pao0003\",\"transform\":{\"x\":-0.3,\"y\":-26}},{\"name\":\"pao0002\",\"transform\":{\"x\":-0.3,\"y\":-26}},{\"name\":\"pao0001\",\"transform\":{\"x\":-0.3,\"y\":-26}}]},{\"name\":\"paotai2_paoshen\",\"display\":[{\"name\":\"paotai2_paoshen\",\"transform\":{\"x\":123.61,\"y\":-0.99,\"skX\":89.28,\"skY\":89.28},\"path\":\"paoshen\"}]},{\"name\":\"paotai2_paotong\",\"display\":[{\"name\":\"paotai2_paotong\",\"transform\":{\"x\":38.28,\"y\":1.17,\"skX\":89.43,\"skY\":89.43},\"path\":\"paotong\"}]}]}],\"animation\":[{\"duration\":4,\"name\":\"fire\",\"bone\":[{\"name\":\"paotai2_paoshen\",\"translateFrame\":[{\"tweenEasing\":0},{\"duration\":3,\"tweenEasing\":0,\"y\":44.33},{\"duration\":0}]},{\"name\":\"paotai2_paotong\",\"translateFrame\":[{\"tweenEasing\":0},{\"duration\":3,\"tweenEasing\":0,\"y\":93.22},{\"duration\":0}]}],\"slot\":[{\"name\":\"pao0001\",\"displayFrame\":[{\"value\":2},{\"duration\":2,\"value\":1},{},{\"duration\":0,\"value\":-1}]}]},{\"duration\":0,\"playTimes\":0,\"name\":\"stand\",\"slot\":[{\"name\":\"pao0001\",\"displayFrame\":[{\"duration\":0,\"value\":-1}]}]},{\"duration\":6,\"name\":\"appear\",\"bone\":[{\"name\":\"paotai2_paotong\",\"translateFrame\":[{\"duration\":6,\"curve\":[0.5,0,0.5,1],\"y\":166.67},{\"duration\":0}],\"scaleFrame\":[{\"duration\":3,\"tweenEasing\":0,\"x\":0.5,\"y\":0.5},{\"duration\":3}]},{\"name\":\"paotai2_paoshen\",\"scaleFrame\":[{\"duration\":3,\"tweenEasing\":0,\"x\":0.5,\"y\":0.5},{\"duration\":3}]}],\"slot\":[{\"name\":\"paotai2_paotong\",\"colorFrame\":[{\"duration\":3,\"tweenEasing\":0,\"value\":{\"aM\":0}},{\"duration\":3}]},{\"name\":\"paotai2_paoshen\",\"colorFrame\":[{\"duration\":3,\"tweenEasing\":0,\"value\":{\"aM\":0}},{\"duration\":3}]},{\"name\":\"pao0001\",\"displayFrame\":[{\"duration\":6,\"value\":-1}]}]},{\"duration\":6,\"name\":\"disappear\",\"bone\":[{\"name\":\"paotai2_paotong\",\"translateFrame\":[{\"duration\":6,\"curve\":[0.5,0,0.5,1]},{\"duration\":0,\"y\":166.67}],\"scaleFrame\":[{\"duration\":3,\"tweenEasing\":0},{\"duration\":3,\"tweenEasing\":0},{\"duration\":0,\"x\":0.5,\"y\":0.5}]},{\"name\":\"paotai2_paoshen\",\"scaleFrame\":[{\"duration\":3},{\"duration\":3,\"tweenEasing\":0},{\"duration\":0,\"x\":0.5,\"y\":0.5}]}],\"slot\":[{\"name\":\"paotai2_paotong\",\"colorFrame\":[{\"duration\":3},{\"duration\":3,\"tweenEasing\":0},{\"duration\":0,\"value\":{\"aM\":0}}]},{\"name\":\"paotai2_paoshen\",\"colorFrame\":[{\"duration\":3},{\"duration\":3,\"tweenEasing\":0},{\"duration\":0,\"value\":{\"aM\":0}}]},{\"name\":\"pao0001\",\"displayFrame\":[{\"duration\":6,\"value\":-1}]}]}],\"defaultActions\":[{\"gotoAndPlay\":\"fire\"}]}]}"}