{"__type__":"dragonBones.DragonBonesAtlasAsset","_name":"meirenyu2_shadow_tex","_atlasJson":"{\"width\":513,\"SubTexture\":[{\"frameHeight\":143,\"y\":328,\"frameWidth\":210,\"frameX\":-27,\"width\":170,\"frameY\":-19,\"height\":105,\"name\":\"yingzi0002\",\"x\":171},{\"frameHeight\":143,\"y\":1,\"frameWidth\":210,\"frameX\":-27,\"width\":183,\"frameY\":-11,\"height\":110,\"name\":\"yingzi0014\",\"x\":187},{\"frameHeight\":143,\"y\":219,\"frameWidth\":210,\"frameX\":-29,\"width\":168,\"frameY\":-17,\"height\":107,\"name\":\"yingzi0001\",\"x\":186},{\"frameHeight\":143,\"y\":220,\"frameWidth\":210,\"frameX\":-29,\"width\":168,\"frameY\":-17,\"height\":107,\"name\":\"yingzi0017\",\"x\":1},{\"frameHeight\":143,\"y\":435,\"frameWidth\":210,\"frameX\":-24,\"width\":174,\"frameY\":-23,\"height\":94,\"name\":\"yingzi0004\",\"x\":183},{\"frameHeight\":143,\"y\":328,\"frameWidth\":210,\"frameX\":-29,\"width\":168,\"frameY\":-36,\"height\":80,\"name\":\"yingzi0008\",\"x\":343},{\"frameHeight\":143,\"y\":114,\"frameWidth\":210,\"frameX\":-27,\"width\":183,\"frameY\":-15,\"height\":104,\"name\":\"yingzi0016\",\"x\":1},{\"frameHeight\":143,\"y\":113,\"frameWidth\":210,\"frameX\":-26,\"width\":184,\"frameY\":-20,\"height\":104,\"name\":\"yingzi0011\",\"x\":187},{\"frameHeight\":143,\"y\":435,\"frameWidth\":210,\"frameX\":-28,\"width\":180,\"frameY\":-26,\"height\":96,\"name\":\"yingzi0010\",\"x\":1},{\"frameHeight\":143,\"y\":1,\"frameWidth\":210,\"frameX\":-26,\"width\":184,\"frameY\":-11,\"height\":111,\"name\":\"yingzi0013\",\"x\":1},{\"frameHeight\":143,\"y\":531,\"frameWidth\":210,\"frameX\":-28,\"width\":169,\"frameY\":-27,\"height\":85,\"name\":\"yingzi0005\",\"x\":183},{\"frameHeight\":143,\"y\":329,\"frameWidth\":210,\"frameX\":-30,\"width\":168,\"frameY\":-34,\"height\":80,\"name\":\"yingzi0007\",\"x\":1}],\"height\":618,\"name\":\"meirenyu2_shadow\",\"imagePath\":\"meirenyu2_shadow_tex.png\"}","_texture":{"__uuid__":"5cgv15jFtLSbgCNVo6/8Mn"},"texture":{"__uuid__":"5cgv15jFtLSbgCNVo6/8Mn"}}